time,high,low,open,volumefrom,volumeto,close,conversionType,conversionSymbol,symbol
2020-01-17,0.04607,0.04132,0.04156,17479603.01,773446.88,0.04503,direct,,ADA
2020-01-18,0.04601,0.04323,0.04503,10254132.51,462040.38,0.04497,direct,,ADA
2020-01-19,0.04681,0.04148,0.04497,5383482.34,233196.57,0.04227,direct,,ADA
2020-01-20,0.04521,0.04212,0.04227,3914904.12,170968.57,0.04521,direct,,ADA
2020-01-21,0.04706,0.04379,0.04521,7904250.56,361902.42,0.0463,direct,,ADA
2020-01-22,0.04725,0.04548,0.0463,3487129.45,160209.56,0.04604,direct,,ADA
2020-01-23,0.04703,0.04228,0.04604,5842922.86,254368.09,0.04339,direct,,ADA
2020-01-24,0.04638,0.0415,0.04339,4007288.16,175018.28,0.0454,direct,,ADA
2020-01-25,0.04587,0.04337,0.0454,1390029.61,61838.29,0.04388,direct,,ADA
2020-01-26,0.04585,0.04353,0.04388,2682536.76,118208.31,0.04489,direct,,ADA
2020-01-27,0.04889,0.04427,0.04489,13341600.37,623218.22,0.04774,direct,,ADA
2020-01-28,0.05448,0.04756,0.04774,27651679.1,1423515.64,0.05309,direct,,ADA
2020-01-29,0.0575,0.05255,0.05309,16784249.64,928172.43,0.05319,direct,,ADA
2020-01-30,0.05709,0.05215,0.05319,12214364.44,671602.3,0.05607,direct,,ADA
2020-01-31,0.0565,0.05227,0.05607,8940698.59,485390.54,0.05383,direct,,ADA
2020-02-01,0.05708,0.05322,0.05383,5130318.1,282630.11,0.05612,direct,,ADA
2020-02-02,0.05871,0.05492,0.05612,8531715.8,489070.9,0.05578,direct,,ADA
2020-02-03,0.05795,0.05533,0.05578,5773863.62,327418.3,0.05704,direct,,ADA
2020-02-04,0.0577,0.05421,0.05704,7516294.49,419354.46,0.05607,direct,,ADA
2020-02-05,0.06017,0.05561,0.05607,8986317.02,529425.84,0.05925,direct,,ADA
2020-02-06,0.06074,0.05824,0.05925,9252886.5,552410.24,0.05999,direct,,ADA
2020-02-07,0.06235,0.05948,0.05999,8958329.02,544220.74,0.05981,direct,,ADA
2020-02-08,0.06127,0.05697,0.05981,13086698.64,781090.92,0.06017,direct,,ADA
2020-02-09,0.06252,0.06006,0.06017,11878846.45,728032.14,0.06214,direct,,ADA
2020-02-10,0.06214,0.05849,0.06214,7324080.15,438389.25,0.06034,direct,,ADA
2020-02-11,0.06383,0.05874,0.06034,11518563.31,710965.65,0.06383,direct,,ADA
2020-02-12,0.07039,0.06383,0.06383,19704893.09,1307172.84,0.06833,direct,,ADA
2020-02-13,0.07226,0.06546,0.06833,18738969.68,1296384.03,0.06894,direct,,ADA
2020-02-14,0.07129,0.06714,0.06894,9129714.45,635897.58,0.07083,direct,,ADA
2020-02-15,0.07138,0.06255,0.07083,18079494.19,1203187.7,0.06423,direct,,ADA
2020-02-16,0.06702,0.05644,0.06423,20805263.44,1290746.12,0.06216,direct,,ADA
2020-02-17,0.0627,0.05585,0.06216,9840911.37,576147.9,0.06024,direct,,ADA
2020-02-18,0.0637,0.0582,0.06024,12295638.53,758307.41,0.0629,direct,,ADA
2020-02-19,0.0634,0.05697,0.0629,12432981.47,755361.17,0.0575,direct,,ADA
2020-02-20,0.059,0.05553,0.0575,11321753.98,649180.23,0.05827,direct,,ADA
2020-02-21,0.06019,0.05769,0.05827,4880131.96,288494.07,0.05915,direct,,ADA
2020-02-22,0.06048,0.05765,0.05915,1462456.76,85980.1,0.05887,direct,,ADA
2020-02-23,0.06244,0.05886,0.05887,5722399.65,350409.55,0.06192,direct,,ADA
2020-02-24,0.06242,0.05736,0.06192,5649710.25,335493.99,0.05925,direct,,ADA
2020-02-25,0.05949,0.05606,0.05925,5127110.89,293107.28,0.05659,direct,,ADA
2020-02-26,0.05666,0.04671,0.05659,31389417.26,1580873.2,0.04928,direct,,ADA
2020-02-27,0.05226,0.04638,0.04928,13777626.35,685890.46,0.04955,direct,,ADA
2020-02-28,0.05272,0.04613,0.04955,9251196.36,443357.96,0.04902,direct,,ADA
2020-02-29,0.05152,0.04765,0.04902,2051065.69,99813.05,0.04765,direct,,ADA
2020-03-01,0.05448,0.04518,0.04765,15005534.62,695238.97,0.04595,direct,,ADA
2020-03-02,0.04994,0.04557,0.04595,9705020.69,467822.67,0.0493,direct,,ADA
2020-03-03,0.0507,0.0477,0.0493,3844010.22,187121.33,0.0487,direct,,ADA
2020-03-04,0.05066,0.04815,0.0487,6957875.14,344249.73,0.04887,direct,,ADA
2020-03-05,0.05798,0.04887,0.04887,8060778.76,415716.19,0.05107,direct,,ADA
2020-03-06,0.0517,0.05005,0.05107,3827413.17,195385.47,0.0517,direct,,ADA
2020-03-07,0.05189,0.04833,0.0517,3536974.91,174857.34,0.04895,direct,,ADA
2020-03-08,0.04895,0.04252,0.04895,10610395.17,476975.52,0.04274,direct,,ADA
2020-03-09,0.04401,0.03901,0.04274,23081946.18,954527.06,0.04154,direct,,ADA
2020-03-10,0.04308,0.04031,0.04154,7451844.69,311080.55,0.04136,direct,,ADA
2020-03-11,0.04176,0.03745,0.04136,13894778.54,545347.28,0.03975,direct,,ADA
2020-03-12,0.03982,0.02296,0.03975,45655740.68,1375690.44,0.02319,direct,,ADA
2020-03-13,0.02972,0.01608,0.02319,61118871.79,1533719.66,0.02845,direct,,ADA
2020-03-14,0.02908,0.02534,0.02845,9952458.58,271252.88,0.0257,direct,,ADA
2020-03-15,0.02888,0.02334,0.0257,25425391.65,670820.7,0.02695,direct,,ADA
2020-03-16,0.02695,0.02165,0.02695,21801207.36,515590.63,0.02419,direct,,ADA
2020-03-17,0.02667,0.02419,0.02419,13212709.57,341779.85,0.02598,direct,,ADA
2020-03-18,0.02653,0.02445,0.02598,9618572.58,245942.55,0.02616,direct,,ADA
2020-03-19,0.03202,0.02584,0.02616,28893580.47,861847.33,0.03047,direct,,ADA
2020-03-20,0.03412,0.02666,0.03047,25860547.68,807184.84,0.02937,direct,,ADA
2020-03-21,0.03059,0.02788,0.02937,7802297.96,228508.29,0.02943,direct,,ADA
2020-03-22,0.03052,0.02685,0.02943,13533882.55,380292.09,0.02716,direct,,ADA
2020-03-23,0.03,0.02667,0.02716,12464966.29,353072.15,0.02914,direct,,ADA
2020-03-24,0.03046,0.02898,0.02914,15616324.4,462494.38,0.03029,direct,,ADA
2020-03-25,0.03052,0.02886,0.03029,12364413.66,365952.66,0.02949,direct,,ADA
2020-03-26,0.031,0.02934,0.02949,5764312.32,171775.15,0.03095,direct,,ADA
2020-03-27,0.03149,0.02868,0.03095,9736049.84,295475.88,0.02888,direct,,ADA
2020-03-28,0.02999,0.02788,0.02888,9711365.39,279579.29,0.02992,direct,,ADA
2020-03-29,0.03003,0.02818,0.02992,5711661.48,164808.06,0.02822,direct,,ADA
2020-03-30,0.03048,0.02805,0.02822,11783657.49,345774.55,0.02972,direct,,ADA
2020-03-31,0.03074,0.02955,0.02972,4986133.54,150662.16,0.03057,direct,,ADA
2020-04-01,0.03099,0.02955,0.03057,10864554.28,328637.59,0.03093,direct,,ADA
2020-04-02,0.03361,0.02884,0.03093,10253851.34,328975.87,0.03194,direct,,ADA
2020-04-03,0.03283,0.03169,0.03194,7659701.84,246945.63,0.03226,direct,,ADA
2020-04-04,0.03259,0.03184,0.03226,2125233.36,68451.12,0.0325,direct,,ADA
2020-04-05,0.03261,0.03165,0.0325,6149981.01,196941.4,0.032,direct,,ADA
2020-04-06,0.03609,0.032,0.032,12791179.83,438259.51,0.03605,direct,,ADA
2020-04-07,0.03726,0.03456,0.03605,17482991.29,634861.73,0.03518,direct,,ADA
2020-04-08,0.03718,0.03518,0.03518,6958291.5,253223.45,0.03652,direct,,ADA
2020-04-09,0.0366,0.03533,0.03652,4404609.59,158229.65,0.03619,direct,,ADA
2020-04-10,0.0362,0.03216,0.03619,8395717.37,282795.19,0.03316,direct,,ADA
2020-04-11,0.03413,0.03279,0.03316,3849115.55,129597.49,0.03353,direct,,ADA
2020-04-12,0.03499,0.03303,0.03353,6584578.78,226076.45,0.03354,direct,,ADA
2020-04-13,0.03355,0.03204,0.03354,6921611.57,225832.62,0.0332,direct,,ADA
2020-04-14,0.03379,0.03268,0.0332,3059174.7,101800.73,0.03313,direct,,ADA
2020-04-15,0.03369,0.03184,0.03313,2220459.63,72593.31,0.03185,direct,,ADA
2020-04-16,0.035,0.03086,0.03185,11818449.28,383523.89,0.03441,direct,,ADA
2020-04-17,0.03483,0.03418,0.03441,3140053.22,108285.04,0.03448,direct,,ADA
2020-04-18,0.03692,0.03448,0.03448,5853353.54,210391.05,0.0366,direct,,ADA
2020-04-19,0.03678,0.03526,0.0366,3892975.05,139710.57,0.03561,direct,,ADA
2020-04-20,0.03658,0.03398,0.03561,11024018.44,386024.95,0.03401,direct,,ADA
2020-04-21,0.03506,0.03381,0.03401,5817173.48,199393.59,0.03464,direct,,ADA
2020-04-22,0.03669,0.03166,0.03464,6445377.19,228778.89,0.03666,direct,,ADA
2020-04-23,0.04262,0.03653,0.03666,15203417.72,600387.42,0.04085,direct,,ADA
2020-04-24,0.04384,0.04085,0.04085,18387730.84,789964.5,0.04169,direct,,ADA
2020-04-25,0.04363,0.04089,0.04169,10028180.54,426398.54,0.04214,direct,,ADA
2020-04-26,0.04622,0.04196,0.04214,11444783.43,510599.41,0.04593,direct,,ADA
2020-04-27,0.0475,0.04426,0.04593,12647893.38,581013.33,0.04658,direct,,ADA
2020-04-28,0.04806,0.04613,0.04658,10484955.67,494603.43,0.047,direct,,ADA
2020-04-29,0.05223,0.04686,0.047,20392150.18,1031611.01,0.05155,direct,,ADA
2020-04-30,0.05445,0.04714,0.05155,36699929.91,1849363.99,0.0475,direct,,ADA
2020-05-01,0.05186,0.0475,0.0475,15790127.54,791364.41,0.05101,direct,,ADA
2020-05-02,0.05147,0.04947,0.05101,7376638.6,372480.75,0.05097,direct,,ADA
2020-05-03,0.05178,0.048,0.05097,10834447.04,537651.26,0.04899,direct,,ADA
2020-05-04,0.05022,0.04617,0.04899,23187843.5,1122362.05,0.04957,direct,,ADA
2020-05-05,0.05058,0.04868,0.04957,6155960.1,305533.03,0.04953,direct,,ADA
2020-05-06,0.05115,0.04862,0.04953,9636074.89,482151.53,0.04907,direct,,ADA
2020-05-07,0.05153,0.04853,0.04907,11443840.19,575067.21,0.05131,direct,,ADA
2020-05-08,0.05379,0.05102,0.05131,12528378.36,657583.89,0.0521,direct,,ADA
2020-05-09,0.05304,0.05135,0.0521,6960098.43,364478.54,0.05151,direct,,ADA
2020-05-10,0.05152,0.04272,0.05151,33199543.01,1557387.67,0.04767,direct,,ADA
2020-05-11,0.04995,0.045,0.04767,21853609.33,1032825.53,0.04796,direct,,ADA
2020-05-12,0.05105,0.04796,0.04796,14358578.8,717016.97,0.05049,direct,,ADA
2020-05-13,0.05239,0.04989,0.05049,24400406.02,1250991.28,0.05168,direct,,ADA
2020-05-14,0.05212,0.05046,0.05168,16773794.66,860175.88,0.05111,direct,,ADA
2020-05-15,0.05192,0.04972,0.05111,14963357.52,759463.05,0.05025,direct,,ADA
2020-05-16,0.05182,0.04998,0.05025,9207758.05,468756.76,0.05097,direct,,ADA
2020-05-17,0.05226,0.05091,0.05097,12381155.11,637898.37,0.05136,direct,,ADA
2020-05-18,0.05497,0.05119,0.05136,18336363.2,987478.07,0.05422,direct,,ADA
2020-05-19,0.05717,0.05258,0.05422,20333114.3,1116186.46,0.05682,direct,,ADA
2020-05-20,0.05749,0.05382,0.05682,18151749.66,1017443.28,0.05692,direct,,ADA
2020-05-21,0.05754,0.05005,0.05692,37728620.16,2015741.97,0.05221,direct,,ADA
2020-05-22,0.05686,0.05124,0.05221,22534269.9,1218448.34,0.05578,direct,,ADA
2020-05-23,0.05652,0.05429,0.05578,13195138.29,730048.59,0.05498,direct,,ADA
2020-05-24,0.05617,0.05169,0.05498,17288700.11,934136.73,0.05169,direct,,ADA
2020-05-25,0.05436,0.05096,0.05169,16121997.65,848997.51,0.0539,direct,,ADA
2020-05-26,0.0541,0.052,0.0539,15390655.34,816636.42,0.05348,direct,,ADA
2020-05-27,0.05592,0.05316,0.05348,18830445.42,1034009.11,0.05508,direct,,ADA
2020-05-28,0.06759,0.05492,0.05508,64945839.43,4005632.93,0.0648,direct,,ADA
2020-05-29,0.06662,0.06267,0.0648,43633922.89,2819877.63,0.06462,direct,,ADA
2020-05-30,0.07809,0.0639,0.06462,89028472.0,6466560.69,0.07709,direct,,ADA
2020-05-31,0.08643,0.07219,0.07709,124159671.4,9934891.38,0.0742,direct,,ADA
2020-06-01,0.08336,0.07383,0.0742,60912046.42,4826926.76,0.08108,direct,,ADA
2020-06-02,0.08239,0.07237,0.08108,55922097.32,4392047.97,0.07869,direct,,ADA
2020-06-03,0.08573,0.07724,0.07869,56278932.61,4656512.81,0.08539,direct,,ADA
2020-06-04,0.09034,0.08407,0.08539,50753569.84,4456000.57,0.08882,direct,,ADA
2020-06-05,0.08933,0.08395,0.08882,35691496.09,3084456.1,0.08526,direct,,ADA
2020-06-06,0.08711,0.08482,0.08526,25652804.89,2207974.1,0.08621,direct,,ADA
2020-06-07,0.08854,0.08277,0.08621,40150469.54,3422075.37,0.08655,direct,,ADA
2020-06-08,0.08717,0.08476,0.08655,18383166.75,1579921.28,0.0865,direct,,ADA
2020-06-09,0.08681,0.083,0.0865,21087115.11,1786276.23,0.08301,direct,,ADA
2020-06-10,0.0839,0.07983,0.08301,40595841.89,3313494.23,0.0836,direct,,ADA
2020-06-11,0.08503,0.07394,0.0836,80198682.82,6258723.25,0.07514,direct,,ADA
2020-06-12,0.08054,0.07497,0.07514,34458634.45,2705161.98,0.07947,direct,,ADA
2020-06-13,0.07969,0.07739,0.07947,13345214.25,1044460.75,0.07912,direct,,ADA
2020-06-14,0.07919,0.07577,0.07912,11268871.71,870475.34,0.07645,direct,,ADA
2020-06-15,0.07986,0.06939,0.07645,64919006.45,4782594.13,0.07821,direct,,ADA
2020-06-16,0.07965,0.07684,0.07821,19619556.91,1538625.43,0.07911,direct,,ADA
2020-06-17,0.08419,0.07754,0.07911,43835127.7,3559879.49,0.08328,direct,,ADA
2020-06-18,0.08423,0.08001,0.08328,38646930.15,3168218.17,0.08206,direct,,ADA
2020-06-19,0.08206,0.07853,0.08206,25777569.36,2065453.79,0.07972,direct,,ADA
2020-06-20,0.08015,0.07721,0.07972,25558069.38,2011725.69,0.0795,direct,,ADA
2020-06-21,0.08084,0.07822,0.0795,16338444.16,1299537.33,0.07846,direct,,ADA
2020-06-22,0.08402,0.07825,0.07846,31727464.46,2591237.1,0.0839,direct,,ADA
2020-06-23,0.08438,0.08166,0.0839,30260463.75,2508337.77,0.0828,direct,,ADA
2020-06-24,0.08701,0.07997,0.0828,52212961.36,4357488.61,0.08242,direct,,ADA
2020-06-25,0.08324,0.07857,0.08242,26925369.1,2190676.23,0.08175,direct,,ADA
2020-06-26,0.08175,0.07945,0.08175,19278249.51,1553244.54,0.08059,direct,,ADA
2020-06-27,0.08099,0.07502,0.08059,38011442.53,2980795.67,0.07732,direct,,ADA
2020-06-28,0.08104,0.07609,0.07732,35095129.79,2757619.83,0.08018,direct,,ADA
2020-06-29,0.08429,0.08018,0.08018,44199172.93,3651241.62,0.08384,direct,,ADA
2020-06-30,0.0849,0.08193,0.08384,33535714.93,2806449.78,0.08369,direct,,ADA
2020-07-01,0.09781,0.08304,0.08369,101342924.55,9210644.86,0.09764,direct,,ADA
2020-07-02,0.09806,0.08767,0.09764,103589402.23,9697669.37,0.0933,direct,,ADA
2020-07-03,0.1019,0.09236,0.0933,115140216.38,11253047.43,0.09669,direct,,ADA
2020-07-04,0.1011,0.09604,0.09669,67584875.84,6665131.36,0.1001,direct,,ADA
2020-07-05,0.1002,0.09429,0.1001,64130897.21,6206483.95,0.09834,direct,,ADA
2020-07-06,0.1065,0.09732,0.09834,91227228.81,9230593.75,0.1051,direct,,ADA
2020-07-07,0.119,0.1031,0.1051,124066792.84,13754476.24,0.1178,direct,,ADA
2020-07-08,0.1382,0.1148,0.1178,201245656.93,25927270.24,0.1302,direct,,ADA
2020-07-09,0.1302,0.1174,0.1302,87688683.29,10718432.59,0.1241,direct,,ADA
2020-07-10,0.1242,0.1104,0.1241,91236571.45,10664902.39,0.1185,direct,,ADA
2020-07-11,0.1272,0.1179,0.1185,56982787.72,6953419.47,0.1254,direct,,ADA
2020-07-12,0.1285,0.1204,0.1254,61764206.85,7678205.39,0.127,direct,,ADA
2020-07-13,0.1356,0.1218,0.127,107476763.71,14045396.09,0.1245,direct,,ADA
2020-07-14,0.1346,0.121,0.1245,84601322.73,10840798.63,0.1324,direct,,ADA
2020-07-15,0.1326,0.1272,0.1324,51567729.41,6717894.03,0.1305,direct,,ADA
2020-07-16,0.133,0.1183,0.1305,81084407.5,10185246.7,0.126,direct,,ADA
2020-07-17,0.1265,0.1217,0.126,32866640.7,4077250.76,0.1225,direct,,ADA
2020-07-18,0.1248,0.1181,0.1225,38173921.23,4624184.7,0.1229,direct,,ADA
2020-07-19,0.1248,0.1213,0.1229,19219313.7,2366352.83,0.1241,direct,,ADA
2020-07-20,0.1244,0.1162,0.1241,30016356.37,3616554.55,0.1179,direct,,ADA
2020-07-21,0.1246,0.1169,0.1179,32063610.14,3920504.79,0.1232,direct,,ADA
2020-07-22,0.1247,0.1206,0.1232,26888921.38,3295127.8,0.1243,direct,,ADA
2020-07-23,0.1266,0.1239,0.1243,31883160.53,3988276.28,0.1243,direct,,ADA
2020-07-24,0.1244,0.1209,0.1243,23231772.34,2853283.03,0.1222,direct,,ADA
2020-07-25,0.1476,0.1222,0.1222,90658717.55,12257017.21,0.1439,direct,,ADA
2020-07-26,0.1548,0.1416,0.1439,102135323.35,15148310.83,0.1485,direct,,ADA
2020-07-27,0.1499,0.1309,0.1485,88880711.63,12444054.71,0.1389,direct,,ADA
2020-07-28,0.1515,0.1348,0.1389,60023892.54,8587742.32,0.1492,direct,,ADA
2020-07-29,0.1501,0.139,0.1492,49341140.89,7079110.51,0.14,direct,,ADA
2020-07-30,0.143,0.1376,0.14,34232329.05,4790492.51,0.1414,direct,,ADA
2020-07-31,0.1415,0.1366,0.1414,30855220.36,4301303.73,0.1396,direct,,ADA
2020-08-01,0.1477,0.1392,0.1396,48248016.55,6882347.5,0.1447,direct,,ADA
2020-08-02,0.1485,0.1304,0.1447,51720170.17,7125834.73,0.1343,direct,,ADA
2020-08-03,0.1437,0.1325,0.1343,26035269.39,3596407.85,0.1393,direct,,ADA
2020-08-04,0.1483,0.1386,0.1393,45244694.14,6475104.38,0.1435,direct,,ADA
2020-08-05,0.1454,0.1414,0.1435,24774885.73,3555740.86,0.1427,direct,,ADA
2020-08-06,0.1459,0.1406,0.1427,21371441.76,3065698.0,0.1445,direct,,ADA
2020-08-07,0.1476,0.1355,0.1445,28758771.84,4084540.04,0.1393,direct,,ADA
2020-08-08,0.1482,0.138,0.1393,31743527.99,4560754.32,0.1469,direct,,ADA
2020-08-09,0.1526,0.1424,0.1469,43546819.61,6408799.58,0.1454,direct,,ADA
2020-08-10,0.1465,0.143,0.1454,20380195.05,2949606.37,0.1442,direct,,ADA
2020-08-11,0.1445,0.1329,0.1442,37606981.06,5216291.43,0.137,direct,,ADA
2020-08-12,0.138,0.1243,0.137,42351700.55,5637753.74,0.1368,direct,,ADA
2020-08-13,0.1421,0.1324,0.1368,72152956.69,9896430.08,0.1394,direct,,ADA
2020-08-14,0.1416,0.1381,0.1394,25631427.3,3573221.32,0.1386,direct,,ADA
2020-08-15,0.1422,0.1368,0.1386,20648609.62,2868577.13,0.1386,direct,,ADA
2020-08-16,0.1397,0.1354,0.1386,21266449.25,2930121.71,0.139,direct,,ADA
2020-08-17,0.1448,0.138,0.139,31604303.32,4486526.24,0.1409,direct,,ADA
2020-08-18,0.1439,0.135,0.1409,30566945.08,4225551.94,0.1372,direct,,ADA
2020-08-19,0.1382,0.1272,0.1372,30577626.37,4035399.99,0.1297,direct,,ADA
2020-08-20,0.1346,0.1264,0.1297,62448950.02,8179896.62,0.1342,direct,,ADA
2020-08-21,0.1344,0.1216,0.1342,91440207.26,11776022.58,0.1229,direct,,ADA
2020-08-22,0.1262,0.1183,0.1229,84207229.64,10373929.94,0.1253,direct,,ADA
2020-08-23,0.1259,0.1195,0.1253,64772529.12,7945897.18,0.1215,direct,,ADA
2020-08-24,0.127,0.1201,0.1215,77809944.45,9662533.63,0.1237,direct,,ADA
2020-08-25,0.1238,0.1063,0.1237,65939158.71,7699604.99,0.1126,direct,,ADA
2020-08-26,0.1183,0.1107,0.1126,21686624.36,2483949.36,0.1144,direct,,ADA
2020-08-27,0.1157,0.1031,0.1144,42047628.18,4543389.04,0.1073,direct,,ADA
2020-08-28,0.1115,0.1062,0.1073,22381018.15,2446282.5,0.1096,direct,,ADA
2020-08-29,0.1181,0.1085,0.1096,19035365.18,2152707.54,0.1166,direct,,ADA
2020-08-30,0.1189,0.1142,0.1166,15233999.98,1778262.45,0.1176,direct,,ADA
2020-08-31,0.1268,0.1135,0.1176,30725729.98,3719129.86,0.1226,direct,,ADA
2020-09-01,0.1282,0.1196,0.1226,25472267.37,3161304.55,0.1247,direct,,ADA
2020-09-02,0.1266,0.1112,0.1247,31678493.54,3695898.13,0.1153,direct,,ADA
2020-09-03,0.1168,0.09493,0.1153,39020857.14,4109787.91,0.09523,direct,,ADA
2020-09-04,0.104,0.09295,0.09523,28411037.05,2820975.27,0.102,direct,,ADA
2020-09-05,0.1038,0.08638,0.102,38945014.35,3634392.92,0.08985,direct,,ADA
2020-09-06,0.09555,0.08566,0.08985,22067569.72,2030802.02,0.09271,direct,,ADA
2020-09-07,0.09418,0.08641,0.09271,29832368.29,2694766.3,0.09351,direct,,ADA
2020-09-08,0.09681,0.08854,0.09351,17921868.2,1643330.15,0.09104,direct,,ADA
2020-09-09,0.09611,0.08937,0.09104,14871771.33,1393806.22,0.09338,direct,,ADA
2020-09-10,0.09949,0.09338,0.09338,34233270.59,3355701.4,0.09714,direct,,ADA
2020-09-11,0.0975,0.09333,0.09714,10686012.02,1022133.04,0.097,direct,,ADA
2020-09-12,0.09847,0.09471,0.097,14426083.83,1394048.45,0.09779,direct,,ADA
2020-09-13,0.09973,0.09284,0.09779,12757205.34,1223577.3,0.09503,direct,,ADA
2020-09-14,0.09766,0.09311,0.09503,14031871.66,1347634.01,0.09677,direct,,ADA
2020-09-15,0.09774,0.09309,0.09677,10549344.97,1007778.53,0.09334,direct,,ADA
2020-09-16,0.09347,0.0899,0.09334,19004473.36,1732349.11,0.09145,direct,,ADA
2020-09-17,0.09455,0.09104,0.09145,14239277.3,1322276.01,0.09418,direct,,ADA
2020-09-18,0.09418,0.08992,0.09418,15829270.53,1455764.58,0.09105,direct,,ADA
2020-09-19,0.09295,0.0906,0.09105,8773348.45,806753.28,0.09145,direct,,ADA
2020-09-20,0.09223,0.0879,0.09145,18239845.06,1640258.51,0.08939,direct,,ADA
2020-09-21,0.09012,0.07812,0.08939,22630313.39,1839347.41,0.07988,direct,,ADA
2020-09-22,0.08324,0.07917,0.07988,20807187.83,1690151.38,0.0816,direct,,ADA
2020-09-23,0.08271,0.07571,0.0816,19708936.76,1548158.35,0.07665,direct,,ADA
2020-09-24,0.08376,0.07577,0.07665,14272679.47,1142743.17,0.08271,direct,,ADA
2020-09-25,0.09835,0.08254,0.08271,35887531.7,3322453.95,0.09702,direct,,ADA
2020-09-26,0.09983,0.09243,0.09702,17556413.48,1680759.27,0.09553,direct,,ADA
2020-09-27,0.1026,0.09447,0.09553,23596867.56,2344976.78,0.1013,direct,,ADA
2020-09-28,0.1066,0.09997,0.1013,30540940.22,3176225.4,0.1005,direct,,ADA
2020-09-29,0.1033,0.09753,0.1005,14137019.55,1417552.57,0.1012,direct,,ADA
2020-09-30,0.1015,0.09687,0.1012,15044606.25,1492529.94,0.1011,direct,,ADA
2020-10-01,0.1046,0.09509,0.1011,24236719.53,2418745.11,0.098,direct,,ADA
2020-10-02,0.1003,0.08993,0.098,29575368.77,2779564.0,0.09287,direct,,ADA
2020-10-03,0.09532,0.09231,0.09287,13084656.07,1234171.94,0.09331,direct,,ADA
2020-10-04,0.09805,0.09232,0.09331,10354869.0,989314.96,0.09692,direct,,ADA
2020-10-05,0.09948,0.09606,0.09692,12615428.61,1231314.24,0.09754,direct,,ADA
2020-10-06,0.09861,0.09152,0.09754,16411624.11,1547441.48,0.09293,direct,,ADA
2020-10-07,0.09438,0.08951,0.09293,9888533.69,911634.23,0.09369,direct,,ADA
2020-10-08,0.09723,0.09012,0.09369,12236760.97,1154918.05,0.09629,direct,,ADA
2020-10-09,0.1026,0.09501,0.09629,18657546.29,1832464.47,0.1015,direct,,ADA
2020-10-10,0.1113,0.1015,0.1015,27421077.08,2938403.07,0.1052,direct,,ADA
2020-10-11,0.1091,0.1043,0.1052,14185552.77,1516924.15,0.1066,direct,,ADA
2020-10-12,0.1138,0.1023,0.1066,38595286.15,4169415.95,0.1095,direct,,ADA
2020-10-13,0.114,0.1078,0.1095,20433258.44,2259021.62,0.1094,direct,,ADA
2020-10-14,0.1123,0.1054,0.1094,14040545.93,1523468.07,0.1073,direct,,ADA
2020-10-15,0.1078,0.1046,0.1073,14517725.18,1545731.2,0.1067,direct,,ADA
2020-10-16,0.1073,0.1024,0.1067,14150634.42,1477493.06,0.1043,direct,,ADA
2020-10-17,0.1073,0.1035,0.1043,7993435.23,845866.08,0.1061,direct,,ADA
2020-10-18,0.1076,0.1053,0.1061,4905747.42,522842.71,0.1075,direct,,ADA
2020-10-19,0.111,0.1062,0.1075,11367287.09,1236647.93,0.1087,direct,,ADA
2020-10-20,0.1088,0.1008,0.1087,20036522.11,2088279.31,0.1024,direct,,ADA
2020-10-21,0.1086,0.1016,0.1024,22322860.33,2369495.28,0.1062,direct,,ADA
2020-10-22,0.1128,0.1055,0.1062,28969515.17,3182909.94,0.1108,direct,,ADA
2020-10-23,0.1119,0.1054,0.1108,16072238.51,1748391.43,0.1081,direct,,ADA
2020-10-24,0.1099,0.1075,0.1081,9978568.06,1084542.9,0.108,direct,,ADA
2020-10-25,0.1088,0.1063,0.108,7765066.19,833833.52,0.1066,direct,,ADA
2020-10-26,0.1076,0.09928,0.1066,21426361.24,2210180.68,0.1032,direct,,ADA
2020-10-27,0.1056,0.102,0.1032,12225473.48,1272401.74,0.1029,direct,,ADA
2020-10-28,0.1034,0.09549,0.1029,13184426.15,1312948.99,0.09909,direct,,ADA
2020-10-29,0.1006,0.09511,0.09909,11617425.77,1135660.43,0.09534,direct,,ADA
2020-10-30,0.09562,0.09009,0.09534,19725177.12,1833788.35,0.09344,direct,,ADA
2020-10-31,0.09549,0.09237,0.09344,11383673.83,1068315.34,0.09311,direct,,ADA
2020-11-01,0.09862,0.09276,0.09311,11070469.7,1060572.31,0.09818,direct,,ADA
2020-11-02,0.1,0.09169,0.09818,15145058.72,1450758.66,0.09258,direct,,ADA
2020-11-03,0.09385,0.08843,0.09258,8682116.06,798333.67,0.09365,direct,,ADA
2020-11-04,0.09609,0.09184,0.09365,8869556.22,836836.2,0.09553,direct,,ADA
2020-11-05,0.09809,0.09233,0.09553,9738896.5,939521.62,0.09772,direct,,ADA
2020-11-06,0.11,0.09737,0.09772,21237515.99,2247981.77,0.1093,direct,,ADA
2020-11-07,0.1135,0.09938,0.1093,18233056.74,1949809.99,0.1013,direct,,ADA
2020-11-08,0.1082,0.1003,0.1013,10721470.15,1130010.77,0.1068,direct,,ADA
2020-11-09,0.1079,0.1014,0.1068,10789091.57,1129523.16,0.1054,direct,,ADA
2020-11-10,0.1089,0.1038,0.1054,12496701.79,1325913.86,0.1059,direct,,ADA
2020-11-11,0.109,0.1058,0.1059,20847608.45,2242518.34,0.1061,direct,,ADA
2020-11-12,0.1067,0.1028,0.1061,18948846.51,1989421.82,0.1048,direct,,ADA
2020-11-13,0.108,0.1044,0.1048,12262248.65,1303383.85,0.1066,direct,,ADA
2020-11-14,0.1072,0.1017,0.1066,14685562.53,1528146.66,0.1044,direct,,ADA
2020-11-15,0.1051,0.09875,0.1044,14640517.3,1490553.89,0.1006,direct,,ADA
2020-11-16,0.1053,0.09971,0.1006,19915493.14,2059587.28,0.1039,direct,,ADA
2020-11-17,0.1123,0.1037,0.1039,34339903.07,3733066.96,0.1097,direct,,ADA
2020-11-18,0.1117,0.1033,0.1097,25822736.47,2768073.15,0.1067,direct,,ADA
2020-11-19,0.1081,0.1045,0.1067,17330380.19,1843738.64,0.1059,direct,,ADA
2020-11-20,0.1189,0.1058,0.1059,69327854.13,7785803.68,0.1184,direct,,ADA
2020-11-21,0.1346,0.1166,0.1184,101006819.73,12726938.19,0.1338,direct,,ADA
2020-11-22,0.1534,0.1202,0.1338,144410723.17,19914597.88,0.146,direct,,ADA
2020-11-23,0.1601,0.1413,0.146,104160352.18,15797789.58,0.1544,direct,,ADA
2020-11-24,0.1828,0.1446,0.1544,151683939.12,25277534.86,0.1673,direct,,ADA
2020-11-25,0.1758,0.1484,0.1673,91310511.64,15105251.29,0.1563,direct,,ADA
2020-11-26,0.1608,0.1239,0.1563,92995596.5,12665830.63,0.1413,direct,,ADA
2020-11-27,0.1458,0.1314,0.1413,35479658.44,4897217.7,0.1418,direct,,ADA
2020-11-28,0.1721,0.1393,0.1418,75939727.3,12130810.84,0.1652,direct,,ADA
2020-11-29,0.1711,0.1575,0.1652,32736860.35,5364901.04,0.167,direct,,ADA
2020-11-30,0.1739,0.1604,0.167,64657845.14,10891578.85,0.1723,direct,,ADA
2020-12-01,0.1744,0.1444,0.1723,74183489.63,11891637.88,0.1556,direct,,ADA
2020-12-02,0.1597,0.1511,0.1556,28043554.92,4384474.22,0.1587,direct,,ADA
2020-12-03,0.1685,0.1559,0.1587,31702945.26,5143908.19,0.1642,direct,,ADA
2020-12-04,0.1646,0.1463,0.1642,44654743.98,6964126.02,0.1479,direct,,ADA
2020-12-05,0.1619,0.1462,0.1479,23344689.67,3642052.91,0.16,direct,,ADA
2020-12-06,0.1627,0.1535,0.16,23300655.04,3678379.8,0.1588,direct,,ADA
2020-12-07,0.1589,0.1516,0.1588,19692214.92,3050549.45,0.1541,direct,,ADA
2020-12-08,0.1549,0.1382,0.1541,37967715.42,5532867.23,0.1411,direct,,ADA
2020-12-09,0.1501,0.1301,0.1411,55964014.6,7876917.48,0.1482,direct,,ADA
2020-12-10,0.1486,0.1396,0.1482,26943159.15,3883600.22,0.1419,direct,,ADA
2020-12-11,0.1427,0.1349,0.1419,24649228.89,3420946.16,0.1392,direct,,ADA
2020-12-12,0.1473,0.1388,0.1392,31508892.3,4567986.16,0.1443,direct,,ADA
2020-12-13,0.1567,0.1431,0.1443,31643931.94,4791441.66,0.1538,direct,,ADA
2020-12-14,0.1586,0.1498,0.1538,28166070.4,4331596.84,0.1586,direct,,ADA
2020-12-15,0.16,0.1529,0.1586,33416129.4,5217915.01,0.154,direct,,ADA
2020-12-16,0.1684,0.1494,0.154,56077403.06,8968769.03,0.1684,direct,,ADA
2020-12-17,0.1763,0.1611,0.1684,73621449.08,12384494.9,0.1635,direct,,ADA
2020-12-18,0.1693,0.1587,0.1635,29505121.78,4825901.05,0.1653,direct,,ADA
2020-12-19,0.1707,0.1634,0.1653,29637743.95,4953325.83,0.1646,direct,,ADA
2020-12-20,0.1691,0.1578,0.1646,28707001.96,4697140.89,0.1623,direct,,ADA
2020-12-21,0.1662,0.1471,0.1623,40961114.69,6327601.04,0.153,direct,,ADA
2020-12-22,0.1686,0.1491,0.153,51556793.05,8084253.89,0.1569,direct,,ADA
2020-12-23,0.1579,0.1264,0.1569,82469399.78,11850537.46,0.1367,direct,,ADA
2020-12-24,0.1546,0.1316,0.1367,58182047.88,8314632.11,0.1532,direct,,ADA
2020-12-25,0.1671,0.1504,0.1532,57339051.43,9046490.58,0.1575,direct,,ADA
2020-12-26,0.1623,0.149,0.1575,60893229.12,9476118.4,0.1581,direct,,ADA
2020-12-27,0.1657,0.1494,0.1581,66812672.42,10546356.77,0.1542,direct,,ADA
2020-12-28,0.1798,0.1528,0.1542,90862361.78,15342391.65,0.1763,direct,,ADA
2020-12-29,0.1967,0.1731,0.1763,191031710.11,35472220.84,0.1906,direct,,ADA
2020-12-30,0.1933,0.1753,0.1906,80297570.74,14660504.53,0.1839,direct,,ADA
2020-12-31,0.1863,0.1756,0.1839,61138721.63,11000777.69,0.1817,direct,,ADA
2021-01-01,0.1848,0.1596,0.1817,62602004.31,11119437.38,0.1755,direct,,ADA
2021-01-02,0.1847,0.1689,0.1755,83287104.58,14807147.65,0.1772,direct,,ADA
2021-01-03,0.2097,0.1721,0.1772,124310423.46,23943844.21,0.2062,direct,,ADA
2021-01-04,0.241,0.1926,0.2062,183864145.4,39761970.16,0.2258,direct,,ADA
2021-01-05,0.2648,0.2075,0.2258,152184319.26,36447288.6,0.2595,direct,,ADA
2021-01-06,0.347,0.2548,0.2595,251278565.27,75062476.73,0.3342,direct,,ADA
2021-01-07,0.3557,0.2786,0.3342,216076600.11,69013059.56,0.299,direct,,ADA
2021-01-08,0.321,0.2626,0.299,195207749.83,57645527.08,0.3042,direct,,ADA
2021-01-09,0.3392,0.2966,0.3042,95746830.37,30471456.57,0.3315,direct,,ADA
2021-01-10,0.3415,0.2797,0.3315,125496099.04,39276768.66,0.3019,direct,,ADA
2021-01-11,0.3035,0.2292,0.3019,209193541.45,55059337.11,0.276,direct,,ADA
2021-01-12,0.3145,0.2637,0.276,141896777.81,40768117.65,0.2888,direct,,ADA
2021-01-13,0.3156,0.2708,0.2888,100063474.64,29254520.16,0.3128,direct,,ADA
2021-01-14,0.324,0.2967,0.3128,96351738.5,30008031.17,0.311,direct,,ADA
2021-01-15,0.3311,0.2775,0.311,130744147.26,40231461.68,0.3027,direct,,ADA
2021-01-16,0.3668,0.3021,0.3027,168377304.49,57646426.87,0.3511,direct,,ADA
2021-01-17,0.3974,0.3415,0.3511,188931087.27,70590866.8,0.3815,direct,,ADA
2021-01-18,0.3968,0.3643,0.3815,96421115.06,36173045.45,0.3709,direct,,ADA
2021-01-19,0.3848,0.3628,0.3709,81809329.57,30468473.23,0.3681,direct,,ADA
2021-01-20,0.3769,0.3303,0.3681,119110009.91,42311316.44,0.3758,direct,,ADA
2021-01-21,0.3793,0.2998,0.3758,137186941.84,46234468.07,0.3081,direct,,ADA
2021-01-22,0.3598,0.2794,0.3081,160918646.62,51412369.05,0.3496,direct,,ADA
2021-01-23,0.3579,0.3361,0.3496,59481663.0,20684398.78,0.3457,direct,,ADA
2021-01-24,0.3695,0.3369,0.3457,65222679.2,23010866.72,0.3538,direct,,ADA
2021-01-25,0.3644,0.3403,0.3538,63118579.76,22356564.72,0.3431,direct,,ADA
2021-01-26,0.3508,0.3246,0.3431,53941423.19,18304607.46,0.3445,direct,,ADA
2021-01-27,0.3445,0.3045,0.3445,77725360.7,24885033.8,0.3124,direct,,ADA
2021-01-28,0.3562,0.3053,0.3124,85849544.22,28863977.84,0.3446,direct,,ADA
2021-01-29,0.3689,0.3313,0.3446,108027303.41,38155866.51,0.348,direct,,ADA
2021-01-30,0.3766,0.3373,0.348,79279638.55,28198025.45,0.3637,direct,,ADA
2021-01-31,0.3771,0.3382,0.3637,63326780.48,22361381.2,0.3454,direct,,ADA
2021-02-01,0.424,0.3333,0.3454,160666802.46,60483981.25,0.4084,direct,,ADA
2021-02-02,0.456,0.3897,0.4084,220016957.11,92862946.45,0.4255,direct,,ADA
2021-02-03,0.45,0.4159,0.4255,90625146.79,39240175.4,0.443,direct,,ADA
2021-02-04,0.4502,0.4118,0.443,88776316.72,38419535.94,0.4405,direct,,ADA
2021-02-05,0.5606,0.4372,0.4405,246908063.48,125431451.18,0.5408,direct,,ADA
2021-02-06,0.6678,0.5222,0.5408,216958315.34,127860973.86,0.6348,direct,,ADA
2021-02-07,0.709,0.5817,0.6348,275067511.25,176857045.85,0.6642,direct,,ADA
2021-02-08,0.7247,0.633,0.6642,193209201.73,131859938.91,0.6778,direct,,ADA
2021-02-09,0.7128,0.6664,0.6778,110375875.89,75937842.83,0.7066,direct,,ADA
2021-02-10,0.9522,0.7066,0.7066,314624462.33,260113323.13,0.9414,direct,,ADA
2021-02-11,0.98,0.8678,0.9414,210196358.99,194864093.78,0.9292,direct,,ADA
2021-02-12,0.948,0.8665,0.9292,153168768.06,139894566.1,0.9273,direct,,ADA
2021-02-13,0.9525,0.8103,0.9273,123895617.62,111626072.9,0.9137,direct,,ADA
2021-02-14,0.9198,0.808,0.9137,102810835.23,88447427.04,0.845,direct,,ADA
2021-02-15,0.9118,0.6895,0.845,207417748.25,170657663.92,0.8605,direct,,ADA
2021-02-16,0.9055,0.8351,0.8605,100201261.7,87525330.81,0.8712,direct,,ADA
2021-02-17,0.8989,0.823,0.8712,90306594.47,78123135.0,0.8922,direct,,ADA
2021-02-18,0.9577,0.8922,0.8922,117951335.8,109053623.75,0.9144,direct,,ADA
2021-02-19,0.946,0.8793,0.9144,106665866.47,98242322.07,0.9267,direct,,ADA
2021-02-20,1.197,0.915,0.9267,334277624.8,362628163.95,1.118,direct,,ADA
2021-02-21,1.152,1.071,1.118,103649331.24,115163142.52,1.101,direct,,ADA
2021-02-22,1.147,0.5628,1.101,303319068.22,303751439.04,1.099,direct,,ADA
2021-02-23,1.14,0.824,1.099,330321496.13,316455622.97,0.9634,direct,,ADA
2021-02-24,1.077,0.9001,0.9634,176953216.91,179591449.55,1.05,direct,,ADA
2021-02-25,1.176,1.014,1.05,196589120.03,216004171.13,1.074,direct,,ADA
2021-02-26,1.298,0.9909,1.074,335571844.14,387757271.85,1.242,direct,,ADA
2021-02-27,1.484,1.23,1.242,339280468.04,461041081.63,1.319,direct,,ADA
2021-02-28,1.363,1.159,1.319,264380184.08,330771774.69,1.315,direct,,ADA
2021-03-01,1.351,1.235,1.315,160758952.74,206865849.13,1.297,direct,,ADA
2021-03-02,1.301,1.181,1.297,146519335.25,179723724.21,1.225,direct,,ADA
2021-03-03,1.268,1.211,1.225,91995354.94,113944985.07,1.215,direct,,ADA
2021-03-04,1.231,1.064,1.215,163819713.4,187069602.2,1.113,direct,,ADA
2021-03-05,1.198,1.034,1.113,179802911.51,202237049.19,1.16,direct,,ADA
2021-03-06,1.183,1.086,1.16,77570528.96,87291823.31,1.129,direct,,ADA
2021-03-07,1.145,1.107,1.129,62982521.4,71038826.13,1.131,direct,,ADA
2021-03-08,1.179,1.106,1.131,71328069.96,80919572.91,1.119,direct,,ADA
2021-03-09,1.22,1.109,1.119,104923879.9,122145225.55,1.199,direct,,ADA
2021-03-10,1.208,1.114,1.199,68316806.03,79303624.65,1.133,direct,,ADA
2021-03-11,1.14,1.11,1.133,54800404.16,61539023.85,1.125,direct,,ADA
2021-03-12,1.129,1.026,1.125,107898739.64,115244741.31,1.032,direct,,ADA
2021-03-13,1.19,0.9845,1.032,127124559.12,138266906.79,1.101,direct,,ADA
2021-03-14,1.102,1.054,1.101,55832558.81,60228389.26,1.054,direct,,ADA
2021-03-15,1.07,1.001,1.054,82773599.54,85851955.54,1.031,direct,,ADA
2021-03-16,1.296,1.001,1.031,237296685.76,278440557.67,1.25,direct,,ADA
2021-03-17,1.43,1.204,1.25,210004375.19,271357791.75,1.378,direct,,ADA
2021-03-18,1.473,1.223,1.378,293819951.7,399633565.61,1.231,direct,,ADA
2021-03-19,1.342,1.181,1.231,162068466.18,206221559.8,1.296,direct,,ADA
2021-03-20,1.309,1.2,1.296,94894574.9,119155651.08,1.201,direct,,ADA
2021-03-21,1.242,1.16,1.201,71949933.29,86559429.33,1.187,direct,,ADA
2021-03-22,1.207,1.068,1.187,113344380.66,130739048.26,1.102,direct,,ADA
2021-03-23,1.174,1.083,1.102,65992756.55,74523927.41,1.115,direct,,ADA
2021-03-24,1.165,1.038,1.115,74277706.92,82429869.26,1.069,direct,,ADA
2021-03-25,1.152,1.047,1.069,80026467.6,88128045.05,1.097,direct,,ADA
2021-03-26,1.288,1.096,1.097,101137102.76,121476617.54,1.215,direct,,ADA
2021-03-27,1.239,1.157,1.215,45036176.05,53645703.52,1.177,direct,,ADA
2021-03-28,1.219,1.168,1.177,29216414.84,34690027.5,1.19,direct,,ADA
2021-03-29,1.229,1.179,1.19,39472154.87,47517856.01,1.203,direct,,ADA
2021-03-30,1.235,1.19,1.203,36309459.19,44055807.04,1.213,direct,,ADA
2021-03-31,1.213,1.155,1.213,41610105.3,49419154.93,1.192,direct,,ADA
2021-04-01,1.207,1.173,1.192,33275572.07,39610869.69,1.184,direct,,ADA
2021-04-02,1.243,1.181,1.184,44558829.92,53670646.03,1.191,direct,,ADA
2021-04-03,1.24,1.16,1.191,46607970.5,56241858.14,1.164,direct,,ADA
2021-04-04,1.193,1.152,1.164,22622761.58,26614176.02,1.182,direct,,ADA
2021-04-05,1.225,1.163,1.182,42751953.78,51005972.05,1.212,direct,,ADA
2021-04-06,1.342,1.191,1.212,99411416.15,125201929.16,1.254,direct,,ADA
2021-04-07,1.289,1.161,1.254,59350388.45,71819740.02,1.174,direct,,ADA
2021-04-08,1.224,1.171,1.174,26815773.65,32253308.38,1.219,direct,,ADA
2021-04-09,1.228,1.193,1.219,23377196.25,28257531.97,1.202,direct,,ADA
2021-04-10,1.251,1.195,1.202,42965535.78,52424983.51,1.218,direct,,ADA
2021-04-11,1.289,1.199,1.218,63460823.73,79402786.4,1.263,direct,,ADA
2021-04-12,1.346,1.263,1.263,81415737.63,106273611.71,1.315,direct,,ADA
2021-04-13,1.435,1.283,1.315,98915806.3,135881399.53,1.413,direct,,ADA
2021-04-14,1.557,1.352,1.413,163320174.9,237618966.88,1.453,direct,,ADA
2021-04-15,1.495,1.411,1.453,62456329.38,91361179.8,1.48,direct,,ADA
2021-04-16,1.52,1.336,1.48,106390606.94,150923353.27,1.412,direct,,ADA
2021-04-17,1.458,1.36,1.412,46971355.45,66187782.06,1.373,direct,,ADA
2021-04-18,1.384,1.07,1.373,146982174.86,180334143.37,1.279,direct,,ADA
2021-04-19,1.325,1.172,1.279,76316948.77,94881758.67,1.196,direct,,ADA
2021-04-20,1.282,1.123,1.196,117046875.25,139661587.07,1.269,direct,,ADA
2021-04-21,1.288,1.197,1.269,71564766.76,89127169.02,1.204,direct,,ADA
2021-04-22,1.28,1.118,1.204,94197317.03,113264449.04,1.145,direct,,ADA
2021-04-23,1.168,0.9336,1.145,166994383.44,177927123.17,1.159,direct,,ADA
2021-04-24,1.198,1.095,1.159,56509344.34,64373069.19,1.105,direct,,ADA
2021-04-25,1.147,1.021,1.105,55037847.27,60110463.11,1.092,direct,,ADA
2021-04-26,1.253,1.082,1.092,76759810.28,91822699.54,1.238,direct,,ADA
2021-04-27,1.334,1.226,1.238,66771936.04,86043075.28,1.309,direct,,ADA
2021-04-28,1.351,1.237,1.309,68614756.75,89611154.11,1.338,direct,,ADA
2021-04-29,1.411,1.269,1.338,101648115.6,135826339.77,1.308,direct,,ADA
2021-04-30,1.372,1.286,1.308,50052217.88,67299102.94,1.354,direct,,ADA
2021-05-01,1.369,1.318,1.354,32907572.49,44184231.43,1.353,direct,,ADA
2021-05-02,1.356,1.296,1.353,34539324.95,45874211.47,1.328,direct,,ADA
2021-05-03,1.38,1.323,1.328,49539926.13,67078921.8,1.363,direct,,ADA
2021-05-04,1.366,1.258,1.363,78174612.14,102040241.87,1.273,direct,,ADA
2021-05-05,1.495,1.262,1.273,132698829.76,186707971.99,1.48,direct,,ADA
2021-05-06,1.703,1.431,1.48,248439869.69,393108691.29,1.649,direct,,ADA
2021-05-07,1.746,1.53,1.649,143471668.81,236892851.89,1.655,direct,,ADA
2021-05-08,1.656,1.566,1.655,66723770.76,107546719.75,1.623,direct,,ADA
2021-05-09,1.832,1.575,1.623,149033505.43,259727793.62,1.77,direct,,ADA
2021-05-10,1.825,1.539,1.77,119139424.53,203186962.07,1.645,direct,,ADA
2021-05-11,1.779,1.598,1.645,86825930.82,147393918.82,1.764,direct,,ADA
2021-05-12,1.822,1.544,1.764,117923531.86,202920466.15,1.559,direct,,ADA
2021-05-13,1.969,1.505,1.559,277567729.27,501409792.93,1.929,direct,,ADA
2021-05-14,2.042,1.816,1.929,105450842.05,202713436.1,2.009,direct,,ADA
2021-05-15,2.377,1.967,2.009,230361605.01,507407769.29,2.175,direct,,ADA
2021-05-16,2.462,2.013,2.175,204747006.72,459097571.19,2.307,direct,,ADA
2021-05-17,2.329,1.863,2.307,207897425.99,433216591.32,2.031,direct,,ADA
2021-05-18,2.15,1.976,2.031,102282752.3,209644283.58,2.006,direct,,ADA
2021-05-19,2.028,1.04,2.006,485149767.62,781513663.93,1.471,direct,,ADA
2021-05-20,1.947,1.343,1.471,267425584.55,453228691.95,1.802,direct,,ADA
2021-05-21,1.869,1.326,1.802,210582240.42,331991066.24,1.551,direct,,ADA
2021-05-22,1.598,1.372,1.551,120486536.68,180081183.25,1.465,direct,,ADA
2021-05-23,1.54,1.056,1.465,273047711.93,338925172.59,1.316,direct,,ADA
2021-05-24,1.598,1.261,1.316,153104894.19,223656156.58,1.551,direct,,ADA
2021-05-25,1.648,1.439,1.551,110423295.91,170343022.26,1.554,direct,,ADA
2021-05-26,1.83,1.554,1.554,166970256.11,286276096.06,1.782,direct,,ADA
2021-05-27,1.789,1.612,1.782,81039522.55,136768582.33,1.654,direct,,ADA
2021-05-28,1.679,1.453,1.654,113909913.34,175907135.93,1.514,direct,,ADA
2021-05-29,1.561,1.337,1.514,94835377.6,134907385.46,1.404,direct,,ADA
2021-05-30,1.698,1.35,1.404,111333955.94,175310366.49,1.576,direct,,ADA
2021-05-31,1.749,1.527,1.576,92549197.39,151571562.7,1.74,direct,,ADA
2021-06-01,1.778,1.656,1.74,89289741.64,153824983.71,1.735,direct,,ADA
2021-06-02,1.803,1.719,1.735,70843082.78,125311773.24,1.754,direct,,ADA
2021-06-03,1.889,1.713,1.754,68095787.54,123894855.24,1.845,direct,,ADA
2021-06-04,1.847,1.609,1.845,103679293.67,177339958.74,1.708,direct,,ADA
2021-06-05,1.782,1.611,1.708,59552744.16,100757323.29,1.657,direct,,ADA
2021-06-06,1.707,1.648,1.657,28587263.7,47914801.67,1.677,direct,,ADA
2021-06-07,1.742,1.552,1.677,74709674.46,124304327.8,1.565,direct,,ADA
2021-06-08,1.597,1.401,1.565,127317896.46,193098516.83,1.584,direct,,ADA
2021-06-09,1.634,1.486,1.584,78623452.53,123181287.7,1.627,direct,,ADA
2021-06-10,1.636,1.509,1.627,49345825.88,77042169.74,1.533,direct,,ADA
2021-06-11,1.547,1.421,1.533,53779603.79,79811144.13,1.436,direct,,ADA
2021-06-12,1.493,1.358,1.436,53575668.29,76321912.81,1.477,direct,,ADA
2021-06-13,1.58,1.402,1.477,57311262.3,85040079.32,1.559,direct,,ADA
2021-06-14,1.594,1.508,1.559,50552655.37,78537353.52,1.577,direct,,ADA
2021-06-15,1.611,1.544,1.577,37827949.4,59489310.74,1.556,direct,,ADA
2021-06-16,1.574,1.475,1.556,33630086.7,51011496.16,1.484,direct,,ADA
2021-06-17,1.538,1.458,1.484,29561230.38,44145311.69,1.482,direct,,ADA
2021-06-18,1.492,1.376,1.482,42845486.42,61044771.63,1.415,direct,,ADA
2021-06-19,1.441,1.384,1.415,30935731.87,43756712.75,1.385,direct,,ADA
2021-06-20,1.459,1.308,1.385,62682578.03,86425758.38,1.426,direct,,ADA
2021-06-21,1.436,1.168,1.426,117603690.09,151459034.1,1.176,direct,,ADA
2021-06-22,1.263,1.001,1.176,186460772.12,210021036.69,1.155,direct,,ADA
2021-06-23,1.309,1.12,1.155,100924798.64,124766882.83,1.251,direct,,ADA
2021-06-24,1.399,1.202,1.251,64197924.67,85325605.15,1.358,direct,,ADA
2021-06-25,1.394,1.245,1.358,35711439.09,46735357.68,1.255,direct,,ADA
2021-06-26,1.29,1.199,1.255,23828426.47,29606234.94,1.251,direct,,ADA
2021-06-27,1.347,1.244,1.251,18045667.2,23229043.91,1.337,direct,,ADA
2021-06-28,1.349,1.306,1.337,20007782.15,26582760.61,1.326,direct,,ADA
2021-06-29,1.42,1.321,1.326,26113269.33,35934284.11,1.371,direct,,ADA
2021-06-30,1.399,1.287,1.371,30671651.18,41253112.24,1.384,direct,,ADA
2021-07-01,1.385,1.304,1.384,19152135.63,25647402.09,1.336,direct,,ADA
2021-07-02,1.395,1.286,1.336,21501102.96,28875675.07,1.395,direct,,ADA
2021-07-03,1.442,1.359,1.395,15850465.44,22294048.93,1.405,direct,,ADA
2021-07-04,1.494,1.384,1.405,13124080.94,18953697.63,1.46,direct,,ADA
2021-07-05,1.461,1.378,1.46,30048595.75,42506589.01,1.405,direct,,ADA
2021-07-06,1.456,1.391,1.405,22822034.2,32474525.59,1.418,direct,,ADA
2021-07-07,1.44,1.401,1.418,17818558.31,25367419.65,1.403,direct,,ADA
2021-07-08,1.405,1.32,1.403,31964250.73,43575459.98,1.329,direct,,ADA
2021-07-09,1.373,1.288,1.329,30573541.43,40729463.81,1.35,direct,,ADA
2021-07-10,1.365,1.319,1.35,13882420.25,18561484.53,1.336,direct,,ADA
2021-07-11,1.367,1.325,1.336,12750201.72,17131802.53,1.348,direct,,ADA
2021-07-12,1.373,1.292,1.348,20793837.29,27617453.98,1.314,direct,,ADA
2021-07-13,1.321,1.25,1.314,28156677.5,36092318.07,1.265,direct,,ADA
2021-07-14,1.289,1.2,1.265,34354423.18,42740406.97,1.263,direct,,ADA
2021-07-15,1.289,1.206,1.263,26612469.65,32855655.63,1.226,direct,,ADA
2021-07-16,1.245,1.159,1.226,27129858.68,32488151.5,1.172,direct,,ADA
2021-07-17,1.195,1.151,1.172,21900904.64,25644632.59,1.173,direct,,ADA
2021-07-18,1.218,1.168,1.173,16138250.0,19246511.23,1.183,direct,,ADA
2021-07-19,1.191,1.117,1.183,23650047.44,26985843.86,1.122,direct,,ADA
2021-07-20,1.136,1.022,1.122,65779431.35,69767786.57,1.055,direct,,ADA
2021-07-21,1.222,1.038,1.055,59188666.74,67879337.32,1.169,direct,,ADA
2021-07-22,1.207,1.151,1.169,28247570.52,33304963.68,1.186,direct,,ADA
2021-07-23,1.207,1.148,1.186,21963982.29,25836119.46,1.207,direct,,ADA
2021-07-24,1.249,1.199,1.207,25637729.11,31267655.95,1.234,direct,,ADA
2021-07-25,1.239,1.192,1.234,19217277.7,23368546.32,1.229,direct,,ADA
2021-07-26,1.399,1.224,1.229,81484571.06,107277399.85,1.256,direct,,ADA
2021-07-27,1.316,1.214,1.256,42410130.08,53421500.18,1.28,direct,,ADA
2021-07-28,1.318,1.259,1.28,30047494.52,38644325.56,1.287,direct,,ADA
2021-07-29,1.298,1.259,1.287,22682574.16,29005091.73,1.284,direct,,ADA
2021-07-30,1.317,1.25,1.284,26788586.49,34534651.14,1.311,direct,,ADA
2021-07-31,1.333,1.289,1.311,23188499.89,30409147.12,1.318,direct,,ADA
2021-08-01,1.388,1.3,1.318,37250702.43,50338495.66,1.316,direct,,ADA
2021-08-02,1.35,1.295,1.316,21313891.66,28151492.37,1.31,direct,,ADA
2021-08-03,1.381,1.263,1.31,40445960.54,53758661.09,1.368,direct,,ADA
2021-08-04,1.393,1.324,1.368,30925866.56,42139434.55,1.377,direct,,ADA
2021-08-05,1.398,1.339,1.377,29429192.89,40428282.27,1.387,direct,,ADA
2021-08-06,1.426,1.363,1.387,36811684.93,51224897.78,1.402,direct,,ADA
2021-08-07,1.485,1.397,1.402,44855696.45,64995565.84,1.475,direct,,ADA
2021-08-08,1.495,1.409,1.475,34657080.97,50374850.02,1.427,direct,,ADA
2021-08-09,1.5,1.395,1.427,37761855.21,54972482.87,1.476,direct,,ADA
2021-08-10,1.699,1.458,1.476,79083838.43,125239929.46,1.678,direct,,ADA
2021-08-11,1.895,1.671,1.678,122421381.03,220512410.38,1.797,direct,,ADA
2021-08-12,1.868,1.683,1.797,91000591.13,161416455.63,1.831,direct,,ADA
2021-08-13,2.15,1.824,1.831,163214196.48,325366841.73,2.139,direct,,ADA
2021-08-14,2.249,2.085,2.139,107763083.26,232636746.22,2.191,direct,,ADA
2021-08-15,2.248,2.037,2.191,71067951.81,152361870.0,2.169,direct,,ADA
2021-08-16,2.196,2.048,2.169,59919248.62,127564365.29,2.073,direct,,ADA
2021-08-17,2.142,1.909,2.073,86917283.33,176535754.47,1.925,direct,,ADA
2021-08-18,2.164,1.873,1.925,98084441.43,199913570.77,2.105,direct,,ADA
2021-08-19,2.449,2.048,2.105,159754857.29,357696275.04,2.441,direct,,ADA
2021-08-20,2.581,2.373,2.441,140664245.13,349310514.13,2.457,direct,,ADA
2021-08-21,2.528,2.387,2.457,91588198.26,224191260.48,2.437,direct,,ADA
2021-08-22,2.724,2.433,2.437,284453585.79,732097559.76,2.713,direct,,ADA
2021-08-23,2.97,2.68,2.713,383861985.83,1095576880.06,2.917,direct,,ADA
2021-08-24,2.948,2.616,2.917,232283340.18,655576181.5,2.72,direct,,ADA
2021-08-25,2.796,2.607,2.72,78702609.03,214106228.67,2.741,direct,,ADA
2021-08-26,2.783,2.473,2.741,99180206.45,256919751.45,2.533,direct,,ADA
2021-08-27,2.946,2.497,2.533,108993407.82,299327221.43,2.946,direct,,ADA
2021-08-28,2.949,2.778,2.946,50177732.78,142845763.83,2.849,direct,,ADA
2021-08-29,2.933,2.723,2.849,56826064.91,162004481.29,2.854,direct,,ADA
2021-08-30,2.886,2.724,2.854,59875684.55,168026523.59,2.736,direct,,ADA
2021-08-31,2.879,2.704,2.736,63904983.81,177694823.06,2.771,direct,,ADA
2021-09-01,2.905,2.725,2.771,56281372.56,159140530.54,2.87,direct,,ADA
2021-09-02,3.097,2.838,2.87,104174582.4,312196311.79,2.963,direct,,ADA
2021-09-03,3.032,2.906,2.963,51985203.76,154275493.82,2.968,direct,,ADA
2021-09-04,2.968,2.805,2.968,47905164.22,138315131.43,2.832,direct,,ADA
2021-09-05,2.957,2.826,2.832,46409560.38,134035807.26,2.913,direct,,ADA
2021-09-06,2.928,2.806,2.913,45033760.22,128698345.27,2.835,direct,,ADA
2021-09-07,2.875,2.041,2.835,230640512.36,577055049.41,2.511,direct,,ADA
2021-09-08,2.564,2.199,2.511,125607351.43,302361153.15,2.471,direct,,ADA
2021-09-09,2.622,2.393,2.471,98696715.31,249846243.84,2.517,direct,,ADA
2021-09-10,2.585,2.278,2.517,77236463.72,186936060.11,2.383,direct,,ADA
2021-09-11,2.796,2.369,2.383,113146836.5,298525957.59,2.636,direct,,ADA
2021-09-12,2.786,2.505,2.636,98042654.11,257372679.12,2.583,direct,,ADA
2021-09-13,2.591,2.316,2.583,90973391.24,220474542.99,2.402,direct,,ADA
2021-09-14,2.437,2.324,2.402,47388132.26,113123722.13,2.398,direct,,ADA
2021-09-15,2.582,2.361,2.398,56518099.97,140039553.94,2.505,direct,,ADA
2021-09-16,2.517,2.383,2.505,37324127.81,91430199.85,2.419,direct,,ADA
2021-09-17,2.441,2.315,2.419,37267642.73,88570087.11,2.35,direct,,ADA
2021-09-18,2.437,2.313,2.35,31586324.68,75246590.88,2.372,direct,,ADA
2021-09-19,2.396,2.263,2.372,33345947.11,77760760.1,2.282,direct,,ADA
2021-09-20,2.292,1.973,2.282,148922644.05,315821157.26,2.08,direct,,ADA
2021-09-21,2.227,1.915,2.08,103171519.96,213795807.02,1.985,direct,,ADA
2021-09-22,2.268,1.97,1.985,53825274.58,115175739.43,2.258,direct,,ADA
2021-09-23,2.344,2.182,2.258,45140773.59,101591318.36,2.33,direct,,ADA
2021-09-24,2.344,2.072,2.33,75573974.52,168789901.63,2.281,direct,,ADA
2021-09-25,2.457,2.24,2.281,66616577.43,157052382.86,2.302,direct,,ADA
2021-09-26,2.302,2.152,2.302,41879269.27,94026724.23,2.209,direct,,ADA
2021-09-27,2.275,2.131,2.209,32596455.64,72040681.69,2.132,direct,,ADA
2021-09-28,2.173,2.031,2.132,32407116.51,67922684.7,2.039,direct,,ADA
2021-09-29,2.144,2.022,2.039,33640830.56,69723092.05,2.066,direct,,ADA
2021-09-30,2.136,2.055,2.066,32003833.46,67184973.17,2.116,direct,,ADA
2021-10-01,2.275,2.094,2.116,39816104.81,87657753.61,2.255,direct,,ADA
2021-10-02,2.322,2.196,2.255,24578172.43,55627206.49,2.25,direct,,ADA
2021-10-03,2.308,2.225,2.25,24780872.67,56200495.12,2.254,direct,,ADA
2021-10-04,2.254,2.154,2.254,30227656.82,66364226.69,2.192,direct,,ADA
2021-10-05,2.258,2.182,2.192,26018095.18,57666236.85,2.234,direct,,ADA
2021-10-06,2.25,2.116,2.234,51271889.49,113316322.2,2.211,direct,,ADA
2021-10-07,2.374,2.152,2.212,41877877.3,95081141.68,2.279,direct,,ADA
2021-10-08,2.312,2.223,2.279,14855115.01,33725682.99,2.237,direct,,ADA
2021-10-09,2.3,2.222,2.237,10539168.28,23861879.47,2.269,direct,,ADA
2021-10-10,2.277,2.167,2.269,12968014.53,28912926.21,2.193,direct,,ADA
2021-10-11,2.25,2.116,2.193,19323339.18,42159764.97,2.172,direct,,ADA
2021-10-12,2.172,2.074,2.172,30905581.51,65516517.44,2.118,direct,,ADA
2021-10-13,2.199,2.083,2.118,30425358.93,64948505.8,2.188,direct,,ADA
2021-10-14,2.222,2.159,2.188,27392860.44,59879101.47,2.173,direct,,ADA
2021-10-15,2.24,2.139,2.173,45349306.85,99599748.33,2.218,direct,,ADA
2021-10-16,2.248,2.172,2.218,21512110.82,47562282.67,2.178,direct,,ADA
2021-10-17,2.188,2.095,2.178,23074256.84,49626785.92,2.158,direct,,ADA
2021-10-18,2.173,2.107,2.158,19713402.44,42105323.02,2.129,direct,,ADA
2021-10-19,2.156,2.094,2.129,21083440.31,44700074.56,2.111,direct,,ADA
2021-10-20,2.208,2.093,2.111,39927912.15,86346236.04,2.189,direct,,ADA
2021-10-21,2.297,1.496,2.189,67287121.46,144579332.12,2.138,direct,,ADA
2021-10-22,2.209,2.127,2.138,35134372.96,76115084.32,2.155,direct,,ADA
2021-10-23,2.173,2.134,2.155,17003014.14,36623023.17,2.165,direct,,ADA
2021-10-24,2.167,2.095,2.165,21736670.71,46230772.98,2.12,direct,,ADA
2021-10-25,2.176,2.115,2.12,24162076.3,51921058.84,2.145,direct,,ADA
2021-10-26,2.2,2.119,2.145,32627515.2,70703339.54,2.137,direct,,ADA
2021-10-27,2.154,1.846,2.137,86254689.53,171242205.75,1.913,direct,,ADA
2021-10-28,2.057,1.909,1.913,56978803.04,112901408.25,1.989,direct,,ADA
2021-10-29,2.043,1.982,1.989,31235317.89,62763212.87,2.013,direct,,ADA
2021-10-30,2.017,1.926,2.013,31880908.68,63000038.73,1.955,direct,,ADA
2021-10-31,2.028,1.921,1.955,29114143.5,57125601.65,1.966,direct,,ADA
2021-11-01,2.018,1.916,1.966,31629497.7,61942894.18,1.949,direct,,ADA
2021-11-02,1.996,1.903,1.949,33815078.26,66510911.36,1.971,direct,,ADA
2021-11-03,2.144,1.951,1.971,76217608.04,157408879.55,2.064,direct,,ADA
2021-11-04,2.103,1.941,2.064,31504036.29,63365749.84,1.982,direct,,ADA
2021-11-05,2.019,1.962,1.982,21734034.02,43235827.0,1.983,direct,,ADA
2021-11-06,2.04,1.945,1.983,23002758.16,45698117.5,2.005,direct,,ADA
2021-11-07,2.036,1.977,2.005,19081141.2,38313312.74,2.02,direct,,ADA
2021-11-08,2.139,2.011,2.02,37171045.97,77143706.41,2.126,direct,,ADA
2021-11-09,2.378,2.108,2.126,109468883.65,247992926.02,2.268,direct,,ADA
2021-11-10,2.327,1.945,2.268,91623347.98,198950717.88,2.101,direct,,ADA
2021-11-11,2.151,2.062,2.101,29399341.83,61811329.0,2.081,direct,,ADA
2021-11-12,2.097,1.992,2.081,33476516.33,68475062.7,2.049,direct,,ADA
2021-11-13,2.079,2.023,2.049,16628618.08,34128267.63,2.052,direct,,ADA
2021-11-14,2.069,2.012,2.052,14775954.32,30110180.63,2.04,direct,,ADA
2021-11-15,2.093,2.013,2.04,19373199.06,39660022.99,2.018,direct,,ADA
2021-11-16,2.019,1.775,2.018,66248574.78,126309459.83,1.877,direct,,ADA
2021-11-17,1.89,1.799,1.877,34831730.63,64546005.45,1.878,direct,,ADA
2021-11-18,1.908,1.707,1.878,53552381.55,96681138.79,1.788,direct,,ADA
2021-11-19,1.895,1.756,1.788,32919245.95,60247892.69,1.864,direct,,ADA
2021-11-20,1.957,1.863,1.864,24733954.75,47039286.36,1.923,direct,,ADA
2021-11-21,1.925,1.837,1.923,16235063.92,30408777.29,1.839,direct,,ADA
2021-11-22,1.84,1.761,1.839,24283863.25,43691256.6,1.779,direct,,ADA
2021-11-23,1.817,1.744,1.779,32969418.81,58524276.13,1.749,direct,,ADA
2021-11-24,1.751,1.593,1.749,72561154.07,120587488.06,1.668,direct,,ADA
2021-11-25,1.75,1.621,1.668,43470394.73,73511450.41,1.675,direct,,ADA
2021-11-26,1.685,1.5,1.675,71336813.56,111410060.2,1.534,direct,,ADA
2021-11-27,1.586,1.533,1.534,23123672.0,36090068.87,1.544,direct,,ADA
2021-11-28,1.6,1.422,1.544,52685613.77,79380348.09,1.596,direct,,ADA
2021-11-29,1.636,1.56,1.596,26581662.02,42426987.53,1.603,direct,,ADA
2021-11-30,1.628,1.547,1.603,33673046.88,53326835.46,1.554,direct,,ADA
2021-12-01,1.623,1.534,1.554,28940745.64,45719421.05,1.548,direct,,ADA
2021-12-02,1.758,1.521,1.548,67551559.8,113119169.95,1.72,direct,,ADA
2021-12-03,1.728,1.526,1.72,43820685.76,71005281.77,1.559,direct,,ADA
2021-12-04,1.559,1.231,1.559,105877429.83,145269010.84,1.423,direct,,ADA
2021-12-05,1.436,1.289,1.423,50399008.12,68407225.76,1.38,direct,,ADA
2021-12-06,1.44,1.258,1.38,55862959.66,74556616.05,1.423,direct,,ADA
2021-12-07,1.479,1.367,1.423,40154142.6,57421285.83,1.379,direct,,ADA
2021-12-08,1.423,1.344,1.379,30548524.81,42228111.98,1.396,direct,,ADA
2021-12-09,1.409,1.289,1.396,35586803.62,47695371.38,1.291,direct,,ADA
2021-12-10,1.332,1.208,1.291,40940261.19,52258246.63,1.211,direct,,ADA
2021-12-11,1.361,1.192,1.211,49216938.42,62815374.33,1.352,direct,,ADA
2021-12-12,1.414,1.321,1.352,26621736.29,36201800.55,1.347,direct,,ADA
2021-12-13,1.357,1.203,1.347,40222525.16,50679869.16,1.225,direct,,ADA
2021-12-14,1.283,1.201,1.225,34767430.24,43115081.81,1.267,direct,,ADA
2021-12-15,1.331,1.206,1.267,35544625.6,44950556.58,1.311,direct,,ADA
2021-12-16,1.33,1.237,1.311,25209863.84,32592937.97,1.24,direct,,ADA
2021-12-17,1.258,1.185,1.24,32500189.55,39949662.68,1.219,direct,,ADA
2021-12-18,1.266,1.201,1.219,18078387.01,22396359.36,1.243,direct,,ADA
2021-12-19,1.311,1.241,1.243,29909078.21,38184074.93,1.244,direct,,ADA
2021-12-20,1.26,1.202,1.244,29777995.49,36548372.9,1.238,direct,,ADA
2021-12-21,1.29,1.228,1.238,27589135.68,34831358.63,1.281,direct,,ADA
2021-12-22,1.367,1.277,1.281,31828772.49,42231132.32,1.328,direct,,ADA
2021-12-23,1.49,1.308,1.328,48901001.63,68643605.39,1.474,direct,,ADA
2021-12-24,1.49,1.383,1.474,28319576.85,40815999.85,1.392,direct,,ADA
2021-12-25,1.46,1.382,1.392,20289814.05,29025706.45,1.454,direct,,ADA
2021-12-26,1.467,1.409,1.454,25172265.47,36351107.72,1.456,direct,,ADA
2021-12-27,1.592,1.452,1.456,38865129.58,59839480.34,1.516,direct,,ADA
2021-12-28,1.538,1.376,1.516,48750090.22,70804201.02,1.399,direct,,ADA
2021-12-29,1.436,1.324,1.399,36908302.18,51033648.49,1.332,direct,,ADA
2021-12-30,1.377,1.299,1.332,39015677.34,52282855.41,1.358,direct,,ADA
2021-12-31,1.382,1.281,1.358,41018289.64,54557985.25,1.309,direct,,ADA
2022-01-01,1.38,1.306,1.309,23188287.28,30938756.22,1.38,direct,,ADA
2022-01-02,1.391,1.343,1.38,18197635.52,24852255.86,1.378,direct,,ADA
2022-01-03,1.378,1.311,1.378,24375000.03,32705952.79,1.319,direct,,ADA
2022-01-04,1.351,1.296,1.319,26521361.93,35077542.83,1.309,direct,,ADA
2022-01-05,1.352,1.195,1.309,43273328.16,55246989.39,1.23,direct,,ADA
2022-01-06,1.297,1.187,1.23,89365800.38,110854749.79,1.28,direct,,ADA
2022-01-07,1.285,1.19,1.28,154957792.07,189441984.15,1.209,direct,,ADA
2022-01-08,1.254,1.129,1.209,139569280.7,165569511.51,1.183,direct,,ADA
2022-01-09,1.206,1.148,1.183,96209308.69,113464282.35,1.17,direct,,ADA
2022-01-10,1.181,1.072,1.17,149707193.36,168545001.67,1.124,direct,,ADA
2022-01-11,1.196,1.123,1.124,91595888.4,106419734.98,1.188,direct,,ADA
2022-01-12,1.312,1.187,1.188,123412556.95,154607463.97,1.312,direct,,ADA
2022-01-13,1.354,1.228,1.312,135802324.71,174595716.62,1.233,direct,,ADA
2022-01-14,1.309,1.22,1.233,119732807.37,151292162.59,1.293,direct,,ADA
2022-01-15,1.319,1.252,1.293,60116675.95,77115522.5,1.292,direct,,ADA
2022-01-16,1.423,1.287,1.292,160628885.55,221964740.14,1.412,direct,,ADA
2022-01-17,1.605,1.387,1.412,334559513.83,503785328.58,1.603,direct,,ADA
2022-01-18,1.638,1.412,1.603,273407776.66,414410296.23,1.459,direct,,ADA
2022-01-19,1.534,1.327,1.459,246759218.51,348583535.19,1.337,direct,,ADA
2022-01-20,1.427,1.25,1.337,234189091.39,314221350.23,1.26,direct,,ADA
2022-01-21,1.287,1.101,1.26,369137766.93,444147412.08,1.121,direct,,ADA
2022-01-22,1.155,0.9262,1.121,493723683.68,525240338.18,1.071,direct,,ADA
2022-01-23,1.169,1.052,1.071,245723406.93,270173995.76,1.125,direct,,ADA
2022-01-24,1.125,0.9517,1.125,396656818.87,405885523.7,1.067,direct,,ADA
2022-01-25,1.075,0.9927,1.067,184039424.16,190782124.58,1.042,direct,,ADA
2022-01-26,1.158,1.023,1.042,291307154.4,316419472.86,1.078,direct,,ADA
2022-01-27,1.08,1.003,1.078,185103740.84,192245211.63,1.043,direct,,ADA
2022-01-28,1.06,1.01,1.043,134225580.15,139124250.93,1.049,direct,,ADA
2022-01-29,1.083,1.039,1.049,91672911.64,97265325.53,1.06,direct,,ADA
2022-01-30,1.078,1.024,1.06,76089273.1,79973638.56,1.036,direct,,ADA
2022-01-31,1.059,1.01,1.036,125057194.29,129179460.74,1.052,direct,,ADA
2022-02-01,1.097,1.035,1.052,133115589.67,141437864.07,1.096,direct,,ADA
2022-02-02,1.103,1.024,1.096,129091691.44,137218279.14,1.027,direct,,ADA
2022-02-03,1.062,1.018,1.027,103272160.84,107295538.72,1.061,direct,,ADA
2022-02-04,1.14,1.046,1.061,124215791.36,134691680.22,1.139,direct,,ADA
2022-02-05,1.178,1.097,1.139,116587100.95,132961437.54,1.126,direct,,ADA
2022-02-06,1.151,1.099,1.126,70832377.52,79703621.02,1.144,direct,,ADA
2022-02-07,1.209,1.127,1.144,173247752.16,204634466.86,1.199,direct,,ADA
2022-02-08,1.264,1.134,1.199,180067716.14,215825790.41,1.176,direct,,ADA
2022-02-09,1.215,1.153,1.176,109579875.37,130529768.43,1.195,direct,,ADA
2022-02-10,1.225,1.145,1.195,136309104.56,161150238.73,1.152,direct,,ADA
2022-02-11,1.164,1.068,1.152,113120124.09,127702143.7,1.08,direct,,ADA
2022-02-12,1.093,1.03,1.08,104607089.61,111318103.33,1.059,direct,,ADA
2022-02-13,1.077,1.033,1.059,72148998.4,76047314.34,1.043,direct,,ADA
2022-02-14,1.055,1.019,1.043,97776991.37,101383281.6,1.05,direct,,ADA
2022-02-15,1.115,1.049,1.05,107690453.13,116941025.1,1.109,direct,,ADA
2022-02-16,1.112,1.066,1.109,74066792.86,80614877.77,1.083,direct,,ADA
2022-02-17,1.094,1.01,1.083,91753017.01,96362844.26,1.021,direct,,ADA
2022-02-18,1.043,0.9851,1.021,120425860.25,121832844.95,0.9959,direct,,ADA
2022-02-19,1.019,0.9742,0.9959,89559638.69,89191607.82,0.997,direct,,ADA
2022-02-20,0.9981,0.9194,0.997,148011525.11,140037829.43,0.9319,direct,,ADA
2022-02-21,0.992,0.8526,0.9319,217145086.48,201565400.71,0.8578,direct,,ADA
2022-02-22,0.8961,0.8143,0.8578,257871513.27,221355097.0,0.8883,direct,,ADA
2022-02-23,0.9596,0.8635,0.8883,174261181.8,159107084.41,0.866,direct,,ADA
2022-02-24,0.8998,0.7477,0.866,382327005.08,308282191.99,0.8532,direct,,ADA
2022-02-25,0.9096,0.8246,0.8532,155623857.0,134870059.57,0.8996,direct,,ADA
2022-02-26,0.93,0.8819,0.8996,87564905.45,79256922.39,0.8872,direct,,ADA
2022-02-27,0.9147,0.8333,0.8872,106435786.9,92698917.83,0.8568,direct,,ADA
2022-02-28,0.9696,0.8428,0.8568,156975815.23,142666864.99,0.9643,direct,,ADA
2022-03-01,1.012,0.9414,0.9643,162275582.49,157493359.72,0.9631,direct,,ADA
2022-03-02,0.9768,0.9278,0.9631,111878508.26,106530267.08,0.939,direct,,ADA
2022-03-03,0.9455,0.8841,0.939,97841994.86,89270999.7,0.9023,direct,,ADA
2022-03-04,0.9027,0.8273,0.9023,103678039.19,89904193.26,0.8446,direct,,ADA
2022-03-05,0.8825,0.821,0.8446,75061734.45,64112584.36,0.8654,direct,,ADA
2022-03-06,0.8716,0.8202,0.8654,58238011.13,49086996.55,0.823,direct,,ADA
2022-03-07,0.8467,0.7781,0.823,116438225.52,94566452.97,0.7955,direct,,ADA
2022-03-08,0.8209,0.7879,0.7955,98364836.44,78959191.82,0.802,direct,,ADA
2022-03-09,0.863,0.7996,0.802,101517840.18,85246683.33,0.8489,direct,,ADA
2022-03-10,0.8533,0.7876,0.8489,89207321.29,72337044.78,0.8068,direct,,ADA
2022-03-11,0.8189,0.7829,0.8068,81028956.4,64496520.59,0.7884,direct,,ADA
2022-03-12,0.8016,0.7861,0.7884,39114246.37,31093280.94,0.7882,direct,,ADA
2022-03-13,0.8199,0.7811,0.7882,55349767.54,44259728.11,0.7905,direct,,ADA
2022-03-14,0.8128,0.7778,0.7905,68491606.27,54569659.97,0.8029,direct,,ADA
2022-03-15,0.817,0.7841,0.8029,72795781.88,58152697.68,0.799,direct,,ADA
2022-03-16,0.8396,0.7945,0.799,95397776.86,77813227.62,0.839,direct,,ADA
2022-03-17,0.8576,0.8286,0.839,68613511.26,57877494.58,0.8369,direct,,ADA
2022-03-18,0.8599,0.8221,0.8369,65310570.58,54930377.72,0.8522,direct,,ADA
2022-03-19,0.9154,0.8513,0.8522,82690511.24,73305730.57,0.9032,direct,,ADA
2022-03-20,0.9157,0.8645,0.9032,62654160.74,55571077.22,0.8775,direct,,ADA
2022-03-21,0.9294,0.8639,0.8775,91533866.02,82615511.28,0.9186,direct,,ADA
2022-03-22,0.9878,0.9083,0.9186,137194145.39,131159251.62,0.9758,direct,,ADA
2022-03-23,1.11,0.9582,0.9758,270738270.22,281599102.82,1.108,direct,,ADA
2022-03-24,1.189,1.081,1.108,254456932.61,290167029.56,1.131,direct,,ADA
2022-03-25,1.167,1.075,1.131,175447926.89,196295089.92,1.097,direct,,ADA
2022-03-26,1.159,1.08,1.097,101616931.52,114374811.55,1.153,direct,,ADA
2022-03-27,1.187,1.106,1.153,103131409.25,118317650.54,1.184,direct,,ADA
2022-03-28,1.246,1.161,1.184,199161591.03,239839329.3,1.17,direct,,ADA
2022-03-29,1.241,1.167,1.17,120372915.01,144693620.02,1.191,direct,,ADA
2022-03-30,1.218,1.164,1.191,95035773.49,113049614.33,1.189,direct,,ADA
2022-03-31,1.228,1.133,1.189,149495829.2,175860171.95,1.142,direct,,ADA
2022-04-01,1.175,1.104,1.142,114036890.38,130598612.72,1.165,direct,,ADA
2022-04-02,1.196,1.148,1.165,84531438.43,99252941.74,1.156,direct,,ADA
2022-04-03,1.2,1.144,1.156,59602533.05,69967091.61,1.186,direct,,ADA
2022-04-04,1.245,1.161,1.186,139759498.03,168050507.47,1.212,direct,,ADA
2022-04-05,1.219,1.164,1.212,66031353.84,78989350.62,1.171,direct,,ADA
2022-04-06,1.173,1.048,1.171,152469681.31,169172703.82,1.053,direct,,ADA
2022-04-07,1.112,1.04,1.053,94601678.09,101617178.02,1.09,direct,,ADA
2022-04-08,1.099,1.019,1.09,77347749.56,82403791.07,1.025,direct,,ADA
2022-04-09,1.047,1.022,1.025,40932285.94,42323367.4,1.045,direct,,ADA
2022-04-10,1.07,1.024,1.045,39562763.24,41392081.49,1.027,direct,,ADA
2022-04-11,1.033,0.9173,1.027,142782679.78,138299382.25,0.9197,direct,,ADA
2022-04-12,0.9827,0.9161,0.9197,88643894.06,84294012.9,0.9542,direct,,ADA
2022-04-13,0.98,0.9351,0.9542,65926623.38,63239879.61,0.9747,direct,,ADA
2022-04-14,0.9853,0.923,0.9747,67702929.44,64406101.68,0.9323,direct,,ADA
2022-04-15,0.9586,0.9299,0.9323,53175540.09,50460490.52,0.956,direct,,ADA
2022-04-16,0.9625,0.9376,0.956,29829141.39,28371490.85,0.9516,direct,,ADA
2022-04-17,0.9622,0.9125,0.9516,33113039.24,31158449.33,0.9151,direct,,ADA
2022-04-18,0.938,0.875,0.9151,77148906.73,69900423.69,0.9367,direct,,ADA
2022-04-19,0.9568,0.9273,0.9367,49167140.95,46253179.11,0.9526,direct,,ADA
2022-04-20,0.9753,0.931,0.9526,54273205.4,51546773.04,0.9366,direct,,ADA
2022-04-21,0.9705,0.8927,0.9366,62220400.37,58445192.7,0.9102,direct,,ADA
2022-04-22,0.9245,0.8911,0.9102,45581667.63,41432491.22,0.9064,direct,,ADA
2022-04-23,0.9125,0.8825,0.9064,30172340.73,27078953.11,0.8873,direct,,ADA
2022-04-24,0.8987,0.8778,0.8873,29294766.91,26031026.56,0.886,direct,,ADA
2022-04-25,0.9028,0.8271,0.886,117381941.99,101215795.77,0.8977,direct,,ADA
2022-04-26,0.9028,0.817,0.8977,105367310.77,89751044.07,0.8262,direct,,ADA
2022-04-27,0.8559,0.8196,0.8262,74818176.12,62692260.13,0.8405,direct,,ADA
2022-04-28,0.8532,0.826,0.8405,68777071.67,57996577.35,0.8435,direct,,ADA
2022-04-29,0.8492,0.7899,0.8435,86765287.53,70838647.47,0.8048,direct,,ADA
2022-04-30,0.8178,0.7369,0.8048,86322072.04,67511721.77,0.7561,direct,,ADA
2022-05-01,0.8001,0.7456,0.7561,92155711.71,71365280.32,0.7901,direct,,ADA
2022-05-02,0.7968,0.7641,0.7901,67558008.6,52750235.6,0.7807,direct,,ADA
2022-05-03,0.7993,0.7603,0.7807,52982959.61,41397806.15,0.7709,direct,,ADA
2022-05-04,0.8988,0.7677,0.7709,118720668.25,99190031.72,0.8983,direct,,ADA
2022-05-05,0.9047,0.7728,0.8983,173819978.62,145015543.26,0.7886,direct,,ADA
2022-05-06,0.7989,0.7634,0.7886,94967154.01,74401006.85,0.7832,direct,,ADA
2022-05-07,0.7857,0.7472,0.7832,53644704.28,41361853.89,0.7599,direct,,ADA
2022-05-08,0.7657,0.726,0.7599,86092535.56,63993950.01,0.7403,direct,,ADA
2022-05-09,0.7537,0.5991,0.7403,344299025.93,227014585.28,0.6012,direct,,ADA
2022-05-10,0.701,0.5841,0.6012,312091719.09,202696010.67,0.6282,direct,,ADA
2022-05-11,0.6617,0.4706,0.6282,479736890.12,274945883.55,0.5164,direct,,ADA
2022-05-12,0.5487,0.3919,0.5164,481761579.3,224193066.61,0.472,direct,,ADA
2022-05-13,0.6061,0.4681,0.472,309999574.68,171898654.41,0.5283,direct,,ADA
2022-05-14,0.556,0.4882,0.5283,138667600.93,72187640.54,0.537,direct,,ADA
2022-05-15,0.5992,0.5142,0.537,130234423.73,72535803.31,0.5979,direct,,ADA
2022-05-16,0.6132,0.5437,0.5979,159224193.6,90780343.38,0.5555,direct,,ADA
2022-05-17,0.5986,0.5506,0.5555,111433522.83,64031297.9,0.577,direct,,ADA
2022-05-18,0.5857,0.5022,0.577,121598147.45,65252321.84,0.5048,direct,,ADA
2022-05-19,0.5459,0.4913,0.5048,108571118.07,56605633.64,0.5327,direct,,ADA
2022-05-20,0.5441,0.501,0.5327,116824181.04,60790945.11,0.5157,direct,,ADA
2022-05-21,0.5378,0.5082,0.5157,47756989.36,25110267.67,0.5279,direct,,ADA
2022-05-22,0.5478,0.5213,0.5279,52838709.78,28374662.87,0.5412,direct,,ADA
2022-05-23,0.5587,0.5038,0.5412,95371917.23,51272293.28,0.5124,direct,,ADA
2022-05-24,0.5245,0.4923,0.5124,94132589.47,48146344.38,0.5213,direct,,ADA
2022-05-25,0.5319,0.5065,0.5213,69567359.67,35879918.74,0.5139,direct,,ADA
2022-05-26,0.5203,0.4616,0.5139,128997439.62,62983793.29,0.4787,direct,,ADA
2022-05-27,0.4832,0.445,0.4787,167194737.6,77077082.49,0.4559,direct,,ADA
2022-05-28,0.4692,0.4461,0.4559,68632625.9,31473050.19,0.4641,direct,,ADA
2022-05-29,0.4823,0.456,0.4641,65358592.22,30726740.58,0.4816,direct,,ADA
2022-05-30,0.5774,0.4767,0.4816,175322424.07,93359549.29,0.5697,direct,,ADA
2022-05-31,0.6878,0.5679,0.5697,394803876.92,248273304.97,0.6266,direct,,ADA
2022-06-01,0.6306,0.5364,0.6266,242813588.99,140622481.67,0.5515,direct,,ADA
2022-06-02,0.5976,0.5486,0.5515,221513921.45,126823896.19,0.5872,direct,,ADA
2022-06-03,0.6048,0.5383,0.5872,177029342.55,100173113.31,0.5594,direct,,ADA
2022-06-04,0.5712,0.5443,0.5594,95259497.88,53222233.64,0.566,direct,,ADA
2022-06-05,0.5801,0.5533,0.566,76916032.35,43575813.74,0.5669,direct,,ADA
2022-06-06,0.6452,0.5648,0.5669,283310314.95,173512541.93,0.6085,direct,,ADA
2022-06-07,0.6446,0.571,0.6085,244780162.24,148084644.81,0.6135,direct,,ADA
2022-06-08,0.6688,0.6084,0.6135,264556521.8,170540788.06,0.6404,direct,,ADA
2022-06-09,0.6571,0.6252,0.6404,152238147.14,97386466.98,0.6319,direct,,ADA
2022-06-10,0.6355,0.5708,0.6319,201640928.45,119719438.86,0.5737,direct,,ADA
2022-06-11,0.6162,0.5427,0.5737,170210354.73,97710946.97,0.5529,direct,,ADA
2022-06-12,0.5604,0.4889,0.5529,253895649.81,132019566.84,0.49,direct,,ADA
2022-06-13,0.4978,0.4358,0.49,539916344.76,250255545.2,0.4637,direct,,ADA
2022-06-14,0.5191,0.4358,0.4637,400378521.77,192445656.18,0.482,direct,,ADA
2022-06-15,0.5385,0.4479,0.482,414056718.98,200561727.83,0.5341,direct,,ADA
2022-06-16,0.5463,0.4668,0.5341,193799809.77,96931223.2,0.4754,direct,,ADA
2022-06-17,0.503,0.4709,0.4754,157578276.21,76922216.5,0.4867,direct,,ADA
2022-06-18,0.4946,0.4203,0.4867,217650218.53,98852524.95,0.4546,direct,,ADA
2022-06-19,0.4893,0.4353,0.4546,193475321.12,89336151.77,0.484,direct,,ADA
2022-06-20,0.5086,0.4608,0.484,159499860.66,77613689.35,0.4913,direct,,ADA
2022-06-21,0.5103,0.4744,0.4913,178955813.52,88734923.91,0.4807,direct,,ADA
2022-06-22,0.4808,0.4559,0.4807,118436752.15,55428876.46,0.4585,direct,,ADA
2022-06-23,0.4828,0.4561,0.4585,117482077.41,55380390.51,0.4797,direct,,ADA
2022-06-24,0.5092,0.4758,0.4797,131079817.77,65035190.04,0.4979,direct,,ADA
2022-06-25,0.5072,0.4783,0.4979,96140787.97,47420846.38,0.4981,direct,,ADA
2022-06-26,0.5254,0.4885,0.4981,120944600.48,61331844.8,0.4898,direct,,ADA
2022-06-27,0.5085,0.4763,0.4898,98643946.83,48508128.83,0.4852,direct,,ADA
2022-06-28,0.4971,0.4666,0.4852,138070178.43,66753057.54,0.469,direct,,ADA
2022-06-29,0.4767,0.4584,0.469,125571801.05,58651727.23,0.4655,direct,,ADA
2022-06-30,0.4671,0.4345,0.4655,157736516.67,70399145.8,0.4599,direct,,ADA
2022-07-01,0.4738,0.4423,0.4599,134723461.48,60966998.0,0.448,direct,,ADA
2022-07-02,0.4607,0.4405,0.448,57332683.28,25814101.12,0.4552,direct,,ADA
2022-07-03,0.4593,0.4432,0.4552,48100631.18,21711131.86,0.4555,direct,,ADA
2022-07-04,0.4753,0.4443,0.4555,137533540.91,62833532.09,0.4691,direct,,ADA
2022-07-05,0.4712,0.4443,0.4691,106484213.65,48653549.26,0.4568,direct,,ADA
2022-07-06,0.4646,0.4467,0.4568,85995114.25,39315961.58,0.4619,direct,,ADA
2022-07-07,0.4823,0.4605,0.4619,96409180.63,45347927.74,0.4774,direct,,ADA
2022-07-08,0.4923,0.4601,0.4774,107593087.63,50973589.89,0.4658,direct,,ADA
2022-07-09,0.4845,0.4649,0.4658,70478575.65,33699265.7,0.4777,direct,,ADA
2022-07-10,0.4796,0.4554,0.4777,78657751.53,36509450.83,0.462,direct,,ADA
2022-07-11,0.4626,0.4314,0.462,168007548.34,75251474.01,0.4342,direct,,ADA
2022-07-12,0.4419,0.4151,0.4342,100176800.11,43110055.79,0.4165,direct,,ADA
2022-07-13,0.44,0.4026,0.4165,199252553.08,83808603.41,0.4382,direct,,ADA
2022-07-14,0.4459,0.4167,0.4382,149121496.44,64307078.71,0.441,direct,,ADA
2022-07-15,0.4539,0.4326,0.441,140561524.75,62092701.69,0.4419,direct,,ADA
2022-07-16,0.459,0.4317,0.4419,95186376.41,42491050.05,0.458,direct,,ADA
2022-07-17,0.4657,0.442,0.458,107022476.63,48491127.64,0.4476,direct,,ADA
2022-07-18,0.4993,0.4457,0.4476,305504301.13,146728354.02,0.4909,direct,,ADA
2022-07-19,0.5265,0.4736,0.4909,249892203.83,124986174.49,0.5152,direct,,ADA
2022-07-20,0.5487,0.4867,0.5152,252588219.08,131227319.79,0.491,direct,,ADA
2022-07-21,0.5026,0.4755,0.491,158023876.03,77165356.25,0.4996,direct,,ADA
2022-07-22,0.5114,0.4775,0.4996,106976890.7,53114341.39,0.483,direct,,ADA
2022-07-23,0.5187,0.4733,0.483,112572862.33,55387219.76,0.517,direct,,ADA
2022-07-24,0.5365,0.5094,0.517,106114012.12,55286018.68,0.5121,direct,,ADA
2022-07-25,0.5155,0.4742,0.5121,111496030.85,54821606.92,0.4746,direct,,ADA
2022-07-26,0.4773,0.4509,0.4746,138656143.69,64110839.73,0.4682,direct,,ADA
2022-07-27,0.5121,0.4589,0.4682,167876176.31,81461279.47,0.5112,direct,,ADA
2022-07-28,0.5241,0.4887,0.5112,174592780.37,88838651.41,0.5131,direct,,ADA
2022-07-29,0.5454,0.5067,0.5131,214108713.55,112667758.63,0.5221,direct,,ADA
2022-07-30,0.5556,0.5091,0.5221,160729989.39,85561279.09,0.5262,direct,,ADA
2022-07-31,0.5443,0.5135,0.5262,103636791.53,54867820.37,0.5166,direct,,ADA
2022-08-01,0.5266,0.501,0.5166,95931515.19,49185635.28,0.5127,direct,,ADA
2022-08-02,0.5157,0.489,0.5127,98179964.5,49011183.99,0.4963,direct,,ADA
2022-08-03,0.517,0.4894,0.4963,76052384.95,38492893.43,0.5008,direct,,ADA
2022-08-04,0.5111,0.4939,0.5008,62102176.04,31138125.47,0.4997,direct,,ADA
2022-08-05,0.5193,0.4993,0.4997,68598019.09,35012137.01,0.5176,direct,,ADA
2022-08-06,0.5234,0.5103,0.5176,53392665.45,27610227.3,0.5113,direct,,ADA
2022-08-07,0.538,0.506,0.5113,70464226.08,36776257.58,0.5276,direct,,ADA
2022-08-08,0.5495,0.523,0.5276,104039658.2,55902794.6,0.5371,direct,,ADA
2022-08-09,0.5375,0.5055,0.5371,88115352.36,45824909.36,0.5131,direct,,ADA
2022-08-10,0.5388,0.5023,0.5131,131805641.87,69050704.82,0.5376,direct,,ADA
2022-08-11,0.5478,0.5288,0.5376,105019599.55,56648501.67,0.5306,direct,,ADA
2022-08-12,0.5423,0.5209,0.5306,59385875.95,31592672.38,0.5407,direct,,ADA
2022-08-13,0.5682,0.5382,0.5407,118224188.81,65737154.3,0.5597,direct,,ADA
2022-08-14,0.5948,0.5572,0.5597,140791356.7,81587056.53,0.57,direct,,ADA
2022-08-15,0.5819,0.5431,0.57,119755304.21,67155835.83,0.5501,direct,,ADA
2022-08-16,0.57,0.5476,0.5501,85675504.37,47958101.27,0.5571,direct,,ADA
2022-08-17,0.5825,0.5289,0.5571,174462769.05,96274603.38,0.5384,direct,,ADA
2022-08-18,0.544,0.5082,0.5384,88342531.16,46830998.44,0.512,direct,,ADA
2022-08-19,0.5122,0.4463,0.512,282055189.79,133276704.01,0.4503,direct,,ADA
2022-08-20,0.4632,0.435,0.4503,142108909.78,64346952.3,0.4512,direct,,ADA
2022-08-21,0.4727,0.4469,0.4512,109625816.76,50427350.2,0.4626,direct,,ADA
2022-08-22,0.4629,0.4374,0.4626,126406969.02,57037366.14,0.4615,direct,,ADA
2022-08-23,0.4699,0.4458,0.4615,74469308.52,34228985.14,0.4653,direct,,ADA
2022-08-24,0.4689,0.4535,0.4653,72216791.13,33251372.91,0.4576,direct,,ADA
2022-08-25,0.474,0.4573,0.4576,86357158.73,40170702.21,0.4643,direct,,ADA
2022-08-26,0.4822,0.4257,0.4643,208256533.24,95346921.37,0.4317,direct,,ADA
2022-08-27,0.4514,0.4262,0.4317,122544638.81,53875011.99,0.4499,direct,,ADA
2022-08-28,0.4545,0.4274,0.4499,84147019.2,37246401.81,0.4291,direct,,ADA
2022-08-29,0.4529,0.4241,0.4291,90563925.67,39703013.79,0.4505,direct,,ADA
2022-08-30,0.463,0.4386,0.4505,102420959.94,46113578.01,0.4529,direct,,ADA
2022-08-31,0.4632,0.4439,0.4529,86733378.11,39511542.43,0.446,direct,,ADA
2022-09-01,0.4621,0.441,0.446,76210420.83,34303279.49,0.4575,direct,,ADA
2022-09-02,0.4665,0.449,0.4575,73849539.31,33798269.19,0.4544,direct,,ADA
2022-09-03,0.4859,0.4535,0.4544,111656210.18,52940913.67,0.4803,direct,,ADA
2022-09-04,0.5094,0.4758,0.4803,110515309.29,54842220.23,0.5035,direct,,ADA
2022-09-05,0.5073,0.4825,0.5035,63535274.84,31312034.37,0.4987,direct,,ADA
2022-09-06,0.5118,0.4603,0.4987,149478419.65,72531256.44,0.4625,direct,,ADA
2022-09-07,0.482,0.454,0.4625,102091099.74,47630241.92,0.4787,direct,,ADA
2022-09-08,0.4832,0.4626,0.4787,72193819.36,34188454.66,0.4791,direct,,ADA
2022-09-09,0.5047,0.4784,0.4791,105242988.41,51935296.63,0.5024,direct,,ADA
2022-09-10,0.5242,0.4948,0.5024,131183675.32,67403016.7,0.5123,direct,,ADA
2022-09-11,0.5202,0.5002,0.5123,91414694.47,46827715.04,0.5101,direct,,ADA
2022-09-12,0.5202,0.496,0.5101,119342217.8,60710423.09,0.5015,direct,,ADA
2022-09-13,0.5091,0.4615,0.5015,138876614.62,66764879.55,0.4636,direct,,ADA
2022-09-14,0.4871,0.4622,0.4636,85177667.72,40504163.48,0.4811,direct,,ADA
2022-09-15,0.482,0.4621,0.4811,80646315.27,37979632.01,0.4661,direct,,ADA
2022-09-16,0.4747,0.4543,0.4661,55665932.22,25771124.17,0.4747,direct,,ADA
2022-09-17,0.4883,0.4725,0.4747,41765664.74,20050171.78,0.4862,direct,,ADA
2022-09-18,0.4901,0.4422,0.4862,80589360.45,37574067.57,0.4477,direct,,ADA
2022-09-19,0.4569,0.433,0.4477,92516904.45,40992702.29,0.4526,direct,,ADA
2022-09-20,0.4544,0.4376,0.4526,69441988.69,30822850.52,0.4422,direct,,ADA
2022-09-21,0.4638,0.4293,0.4422,179781308.67,80470361.23,0.439,direct,,ADA
2022-09-22,0.4665,0.4346,0.439,94519698.62,42710278.08,0.458,direct,,ADA
2022-09-23,0.4822,0.4461,0.458,119313420.24,54832440.75,0.4618,direct,,ADA
2022-09-24,0.4684,0.4503,0.4618,60943095.74,28066243.02,0.4511,direct,,ADA
2022-09-25,0.4626,0.4386,0.4511,60858736.02,27488392.69,0.4464,direct,,ADA
2022-09-26,0.4508,0.4368,0.4464,80127471.14,35608219.45,0.4471,direct,,ADA
2022-09-27,0.4631,0.4374,0.4471,91097532.77,41083156.8,0.4413,direct,,ADA
2022-09-28,0.443,0.4253,0.4413,84788763.23,36790782.48,0.4362,direct,,ADA
2022-09-29,0.4391,0.4278,0.4362,66044811.92,28643774.37,0.4381,direct,,ADA
2022-09-30,0.4413,0.4294,0.4381,72169121.58,31375491.32,0.4348,direct,,ADA
2022-10-01,0.4364,0.4278,0.4348,33636423.29,14525071.51,0.4301,direct,,ADA
2022-10-02,0.4327,0.418,0.4301,49772309.91,21154098.28,0.4195,direct,,ADA
2022-10-03,0.429,0.4162,0.4195,62542702.71,26533992.13,0.4276,direct,,ADA
2022-10-04,0.4378,0.4254,0.4276,66537926.19,28754310.44,0.4356,direct,,ADA
2022-10-05,0.4367,0.4236,0.4356,65681790.95,28256346.27,0.431,direct,,ADA
2022-10-06,0.4371,0.4258,0.431,65176126.87,28113226.45,0.4288,direct,,ADA
2022-10-07,0.4305,0.4217,0.4288,57359486.21,24396398.5,0.4241,direct,,ADA
2022-10-08,0.427,0.4194,0.4241,33163263.99,14065417.12,0.4221,direct,,ADA
2022-10-09,0.4242,0.4192,0.4221,32271570.22,13624327.99,0.423,direct,,ADA
2022-10-10,0.4268,0.3996,0.423,85707687.64,35415309.3,0.4011,direct,,ADA
2022-10-11,0.4014,0.384,0.4011,126490884.34,49939647.08,0.3906,direct,,ADA
2022-10-12,0.3955,0.3761,0.3906,73758221.61,28628938.02,0.3813,direct,,ADA
2022-10-13,0.3823,0.3501,0.3813,234044548.55,86144568.06,0.377,direct,,ADA
2022-10-14,0.3889,0.3608,0.377,102382383.19,38574742.66,0.3668,direct,,ADA
2022-10-15,0.37,0.3613,0.3668,62779745.52,22982821.31,0.3642,direct,,ADA
2022-10-16,0.3749,0.3638,0.3642,45827874.67,16849069.39,0.3704,direct,,ADA
2022-10-17,0.3759,0.3661,0.3704,47734613.59,17696124.72,0.3726,direct,,ADA
2022-10-18,0.3743,0.3572,0.3726,67510900.26,24692352.28,0.3623,direct,,ADA
2022-10-19,0.3624,0.3474,0.3623,72441528.41,25772851.55,0.3497,direct,,ADA
2022-10-20,0.3558,0.3365,0.3497,124438396.16,43092561.35,0.34,direct,,ADA
2022-10-21,0.3499,0.3301,0.34,93190915.41,31651975.58,0.3492,direct,,ADA
2022-10-22,0.3545,0.3431,0.3492,56053350.64,19604549.31,0.3514,direct,,ADA
2022-10-23,0.3637,0.3461,0.3514,69905199.32,24708776.31,0.3622,direct,,ADA
2022-10-24,0.3651,0.3534,0.3622,67676838.55,24321112.09,0.3573,direct,,ADA
2022-10-25,0.4245,0.357,0.3573,266598093.22,105202471.06,0.4,direct,,ADA
2022-10-26,0.412,0.3948,0.4,118465878.44,47770502.33,0.4031,direct,,ADA
2022-10-27,0.4186,0.3864,0.4031,137595348.43,55411786.78,0.3883,direct,,ADA
2022-10-28,0.4114,0.3782,0.3883,127490692.69,50104067.25,0.4045,direct,,ADA
2022-10-29,0.4399,0.4012,0.4045,152438534.46,63606135.43,0.4205,direct,,ADA
2022-10-30,0.4216,0.3984,0.4205,105363619.78,43256516.9,0.4058,direct,,ADA
2022-10-31,0.4163,0.3977,0.4058,117210690.81,47525636.73,0.4056,direct,,ADA
2022-11-01,0.415,0.3985,0.4056,86193910.45,35006368.07,0.4012,direct,,ADA
2022-11-02,0.4098,0.3801,0.4012,171511669.32,67727478.51,0.3857,direct,,ADA
2022-11-03,0.399,0.3843,0.3857,87354301.48,34366580.85,0.3894,direct,,ADA
2022-11-04,0.4263,0.3881,0.3894,207580984.02,85203690.74,0.4216,direct,,ADA
2022-11-05,0.4376,0.4202,0.4216,125956181.2,53916199.35,0.4265,direct,,ADA
2022-11-06,0.431,0.4017,0.4265,97159175.84,40806461.37,0.4021,direct,,ADA
2022-11-07,0.4162,0.3977,0.4021,115486028.14,46980464.64,0.4041,direct,,ADA
2022-11-08,0.4152,0.3474,0.4041,336526362.74,128826995.12,0.3723,direct,,ADA
2022-11-09,0.3762,0.3101,0.3723,352203269.52,122662271.81,0.3171,direct,,ADA
2022-11-10,0.3772,0.3117,0.3171,309288510.85,109439432.15,0.3678,direct,,ADA
2022-11-11,0.3731,0.3416,0.3678,140853455.69,49980916.78,0.3545,direct,,ADA
2022-11-12,0.3558,0.3356,0.3545,97200511.44,33372811.7,0.3392,direct,,ADA
2022-11-13,0.345,0.325,0.3392,107922936.43,36042010.78,0.3294,direct,,ADA
2022-11-14,0.3413,0.3139,0.3294,131329583.56,42877013.96,0.3317,direct,,ADA
2022-11-15,0.3443,0.3288,0.3317,101649093.87,34250717.57,0.3369,direct,,ADA
2022-11-16,0.344,0.3236,0.3369,85508115.6,28499714.4,0.3317,direct,,ADA
2022-11-17,0.3341,0.3184,0.3317,75727718.32,24654764.49,0.3248,direct,,ADA
2022-11-18,0.3322,0.3204,0.3248,63614409.01,20805291.21,0.3256,direct,,ADA
2022-11-19,0.332,0.3213,0.3256,42611295.46,13880793.97,0.3278,direct,,ADA
2022-11-20,0.3309,0.3095,0.3278,67890094.95,21657504.44,0.3118,direct,,ADA
2022-11-21,0.313,0.2953,0.3118,133058790.28,40500654.15,0.3043,direct,,ADA
2022-11-22,0.3164,0.2979,0.3043,97895583.07,30096304.73,0.3122,direct,,ADA
2022-11-23,0.3199,0.3089,0.3122,71082745.81,22390611.64,0.3182,direct,,ADA
2022-11-24,0.3209,0.3113,0.3182,49829903.42,15749048.1,0.316,direct,,ADA
2022-11-25,0.317,0.3074,0.316,46280517.24,14481505.28,0.3145,direct,,ADA
2022-11-26,0.3225,0.3109,0.3145,43583255.9,13834713.64,0.3134,direct,,ADA
2022-11-27,0.3194,0.3116,0.3134,37032509.29,11704312.74,0.3123,direct,,ADA
2022-11-28,0.3138,0.3,0.3123,72527223.65,22155882.21,0.3064,direct,,ADA
2022-11-29,0.3125,0.3042,0.3064,58570036.67,18063120.01,0.309,direct,,ADA
2022-11-30,0.3209,0.3084,0.309,109741457.73,34575019.44,0.3189,direct,,ADA
2022-12-01,0.3199,0.3126,0.3189,56911712.78,17979994.67,0.3144,direct,,ADA
2022-12-02,0.32,0.3107,0.3144,47849398.19,15107166.33,0.3192,direct,,ADA
2022-12-03,0.3263,0.3164,0.3192,54530528.19,17531529.5,0.3197,direct,,ADA
2022-12-04,0.3241,0.3183,0.3197,41992743.38,13508176.13,0.3225,direct,,ADA
2022-12-05,0.329,0.3164,0.3225,53122909.71,17164270.81,0.3195,direct,,ADA
2022-12-06,0.321,0.3139,0.3195,39034127.83,12375617.97,0.3182,direct,,ADA
2022-12-07,0.3198,0.3071,0.3182,63084237.46,19626982.58,0.3103,direct,,ADA
2022-12-08,0.3158,0.3073,0.3103,50425467.38,15686733.72,0.3144,direct,,ADA
2022-12-09,0.3166,0.3084,0.3144,65252818.86,20336548.93,0.3118,direct,,ADA
2022-12-10,0.3148,0.3108,0.3118,23229904.22,7258106.16,0.3126,direct,,ADA
2022-12-11,0.315,0.3055,0.3126,35173440.82,10942300.52,0.3075,direct,,ADA
2022-12-12,0.308,0.3008,0.3075,56475397.84,17209533.85,0.307,direct,,ADA
2022-12-13,0.3188,0.2995,0.307,99183229.6,30644327.6,0.314,direct,,ADA
2022-12-14,0.3155,0.3057,0.314,89927363.73,27918781.18,0.308,direct,,ADA
2022-12-15,0.3086,0.297,0.308,63713622.64,19229750.13,0.3003,direct,,ADA
2022-12-16,0.3013,0.2597,0.3003,147957226.65,41676487.42,0.2634,direct,,ADA
2022-12-17,0.2679,0.259,0.2634,130308829.22,34366466.57,0.2675,direct,,ADA
2022-12-18,0.2718,0.263,0.2675,71302363.29,19042291.83,0.2661,direct,,ADA
2022-12-19,0.2695,0.2498,0.2661,97454168.86,25220709.08,0.2529,direct,,ADA
2022-12-20,0.2621,0.2514,0.2529,70212802.38,18078909.47,0.2588,direct,,ADA
2022-12-21,0.2592,0.248,0.2588,89112140.12,22520452.15,0.2534,direct,,ADA
2022-12-22,0.2569,0.2469,0.2534,68913513.04,17388794.0,0.2566,direct,,ADA
2022-12-23,0.264,0.2555,0.2566,80488081.98,20854256.58,0.2595,direct,,ADA
2022-12-24,0.2604,0.2567,0.2595,37389211.42,9668282.63,0.2592,direct,,ADA
2022-12-25,0.2599,0.2547,0.2592,48602326.42,12524115.38,0.2592,direct,,ADA
2022-12-26,0.2656,0.2576,0.2592,68969479.02,18034625.14,0.2652,direct,,ADA
2022-12-27,0.2664,0.2563,0.2652,63012328.93,16474715.32,0.2603,direct,,ADA
2022-12-28,0.2609,0.2468,0.2603,105561644.63,26627198.97,0.2483,direct,,ADA
2022-12-29,0.2483,0.2404,0.2483,111290283.81,27199986.4,0.244,direct,,ADA
2022-12-30,0.246,0.2393,0.244,101459206.87,24660835.55,0.2455,direct,,ADA
2022-12-31,0.2519,0.244,0.2455,87849437.22,21727568.23,0.2456,direct,,ADA
2023-01-01,0.2499,0.2436,0.2456,73997929.45,18188932.82,0.2499,direct,,ADA
2023-01-02,0.2562,0.2465,0.2499,71036708.31,17965066.16,0.2537,direct,,ADA
2023-01-03,0.2553,0.2502,0.2537,58864446.33,14883175.67,0.2527,direct,,ADA
2023-01-04,0.2703,0.2519,0.2527,118940055.88,31425751.5,0.268,direct,,ADA
2023-01-05,0.2711,0.2633,0.268,53078439.09,14169819.22,0.2692,direct,,ADA
2023-01-06,0.2798,0.2672,0.2692,118071111.53,32207501.42,0.2786,direct,,ADA
2023-01-07,0.2805,0.2724,0.2786,53695960.15,14825958.49,0.2768,direct,,ADA
2023-01-08,0.2984,0.2746,0.2768,136022594.55,39003610.5,0.2973,direct,,ADA
2023-01-09,0.3453,0.2959,0.2973,298375424.7,95818898.5,0.3167,direct,,ADA
2023-01-10,0.325,0.3068,0.3167,150534034.42,47798744.15,0.3223,direct,,ADA
2023-01-11,0.3234,0.3076,0.3223,104844129.13,33060738.94,0.3231,direct,,ADA
2023-01-12,0.3346,0.3163,0.3231,162317904.85,52975610.58,0.3295,direct,,ADA
2023-01-13,0.3507,0.3237,0.3295,117128324.96,39171277.22,0.3458,direct,,ADA
2023-01-14,0.3698,0.3346,0.3458,195396021.14,69054967.16,0.3526,direct,,ADA
2023-01-15,0.354,0.3388,0.3526,89078144.57,30911746.67,0.3507,direct,,ADA
2023-01-16,0.3639,0.3384,0.3507,108831093.74,38301290.84,0.3504,direct,,ADA
2023-01-17,0.3574,0.3433,0.3504,67447752.15,23656415.69,0.3455,direct,,ADA
2023-01-18,0.3554,0.3244,0.3455,139180231.63,47245773.56,0.3266,direct,,ADA
2023-01-19,0.3432,0.3259,0.3266,59732734.31,19948604.1,0.3381,direct,,ADA
2023-01-20,0.3656,0.3337,0.3381,101955267.65,35603181.18,0.3652,direct,,ADA
2023-01-21,0.3807,0.3576,0.3652,140108861.51,51642731.41,0.3687,direct,,ADA
2023-01-22,0.3869,0.3633,0.3687,122713044.67,46358151.81,0.3765,direct,,ADA
2023-01-23,0.3836,0.3688,0.3765,98463180.74,36993605.85,0.375,direct,,ADA
2023-01-24,0.3829,0.3554,0.375,78856117.71,29439993.07,0.3589,direct,,ADA
2023-01-25,0.3797,0.3475,0.3589,91627636.3,32924974.46,0.3733,direct,,ADA
2023-01-26,0.3888,0.3713,0.3733,108048954.29,40985150.49,0.3798,direct,,ADA
2023-01-27,0.3909,0.368,0.3798,81843243.93,31107191.65,0.3899,direct,,ADA
2023-01-28,0.3982,0.3778,0.3899,89696189.69,34788660.98,0.382,direct,,ADA
2023-01-29,0.3991,0.377,0.382,79181109.57,30928426.74,0.3975,direct,,ADA
2023-01-30,0.3982,0.366,0.3975,101647327.76,38725680.56,0.3727,direct,,ADA
2023-01-31,0.3999,0.3685,0.3727,95754277.95,36745057.59,0.3902,direct,,ADA
2023-02-01,0.4017,0.3715,0.3902,107159073.67,41318188.7,0.3968,direct,,ADA
2023-02-02,0.4137,0.3927,0.3968,128226624.3,51783663.78,0.3981,direct,,ADA
2023-02-03,0.4072,0.3946,0.3981,81180629.71,32611323.16,0.4037,direct,,ADA
2023-02-04,0.4055,0.3976,0.4037,46780119.29,18807004.43,0.3993,direct,,ADA
2023-02-05,0.402,0.3822,0.3993,70761292.68,27746792.54,0.3925,direct,,ADA
2023-02-06,0.4035,0.3796,0.3925,75038223.2,29374641.38,0.3822,direct,,ADA
2023-02-07,0.3998,0.3815,0.3822,71686103.03,27912554.83,0.3992,direct,,ADA
2023-02-08,0.4038,0.3856,0.3992,67849381.27,26895224.13,0.3944,direct,,ADA
2023-02-09,0.3957,0.3544,0.3944,126196556.18,47500686.35,0.3622,direct,,ADA
2023-02-10,0.3656,0.354,0.3622,92292335.22,33289200.43,0.3584,direct,,ADA
2023-02-11,0.3703,0.357,0.3584,58047639.77,20990580.87,0.3686,direct,,ADA
2023-02-12,0.3738,0.3597,0.3686,57149998.94,21051793.31,0.3641,direct,,ADA
2023-02-13,0.3657,0.3454,0.3641,93390219.66,33114474.1,0.3596,direct,,ADA
2023-02-14,0.3934,0.3548,0.3596,127118789.85,47685803.49,0.3868,direct,,ADA
2023-02-15,0.4205,0.3821,0.3868,121291112.09,48264363.45,0.4198,direct,,ADA
2023-02-16,0.4218,0.3864,0.4198,119064768.45,48226285.33,0.3872,direct,,ADA
2023-02-17,0.4098,0.3858,0.3872,73520966.42,29345685.1,0.4037,direct,,ADA
2023-02-18,0.4181,0.3979,0.4037,50804750.03,20607652.77,0.4061,direct,,ADA
2023-02-19,0.4125,0.3973,0.4061,68693547.91,27806564.9,0.3998,direct,,ADA
2023-02-20,0.4096,0.3895,0.3998,72585364.54,29307971.73,0.4036,direct,,ADA
2023-02-21,0.4059,0.3855,0.4036,82964895.8,32820586.17,0.3925,direct,,ADA
2023-02-22,0.3929,0.377,0.3925,98357348.52,37770434.32,0.3889,direct,,ADA
2023-02-23,0.3949,0.3796,0.3889,59272039.63,22934069.44,0.3823,direct,,ADA
2023-02-24,0.3854,0.3586,0.3823,91324857.07,33993565.49,0.3657,direct,,ADA
2023-02-25,0.3676,0.3519,0.3657,62732191.25,22621021.24,0.362,direct,,ADA
2023-02-26,0.3702,0.3578,0.362,48978778.0,17794746.39,0.3691,direct,,ADA
2023-02-27,0.3702,0.3577,0.3691,50368141.45,18337839.32,0.3646,direct,,ADA
2023-02-28,0.368,0.3488,0.3646,47431320.43,17005686.23,0.3518,direct,,ADA
2023-03-01,0.3643,0.3494,0.3518,65222845.1,23437234.1,0.3602,direct,,ADA
2023-03-02,0.3613,0.3446,0.3602,63416325.12,22274300.54,0.3505,direct,,ADA
2023-03-03,0.3508,0.3227,0.3505,115499874.08,38740590.05,0.3431,direct,,ADA
2023-03-04,0.3447,0.3308,0.3431,24988526.08,8458531.9,0.3367,direct,,ADA
2023-03-05,0.3429,0.3348,0.3367,32434367.09,10975490.36,0.3369,direct,,ADA
2023-03-06,0.3386,0.3294,0.3369,61102592.61,20344699.76,0.3306,direct,,ADA
2023-03-07,0.3348,0.3211,0.3306,73359342.04,24121221.46,0.3305,direct,,ADA
2023-03-08,0.3326,0.3138,0.3305,78313623.4,25276198.18,0.3175,direct,,ADA
2023-03-09,0.322,0.3031,0.3175,131598612.63,41018233.95,0.3104,direct,,ADA
2023-03-10,0.3188,0.2978,0.3104,150803442.31,46443287.23,0.3159,direct,,ADA
2023-03-11,0.3266,0.3034,0.3159,115348620.0,36158674.76,0.3072,direct,,ADA
2023-03-12,0.3329,0.3037,0.3072,92116454.16,29048634.05,0.3322,direct,,ADA
2023-03-13,0.353,0.3282,0.3322,140458585.49,47976692.93,0.3449,direct,,ADA
2023-03-14,0.3691,0.3378,0.3449,165352295.5,58565850.9,0.3444,direct,,ADA
2023-03-15,0.3483,0.3168,0.3444,125944516.16,41873885.08,0.3254,direct,,ADA
2023-03-16,0.3298,0.3186,0.3254,92482676.08,30040158.88,0.3254,direct,,ADA
2023-03-17,0.351,0.322,0.3254,95794599.52,32353603.3,0.3502,direct,,ADA
2023-03-18,0.357,0.3363,0.3502,71531016.36,24871139.46,0.3379,direct,,ADA
2023-03-19,0.3534,0.3376,0.3379,52273969.12,18121755.34,0.3456,direct,,ADA
2023-03-20,0.3469,0.3316,0.3456,68063065.98,23154516.01,0.3333,direct,,ADA
2023-03-21,0.3865,0.3306,0.3333,119156795.13,42712325.5,0.3708,direct,,ADA
2023-03-22,0.3879,0.3502,0.3708,153197206.26,56856154.2,0.3604,direct,,ADA
2023-03-23,0.3858,0.3544,0.3604,82323210.35,30567608.32,0.3723,direct,,ADA
2023-03-24,0.3732,0.3558,0.3723,69424554.0,25175109.39,0.3601,direct,,ADA
2023-03-25,0.3632,0.3493,0.3601,29344377.38,10452996.32,0.3518,direct,,ADA
2023-03-26,0.3615,0.349,0.3518,34853268.91,12387167.33,0.3562,direct,,ADA
2023-03-27,0.3574,0.3373,0.3562,53511032.9,18564404.35,0.3458,direct,,ADA
2023-03-28,0.3701,0.3392,0.3458,50009172.86,17804295.17,0.3683,direct,,ADA
2023-03-29,0.3898,0.3668,0.3683,95631775.58,36559354.93,0.3812,direct,,ADA
2023-03-30,0.3882,0.3698,0.3812,69130593.15,26096427.24,0.3762,direct,,ADA
2023-03-31,0.4087,0.3743,0.3762,98293710.04,38922180.97,0.3987,direct,,ADA
2023-04-01,0.4024,0.3887,0.3987,41798125.71,16463568.75,0.3921,direct,,ADA
2023-04-02,0.393,0.3764,0.3921,39520179.58,15152948.47,0.3818,direct,,ADA
2023-04-03,0.4048,0.3716,0.3818,102724224.44,39984266.9,0.387,direct,,ADA
2023-04-04,0.3999,0.3847,0.387,59304239.63,23268953.17,0.3897,direct,,ADA
2023-04-05,0.4001,0.3871,0.3897,44533396.04,17541459.77,0.3922,direct,,ADA
2023-04-06,0.3922,0.3767,0.3922,46784553.93,17950959.41,0.383,direct,,ADA
2023-04-07,0.3846,0.376,0.383,31332100.67,11928395.58,0.3825,direct,,ADA
2023-04-08,0.3902,0.3799,0.3825,27681882.94,10705916.6,0.3855,direct,,ADA
2023-04-09,0.3931,0.3846,0.3855,28302682.15,11001191.94,0.3896,direct,,ADA
2023-04-10,0.3979,0.385,0.3896,44917854.4,17548250.37,0.3971,direct,,ADA
2023-04-11,0.4129,0.396,0.3971,86572795.49,34982233.2,0.4018,direct,,ADA
2023-04-12,0.4069,0.389,0.4018,71841575.48,28695935.46,0.405,direct,,ADA
2023-04-13,0.4291,0.4005,0.405,99675046.18,41387126.82,0.4256,direct,,ADA
2023-04-14,0.4444,0.4237,0.4256,143796692.96,62597540.74,0.4385,direct,,ADA
2023-04-15,0.4614,0.4315,0.4385,110869025.4,49986775.47,0.4528,direct,,ADA
2023-04-16,0.4579,0.4427,0.4528,59123315.15,26608531.72,0.4516,direct,,ADA
2023-04-17,0.4519,0.4319,0.4516,81706508.6,35963335.22,0.4345,direct,,ADA
2023-04-18,0.4481,0.4283,0.4345,69422646.03,30605621.8,0.4436,direct,,ADA
2023-04-19,0.4436,0.4082,0.4436,134697112.7,56865839.15,0.4165,direct,,ADA
2023-04-20,0.4222,0.3959,0.4165,91584324.29,37517766.36,0.4006,direct,,ADA
2023-04-21,0.407,0.3792,0.4006,97576492.53,38353551.12,0.3825,direct,,ADA
2023-04-22,0.399,0.3812,0.3825,36077493.07,14144984.74,0.3959,direct,,ADA
2023-04-23,0.3959,0.3804,0.3959,29402906.51,11421184.02,0.3889,direct,,ADA
2023-04-24,0.3973,0.3798,0.3889,30834784.08,11945605.05,0.3838,direct,,ADA
2023-04-25,0.3953,0.3768,0.3838,42269822.84,16225701.59,0.3948,direct,,ADA
2023-04-26,0.417,0.3788,0.3948,85180836.93,34088998.93,0.4015,direct,,ADA
2023-04-27,0.4182,0.4011,0.4015,55768410.22,22883092.33,0.4101,direct,,ADA
2023-04-28,0.411,0.3974,0.4101,32675461.93,13213522.76,0.4048,direct,,ADA
2023-04-29,0.4079,0.4004,0.4048,17457509.1,7052086.84,0.4026,direct,,ADA
2023-04-30,0.4151,0.3954,0.4026,30398295.84,12265957.27,0.3959,direct,,ADA
2023-05-01,0.3981,0.3807,0.3959,46585997.5,18056939.7,0.3869,direct,,ADA
2023-05-02,0.395,0.3821,0.3869,34618344.98,13455984.48,0.392,direct,,ADA
2023-05-03,0.3965,0.3787,0.392,47041818.16,18157074.76,0.3942,direct,,ADA
2023-05-04,0.3964,0.3852,0.3942,25507875.27,9965268.75,0.3876,direct,,ADA
2023-05-05,0.3973,0.3835,0.3876,36432232.62,14269009.73,0.3946,direct,,ADA
2023-05-06,0.3971,0.3749,0.3946,38033615.04,14596155.56,0.38,direct,,ADA
2023-05-07,0.3839,0.3753,0.38,25899527.51,9856882.09,0.3772,direct,,ADA
2023-05-08,0.3808,0.3551,0.3772,64828870.62,23850133.91,0.3662,direct,,ADA
2023-05-09,0.3711,0.3607,0.3662,34774511.92,12680862.62,0.3637,direct,,ADA
2023-05-10,0.3734,0.3548,0.3637,79540952.57,29152146.21,0.3697,direct,,ADA
2023-05-11,0.3701,0.3499,0.3697,56105910.66,20082372.25,0.3602,direct,,ADA
2023-05-12,0.371,0.3538,0.3602,55880334.45,20224889.06,0.3706,direct,,ADA
2023-05-13,0.3711,0.3627,0.3706,20372786.48,7457069.18,0.3648,direct,,ADA
2023-05-14,0.3731,0.363,0.3648,21241653.96,7826636.86,0.371,direct,,ADA
2023-05-15,0.3758,0.3661,0.371,32703359.83,12133233.76,0.367,direct,,ADA
2023-05-16,0.3706,0.3617,0.367,42552345.61,15602837.37,0.3683,direct,,ADA
2023-05-17,0.3805,0.3647,0.3683,58394554.78,21723073.3,0.3756,direct,,ADA
2023-05-18,0.3802,0.3658,0.3756,48297552.37,18069083.25,0.3713,direct,,ADA
2023-05-19,0.3729,0.3662,0.3713,24297623.4,8975975.97,0.3683,direct,,ADA
2023-05-20,0.3684,0.3637,0.3683,18534090.09,6772474.17,0.3665,direct,,ADA
2023-05-21,0.3676,0.3576,0.3665,20905610.4,7567804.74,0.3604,direct,,ADA
2023-05-22,0.3739,0.3567,0.3604,34320353.16,12591143.83,0.3678,direct,,ADA
2023-05-23,0.3754,0.366,0.3678,29138655.72,10795210.36,0.3703,direct,,ADA
2023-05-24,0.3706,0.3605,0.3703,37206610.4,13560941.31,0.364,direct,,ADA
2023-05-25,0.3647,0.3552,0.364,37211542.44,13327420.18,0.3582,direct,,ADA
2023-05-26,0.367,0.3539,0.3582,39232004.08,14127663.05,0.3629,direct,,ADA
2023-05-27,0.3675,0.3612,0.3629,16749219.26,6102131.57,0.3669,direct,,ADA
2023-05-28,0.3842,0.3663,0.3669,43112485.88,16200579.67,0.3828,direct,,ADA
2023-05-29,0.3863,0.3757,0.3828,38382258.76,14586935.31,0.3788,direct,,ADA
2023-05-30,0.3834,0.3749,0.3788,30678903.92,11625054.5,0.378,direct,,ADA
2023-05-31,0.3808,0.3702,0.378,40317017.58,15114855.86,0.3744,direct,,ADA
2023-06-01,0.3758,0.361,0.3744,47279580.68,17303472.54,0.3645,direct,,ADA
2023-06-02,0.3794,0.3622,0.3645,35762778.44,13380576.15,0.3783,direct,,ADA
2023-06-03,0.3783,0.3733,0.3783,12774606.87,4801441.3,0.3762,direct,,ADA
2023-06-04,0.3819,0.3749,0.3762,19445076.21,7389144.51,0.3774,direct,,ADA
2023-06-05,0.3792,0.3471,0.3774,69807171.22,24937084.98,0.3517,direct,,ADA
2023-06-06,0.3568,0.3367,0.3517,66356747.3,23191808.59,0.3534,direct,,ADA
2023-06-07,0.3534,0.3184,0.3534,109040691.07,36166935.65,0.3222,direct,,ADA
2023-06-08,0.3307,0.3201,0.3222,35803254.86,11626789.1,0.3229,direct,,ADA
2023-06-09,0.3238,0.2903,0.3229,113941753.5,34974846.21,0.2951,direct,,ADA
2023-06-10,0.2951,0.2265,0.2951,275842252.07,70717471.73,0.2752,direct,,ADA
2023-06-11,0.28,0.2593,0.2752,80622024.38,21653593.0,0.2724,direct,,ADA
2023-06-12,0.2865,0.2656,0.2724,58227943.76,16132048.96,0.2748,direct,,ADA
2023-06-13,0.2893,0.2685,0.2748,56529963.5,15670603.21,0.2752,direct,,ADA
2023-06-14,0.2773,0.2567,0.2752,48815977.93,13139568.02,0.2633,direct,,ADA
2023-06-15,0.2656,0.2523,0.2633,49889849.38,12898624.13,0.2618,direct,,ADA
2023-06-16,0.2672,0.2538,0.2618,36396064.65,9500706.21,0.2631,direct,,ADA
2023-06-17,0.2734,0.2606,0.2631,24915959.56,6654573.45,0.2667,direct,,ADA
2023-06-18,0.269,0.2592,0.2667,19549785.24,5177923.55,0.2609,direct,,ADA
2023-06-19,0.2635,0.2571,0.2609,24133850.24,6285944.32,0.2633,direct,,ADA
2023-06-20,0.2707,0.2524,0.2633,50423213.87,13198758.51,0.2706,direct,,ADA
2023-06-21,0.289,0.2689,0.2706,76176283.27,21420465.81,0.2864,direct,,ADA
2023-06-22,0.3049,0.2858,0.2864,62435332.48,18442006.7,0.2901,direct,,ADA
2023-06-23,0.3027,0.2872,0.2901,44349875.47,13131368.43,0.2967,direct,,ADA
2023-06-24,0.2977,0.2846,0.2967,28634170.05,8357113.13,0.2896,direct,,ADA
2023-06-25,0.3048,0.2887,0.2896,29040771.77,8585071.61,0.2923,direct,,ADA
2023-06-26,0.2923,0.2771,0.2923,39630501.78,11283454.7,0.2806,direct,,ADA
2023-06-27,0.2895,0.2788,0.2806,34334659.05,9739499.97,0.2868,direct,,ADA
2023-06-28,0.2871,0.2608,0.2868,56546488.48,15453747.96,0.2669,direct,,ADA
2023-06-29,0.2781,0.2665,0.2669,28871783.84,7906539.64,0.2751,direct,,ADA
2023-06-30,0.2996,0.2676,0.2751,72170304.59,20601684.06,0.2868,direct,,ADA
2023-07-01,0.2934,0.2812,0.2868,28228699.32,8135071.16,0.2924,direct,,ADA
2023-07-02,0.2938,0.2856,0.2924,21254220.87,6158782.96,0.2918,direct,,ADA
2023-07-03,0.2995,0.2905,0.2918,31267725.16,9205790.96,0.2966,direct,,ADA
2023-07-04,0.3017,0.2894,0.2966,29019996.5,8573076.18,0.2924,direct,,ADA
2023-07-05,0.2963,0.2802,0.2924,33399829.89,9584658.12,0.284,direct,,ADA
2023-07-06,0.2937,0.2765,0.284,44469947.87,12645092.26,0.2786,direct,,ADA
2023-07-07,0.2853,0.276,0.2786,29894577.9,8437437.5,0.2846,direct,,ADA
2023-07-08,0.2931,0.2818,0.2846,31190523.1,8960733.74,0.2907,direct,,ADA
2023-07-09,0.2917,0.2832,0.2907,22698170.19,6515137.24,0.2846,direct,,ADA
2023-07-10,0.2927,0.2782,0.2846,43044505.15,12312576.47,0.2878,direct,,ADA
2023-07-11,0.2939,0.2877,0.2878,30717364.28,8933555.34,0.2927,direct,,ADA
2023-07-12,0.2951,0.2851,0.2927,32769715.18,9553738.65,0.289,direct,,ADA
2023-07-13,0.3669,0.2858,0.289,163520182.98,53584099.97,0.3567,direct,,ADA
2023-07-14,0.3792,0.317,0.3567,122590239.77,42583906.37,0.328,direct,,ADA
2023-07-15,0.3377,0.3243,0.328,25780408.21,8511617.6,0.3262,direct,,ADA
2023-07-16,0.3279,0.3125,0.3262,40664995.45,13027913.81,0.3147,direct,,ADA
2023-07-17,0.3198,0.3057,0.3147,39119892.67,12222405.64,0.312,direct,,ADA
2023-07-18,0.3141,0.3001,0.312,35038004.46,10730287.59,0.3093,direct,,ADA
2023-07-19,0.326,0.307,0.3093,47448047.6,15090628.97,0.3228,direct,,ADA
2023-07-20,0.3324,0.3123,0.3228,61952891.12,19934453.15,0.3161,direct,,ADA
2023-07-21,0.3184,0.3106,0.3161,27565838.09,8657551.51,0.3131,direct,,ADA
2023-07-22,0.315,0.3067,0.3131,18730342.45,5837393.64,0.3101,direct,,ADA
2023-07-23,0.319,0.3075,0.3101,17342083.85,5464571.13,0.3172,direct,,ADA
2023-07-24,0.319,0.3,0.3172,35683625.76,10943843.74,0.3054,direct,,ADA
2023-07-25,0.3077,0.3016,0.3054,21860532.5,6648146.29,0.3037,direct,,ADA
2023-07-26,0.3106,0.3003,0.3037,24669244.36,7522921.89,0.3069,direct,,ADA
2023-07-27,0.3134,0.3054,0.3069,24507036.59,7573410.01,0.3078,direct,,ADA
2023-07-28,0.313,0.3061,0.3078,18170561.53,5639703.81,0.31,direct,,ADA
2023-07-29,0.3144,0.3088,0.31,16493777.73,5144149.98,0.3129,direct,,ADA
2023-07-30,0.3182,0.3056,0.3129,21619749.75,6776309.41,0.3157,direct,,ADA
2023-07-31,0.3186,0.3064,0.3157,21730771.43,6770336.06,0.3071,direct,,ADA
2023-08-01,0.3104,0.2951,0.3071,35624398.41,10832844.63,0.3102,direct,,ADA
2023-08-02,0.3119,0.2981,0.3102,27675064.58,8398658.49,0.2992,direct,,ADA
2023-08-03,0.3012,0.2891,0.2992,26749315.14,7905635.15,0.2923,direct,,ADA
2023-08-04,0.297,0.2902,0.2923,19784813.72,5810685.56,0.2933,direct,,ADA
2023-08-05,0.2939,0.29,0.2933,11691283.42,3412593.75,0.2936,direct,,ADA
2023-08-06,0.2955,0.2903,0.2936,10288796.3,3014689.39,0.2918,direct,,ADA
2023-08-07,0.2955,0.2822,0.2918,25890322.46,7488222.58,0.2907,direct,,ADA
2023-08-08,0.3024,0.2894,0.2907,49003789.6,14565598.89,0.2973,direct,,ADA
2023-08-09,0.3021,0.2959,0.2973,19715300.72,5893406.57,0.3011,direct,,ADA
2023-08-10,0.3015,0.2956,0.3011,21059170.68,6282797.87,0.296,direct,,ADA
2023-08-11,0.2972,0.2918,0.296,28525504.72,8392859.77,0.2931,direct,,ADA
2023-08-12,0.2944,0.2905,0.2931,20112594.43,5881379.75,0.2919,direct,,ADA
2023-08-13,0.2933,0.2868,0.2919,23197514.53,6738994.56,0.2892,direct,,ADA
2023-08-14,0.2923,0.2869,0.2892,23926407.16,6940066.16,0.2904,direct,,ADA
2023-08-15,0.2908,0.2757,0.2904,32202744.2,9152640.8,0.2819,direct,,ADA
2023-08-16,0.2826,0.2656,0.2819,60059051.22,16510642.06,0.2745,direct,,ADA
2023-08-17,0.2781,0.2473,0.2745,91985834.63,24280803.35,0.2559,direct,,ADA
2023-08-18,0.2673,0.2553,0.2559,71518800.54,18738994.69,0.264,direct,,ADA
2023-08-19,0.2698,0.2604,0.264,20757526.15,5505456.33,0.2688,direct,,ADA
2023-08-20,0.273,0.2648,0.2688,16694704.65,4489904.91,0.2704,direct,,ADA
2023-08-21,0.2724,0.2588,0.2704,23991349.47,6367550.66,0.2628,direct,,ADA
2023-08-22,0.2633,0.2503,0.2628,34314743.85,8810393.34,0.2586,direct,,ADA
2023-08-23,0.2697,0.258,0.2586,25468159.39,6705132.06,0.268,direct,,ADA
2023-08-24,0.2713,0.2623,0.268,19652278.23,5233997.74,0.2658,direct,,ADA
2023-08-25,0.2705,0.2591,0.2658,30032215.23,7891535.35,0.2611,direct,,ADA
2023-08-26,0.2618,0.2579,0.2611,12585301.73,3272131.58,0.261,direct,,ADA
2023-08-27,0.2652,0.26,0.261,12793922.2,3358924.36,0.2633,direct,,ADA
2023-08-28,0.2677,0.2577,0.2633,21757659.74,5729617.62,0.2675,direct,,ADA
2023-08-29,0.2797,0.2601,0.2675,47466393.61,12926375.35,0.2727,direct,,ADA
2023-08-30,0.2729,0.2607,0.2727,27175786.68,7202698.97,0.2655,direct,,ADA
2023-08-31,0.2665,0.25,0.2655,38801467.34,10034789.4,0.2553,direct,,ADA
2023-09-01,0.2587,0.2514,0.2553,31213452.7,7972191.66,0.2552,direct,,ADA
2023-09-02,0.2574,0.2537,0.2552,12574458.64,3212405.15,0.2562,direct,,ADA
2023-09-03,0.2568,0.2532,0.2562,13016567.28,3319575.01,0.2559,direct,,ADA
2023-09-04,0.2599,0.2534,0.2559,16398986.38,4201508.26,0.2561,direct,,ADA
2023-09-05,0.2585,0.2539,0.2561,20652932.15,5300163.51,0.2577,direct,,ADA
2023-09-06,0.2605,0.2522,0.2577,20968886.41,5382671.03,0.2576,direct,,ADA
2023-09-07,0.2595,0.2531,0.2576,22294441.89,5708221.13,0.258,direct,,ADA
2023-09-08,0.2594,0.2526,0.258,19307726.55,4926779.71,0.2542,direct,,ADA
2023-09-09,0.2558,0.2531,0.2542,10906548.57,2772462.31,0.2532,direct,,ADA
2023-09-10,0.2533,0.2445,0.2532,32732541.58,8137529.24,0.2491,direct,,ADA
2023-09-11,0.2495,0.2369,0.2491,38279589.53,9270697.06,0.2421,direct,,ADA
2023-09-12,0.2524,0.2408,0.2421,27461111.89,6786954.79,0.2456,direct,,ADA
2023-09-13,0.2499,0.2435,0.2456,23703456.94,5868586.23,0.2487,direct,,ADA
2023-09-14,0.2526,0.2466,0.2487,30295056.14,7569097.97,0.2514,direct,,ADA
2023-09-15,0.2552,0.2452,0.2514,27443081.31,6853836.66,0.2506,direct,,ADA
2023-09-16,0.2539,0.2483,0.2506,15533659.47,3896013.42,0.2504,direct,,ADA
2023-09-17,0.2512,0.2447,0.2504,14949510.21,3712251.48,0.2472,direct,,ADA
2023-09-18,0.256,0.2445,0.2472,23428036.71,5907291.15,0.2516,direct,,ADA
2023-09-19,0.2578,0.2509,0.2516,24052762.52,6135594.99,0.2549,direct,,ADA
2023-09-20,0.2565,0.2503,0.2549,25108783.45,6359204.73,0.2517,direct,,ADA
2023-09-21,0.2532,0.2449,0.2517,27967063.66,6941978.87,0.245,direct,,ADA
2023-09-22,0.2465,0.2428,0.245,22686140.86,5551322.55,0.245,direct,,ADA
2023-09-23,0.2468,0.2437,0.245,11523431.83,2827609.7,0.2462,direct,,ADA
2023-09-24,0.2463,0.2418,0.2462,11598344.59,2840392.72,0.2428,direct,,ADA
2023-09-25,0.2461,0.2406,0.2428,19600751.36,4792159.98,0.2459,direct,,ADA
2023-09-26,0.2477,0.2432,0.2459,17941778.0,4404615.75,0.2453,direct,,ADA
2023-09-27,0.2481,0.2425,0.2453,18737297.68,4590053.75,0.2445,direct,,ADA
2023-09-28,0.2505,0.2432,0.2445,30630913.28,7568898.0,0.249,direct,,ADA
2023-09-29,0.2557,0.2477,0.249,28563140.05,7185584.91,0.2494,direct,,ADA
2023-09-30,0.2549,0.249,0.2494,20270678.17,5104462.43,0.254,direct,,ADA
2023-10-01,0.2678,0.2537,0.254,39787874.13,10367959.72,0.266,direct,,ADA
2023-10-02,0.2708,0.2578,0.266,46522520.58,12326877.31,0.2593,direct,,ADA
2023-10-03,0.2645,0.2575,0.2593,27432876.24,7170285.15,0.261,direct,,ADA
2023-10-04,0.2612,0.2528,0.261,28211380.49,7236567.76,0.2589,direct,,ADA
2023-10-05,0.264,0.2565,0.2589,23446654.44,6108208.48,0.2603,direct,,ADA
2023-10-06,0.267,0.2603,0.2603,18900647.93,4987548.72,0.2648,direct,,ADA
2023-10-07,0.2658,0.2568,0.2648,16038018.44,4172959.59,0.2588,direct,,ADA
2023-10-08,0.2592,0.2556,0.2588,9802416.68,2520973.3,0.2566,direct,,ADA
2023-10-09,0.2588,0.2489,0.2566,26657607.83,6726460.33,0.2513,direct,,ADA
2023-10-10,0.2533,0.2468,0.2513,25749992.89,6420454.46,0.2491,direct,,ADA
2023-10-11,0.2495,0.245,0.2491,20279545.91,5009183.71,0.2478,direct,,ADA
2023-10-12,0.2481,0.2424,0.2478,19606175.08,4802143.85,0.2459,direct,,ADA
2023-10-13,0.2495,0.2449,0.2459,12633205.78,3116333.65,0.2458,direct,,ADA
2023-10-14,0.2477,0.2449,0.2458,8479958.82,2091182.23,0.2471,direct,,ADA
2023-10-15,0.2484,0.2454,0.2471,10067283.0,2486890.32,0.2474,direct,,ADA
2023-10-16,0.2599,0.2472,0.2474,28071329.54,7087108.19,0.2514,direct,,ADA
2023-10-17,0.2519,0.2451,0.2514,17401176.21,4324412.59,0.2465,direct,,ADA
2023-10-18,0.2483,0.2423,0.2465,15981004.34,3919791.94,0.243,direct,,ADA
2023-10-19,0.2471,0.2398,0.243,20433513.25,4970434.33,0.2471,direct,,ADA
2023-10-20,0.2534,0.2455,0.2471,24644586.33,6159863.26,0.2514,direct,,ADA
2023-10-21,0.2628,0.2497,0.2514,28459213.04,7333951.02,0.2588,direct,,ADA
2023-10-22,0.2644,0.2558,0.2588,22555594.4,5861937.83,0.2641,direct,,ADA
2023-10-23,0.2814,0.2617,0.2641,64626001.16,17439338.31,0.2809,direct,,ADA
2023-10-24,0.2939,0.2736,0.2809,73018017.81,20617454.9,0.2791,direct,,ADA
2023-10-25,0.2899,0.2765,0.2791,37608049.11,10623448.54,0.2809,direct,,ADA
2023-10-26,0.2974,0.2803,0.2809,70323451.08,20300572.16,0.2872,direct,,ADA
2023-10-27,0.2926,0.2808,0.2872,30038387.95,8627367.23,0.2895,direct,,ADA
2023-10-28,0.2976,0.2889,0.2895,23265843.37,6822315.32,0.2911,direct,,ADA
2023-10-29,0.2988,0.2885,0.2911,25400943.9,7509610.5,0.2955,direct,,ADA
2023-10-30,0.3032,0.2923,0.2955,45984598.76,13764107.45,0.3031,direct,,ADA
2023-10-31,0.3048,0.285,0.3031,46950301.01,13882809.8,0.2931,direct,,ADA
2023-11-01,0.3089,0.2844,0.2931,55307787.72,16345414.42,0.3074,direct,,ADA
2023-11-02,0.3295,0.2986,0.3074,81190521.38,25511539.02,0.3231,direct,,ADA
2023-11-03,0.3296,0.3116,0.3231,69169937.22,22161669.7,0.3293,direct,,ADA
2023-11-04,0.3306,0.3211,0.3293,29757596.46,9701603.86,0.3281,direct,,ADA
2023-11-05,0.3503,0.3264,0.3281,52351778.87,17800545.53,0.3421,direct,,ADA
2023-11-06,0.3757,0.3382,0.3421,74503370.83,26577667.25,0.3626,direct,,ADA
2023-11-07,0.3656,0.3336,0.3626,83900180.84,29340999.37,0.3513,direct,,ADA
2023-11-08,0.3606,0.3489,0.3513,51713699.11,18390556.19,0.358,direct,,ADA
2023-11-09,0.3866,0.3509,0.358,109316199.49,40189401.12,0.3685,direct,,ADA
2023-11-10,0.3885,0.3638,0.3685,93136561.3,34862499.11,0.3862,direct,,ADA
2023-11-11,0.3953,0.3701,0.3862,82350702.5,31608683.98,0.3844,direct,,ADA
2023-11-12,0.3913,0.3712,0.3844,52534257.37,20091449.26,0.3835,direct,,ADA
2023-11-13,0.3888,0.3532,0.3835,78527085.63,29043897.35,0.3569,direct,,ADA
2023-11-14,0.3719,0.3409,0.3569,76959377.17,27565573.02,0.3579,direct,,ADA
2023-11-15,0.3796,0.3537,0.3579,67602554.92,24941844.54,0.3789,direct,,ADA
2023-11-16,0.4095,0.3593,0.3789,144426504.15,55493770.91,0.3708,direct,,ADA
2023-11-17,0.3778,0.3531,0.3708,58400055.44,21435918.14,0.3673,direct,,ADA
2023-11-18,0.3779,0.3498,0.3673,47480942.32,17355154.92,0.3776,direct,,ADA
2023-11-19,0.3855,0.369,0.3776,35021186.06,13239221.07,0.3842,direct,,ADA
2023-11-20,0.4004,0.3785,0.3842,97598069.88,37986843.92,0.3805,direct,,ADA
2023-11-21,0.39,0.3558,0.3805,71180347.92,26610520.69,0.3569,direct,,ADA
2023-11-22,0.3876,0.3558,0.3569,50624409.91,18912960.62,0.3804,direct,,ADA
2023-11-23,0.3874,0.3764,0.3804,36933698.83,14114904.91,0.3873,direct,,ADA
2023-11-24,0.3977,0.3841,0.3873,53561973.38,20921412.33,0.3862,direct,,ADA
2023-11-25,0.3962,0.3849,0.3862,28104627.33,11023895.6,0.3944,direct,,ADA
2023-11-26,0.3959,0.3788,0.3944,35084717.71,13630940.49,0.3877,direct,,ADA
2023-11-27,0.3921,0.3712,0.3877,40074576.78,15164266.44,0.3778,direct,,ADA
2023-11-28,0.3884,0.3695,0.3778,32695007.5,12429571.87,0.3858,direct,,ADA
2023-11-29,0.3892,0.3778,0.3858,34665659.6,13309323.64,0.3816,direct,,ADA
2023-11-30,0.3828,0.372,0.3816,36950065.53,13887799.7,0.376,direct,,ADA
2023-12-01,0.3857,0.3738,0.376,42358818.44,16166992.58,0.3843,direct,,ADA
2023-12-02,0.3981,0.383,0.3843,34936720.96,13643162.2,0.3979,direct,,ADA
2023-12-03,0.4031,0.3881,0.3979,36598254.77,14460506.61,0.395,direct,,ADA
2023-12-04,0.415,0.3925,0.395,90484935.12,36475053.95,0.4068,direct,,ADA
2023-12-05,0.426,0.397,0.4068,76027890.8,31326986.94,0.4259,direct,,ADA
2023-12-06,0.455,0.4168,0.4259,101914287.62,44587297.07,0.4428,direct,,ADA
2023-12-07,0.4594,0.4315,0.4428,82697075.53,37009371.6,0.4558,direct,,ADA
2023-12-08,0.5885,0.4524,0.4558,192436255.38,100649263.52,0.5457,direct,,ADA
2023-12-09,0.6475,0.544,0.5457,213107825.3,127776041.13,0.5791,direct,,ADA
2023-12-10,0.6144,0.57,0.5791,106277305.02,63105304.36,0.5948,direct,,ADA
2023-12-11,0.5984,0.5132,0.5948,161128222.06,88506725.04,0.5506,direct,,ADA
2023-12-12,0.6063,0.5506,0.5506,119618129.37,69140733.09,0.5783,direct,,ADA
2023-12-13,0.6809,0.5424,0.5783,167125918.93,103041993.48,0.6674,direct,,ADA
2023-12-14,0.6904,0.6118,0.6674,129743960.24,84172536.92,0.6436,direct,,ADA
2023-12-15,0.6541,0.6001,0.6436,81919484.81,51328248.67,0.6005,direct,,ADA
2023-12-16,0.6254,0.5866,0.6005,51692446.52,31500439.37,0.6076,direct,,ADA
2023-12-17,0.6177,0.5767,0.6076,46207274.76,27518947.96,0.5799,direct,,ADA
2023-12-18,0.6031,0.5436,0.5799,69066701.27,39546975.44,0.6023,direct,,ADA
2023-12-19,0.6167,0.5661,0.6023,61011316.73,36183847.11,0.5761,direct,,ADA
2023-12-20,0.6099,0.5687,0.5761,61278295.79,36324237.14,0.5897,direct,,ADA
2023-12-21,0.6394,0.582,0.5897,77022823.72,47124211.64,0.6352,direct,,ADA
2023-12-22,0.6513,0.6064,0.6352,73427507.25,46090038.3,0.6232,direct,,ADA
2023-12-23,0.6235,0.5974,0.6232,39253047.6,23815067.24,0.6132,direct,,ADA
2023-12-24,0.6285,0.5876,0.6132,75188473.01,46031678.74,0.5923,direct,,ADA
2023-12-25,0.635,0.5898,0.5923,45146955.68,27705749.97,0.6243,direct,,ADA
2023-12-26,0.6277,0.5649,0.6243,75928975.21,45715384.13,0.6088,direct,,ADA
2023-12-27,0.6434,0.5842,0.6088,77405391.99,48072312.38,0.6338,direct,,ADA
2023-12-28,0.6777,0.6103,0.6338,116811798.83,75028590.44,0.6162,direct,,ADA
2023-12-29,0.6259,0.5919,0.6162,59032492.98,36034830.2,0.6084,direct,,ADA
2023-12-30,0.6132,0.5934,0.6084,31706130.61,19182083.27,0.601,direct,,ADA
2023-12-31,0.6098,0.5801,0.601,31047697.53,18624274.57,0.5938,direct,,ADA
2024-01-01,0.6242,0.5905,0.5938,31509456.86,19115404.63,0.6234,direct,,ADA
2024-01-02,0.6372,0.6022,0.6234,47749263.22,29680628.54,0.6052,direct,,ADA
2024-01-03,0.6187,0.5346,0.6052,95001767.13,53874007.8,0.5572,direct,,ADA
2024-01-04,0.579,0.5499,0.5572,48328182.52,27363954.9,0.5704,direct,,ADA
2024-01-05,0.5731,0.5226,0.5704,58615432.44,31754702.64,0.5419,direct,,ADA
2024-01-06,0.5433,0.5075,0.5419,38500615.98,20137921.97,0.5231,direct,,ADA
2024-01-07,0.5303,0.4883,0.5231,39611669.25,20255458.38,0.4946,direct,,ADA
2024-01-08,0.5448,0.465,0.4946,84873706.74,42975948.45,0.5416,direct,,ADA
2024-01-09,0.5438,0.4966,0.5416,59203032.83,30498183.66,0.5123,direct,,ADA
2024-01-10,0.5897,0.4879,0.5123,91723926.82,48877074.88,0.5662,direct,,ADA
2024-01-11,0.619,0.5608,0.5662,94083540.62,55068404.21,0.5821,direct,,ADA
2024-01-12,0.5887,0.5267,0.5821,59226490.67,33456394.83,0.5476,direct,,ADA
2024-01-13,0.5535,0.5311,0.5476,27030000.49,14777224.52,0.5489,direct,,ADA
2024-01-14,0.5499,0.5235,0.5489,24535333.75,13237631.33,0.5248,direct,,ADA
2024-01-15,0.5442,0.5215,0.5248,24380922.1,12984389.91,0.5274,direct,,ADA
2024-01-16,0.548,0.5252,0.5274,23486757.54,12633783.05,0.5354,direct,,ADA
2024-01-17,0.5394,0.5208,0.5354,22489217.95,11914369.9,0.5278,direct,,ADA
2024-01-18,0.5278,0.4954,0.5278,43180670.29,22031418.99,0.5019,direct,,ADA
2024-01-19,0.5048,0.4709,0.5019,49237409.29,24225478.61,0.5041,direct,,ADA
2024-01-20,0.5174,0.4984,0.5041,25997822.04,13288154.41,0.5157,direct,,ADA
2024-01-21,0.5199,0.5021,0.5157,22103342.24,11359638.31,0.5027,direct,,ADA
2024-01-22,0.5057,0.4751,0.5027,41404112.86,20281474.79,0.4781,direct,,ADA
2024-01-23,0.4857,0.4474,0.4781,57242447.79,26662218.68,0.477,direct,,ADA
2024-01-24,0.4799,0.464,0.477,42541471.48,20082829.73,0.4762,direct,,ADA
2024-01-25,0.4836,0.4585,0.4762,31328915.29,14768929.71,0.4663,direct,,ADA
2024-01-26,0.4901,0.463,0.4663,23977400.51,11513892.57,0.4848,direct,,ADA
2024-01-27,0.4899,0.4754,0.4848,14288165.23,6933551.69,0.4861,direct,,ADA
2024-01-28,0.5004,0.4834,0.4861,21462322.96,10575957.61,0.4902,direct,,ADA
2024-01-29,0.5279,0.4839,0.4902,36376618.54,18477688.23,0.5259,direct,,ADA
2024-01-30,0.5369,0.5124,0.5259,43981120.26,23122590.66,0.5137,direct,,ADA
2024-01-31,0.5202,0.4933,0.5137,41594565.62,21079363.79,0.4974,direct,,ADA
2024-02-01,0.5082,0.4855,0.4974,25169288.54,12455185.4,0.5075,direct,,ADA
2024-02-02,0.524,0.5039,0.5075,32958312.12,16882425.72,0.5143,direct,,ADA
2024-02-03,0.5254,0.5116,0.5143,18306490.35,9503845.18,0.5123,direct,,ADA
2024-02-04,0.5124,0.4931,0.5123,16022763.18,8066129.31,0.4932,direct,,ADA
2024-02-05,0.5056,0.4868,0.4932,21097007.56,10446283.8,0.4938,direct,,ADA
2024-02-06,0.5039,0.4886,0.4938,21953473.2,10887482.75,0.4982,direct,,ADA
2024-02-07,0.5022,0.4738,0.4982,63909666.94,31068478.52,0.5021,direct,,ADA
2024-02-08,0.5364,0.502,0.5021,70079475.25,36560769.7,0.5303,direct,,ADA
2024-02-09,0.5487,0.528,0.5303,53132014.97,28636357.69,0.5409,direct,,ADA
2024-02-10,0.5582,0.5285,0.5409,38463922.21,20890922.35,0.5517,direct,,ADA
2024-02-11,0.5655,0.5357,0.5517,48932791.38,27082649.55,0.5418,direct,,ADA
2024-02-12,0.5672,0.531,0.5418,46913468.15,25875264.95,0.5596,direct,,ADA
2024-02-13,0.5646,0.5342,0.5596,40424362.31,22200877.84,0.5452,direct,,ADA
2024-02-14,0.5831,0.5401,0.5452,48954380.9,27855547.34,0.5775,direct,,ADA
2024-02-15,0.6122,0.5714,0.5775,65321970.35,38883958.02,0.6094,direct,,ADA
2024-02-16,0.6141,0.5825,0.6094,54537790.22,32636788.35,0.5992,direct,,ADA
2024-02-17,0.6107,0.5692,0.5992,35630646.8,20984714.93,0.6097,direct,,ADA
2024-02-18,0.6389,0.6095,0.6097,56260828.53,35079474.24,0.6195,direct,,ADA
2024-02-19,0.6386,0.6152,0.6195,37433019.59,23421033.36,0.6308,direct,,ADA
2024-02-20,0.6413,0.5958,0.6308,55462430.08,34450175.29,0.622,direct,,ADA
2024-02-21,0.6236,0.5749,0.622,44637489.6,26466276.25,0.5988,direct,,ADA
2024-02-22,0.6078,0.5807,0.5988,33299797.13,19783372.49,0.5855,direct,,ADA
2024-02-23,0.5948,0.5684,0.5855,32458194.63,18943958.84,0.5823,direct,,ADA
2024-02-24,0.5998,0.5695,0.5823,35460697.16,20690381.2,0.5969,direct,,ADA
2024-02-25,0.6004,0.5805,0.5969,24211898.08,14265686.56,0.5913,direct,,ADA
2024-02-26,0.6227,0.5735,0.5913,50964890.39,30702184.79,0.6197,direct,,ADA
2024-02-27,0.6309,0.608,0.6197,66352195.44,41300094.28,0.6242,direct,,ADA
2024-02-28,0.6614,0.5982,0.6242,98546927.44,62125659.39,0.6294,direct,,ADA
2024-02-29,0.7086,0.6235,0.6294,132798137.36,89406441.93,0.6551,direct,,ADA
2024-03-01,0.7207,0.6536,0.6551,67402029.42,46184177.87,0.7201,direct,,ADA
2024-03-02,0.7643,0.7179,0.7201,87959145.84,65350264.16,0.7419,direct,,ADA
2024-03-03,0.7424,0.6896,0.7419,44675525.14,32353465.95,0.7284,direct,,ADA
2024-03-04,0.7991,0.7239,0.7284,112415213.91,86606052.32,0.7711,direct,,ADA
2024-03-05,0.7831,0.5806,0.7711,158028037.0,112630724.48,0.6935,direct,,ADA
2024-03-06,0.7568,0.6658,0.6935,79471076.48,56867244.45,0.7353,direct,,ADA
2024-03-07,0.7559,0.7191,0.7353,56783540.96,42106532.96,0.7439,direct,,ADA
2024-03-08,0.7554,0.7001,0.7439,65100872.28,47476851.77,0.7243,direct,,ADA
2024-03-09,0.7471,0.722,0.7243,35784712.02,26309412.9,0.7431,direct,,ADA
2024-03-10,0.7455,0.7013,0.7431,37895347.14,27523259.72,0.7173,direct,,ADA
2024-03-11,0.7882,0.6873,0.7173,98170572.48,73580867.58,0.7751,direct,,ADA
2024-03-12,0.776,0.7051,0.7751,68158951.92,50770033.43,0.7483,direct,,ADA
2024-03-13,0.7735,0.7374,0.7483,57172133.16,43132252.59,0.7646,direct,,ADA
2024-03-14,0.81,0.7134,0.7646,116301806.53,89071610.07,0.7505,direct,,ADA
2024-03-15,0.7638,0.671,0.7505,82737727.23,59106882.5,0.7273,direct,,ADA
2024-03-16,0.7346,0.6504,0.7273,53903293.83,37163429.78,0.6586,direct,,ADA
2024-03-17,0.6947,0.6288,0.6586,56267457.77,37728922.38,0.6808,direct,,ADA
2024-03-18,0.6985,0.6422,0.6808,52892834.17,35240932.97,0.6603,direct,,ADA
2024-03-19,0.6657,0.58,0.6603,89675475.47,55076485.86,0.5862,direct,,ADA
2024-03-20,0.6445,0.5691,0.5862,71829809.04,43691865.34,0.6398,direct,,ADA
2024-03-21,0.6481,0.6178,0.6398,41362550.23,26239068.02,0.6316,direct,,ADA
2024-03-22,0.6425,0.5991,0.6316,38878319.84,24001658.74,0.6148,direct,,ADA
2024-03-23,0.6393,0.6105,0.6148,20408277.31,12814566.44,0.6231,direct,,ADA
2024-03-24,0.6481,0.6226,0.6231,22921306.85,14588416.08,0.6466,direct,,ADA
2024-03-25,0.6682,0.6384,0.6466,43241022.31,28326253.44,0.6566,direct,,ADA
2024-03-26,0.6837,0.6517,0.6566,42759334.91,28488681.21,0.665,direct,,ADA
2024-03-27,0.6709,0.6301,0.665,69353140.65,44999624.86,0.6476,direct,,ADA
2024-03-28,0.6581,0.635,0.6476,32227380.04,20927960.89,0.651,direct,,ADA
2024-03-29,0.6677,0.6353,0.651,41375259.63,27010427.68,0.6645,direct,,ADA
2024-03-30,0.6696,0.642,0.6645,25405305.9,16615097.59,0.6439,direct,,ADA
2024-03-31,0.6536,0.6421,0.6439,19912284.8,12889187.95,0.65,direct,,ADA
2024-04-01,0.6515,0.6054,0.65,42039815.31,26248114.69,0.6217,direct,,ADA
2024-04-02,0.6217,0.5738,0.6217,49955564.11,29423169.49,0.5808,direct,,ADA
2024-04-03,0.5949,0.563,0.5808,31346551.53,18198047.09,0.5693,direct,,ADA
2024-04-04,0.5971,0.5593,0.5693,34647675.25,20085026.68,0.5833,direct,,ADA
2024-04-05,0.5851,0.5599,0.5833,27275105.8,15612986.65,0.5742,direct,,ADA
2024-04-06,0.5895,0.5716,0.5742,14859383.53,8638250.48,0.5837,direct,,ADA
2024-04-07,0.5971,0.5819,0.5837,19380457.72,11435707.32,0.5889,direct,,ADA
2024-04-08,0.6167,0.5794,0.5889,30416320.26,18400640.7,0.6139,direct,,ADA
2024-04-09,0.6239,0.59,0.6139,32693272.45,19803704.35,0.5911,direct,,ADA
2024-04-10,0.5938,0.5582,0.5911,36551688.07,21109860.86,0.5862,direct,,ADA
2024-04-11,0.5944,0.5755,0.5862,20403038.03,11932152.71,0.5858,direct,,ADA
2024-04-12,0.5924,0.4642,0.5858,120025183.78,62499258.66,0.503,direct,,ADA
2024-04-13,0.5165,0.403,0.503,120161567.14,55377663.5,0.4457,direct,,ADA
2024-04-14,0.4782,0.4335,0.4457,81212237.65,37117375.03,0.4682,direct,,ADA
2024-04-15,0.4955,0.4396,0.4682,72057484.52,33718496.96,0.4611,direct,,ADA
2024-04-16,0.4783,0.4397,0.4611,49608283.01,22673656.86,0.4586,direct,,ADA
2024-04-17,0.4648,0.4277,0.4586,37648548.62,16792290.46,0.4442,direct,,ADA
2024-04-18,0.4612,0.4346,0.4442,32360309.78,14558783.2,0.4583,direct,,ADA
2024-04-19,0.476,0.4233,0.4583,54252769.29,24898686.99,0.4683,direct,,ADA
2024-04-20,0.5085,0.4649,0.4683,47603350.49,23320575.83,0.5073,direct,,ADA
2024-04-21,0.5125,0.4879,0.5073,32940782.44,16538750.91,0.4992,direct,,ADA
2024-04-22,0.5226,0.4952,0.4992,41608169.62,21325826.01,0.517,direct,,ADA
2024-04-23,0.5215,0.4972,0.517,49685065.64,25340474.37,0.5,direct,,ADA
2024-04-24,0.5106,0.469,0.5,39380831.49,19273464.75,0.4746,direct,,ADA
2024-04-25,0.4796,0.4623,0.4746,30642331.55,14453155.09,0.4705,direct,,ADA
2024-04-26,0.4788,0.4607,0.4705,21111998.23,9894250.51,0.4628,direct,,ADA
2024-04-27,0.4696,0.446,0.4628,21396006.1,9804290.54,0.4671,direct,,ADA
2024-04-28,0.4779,0.4582,0.4671,17771690.72,8335011.12,0.4597,direct,,ADA
2024-04-29,0.4634,0.4466,0.4597,25828172.88,11744204.36,0.457,direct,,ADA
2024-04-30,0.4629,0.4257,0.457,44748185.44,19662451.73,0.4409,direct,,ADA
2024-05-01,0.4572,0.4181,0.4409,48436745.84,21246052.86,0.4495,direct,,ADA
2024-05-02,0.4621,0.4386,0.4495,42924089.12,19410611.39,0.4578,direct,,ADA
2024-05-03,0.4736,0.4465,0.4578,35373202.78,16253604.98,0.4675,direct,,ADA
2024-05-04,0.4766,0.4625,0.4675,23604735.38,11054282.78,0.4632,direct,,ADA
2024-05-05,0.466,0.452,0.4632,18870049.01,8660992.77,0.4581,direct,,ADA
2024-05-06,0.475,0.4516,0.4581,32287145.7,14915742.44,0.454,direct,,ADA
2024-05-07,0.4562,0.4408,0.454,34423272.76,15504354.74,0.4415,direct,,ADA
2024-05-08,0.4685,0.4366,0.4415,41992547.12,18969254.55,0.4516,direct,,ADA
2024-05-09,0.4644,0.447,0.4516,22961603.11,10487993.15,0.4635,direct,,ADA
2024-05-10,0.4684,0.4433,0.4635,25327180.56,11541804.99,0.4478,direct,,ADA
2024-05-11,0.4509,0.4378,0.4478,20808804.6,9199754.1,0.4386,direct,,ADA
2024-05-12,0.443,0.4332,0.4386,10261906.23,4506748.7,0.4377,direct,,ADA
2024-05-13,0.4528,0.4252,0.4377,31809552.04,14003168.84,0.4366,direct,,ADA
2024-05-14,0.4382,0.4261,0.4366,18390245.73,7956484.16,0.4281,direct,,ADA
2024-05-15,0.4551,0.4262,0.4281,35392736.0,15642750.22,0.4527,direct,,ADA
2024-05-16,0.4629,0.4487,0.4527,38213331.29,17443824.88,0.4598,direct,,ADA
2024-05-17,0.4907,0.4553,0.4598,46816048.36,22239457.3,0.4823,direct,,ADA
2024-05-18,0.4859,0.4758,0.4823,17986572.35,8665910.56,0.4823,direct,,ADA
2024-05-19,0.4837,0.4637,0.4823,24651513.61,11644380.02,0.4672,direct,,ADA
2024-05-20,0.503,0.4609,0.4672,61079800.59,29106249.24,0.502,direct,,ADA
2024-05-21,0.5101,0.4907,0.502,35798886.03,17917443.58,0.4945,direct,,ADA
2024-05-22,0.4951,0.475,0.4945,28015344.47,13550840.4,0.4832,direct,,ADA
2024-05-23,0.4883,0.4449,0.4832,43910246.68,20546404.9,0.4656,direct,,ADA
2024-05-24,0.4695,0.4542,0.4656,22773900.58,10499500.84,0.46,direct,,ADA
2024-05-25,0.4645,0.4572,0.46,12541840.6,5777034.8,0.462,direct,,ADA
2024-05-26,0.4627,0.4549,0.462,13336965.93,6126901.21,0.458,direct,,ADA
2024-05-27,0.4747,0.4564,0.458,19110938.15,8892201.58,0.4681,direct,,ADA
2024-05-28,0.4689,0.4517,0.4681,18549630.54,8496602.1,0.4572,direct,,ADA
2024-05-29,0.4639,0.4503,0.4572,19731662.28,9021749.12,0.4507,direct,,ADA
2024-05-30,0.461,0.4431,0.4507,26807272.26,12055257.65,0.4464,direct,,ADA
2024-05-31,0.4555,0.4434,0.4464,18327742.88,8226478.98,0.4466,direct,,ADA
2024-06-01,0.4529,0.4446,0.4466,8635551.95,3873910.19,0.4495,direct,,ADA
2024-06-02,0.4537,0.4403,0.4495,11957160.39,5359837.54,0.4462,direct,,ADA
2024-06-03,0.4632,0.4433,0.4462,18692077.48,8493740.7,0.4573,direct,,ADA
2024-06-04,0.4659,0.4526,0.4573,23700460.82,10893596.59,0.4616,direct,,ADA
2024-06-05,0.4672,0.4572,0.4616,18981447.11,8762000.2,0.4614,direct,,ADA
2024-06-06,0.4621,0.4496,0.4614,23794807.82,10891842.84,0.4581,direct,,ADA
2024-06-07,0.4898,0.4294,0.4581,67889674.38,31490330.36,0.4492,direct,,ADA
2024-06-08,0.4492,0.4323,0.4492,22276288.55,9783395.57,0.4368,direct,,ADA
2024-06-09,0.4461,0.4318,0.4368,11995761.47,5279850.26,0.444,direct,,ADA
2024-06-10,0.451,0.435,0.444,26618643.59,11800435.86,0.4404,direct,,ADA
2024-06-11,0.4414,0.4129,0.4404,41379600.32,17632761.79,0.4219,direct,,ADA
2024-06-12,0.4441,0.4146,0.4219,30652664.56,13284605.87,0.4377,direct,,ADA
2024-06-13,0.4388,0.4191,0.4377,22015689.98,9410336.71,0.4209,direct,,ADA
2024-06-14,0.4244,0.4001,0.4209,31981641.79,13167153.66,0.4119,direct,,ADA
2024-06-15,0.4154,0.408,0.4119,12334695.77,5076926.04,0.4137,direct,,ADA
2024-06-16,0.4188,0.409,0.4137,9863349.04,4090915.0,0.4165,direct,,ADA
2024-06-17,0.4205,0.3909,0.4165,33644572.13,13666297.54,0.4011,direct,,ADA
2024-06-18,0.4024,0.3655,0.4011,75522055.16,28395693.03,0.3834,direct,,ADA
2024-06-19,0.3978,0.3802,0.3834,37951623.97,14730931.09,0.3843,direct,,ADA
2024-06-20,0.3974,0.3771,0.3843,37877684.47,14684442.34,0.3841,direct,,ADA
2024-06-21,0.3907,0.3735,0.3841,31265331.99,11960569.72,0.3759,direct,,ADA
2024-06-22,0.3906,0.3713,0.3759,28863497.16,11024748.33,0.3845,direct,,ADA
2024-06-23,0.3928,0.3789,0.3845,16056397.83,6199798.62,0.3799,direct,,ADA
2024-06-24,0.3814,0.3639,0.3799,48787801.48,18192360.34,0.3776,direct,,ADA
2024-06-25,0.3972,0.377,0.3776,25744570.14,10037158.7,0.3917,direct,,ADA
2024-06-26,0.3962,0.3829,0.3917,26076824.09,10158500.71,0.3847,direct,,ADA
2024-06-27,0.3937,0.3776,0.3847,25521155.31,9877357.71,0.3907,direct,,ADA
2024-06-28,0.3962,0.3848,0.3907,28222171.25,11015083.15,0.3852,direct,,ADA
2024-06-29,0.4032,0.3829,0.3852,17844993.81,7011962.82,0.3836,direct,,ADA
2024-06-30,0.3938,0.3782,0.3836,16356339.4,6306506.14,0.3919,direct,,ADA
2024-07-01,0.4081,0.3911,0.3919,23493572.46,9418483.95,0.4028,direct,,ADA
2024-07-02,0.4191,0.4025,0.4028,21422952.17,8841478.24,0.4179,direct,,ADA
2024-07-03,0.4228,0.3999,0.4179,30766182.43,12631711.63,0.4066,direct,,ADA
2024-07-04,0.4134,0.3615,0.4066,38362308.29,14768512.0,0.362,direct,,ADA
2024-07-05,0.3622,0.3182,0.362,97636968.25,33220903.92,0.3499,direct,,ADA
2024-07-06,0.38,0.3468,0.3499,32853377.32,11828908.92,0.3708,direct,,ADA
2024-07-07,0.3713,0.3448,0.3708,21949563.0,7907286.4,0.3467,direct,,ADA
2024-07-08,0.3799,0.3309,0.3467,47666331.42,17161733.19,0.3692,direct,,ADA
2024-07-09,0.3806,0.3628,0.3692,23959479.64,8943281.01,0.3754,direct,,ADA
2024-07-10,0.39,0.372,0.3754,22950699.99,8800562.47,0.3887,direct,,ADA
2024-07-11,0.405,0.3847,0.3887,31728893.4,12557400.48,0.3961,direct,,ADA
2024-07-12,0.418,0.3934,0.3961,35231380.42,14308790.36,0.4166,direct,,ADA
2024-07-13,0.4466,0.4119,0.4166,36327560.99,15587403.35,0.4419,direct,,ADA
2024-07-14,0.4453,0.4249,0.4419,24103477.67,10438752.68,0.432,direct,,ADA
2024-07-15,0.4459,0.4313,0.432,40745268.01,17837371.66,0.4453,direct,,ADA
2024-07-16,0.4528,0.427,0.4453,33652962.56,14829937.98,0.4383,direct,,ADA
2024-07-17,0.4567,0.4357,0.4383,29423075.5,13111513.87,0.4361,direct,,ADA
2024-07-18,0.4497,0.42,0.4361,20853480.83,9021815.21,0.4234,direct,,ADA
2024-07-19,0.4432,0.4147,0.4234,22326929.59,9577286.24,0.4392,direct,,ADA
2024-07-20,0.442,0.4279,0.4392,13615805.35,5930255.7,0.4376,direct,,ADA
2024-07-21,0.4488,0.4172,0.4376,18408960.45,7970278.52,0.4469,direct,,ADA
2024-07-22,0.4502,0.424,0.4469,27855574.4,12104675.2,0.4264,direct,,ADA
2024-07-23,0.4296,0.4034,0.4264,26353075.43,10994852.43,0.4102,direct,,ADA
2024-07-24,0.4214,0.4039,0.4102,35147271.49,14503431.33,0.4064,direct,,ADA
2024-07-25,0.4083,0.3817,0.4064,35840203.09,14094175.96,0.3947,direct,,ADA
2024-07-26,0.4199,0.3945,0.3947,23407087.59,9634519.92,0.4173,direct,,ADA
2024-07-27,0.4292,0.4132,0.4173,25076536.41,10536580.29,0.4175,direct,,ADA
2024-07-28,0.4206,0.4047,0.4175,9657591.1,3967154.03,0.4073,direct,,ADA
2024-07-29,0.427,0.4032,0.4073,22897043.22,9492828.24,0.4032,direct,,ADA
2024-07-30,0.4075,0.3942,0.4032,18910603.23,7603817.55,0.4013,direct,,ADA
2024-07-31,0.4077,0.3872,0.4013,24067102.35,9618220.21,0.3881,direct,,ADA
2024-08-01,0.3955,0.3682,0.3881,34614404.96,13197202.68,0.3925,direct,,ADA
2024-08-02,0.3949,0.3586,0.3925,41582758.13,15553412.53,0.3633,direct,,ADA
2024-08-03,0.3726,0.3491,0.3633,27991072.28,10045067.25,0.3645,direct,,ADA
2024-08-04,0.3675,0.3339,0.3645,36504139.61,12738829.22,0.344,direct,,ADA
2024-08-05,0.3456,0.2771,0.344,150864372.49,46121236.24,0.312,direct,,ADA
2024-08-06,0.337,0.3116,0.312,35218512.51,11584088.3,0.3312,direct,,ADA
2024-08-07,0.341,0.3158,0.3312,35034655.01,11474835.64,0.324,direct,,ADA
2024-08-08,0.3535,0.3189,0.324,28779441.06,9731220.64,0.3518,direct,,ADA
2024-08-09,0.3546,0.3368,0.3518,27202667.29,9422220.83,0.3485,direct,,ADA
2024-08-10,0.3523,0.3445,0.3485,10156328.47,3525820.49,0.3458,direct,,ADA
2024-08-11,0.3565,0.3272,0.3458,16568968.65,5649905.55,0.3277,direct,,ADA
2024-08-12,0.3445,0.3267,0.3277,17577203.9,5914529.42,0.3391,direct,,ADA
2024-08-13,0.3451,0.331,0.3391,16412497.56,5565866.22,0.34,direct,,ADA
2024-08-14,0.3457,0.3313,0.34,18725629.84,6327077.65,0.3354,direct,,ADA
2024-08-15,0.3418,0.3207,0.3354,25120194.15,8286446.11,0.3249,direct,,ADA
2024-08-16,0.3453,0.3205,0.3249,25528224.04,8445187.02,0.3303,direct,,ADA
2024-08-17,0.3388,0.3276,0.3303,12844509.7,4284599.71,0.3373,direct,,ADA
2024-08-18,0.3399,0.333,0.3373,12945739.92,4367037.47,0.3343,direct,,ADA
2024-08-19,0.3377,0.328,0.3343,14688493.68,4898492.06,0.3368,direct,,ADA
2024-08-20,0.3512,0.3357,0.3368,26438770.28,9073582.46,0.3436,direct,,ADA
2024-08-21,0.3774,0.3429,0.3436,48441352.27,17443838.37,0.369,direct,,ADA
2024-08-22,0.3776,0.3645,0.369,26854218.1,9985507.62,0.3764,direct,,ADA
2024-08-23,0.3927,0.374,0.3764,44109928.14,16871531.73,0.3916,direct,,ADA
2024-08-24,0.4015,0.3881,0.3916,26443758.68,10427782.03,0.3939,direct,,ADA
2024-08-25,0.3942,0.3779,0.3939,22347973.64,8617153.11,0.385,direct,,ADA
2024-08-26,0.388,0.3662,0.385,29639746.16,11089520.18,0.3662,direct,,ADA
2024-08-27,0.3728,0.3425,0.3662,32940572.67,11911555.41,0.3505,direct,,ADA
2024-08-28,0.3605,0.3408,0.3505,31536697.41,11073613.3,0.3501,direct,,ADA
2024-08-29,0.3676,0.3472,0.3501,29378916.19,10499230.02,0.3579,direct,,ADA
2024-08-30,0.3621,0.3378,0.3579,33187671.92,11615332.83,0.3471,direct,,ADA
2024-08-31,0.3504,0.3446,0.3471,12232078.21,4247252.87,0.345,direct,,ADA
2024-09-01,0.3457,0.3274,0.345,28586088.69,9668217.29,0.3315,direct,,ADA
2024-09-02,0.3373,0.3251,0.3315,23185825.43,7681038.2,0.3363,direct,,ADA
2024-09-03,0.3396,0.3175,0.3363,27764954.38,9058080.92,0.3185,direct,,ADA
2024-09-04,0.3293,0.3054,0.3185,50284662.39,16001754.94,0.3234,direct,,ADA
2024-09-05,0.3399,0.3197,0.3234,30662891.8,10027609.4,0.3251,direct,,ADA
2024-09-06,0.3317,0.3035,0.3251,31479777.06,10021874.72,0.3148,direct,,ADA
2024-09-07,0.3279,0.3147,0.3148,13863762.6,4475470.51,0.3254,direct,,ADA
2024-09-08,0.3409,0.3239,0.3254,15617341.83,5227834.7,0.3391,direct,,ADA
2024-09-09,0.3489,0.3376,0.3391,25336483.64,8688534.06,0.3434,direct,,ADA
2024-09-10,0.3457,0.3374,0.3434,12969283.83,4436276.42,0.3431,direct,,ADA
2024-09-11,0.3572,0.3301,0.3431,27383504.41,9369747.93,0.3532,direct,,ADA
2024-09-12,0.3615,0.3522,0.3532,24421099.12,8707456.73,0.3563,direct,,ADA
2024-09-13,0.3649,0.3504,0.3563,20825838.36,7464965.36,0.3609,direct,,ADA
2024-09-14,0.362,0.3515,0.3609,13981614.74,4981503.8,0.3544,direct,,ADA
2024-09-15,0.3563,0.3343,0.3544,17680224.57,6125881.34,0.3386,direct,,ADA
2024-09-16,0.3386,0.3264,0.3386,19734336.48,6548479.21,0.3303,direct,,ADA
2024-09-17,0.3431,0.3285,0.3303,21485628.43,7197402.13,0.3338,direct,,ADA
2024-09-18,0.3443,0.3273,0.3338,19113047.23,6375329.17,0.3442,direct,,ADA
2024-09-19,0.3565,0.3442,0.3442,33934850.28,11905803.1,0.351,direct,,ADA
2024-09-20,0.3612,0.349,0.351,23956834.74,8520103.15,0.3523,direct,,ADA
2024-09-21,0.3598,0.3506,0.3523,16614333.31,5911909.16,0.3585,direct,,ADA
2024-09-22,0.3593,0.3431,0.3585,16499215.57,5797310.97,0.3517,direct,,ADA
2024-09-23,0.3657,0.3457,0.3517,32146435.71,11498007.52,0.3638,direct,,ADA
2024-09-24,0.3916,0.3586,0.3638,47858347.75,18041130.86,0.3877,direct,,ADA
2024-09-25,0.3938,0.379,0.3877,39631313.49,15262280.64,0.381,direct,,ADA
2024-09-26,0.404,0.3781,0.381,44006353.33,17374188.83,0.4018,direct,,ADA
2024-09-27,0.4157,0.3996,0.4018,36603112.36,14853068.09,0.4019,direct,,ADA
2024-09-28,0.4061,0.3924,0.4019,18042981.88,7232909.64,0.4006,direct,,ADA
2024-09-29,0.4043,0.3929,0.4006,13756948.0,5492713.08,0.3978,direct,,ADA
2024-09-30,0.3978,0.3708,0.3978,29921308.15,11490486.7,0.3733,direct,,ADA
2024-10-01,0.3881,0.3427,0.3733,58792745.53,21356780.96,0.3522,direct,,ADA
2024-10-02,0.3626,0.3358,0.3522,39168595.98,13707449.78,0.3433,direct,,ADA
2024-10-03,0.3495,0.332,0.3433,36684379.19,12514101.94,0.3454,direct,,ADA
2024-10-04,0.3561,0.3429,0.3454,22722620.11,7965842.96,0.3516,direct,,ADA
2024-10-05,0.3557,0.3455,0.3516,10961157.33,3853780.56,0.3509,direct,,ADA
2024-10-06,0.3585,0.3478,0.3509,14009863.57,4947444.78,0.3573,direct,,ADA
2024-10-07,0.3683,0.3504,0.3573,28576146.6,10266895.44,0.3514,direct,,ADA
2024-10-08,0.3579,0.3409,0.3514,25381327.59,8839044.16,0.3445,direct,,ADA
2024-10-09,0.3477,0.3339,0.3445,18422049.89,6273514.52,0.3392,direct,,ADA
2024-10-10,0.3415,0.3313,0.3392,16422707.05,5529710.32,0.3394,direct,,ADA
2024-10-11,0.3549,0.338,0.3394,17631667.94,6118303.55,0.3515,direct,,ADA
2024-10-12,0.3566,0.3509,0.3515,12819619.64,4531788.15,0.353,direct,,ADA
2024-10-13,0.3595,0.3444,0.353,15750025.92,5523423.03,0.3486,direct,,ADA
2024-10-14,0.3653,0.3422,0.3486,36064697.17,12903783.48,0.3643,direct,,ADA
2024-10-15,0.371,0.348,0.3643,33696323.78,12104509.49,0.359,direct,,ADA
2024-10-16,0.3609,0.3511,0.359,28629676.19,10182010.9,0.352,direct,,ADA
2024-10-17,0.3587,0.3394,0.352,30741219.52,10690651.02,0.3432,direct,,ADA
2024-10-18,0.3529,0.3425,0.3432,22876518.12,7966143.37,0.3505,direct,,ADA
2024-10-19,0.357,0.3492,0.3505,12874571.53,4532711.76,0.3514,direct,,ADA
2024-10-20,0.3656,0.3482,0.3514,20035391.91,7164669.93,0.3649,direct,,ADA
2024-10-21,0.3724,0.3531,0.3649,34002870.77,12335633.7,0.3607,direct,,ADA
2024-10-22,0.3678,0.3549,0.3607,28778454.51,10435947.33,0.3641,direct,,ADA
2024-10-23,0.3688,0.3421,0.3641,31892806.73,11296124.64,0.3494,direct,,ADA
2024-10-24,0.3546,0.3395,0.3494,32292796.35,11153440.32,0.3463,direct,,ADA
2024-10-25,0.3469,0.3171,0.3463,49955546.41,16839395.63,0.3258,direct,,ADA
2024-10-26,0.3345,0.3205,0.3258,24860549.96,8175654.33,0.3334,direct,,ADA
2024-10-27,0.3419,0.3305,0.3334,12647411.81,4260079.1,0.3395,direct,,ADA
2024-10-28,0.3478,0.3301,0.3395,25389462.49,8588803.74,0.3435,direct,,ADA
2024-10-29,0.3569,0.3426,0.3435,35147315.33,12300473.91,0.3561,direct,,ADA
2024-10-30,0.3637,0.3507,0.3561,32225116.48,11509363.26,0.3551,direct,,ADA
2024-10-31,0.3611,0.3402,0.3551,26712345.02,9346598.98,0.3413,direct,,ADA
2024-11-01,0.3616,0.3338,0.3413,35347912.03,12407938.91,0.3574,direct,,ADA
2024-11-02,0.3636,0.3452,0.3574,19636880.22,6983573.56,0.348,direct,,ADA
2024-11-03,0.3481,0.3276,0.348,24094912.63,8083461.91,0.334,direct,,ADA
2024-11-04,0.3366,0.3202,0.334,25851232.28,8498419.39,0.3262,direct,,ADA
2024-11-05,0.3382,0.326,0.3262,25090111.32,8352336.77,0.3335,direct,,ADA
2024-11-06,0.3659,0.3335,0.3335,71718372.88,25617547.92,0.3633,direct,,ADA
2024-11-07,0.407,0.3617,0.3633,88510556.78,34047646.62,0.4069,direct,,ADA
2024-11-08,0.459,0.4044,0.4069,147653151.75,64003007.37,0.4449,direct,,ADA
2024-11-09,0.4983,0.4277,0.4449,70108034.63,31555306.88,0.4967,direct,,ADA
2024-11-10,0.6795,0.4883,0.4967,357356876.02,208491217.15,0.5903,direct,,ADA
2024-11-11,0.6248,0.5651,0.5903,195394514.15,116874186.3,0.6137,direct,,ADA
2024-11-12,0.6544,0.5557,0.6137,199357369.11,117957438.58,0.5716,direct,,ADA
2024-11-13,0.6105,0.5198,0.5716,169982703.45,96083782.09,0.579,direct,,ADA
2024-11-14,0.6,0.542,0.579,119051869.81,67851911.64,0.579,direct,,ADA
2024-11-15,0.7073,0.575,0.579,285041118.05,184856949.4,0.7071,direct,,ADA
2024-11-16,0.8191,0.7028,0.7071,288004774.9,216449200.37,0.742,direct,,ADA
2024-11-17,0.7737,0.6908,0.742,123224480.99,88952501.91,0.7027,direct,,ADA
2024-11-18,0.7834,0.701,0.7027,155887113.25,116477987.64,0.7332,direct,,ADA
2024-11-19,0.7653,0.7213,0.7332,96032052.89,71186353.27,0.7396,direct,,ADA
2024-11-20,0.8487,0.7394,0.7396,208255679.16,168312244.18,0.8008,direct,,ADA
2024-11-21,0.8245,0.7678,0.8008,140309840.74,111270515.23,0.8227,direct,,ADA
2024-11-22,1.046,0.8136,0.8227,366383463.0,341470924.41,1.019,direct,,ADA
2024-11-23,1.154,1.017,1.019,316776123.56,344280160.53,1.067,direct,,ADA
2024-11-24,1.099,0.9406,1.067,208604171.98,211511243.93,1.024,direct,,ADA
2024-11-25,1.079,0.9274,1.024,173067770.7,174020023.84,0.9435,direct,,ADA
2024-11-26,0.9905,0.8728,0.9435,158608630.49,147572168.98,0.9603,direct,,ADA
2024-11-27,1.042,0.9315,0.9603,130507213.57,130318298.19,1.013,direct,,ADA
2024-11-28,1.049,0.9707,1.013,67613467.95,68057155.6,1.032,direct,,ADA
2024-11-29,1.1,1.028,1.032,122136685.17,129576048.1,1.076,direct,,ADA
2024-11-30,1.15,1.051,1.076,116749946.8,127646386.55,1.079,direct,,ADA
2024-12-01,1.164,1.038,1.079,134224858.03,147508970.29,1.15,direct,,ADA
2024-12-02,1.243,1.057,1.15,311197925.56,363258807.83,1.202,direct,,ADA
2024-12-03,1.327,1.141,1.202,284426549.72,353300766.69,1.192,direct,,ADA
2024-12-04,1.242,1.141,1.192,150882819.58,180327312.32,1.189,direct,,ADA
2024-12-05,1.246,1.117,1.189,182185641.28,217645502.76,1.161,direct,,ADA
2024-12-06,1.239,1.136,1.161,122211936.49,145923511.38,1.229,direct,,ADA
2024-12-07,1.238,1.19,1.229,70165972.07,85011850.92,1.211,direct,,ADA
2024-12-08,1.225,1.174,1.211,86184646.41,103026613.12,1.195,direct,,ADA
2024-12-09,1.195,0.9062,1.195,249841968.41,265682294.73,1.005,direct,,ADA
2024-12-10,1.041,0.9102,1.005,258104158.05,254860247.65,1.022,direct,,ADA
2024-12-11,1.116,0.9722,1.022,137254576.25,144797075.09,1.087,direct,,ADA
2024-12-12,1.182,1.073,1.087,132947026.16,151169611.92,1.123,direct,,ADA
2024-12-13,1.131,1.077,1.123,75862052.02,83759424.56,1.121,direct,,ADA
2024-12-14,1.133,1.043,1.121,60036883.32,65137195.6,1.061,direct,,ADA
2024-12-15,1.112,1.039,1.061,50191162.13,54165256.61,1.099,direct,,ADA
2024-12-16,1.121,1.047,1.099,85672096.2,93375775.75,1.078,direct,,ADA
2024-12-17,1.111,1.042,1.078,75235994.49,81064333.51,1.052,direct,,ADA
2024-12-18,1.061,0.9637,1.052,108688109.92,110095662.18,0.9682,direct,,ADA
2024-12-19,0.9884,0.8464,0.9682,175287262.92,161372608.97,0.8801,direct,,ADA
2024-12-20,0.9589,0.761,0.8801,224162181.39,192123357.45,0.9496,direct,,ADA
2024-12-21,0.9975,0.8861,0.9496,96704190.89,90428338.73,0.9046,direct,,ADA
2024-12-22,0.9241,0.8581,0.9046,61515536.93,54843101.41,0.8825,direct,,ADA
2024-12-23,0.9412,0.8614,0.8825,90544884.46,81135361.41,0.9253,direct,,ADA
2024-12-24,0.9496,0.8907,0.9253,59551902.78,54995221.65,0.9353,direct,,ADA
2024-12-25,0.9392,0.8992,0.9353,34177652.25,31403247.78,0.9169,direct,,ADA
2024-12-26,0.9273,0.8502,0.9169,44084951.45,38617604.74,0.8602,direct,,ADA
2024-12-27,0.9133,0.8545,0.8602,49752232.54,43823907.63,0.8758,direct,,ADA
2024-12-28,0.8981,0.8652,0.8758,23937166.62,21047927.86,0.8881,direct,,ADA
2024-12-29,0.9106,0.8501,0.8881,39177172.88,34334089.75,0.8574,direct,,ADA
2024-12-30,0.9028,0.8284,0.8574,74273120.89,64030535.2,0.86,direct,,ADA
2024-12-31,0.8775,0.8387,0.86,44889676.07,38365582.99,0.8435,direct,,ADA
2025-01-01,0.9332,0.8368,0.8435,62008685.34,55060638.45,0.9204,direct,,ADA
2025-01-02,0.9811,0.9202,0.9204,62547218.17,59590556.49,0.9604,direct,,ADA
2025-01-03,1.118,0.9563,0.9604,141331270.37,150576215.21,1.089,direct,,ADA
2025-01-04,1.114,1.056,1.089,56532530.01,60960673.7,1.07,direct,,ADA
2025-01-05,1.112,1.052,1.07,69772802.67,75667491.61,1.091,direct,,ADA
2025-01-06,1.116,1.063,1.091,76911428.55,84000522.52,1.094,direct,,ADA
2025-01-07,1.151,0.9878,1.094,131821213.26,141150551.13,0.9892,direct,,ADA
2025-01-08,1.024,0.9098,0.9892,116316022.05,111701035.45,0.9468,direct,,ADA
2025-01-09,0.9618,0.8803,0.9468,99254278.44,90861875.1,0.9045,direct,,ADA
2025-01-10,0.9739,0.9042,0.9045,66986909.74,62746307.51,0.9303,direct,,ADA
2025-01-11,1.016,0.9135,0.9303,54467588.38,52285351.6,0.9948,direct,,ADA
2025-01-12,1.036,0.961,0.9948,63729448.7,63781370.85,0.9672,direct,,ADA
2025-01-13,0.9931,0.8774,0.9672,111731320.73,103340415.03,0.9441,direct,,ADA
2025-01-14,1.01,0.9381,0.9441,78330080.73,76407554.31,0.9968,direct,,ADA
2025-01-15,1.089,0.9832,0.9968,123278843.83,128457012.77,1.076,direct,,ADA
2025-01-16,1.145,1.027,1.076,130167094.12,142017463.8,1.089,direct,,ADA
2025-01-17,1.167,1.086,1.089,106192256.96,119793757.8,1.134,direct,,ADA
2025-01-18,1.147,1.05,1.134,92607172.61,100045607.6,1.103,direct,,ADA
2025-01-19,1.151,0.9625,1.103,187413207.23,197018954.14,0.9919,direct,,ADA
2025-01-20,1.1,0.9602,0.9919,171057175.35,176354521.38,1.008,direct,,ADA
2025-01-21,1.029,0.9505,1.008,100608969.79,99794092.41,1.006,direct,,ADA
2025-01-22,1.02,0.9758,1.006,62426165.37,62221207.54,0.9821,direct,,ADA
2025-01-23,1.012,0.951,0.9821,88546917.4,86491144.4,0.9865,direct,,ADA
2025-01-24,1.009,0.9638,0.9865,61313131.94,60618614.52,0.9715,direct,,ADA
2025-01-25,0.9915,0.9644,0.9715,30907821.34,30263857.73,0.9764,direct,,ADA
2025-01-26,1.0,0.9517,0.9764,40644834.61,39914917.86,0.9528,direct,,ADA
2025-01-27,0.9583,0.8566,0.9528,121868199.52,110653490.87,0.9343,direct,,ADA
2025-01-28,0.9682,0.9028,0.9343,57577061.39,54338195.44,0.9164,direct,,ADA
2025-01-29,0.9764,0.9021,0.9164,71727029.17,66948610.67,0.9399,direct,,ADA
2025-01-30,0.9882,0.9367,0.9399,44810364.25,43249476.11,0.9596,direct,,ADA
2025-01-31,0.9834,0.9348,0.9596,51043594.23,48807656.32,0.9423,direct,,ADA
2025-02-01,0.957,0.8877,0.9423,41217341.29,37964475.06,0.8946,direct,,ADA
2025-02-02,0.9112,0.7524,0.8946,172420376.7,143149531.11,0.8043,direct,,ADA
2025-02-03,0.8266,0.5455,0.8043,419694804.42,298302763.81,0.8129,direct,,ADA
2025-02-04,0.8206,0.7156,0.8129,158006136.17,120141526.2,0.744,direct,,ADA
2025-02-05,0.7763,0.7252,0.744,81437706.97,61198403.02,0.7324,direct,,ADA
2025-02-06,0.7658,0.6987,0.7324,71432676.55,51895805.86,0.7053,direct,,ADA
2025-02-07,0.7533,0.6906,0.7053,80366755.04,58031953.25,0.7076,direct,,ADA
2025-02-08,0.7171,0.6817,0.7076,41845484.83,29173499.03,0.7008,direct,,ADA
2025-02-09,0.7159,0.6503,0.7008,70549764.91,48306942.4,0.6819,direct,,ADA
2025-02-10,0.7243,0.6637,0.6819,56897497.69,39688306.35,0.7121,direct,,ADA
2025-02-11,0.8224,0.7106,0.7121,182223442.95,141666402.39,0.7782,direct,,ADA
2025-02-12,0.8077,0.747,0.7782,101920559.43,79169555.83,0.7999,direct,,ADA
2025-02-13,0.8307,0.7698,0.7999,71776627.15,56987426.16,0.8107,direct,,ADA
2025-02-14,0.8289,0.7901,0.8107,60054401.23,48596640.25,0.8,direct,,ADA
2025-02-15,0.8139,0.7749,0.8,38100833.21,30193006.09,0.7811,direct,,ADA
2025-02-16,0.789,0.7621,0.7811,32131865.99,24934022.84,0.7714,direct,,ADA
2025-02-17,0.8288,0.7709,0.7714,96680020.37,77772253.59,0.809,direct,,ADA
2025-02-18,0.8138,0.7352,0.809,80773193.43,62015968.22,0.7536,direct,,ADA
2025-02-19,0.776,0.7322,0.7536,58249436.72,44231981.81,0.7738,direct,,ADA
2025-02-20,0.8112,0.7705,0.7738,50978642.9,40348797.52,0.8038,direct,,ADA
2025-02-21,0.8188,0.7502,0.8038,73233342.03,57505497.38,0.7617,direct,,ADA
2025-02-22,0.7842,0.7571,0.7617,30398542.54,23472727.74,0.7737,direct,,ADA
2025-02-23,0.7882,0.76,0.7737,31142403.3,23979182.14,0.7696,direct,,ADA
2025-02-24,0.7774,0.6701,0.7696,96187205.95,69031655.38,0.6814,direct,,ADA
2025-02-25,0.6944,0.6304,0.6814,150198473.78,99593593.12,0.6825,direct,,ADA
2025-02-26,0.6945,0.6307,0.6825,92905858.53,61708234.21,0.6463,direct,,ADA
2025-02-27,0.6791,0.625,0.6463,57173730.78,37420188.21,0.645,direct,,ADA
2025-02-28,0.6462,0.5797,0.645,106582507.86,65169623.9,0.6327,direct,,ADA
2025-03-01,0.6765,0.6251,0.6327,44413950.98,28713435.63,0.659,direct,,ADA
2025-03-02,1.168,0.6448,0.659,629279544.06,620855871.11,1.136,direct,,ADA
2025-03-03,1.172,0.824,1.136,542666735.11,525963422.64,0.8571,direct,,ADA
2025-03-04,0.9558,0.7577,0.8571,539289865.41,460494427.45,0.9408,direct,,ADA
2025-03-05,1.027,0.9139,0.9408,334347266.78,322115073.11,0.9742,direct,,ADA
2025-03-06,0.9884,0.8854,0.9742,230274045.23,214960807.91,0.9065,direct,,ADA
2025-03-07,0.9205,0.8066,0.9065,292466202.16,248800876.92,0.8181,direct,,ADA
2025-03-08,0.8387,0.7932,0.8181,95789483.22,78054905.24,0.8049,direct,,ADA
2025-03-09,0.8172,0.7089,0.8049,168966472.87,128196649.74,0.721,direct,,ADA
2025-03-10,0.7783,0.6579,0.721,216773624.8,154255817.29,0.6705,direct,,ADA
2025-03-11,0.7448,0.6476,0.6705,223199419.56,158365823.71,0.7238,direct,,ADA
2025-03-12,0.7684,0.711,0.7238,151467961.72,111246886.57,0.7357,direct,,ADA
2025-03-13,0.7401,0.6888,0.7357,157385822.86,112546821.64,0.7026,direct,,ADA
2025-03-14,0.7512,0.6963,0.7026,103347186.88,75014914.91,0.7372,direct,,ADA
2025-03-15,0.7594,0.7311,0.7372,59202350.26,44231065.24,0.7467,direct,,ADA
2025-03-16,0.7471,0.6949,0.7467,83000708.61,59101893.32,0.7048,direct,,ADA
2025-03-17,0.7301,0.7025,0.7048,74469476.57,53628485.22,0.7177,direct,,ADA
2025-03-18,0.7183,0.6817,0.7177,63244806.89,44093630.23,0.7016,direct,,ADA
2025-03-19,0.7474,0.7003,0.7016,115985565.45,84664139.35,0.7439,direct,,ADA
2025-03-20,0.755,0.7119,0.7439,75062248.83,54823491.58,0.7175,direct,,ADA
2025-03-21,0.7274,0.7003,0.7175,67852751.66,48212398.44,0.7047,direct,,ADA
2025-03-22,0.7157,0.6972,0.7047,35421665.31,24987447.46,0.7012,direct,,ADA
2025-03-23,0.7157,0.6918,0.7012,42592206.98,30061667.51,0.7104,direct,,ADA
2025-03-24,0.7459,0.7057,0.7104,99616855.58,72861912.79,0.732,direct,,ADA
2025-03-25,0.7663,0.7211,0.732,113277677.86,84590208.01,0.7448,direct,,ADA
2025-03-26,0.7744,0.7196,0.7448,84444258.21,63016834.67,0.7289,direct,,ADA
2025-03-27,0.7441,0.721,0.7289,44063837.33,32413535.24,0.7379,direct,,ADA
2025-03-28,0.746,0.6894,0.7379,72067252.94,50912959.92,0.7058,direct,,ADA
2025-03-29,0.7117,0.6588,0.7058,56695894.65,38406172.14,0.6729,direct,,ADA
2025-03-30,0.6872,0.6513,0.6729,38265518.49,25636571.3,0.661,direct,,ADA
2025-03-31,0.6653,0.6297,0.661,79472112.11,51766441.66,0.6616,direct,,ADA
2025-04-01,0.6941,0.6578,0.6616,59571081.72,40279627.5,0.6772,direct,,ADA
2025-04-02,0.7091,0.6347,0.6772,88146038.22,59341991.63,0.6398,direct,,ADA
2025-04-03,0.6573,0.6129,0.6398,85431064.55,54303108.87,0.6504,direct,,ADA
2025-04-04,0.6712,0.6273,0.6504,75974915.91,49447220.03,0.6601,direct,,ADA
2025-04-05,0.6672,0.6447,0.6601,26304751.09,17190598.79,0.6546,direct,,ADA
2025-04-06,0.6549,0.5597,0.6546,124113949.17,74094592.71,0.5732,direct,,ADA
2025-04-07,0.6042,0.5108,0.5732,256341160.83,143847050.22,0.586,direct,,ADA
2025-04-08,0.6198,0.5524,0.586,137787166.39,81172887.02,0.5579,direct,,ADA
2025-04-09,0.6459,0.5357,0.5579,203145457.61,119983239.66,0.6312,direct,,ADA
2025-04-10,0.6333,0.5855,0.6312,107527713.95,65627307.39,0.6092,direct,,ADA
2025-04-11,0.6445,0.6056,0.6092,84651974.3,52965418.82,0.6238,direct,,ADA
2025-04-12,0.6669,0.617,0.6238,70334394.85,45597968.15,0.6593,direct,,ADA
2025-04-13,0.6685,0.6299,0.6593,70026113.27,45511522.36,0.6377,direct,,ADA
2025-04-14,0.657,0.628,0.6377,61932571.86,39832806.77,0.6351,direct,,ADA
2025-04-15,0.6482,0.6071,0.6351,60030613.67,37817840.43,0.6092,direct,,ADA
2025-04-16,0.6243,0.5951,0.6092,48288561.73,29408146.71,0.6107,direct,,ADA
2025-04-17,0.6296,0.609,0.6107,30141545.07,18676908.25,0.6167,direct,,ADA
2025-04-18,0.6318,0.6104,0.6167,23207511.24,14393404.57,0.6273,direct,,ADA
2025-04-19,0.6349,0.619,0.6273,21736969.94,13641426.62,0.628,direct,,ADA
2025-04-20,0.6346,0.61,0.628,20819972.93,12942401.06,0.62,direct,,ADA
2025-04-21,0.6505,0.6161,0.62,44952948.55,28525200.8,0.6242,direct,,ADA
2025-04-22,0.6847,0.6158,0.6242,70142458.42,45850962.19,0.6794,direct,,ADA
2025-04-23,0.7179,0.6777,0.6794,71793167.92,50209696.47,0.6979,direct,,ADA
2025-04-24,0.7459,0.6703,0.6979,75579924.22,53941106.7,0.7221,direct,,ADA
2025-04-25,0.7332,0.7025,0.7221,73889135.34,53040954.14,0.714,direct,,ADA
2025-04-26,0.7345,0.7003,0.714,38322714.16,27339060.42,0.7073,direct,,ADA
2025-04-27,0.7176,0.6909,0.7073,40018965.62,28093656.87,0.7035,direct,,ADA
2025-04-28,0.729,0.6826,0.7035,71535733.08,50274206.15,0.7057,direct,,ADA
2025-04-29,0.7183,0.6893,0.7057,40360664.11,28503587.31,0.6961,direct,,ADA
2025-04-30,0.7036,0.6653,0.6961,54358313.1,37239287.39,0.6818,direct,,ADA
2025-05-01,0.7146,0.6817,0.6818,51448308.3,36108480.49,0.7053,direct,,ADA
2025-05-02,0.7255,0.6891,0.7053,58994825.32,41680094.12,0.6985,direct,,ADA
2025-05-03,0.7297,0.6921,0.6985,63009228.8,44840266.1,0.7,direct,,ADA
2025-05-04,0.7144,0.6723,0.7,45471111.73,31465577.78,0.6766,direct,,ADA
2025-05-05,0.6916,0.6542,0.6766,48074042.52,32141615.52,0.6625,direct,,ADA
2025-05-06,0.6805,0.6426,0.6625,48542384.86,31990950.01,0.6787,direct,,ADA
2025-05-07,0.689,0.6553,0.6787,37513271.54,25252911.02,0.6715,direct,,ADA
2025-05-08,0.7706,0.6702,0.6715,108019454.34,78541658.06,0.7694,direct,,ADA
2025-05-09,0.8179,0.753,0.7694,101626072.74,79449714.43,0.7774,direct,,ADA
2025-05-10,0.8437,0.7705,0.7774,85999769.17,69624662.75,0.841,direct,,ADA
2025-05-11,0.8465,0.7818,0.841,72737276.79,58654486.66,0.8052,direct,,ADA
2025-05-12,0.8641,0.7807,0.8052,141843612.61,117046599.01,0.8172,direct,,ADA
2025-05-13,0.8419,0.7722,0.8172,77005222.91,62296875.3,0.8302,direct,,ADA
2025-05-14,0.8333,0.7887,0.8302,78202430.67,63553499.44,0.7988,direct,,ADA
2025-05-15,0.8103,0.7448,0.7988,110626879.55,85336471.84,0.7624,direct,,ADA
2025-05-16,0.786,0.751,0.7624,52082190.79,40269493.81,0.759,direct,,ADA
2025-05-17,0.7813,0.7274,0.759,79939700.19,60093127.89,0.7431,direct,,ADA
2025-05-18,0.7766,0.7184,0.7431,76462345.43,57503553.89,0.76,direct,,ADA
2025-05-19,0.7649,0.7107,0.76,52489187.65,38469750.04,0.7427,direct,,ADA
2025-05-20,0.7537,0.723,0.7427,46293998.36,34190077.19,0.7461,direct,,ADA
2025-05-21,0.7843,0.7373,0.7461,80483776.47,61132840.27,0.7694,direct,,ADA
2025-05-22,0.8104,0.7691,0.7694,69259283.65,55143320.51,0.8092,direct,,ADA
2025-05-23,0.8413,0.7434,0.8092,106627901.92,84654376.42,0.7474,direct,,ADA
2025-05-24,0.7668,0.7413,0.7474,27922791.59,21083669.26,0.747,direct,,ADA
2025-05-25,0.7606,0.7284,0.747,38008597.62,28255662.97,0.7602,direct,,ADA
2025-05-26,0.7773,0.7515,0.7602,32189673.92,24565504.29,0.7603,direct,,ADA
2025-05-27,0.7756,0.7438,0.7603,44700209.32,34178002.1,0.7586,direct,,ADA
2025-05-28,0.7611,0.7324,0.7586,40443330.65,30286910.6,0.7478,direct,,ADA
2025-05-29,0.7652,0.7202,0.7478,48849896.27,36250767.85,0.7222,direct,,ADA
2025-05-30,0.7279,0.6828,0.7222,76933772.02,54085295.33,0.6893,direct,,ADA
2025-05-31,0.6953,0.6569,0.6893,54746542.46,37004631.25,0.6862,direct,,ADA
2025-06-01,0.6881,0.6552,0.6862,50962447.21,34293930.03,0.6856,direct,,ADA
2025-06-02,0.6922,0.6642,0.6856,38262783.32,25900764.83,0.69,direct,,ADA
2025-06-03,0.7075,0.6746,0.69,40324902.56,27887815.81,0.6842,direct,,ADA
2025-06-04,0.7028,0.6624,0.6842,35467952.85,24325777.57,0.6657,direct,,ADA
2025-06-05,0.69,0.6193,0.6657,79615916.9,51844923.28,0.6261,direct,,ADA
2025-06-06,0.6726,0.6217,0.6261,51416877.82,33462159.0,0.6559,direct,,ADA
2025-06-07,0.6711,0.6502,0.6559,24473171.19,16255895.25,0.6649,direct,,ADA
2025-06-08,0.6797,0.6523,0.6649,36499782.59,24416002.18,0.6702,direct,,ADA
2025-06-09,0.708,0.657,0.6702,45105565.87,30852276.49,0.7051,direct,,ADA
2025-06-10,0.7204,0.6867,0.7051,53781988.87,37896859.44,0.7167,direct,,ADA
2025-06-11,0.7314,0.6912,0.7167,54519224.32,39010041.57,0.6982,direct,,ADA
2025-06-12,0.7001,0.6573,0.6982,44974925.05,30528242.33,0.6618,direct,,ADA
2025-06-13,0.6619,0.618,0.6618,79313468.49,50300706.59,0.6424,direct,,ADA
2025-06-14,0.6429,0.6136,0.6424,25405964.25,15966431.15,0.6251,direct,,ADA
2025-06-15,0.636,0.6211,0.6251,19303812.32,12147169.16,0.6334,direct,,ADA
2025-06-16,0.6577,0.625,0.6334,43492013.94,28103540.68,0.6303,direct,,ADA
2025-06-17,0.6425,0.6,0.6303,50008112.07,30968307.86,0.609,direct,,ADA
2025-06-18,0.6216,0.5885,0.609,50558765.91,30360939.99,0.6042,direct,,ADA
2025-06-19,0.6116,0.5901,0.6042,35961001.14,21594924.54,0.6021,direct,,ADA
2025-06-20,0.6069,0.5615,0.6021,46443335.97,27141822.73,0.5776,direct,,ADA
2025-06-21,0.5883,0.5447,0.5776,41885295.1,23751658.83,0.5565,direct,,ADA
2025-06-22,0.5641,0.5102,0.5565,92956946.81,49631202.5,0.542,direct,,ADA
2025-06-23,0.5867,0.5291,0.542,84105134.38,46680245.52,0.5827,direct,,ADA
2025-06-24,0.5939,0.5768,0.5827,47284368.47,27649772.77,0.5877,direct,,ADA
2025-06-25,0.5909,0.5635,0.5877,47872935.13,27635158.17,0.5673,direct,,ADA
2025-06-26,0.5818,0.5502,0.5673,40164106.17,22593849.82,0.5546,direct,,ADA
2025-06-27,0.563,0.5454,0.5546,33981228.26,18851448.72,0.5589,direct,,ADA
2025-06-28,0.5688,0.5557,0.5589,21296183.06,11966558.04,0.5658,direct,,ADA
2025-06-29,0.5856,0.5553,0.5658,39282544.84,22332617.53,0.5775,direct,,ADA
2025-06-30,0.5905,0.5564,0.5775,66196725.85,37840311.63,0.5725,direct,,ADA
2025-07-01,0.5765,0.5369,0.5725,51799321.18,28760855.13,0.5422,direct,,ADA
2025-07-02,0.5997,0.539,0.5422,75871883.99,43872104.0,0.5841,direct,,ADA
2025-07-03,0.6113,0.5829,0.5841,58858125.89,35182828.99,0.5994,direct,,ADA
2025-07-04,0.6036,0.5632,0.5994,57439150.09,33089784.21,0.5726,direct,,ADA
2025-07-05,0.5834,0.5692,0.5726,32221824.35,18537931.51,0.5756,direct,,ADA
2025-07-06,0.5929,0.5711,0.5756,29156419.3,16968569.25,0.5859,direct,,ADA
2025-07-07,0.5946,0.574,0.5859,82855383.32,48546955.06,0.5805,direct,,ADA
2025-07-08,0.592,0.5723,0.5805,46458193.71,27097258.23,0.5885,direct,,ADA
2025-07-09,0.5997,0.5842,0.5885,22403736.68,13210603.98,0.5946,direct,,ADA
