time,high,low,open,volumefrom,volumeto,close,conversionType,conversionSymbol,symbol
2020-01-17,18.46,17.37,17.04,1673358.85,30185243.79,18.04,multiply,BTC,BNB
2020-01-18,18.27,17.64,18.04,1226053.85,21802821.06,17.78,multiply,BTC,BNB
2020-01-19,17.56,16.9,17.78,1015033.24,17649169.41,17.39,multiply,BTC,BNB
2020-01-20,17.36,16.98,17.39,1035420.15,17897576.97,17.29,multiply,BTC,BNB
2020-01-21,18.13,17.4,17.29,1319313.66,23850378.83,18.08,multiply,BTC,BNB
2020-01-22,18.19,17.6,18.08,1002618.25,17849163.57,17.8,multiply,BTC,BNB
2020-01-23,17.24,16.86,17.8,822283.36,14005125.35,17.03,multiply,BTC,BNB
2020-01-24,17.33,16.75,17.03,847229.4,14458751.47,17.07,multiply,BTC,BNB
2020-01-25,18.8,16.41,16.51,131038.17,2197029.41,16.51,direct,,BNB
2020-01-26,17.63,17.39,16.97,913159.17,15962036.76,17.48,multiply,BTC,BNB
2020-01-27,18.11,17.55,17.48,729650.81,12875854.54,17.65,multiply,BTC,BNB
2020-01-28,18.73,17.96,17.65,740178.36,13395989.4,18.1,multiply,BTC,BNB
2020-01-29,18.27,17.76,18.1,793784.43,14182237.09,17.87,multiply,BTC,BNB
2020-01-30,18.62,18.16,17.87,1022815.87,18969852.71,18.55,multiply,BTC,BNB
2020-01-31,18.67,18.0,18.55,838455.53,15297935.72,18.25,multiply,BTC,BNB
2020-02-01,18.47,18.13,18.25,741126.88,13520652.48,18.24,multiply,BTC,BNB
2020-02-02,18.58,18.05,18.24,883365.33,16284966.84,18.44,multiply,BTC,BNB
2020-02-03,18.5,18.14,18.44,779911.87,14380471.78,18.44,multiply,BTC,BNB
2020-02-04,18.3,17.95,18.44,677867.69,12291777.85,18.13,multiply,BTC,BNB
2020-02-05,19.68,18.96,18.13,1258613.93,24242522.47,19.26,multiply,BTC,BNB
2020-02-06,20.7,19.39,19.26,1623400.43,33496597.71,20.63,multiply,BTC,BNB
2020-02-07,22.48,20.53,20.63,1971308.87,43446434.98,22.04,multiply,BTC,BNB
2020-02-08,22.42,21.36,22.04,1358671.33,29600079.15,21.79,multiply,BTC,BNB
2020-02-09,24.36,22.33,21.79,1769754.29,43090329.03,24.35,multiply,BTC,BNB
2020-02-10,25.59,23.21,24.35,2624871.76,65958088.55,25.13,multiply,BTC,BNB
2020-02-11,26.38,24.66,25.13,1897500.0,48968929.73,25.81,multiply,BTC,BNB
2020-02-12,26.86,25.41,25.81,1753500.57,46433313.85,26.48,multiply,BTC,BNB
2020-02-13,26.8,24.93,26.48,1815857.25,46232633.8,25.46,multiply,BTC,BNB
2020-02-14,26.57,25.62,25.46,1945359.67,51394347.21,26.42,multiply,BTC,BNB
2020-02-15,25.61,23.69,26.42,1941086.0,47068409.58,24.25,multiply,BTC,BNB
2020-02-16,24.95,22.43,24.25,2004631.68,46837518.66,23.36,multiply,BTC,BNB
2020-02-17,23.63,21.83,23.36,1911329.93,44878029.81,23.48,multiply,BTC,BNB
2020-02-18,25.03,23.98,23.48,1540359.36,37126071.24,24.1,multiply,BTC,BNB
2020-02-19,23.12,22.0,24.1,1143071.39,25574692.81,22.37,multiply,BTC,BNB
2020-02-20,22.64,21.37,22.37,1174459.84,26057410.68,22.19,multiply,BTC,BNB
2020-02-21,22.8,21.94,22.19,1345813.18,29887952.88,22.21,multiply,BTC,BNB
2020-02-22,22.34,21.72,22.21,1087781.55,23944511.77,22.01,multiply,BTC,BNB
2020-02-23,23.15,22.67,22.01,1572310.57,36065690.69,22.94,multiply,BTC,BNB
2020-02-24,22.67,21.83,22.94,1102988.71,24356990.68,22.08,multiply,BTC,BNB
2020-02-25,21.32,20.12,22.08,1127987.65,22929625.52,20.33,multiply,BTC,BNB
2020-02-26,19.26,18.1,20.33,1443703.76,27066185.62,18.75,multiply,BTC,BNB
2020-02-27,19.42,18.28,18.75,1943282.26,37251009.86,19.17,multiply,BTC,BNB
2020-02-28,19.4,18.45,19.17,1618685.01,30880959.44,19.08,multiply,BTC,BNB
2020-02-29,19.92,18.54,19.08,2202690.72,42483473.56,19.29,multiply,BTC,BNB
2020-03-01,19.65,18.72,19.29,1706157.77,32367645.69,18.97,multiply,BTC,BNB
2020-03-02,20.17,19.69,18.97,2081314.36,41510854.68,19.94,multiply,BTC,BNB
2020-03-03,20.14,19.43,19.94,1789847.51,35222322.52,19.68,multiply,BTC,BNB
2020-03-04,20.16,19.64,19.68,2253951.35,45088535.07,20.0,multiply,BTC,BNB
2020-03-05,21.39,20.6,20.0,2690243.0,55955675.49,20.8,multiply,BTC,BNB
2020-03-06,21.8,20.96,20.8,2970026.14,63636232.14,21.43,multiply,BTC,BNB
2020-03-07,20.98,19.85,21.43,2033475.03,41280522.43,20.3,multiply,BTC,BNB
2020-03-08,18.48,16.84,20.3,1782566.67,30191728.03,16.94,multiply,BTC,BNB
2020-03-09,17.37,16.24,16.94,2089749.26,34764177.62,16.64,multiply,BTC,BNB
2020-03-10,17.01,16.44,16.64,2285162.07,38534673.73,16.86,multiply,BTC,BNB
2020-03-11,17.13,16.14,16.86,1592411.91,26417972.95,16.59,multiply,BTC,BNB
2020-03-12,10.28,8.875,16.59,3521250.75,33154807.23,9.416,multiply,BTC,BNB
2020-03-13,11.61,9.423,9.416,5153903.25,56956413.39,11.05,multiply,BTC,BNB
2020-03-14,10.46,10.1,11.05,3438620.96,34923560.15,10.16,multiply,BTC,BNB
2020-03-15,10.69,10.15,10.16,3139645.76,32545045.83,10.37,multiply,BTC,BNB
2020-03-16,9.843,9.318,10.37,2434247.91,23026463.82,9.459,multiply,BTC,BNB
2020-03-17,10.39,9.96,9.459,3184532.47,32738054.75,10.28,multiply,BTC,BNB
2020-03-18,10.6,10.31,10.28,2602141.62,27128766.83,10.43,multiply,BTC,BNB
2020-03-19,12.33,11.79,10.43,2819044.2,34661674.78,12.3,multiply,BTC,BNB
2020-03-20,12.53,11.24,12.3,2474032.0,29466112.91,11.91,multiply,BTC,BNB
2020-03-21,12.11,11.77,11.91,3065282.21,37126899.36,12.11,multiply,BTC,BNB
2020-03-22,11.41,11.09,12.11,2366145.76,26463494.38,11.18,multiply,BTC,BNB
2020-03-23,12.51,12.11,11.18,1923955.67,23561043.94,12.25,multiply,BTC,BNB
2020-03-24,12.75,12.36,12.25,1609142.29,20047303.52,12.46,multiply,BTC,BNB
2020-03-25,12.57,12.22,12.46,1486234.31,18336310.32,12.34,multiply,BTC,BNB
2020-03-26,13.3,12.37,12.34,1898084.71,25154063.83,13.25,multiply,BTC,BNB
2020-03-27,12.57,12.24,13.25,1516240.68,18784728.22,12.39,multiply,BTC,BNB
2020-03-28,12.3,11.97,12.39,1635904.26,19976211.73,12.21,multiply,BTC,BNB
2020-03-29,11.52,11.29,12.21,1473218.49,16655601.87,11.31,multiply,BTC,BNB
2020-03-30,12.42,12.06,11.31,1404192.89,17083816.51,12.17,multiply,BTC,BNB
2020-03-31,12.73,12.13,12.28,261436.19,3260516.41,12.55,direct,,BNB
2020-04-01,13.17,12.71,12.57,2076171.69,26549057.88,12.79,multiply,BTC,BNB
2020-04-02,13.3,12.89,12.79,2295089.02,29906075.54,13.03,multiply,BTC,BNB
2020-04-03,13.43,12.89,13.03,2690262.11,36030541.84,13.39,multiply,BTC,BNB
2020-04-04,14.06,13.19,13.37,397480.98,5416100.67,13.76,direct,,BNB
2020-04-05,13.96,13.42,13.76,348270.56,4777737.34,13.69,direct,,BNB
2020-04-06,15.33,14.63,13.7,2575544.92,39189730.05,15.22,multiply,BTC,BNB
2020-04-07,15.02,14.45,15.22,2167616.01,31907327.35,14.72,multiply,BTC,BNB
2020-04-08,15.53,15.11,14.71,1928960.0,29158448.13,15.12,multiply,ETH,BNB
2020-04-09,15.09,14.81,15.12,1738406.09,26127242.21,15.03,multiply,ETH,BNB
2020-04-10,14.45,13.74,15.03,2199485.11,30229262.34,13.74,multiply,ETH,BNB
2020-04-11,14.05,13.69,13.74,2076081.56,28744479.0,13.85,multiply,ETH,BNB
2020-04-12,14.43,13.82,13.85,2358183.0,33715001.31,14.3,multiply,ETH,BNB
2020-04-13,15.13,14.02,14.3,2892890.56,43560730.63,15.06,multiply,ETH,BNB
2020-04-14,15.91,15.08,15.06,2978056.62,46547114.31,15.63,multiply,ETH,BNB
2020-04-15,15.33,14.51,15.63,2826565.31,41208023.62,14.58,multiply,ETH,BNB
2020-04-16,16.84,15.47,14.58,2980607.57,46917808.74,15.74,multiply,ETH,BNB
2020-04-17,15.89,15.35,15.74,2597134.97,40706809.43,15.67,multiply,ETH,BNB
2020-04-18,17.46,16.56,15.67,2888310.79,48083091.49,16.65,multiply,ETH,BNB
2020-04-19,16.27,15.87,16.65,2872951.94,46184160.75,16.08,multiply,ETH,BNB
2020-04-20,15.33,14.85,16.08,2849931.63,42697937.87,14.98,multiply,ETH,BNB
2020-04-21,15.32,14.87,14.98,2437121.9,36861346.88,15.12,multiply,ETH,BNB
2020-04-22,16.23,15.66,15.12,2513976.71,39615027.79,15.76,multiply,ETH,BNB
2020-04-23,16.15,15.67,15.76,2518261.98,40451287.41,16.06,multiply,ETH,BNB
2020-04-24,16.27,15.88,16.06,2317085.25,36950539.95,15.95,multiply,ETH,BNB
2020-04-25,22.61,15.97,15.95,2282418.12,37060528.45,16.24,multiply,ETH,BNB
2020-04-26,16.63,16.27,16.24,2374416.54,38968412.33,16.41,multiply,ETH,BNB
2020-04-27,16.63,16.15,16.41,2431038.67,39887306.85,16.41,multiply,ETH,BNB
2020-04-28,16.65,16.27,16.41,2356761.07,38531212.29,16.35,multiply,ETH,BNB
2020-04-29,17.95,17.08,16.35,2834795.45,49335382.46,17.4,multiply,ETH,BNB
2020-04-30,17.09,16.32,17.4,2826433.16,48039889.52,17.0,multiply,ETH,BNB
2020-05-01,17.72,17.25,17.0,2795874.14,48770764.94,17.44,multiply,ETH,BNB
2020-05-02,17.64,17.42,17.44,2530162.72,44414161.38,17.55,multiply,ETH,BNB
2020-05-03,17.29,16.92,17.55,2776334.92,47530548.43,17.12,multiply,ETH,BNB
2020-05-04,17.52,16.83,17.12,2601440.8,44294792.86,17.03,multiply,ETH,BNB
2020-05-05,17.16,16.72,17.03,2479675.91,41923618.76,16.91,multiply,ETH,BNB
2020-05-06,16.45,16.1,16.91,2534452.73,41509180.64,16.38,multiply,ETH,BNB
2020-05-07,17.5,16.87,16.38,2744395.08,46731083.54,17.03,multiply,ETH,BNB
2020-05-08,17.26,16.84,17.03,2465816.14,42308496.51,17.16,multiply,ETH,BNB
2020-05-09,17.22,15.81,17.16,2540218.52,42695992.88,16.81,multiply,ETH,BNB
2020-05-10,15.37,14.27,16.81,2803964.93,43020592.37,15.34,multiply,ETH,BNB
2020-05-11,15.21,14.65,15.34,2600979.65,39238433.1,15.09,multiply,ETH,BNB
2020-05-12,16.07,15.18,15.09,2400773.7,37890424.59,15.78,multiply,ETH,BNB
2020-05-13,16.86,16.17,15.78,2294688.6,37205692.01,16.21,multiply,ETH,BNB
2020-05-14,16.81,16.28,16.21,2271738.58,37191373.79,16.37,multiply,ETH,BNB
2020-05-15,15.95,15.58,16.37,2036900.44,31972362.56,15.7,multiply,ETH,BNB
2020-05-16,19.02,15.93,15.7,2034088.15,32624322.65,16.04,multiply,ETH,BNB
2020-05-17,16.72,16.18,16.04,2095591.85,34140116.26,16.29,multiply,ETH,BNB
2020-05-18,17.05,16.55,16.29,2149906.71,35745518.29,16.63,multiply,ETH,BNB
2020-05-19,17.27,13.61,16.63,1982296.54,34121916.57,17.21,multiply,ETH,BNB
2020-05-20,16.99,16.71,17.21,1903979.46,32143804.71,16.88,multiply,ETH,BNB
2020-05-21,18.94,12.47,16.88,2008734.13,32347079.58,16.1,multiply,ETH,BNB
2020-05-22,16.98,14.14,16.1,1992555.04,33028954.19,16.58,multiply,ETH,BNB
2020-05-23,18.55,13.51,16.58,1832851.39,30224683.5,16.49,multiply,ETH,BNB
2020-05-24,16.07,15.81,16.49,1842769.36,29392973.27,15.95,multiply,ETH,BNB
2020-05-25,16.4,16.22,15.95,1955771.88,32029644.79,16.38,multiply,ETH,BNB
2020-05-26,16.3,16.02,16.38,1872809.23,30360221.3,16.21,multiply,ETH,BNB
2020-05-27,18.31,14.11,16.21,1882334.36,30988921.02,16.46,multiply,ETH,BNB
2020-05-28,17.67,17.08,16.46,2047984.66,35019894.62,17.1,multiply,ETH,BNB
2020-05-29,17.14,16.78,17.1,2034499.99,34561132.06,16.99,multiply,ETH,BNB
2020-05-30,18.9,17.49,16.99,1296370.84,23015531.05,17.75,multiply,ETH,BNB
2020-05-31,17.41,16.77,17.75,2117312.49,36189962.17,17.09,multiply,ETH,BNB
2020-06-01,18.36,17.76,17.09,1793169.16,32152761.04,17.93,multiply,ETH,BNB
2020-06-02,17.33,16.68,17.94,1974156.02,34105682.27,17.28,multiply,BTC,BNB
2020-06-03,18.02,17.53,17.26,1005109.23,17666329.72,17.58,multiply,ETH,BNB
2020-06-04,17.69,17.32,17.58,1064330.68,18630220.37,17.5,multiply,ETH,BNB
2020-06-05,17.71,17.22,17.5,1140013.72,20119282.25,17.65,multiply,ETH,BNB
2020-06-06,17.86,17.52,17.65,1020365.08,17888462.65,17.53,multiply,ETH,BNB
2020-06-07,17.86,17.37,17.53,1114956.02,19451277.43,17.45,multiply,ETH,BNB
2020-06-08,17.75,17.34,17.45,761578.31,13268951.71,17.42,multiply,ETH,BNB
2020-06-09,17.47,17.1,17.42,807094.43,14039213.91,17.39,multiply,ETH,BNB
2020-06-10,17.75,17.37,17.39,962446.29,16782737.16,17.44,multiply,ETH,BNB
2020-06-11,16.43,16.09,17.44,1079386.26,17510773.95,16.22,multiply,ETH,BNB
2020-06-12,16.89,16.51,16.22,1009410.77,16769893.88,16.61,multiply,ETH,BNB
2020-06-13,16.88,16.62,16.61,856213.51,14415795.28,16.84,multiply,ETH,BNB
2020-06-14,16.56,16.31,16.84,770141.79,12741150.53,16.54,multiply,ETH,BNB
2020-06-15,16.61,16.2,16.54,1102931.84,18046858.11,16.36,multiply,ETH,BNB
2020-06-16,16.91,16.35,16.36,904601.46,14836858.39,16.4,multiply,ETH,BNB
2020-06-17,16.59,12.47,16.4,967199.14,15826472.97,16.36,multiply,ETH,BNB
2020-06-18,16.37,16.07,16.36,811526.34,13089100.22,16.13,multiply,ETH,BNB
2020-06-19,22.02,15.91,16.13,776547.8,12396776.46,15.96,multiply,ETH,BNB
2020-06-20,16.09,15.85,15.96,725061.21,11653659.26,16.07,multiply,ETH,BNB
2020-06-21,16.17,15.84,16.07,598282.76,9533294.88,15.93,multiply,ETH,BNB
2020-06-22,17.13,16.23,15.93,718364.38,11842960.92,16.49,multiply,ETH,BNB
2020-06-23,16.44,16.3,16.51,682139.82,11180396.41,16.39,multiply,BTC,BNB
2020-06-24,16.21,15.79,16.39,873778.38,13974468.47,15.99,multiply,BTC,BNB
2020-06-25,16.02,15.86,15.99,665242.24,10580219.95,15.9,multiply,BTC,BNB
2020-06-26,15.84,15.62,15.9,547186.96,8624234.73,15.76,multiply,BTC,BNB
2020-06-27,15.56,15.06,15.76,917967.26,13882407.91,15.12,multiply,BTC,BNB
2020-06-28,15.43,15.12,15.12,1294630.96,19919318.73,15.39,multiply,BTC,BNB
2020-06-29,15.67,15.41,15.39,1171921.58,18141595.62,15.48,multiply,BTC,BNB
2020-06-30,15.46,15.32,15.48,1278246.28,19690218.72,15.4,multiply,BTC,BNB
2020-07-01,15.93,15.52,15.4,1114770.27,17642597.95,15.83,multiply,BTC,BNB
2020-07-02,15.71,15.28,15.83,1071885.51,16471484.56,15.37,multiply,BTC,BNB
2020-07-03,15.39,15.26,15.37,1019542.48,15584778.92,15.29,multiply,BTC,BNB
2020-07-04,15.57,15.38,15.29,1134100.18,17656994.64,15.57,multiply,BTC,BNB
2020-07-05,15.51,15.37,15.57,1038243.75,16094873.38,15.5,multiply,BTC,BNB
2020-07-06,16.35,15.81,15.5,1178283.66,19218516.12,16.31,multiply,BTC,BNB
2020-07-07,16.83,16.05,16.31,1718653.19,28860962.3,16.79,multiply,BTC,BNB
2020-07-08,17.6,16.98,16.79,1541774.07,26617645.14,17.26,multiply,BTC,BNB
2020-07-09,17.18,16.52,17.26,1276259.25,21483740.21,16.83,multiply,BTC,BNB
2020-07-10,17.42,16.71,16.83,1095544.03,18957957.7,17.3,multiply,BTC,BNB
2020-07-11,17.66,17.09,17.28,250462.07,4413332.65,17.62,multiply,ETH,BNB
2020-07-12,18.68,17.73,17.63,1270696.76,23270994.76,18.31,multiply,BTC,BNB
2020-07-13,18.83,17.65,18.31,1656588.17,30484331.55,18.4,multiply,BTC,BNB
2020-07-14,18.8,17.94,18.4,1272923.73,23046122.37,18.1,multiply,BTC,BNB
2020-07-15,18.01,17.4,18.1,1034794.58,18208062.35,17.6,multiply,BTC,BNB
2020-07-16,17.58,16.66,17.6,966155.12,16571691.59,17.15,multiply,BTC,BNB
2020-07-17,17.56,17.01,17.15,855831.41,14615386.75,17.08,multiply,BTC,BNB
2020-07-18,17.3,16.92,17.08,829914.03,14242487.8,17.16,multiply,BTC,BNB
2020-07-19,18.42,17.2,17.15,242985.32,4376959.2,18.01,multiply,ETH,BNB
2020-07-20,18.27,17.28,18.02,1255209.49,21936730.08,17.48,multiply,BTC,BNB
2020-07-21,18.16,17.59,17.48,1012506.67,17955452.11,17.73,multiply,BTC,BNB
2020-07-22,18.19,17.79,17.73,919998.8,16671073.78,18.12,multiply,BTC,BNB
2020-07-23,18.78,18.24,18.12,1216153.69,22837548.31,18.78,multiply,BTC,BNB
2020-07-24,19.48,18.34,18.78,1479733.09,28404900.61,19.2,multiply,BTC,BNB
2020-07-25,20.19,19.48,19.2,1594963.57,31619472.08,19.82,multiply,BTC,BNB
2020-07-26,20.64,19.34,19.82,1432360.52,28039628.41,19.58,multiply,BTC,BNB
2020-07-27,21.9,19.06,19.58,1944877.65,38465606.45,19.78,multiply,BTC,BNB
2020-07-28,20.55,19.33,19.78,1461855.48,29520316.65,20.19,multiply,BTC,BNB
2020-07-29,20.72,19.63,20.19,1087850.86,21650041.91,19.9,multiply,BTC,BNB
2020-07-30,20.14,19.73,19.9,946766.62,18939676.17,20.0,multiply,BTC,BNB
2020-07-31,21.34,20.23,20.0,1081846.61,22377624.8,20.68,multiply,BTC,BNB
2020-08-01,21.81,21.05,20.68,1119493.75,24213016.49,21.63,multiply,BTC,BNB
2020-08-02,20.98,19.74,21.63,1185966.63,24851063.79,20.95,multiply,BTC,BNB
2020-08-03,22.53,21.07,20.95,1346824.62,29732829.54,22.08,multiply,BTC,BNB
2020-08-04,22.38,21.69,22.08,1163343.54,25954195.24,22.31,multiply,BTC,BNB
2020-08-05,24.41,23.07,22.31,1742688.36,40591678.59,23.29,multiply,BTC,BNB
2020-08-06,23.38,22.57,23.29,972430.83,22126559.74,22.75,multiply,BTC,BNB
2020-08-07,22.65,21.91,22.75,974040.52,21757487.42,22.34,multiply,BTC,BNB
2020-08-08,23.0,22.26,22.34,906052.36,20775291.31,22.93,multiply,BTC,BNB
2020-08-09,22.85,22.32,22.93,777942.16,17464380.73,22.45,multiply,BTC,BNB
2020-08-10,22.9,22.25,22.45,817134.98,18500566.15,22.64,multiply,BTC,BNB
2020-08-11,21.8,21.0,22.64,892521.66,18957609.58,21.24,multiply,BTC,BNB
2020-08-12,22.15,21.24,21.24,1111680.84,23923986.88,21.52,multiply,BTC,BNB
2020-08-13,22.0,21.48,21.52,1117631.61,24365450.21,21.8,multiply,BTC,BNB
2020-08-14,23.44,21.45,21.8,1816239.62,42000826.87,23.13,multiply,BTC,BNB
2020-08-15,23.78,22.6,23.13,1259495.31,29011072.92,23.03,multiply,BTC,BNB
2020-08-16,23.93,22.86,23.03,1451960.16,34158920.4,23.53,multiply,BTC,BNB
2020-08-17,24.36,23.03,23.53,1149681.26,27068644.74,23.54,multiply,BTC,BNB
2020-08-18,23.21,22.54,23.54,1120624.45,25779597.41,23.0,multiply,BTC,BNB
2020-08-19,22.8,22.12,23.0,878405.62,19658703.82,22.38,multiply,BTC,BNB
2020-08-20,23.43,22.37,22.38,1162863.72,26859940.41,23.1,multiply,BTC,BNB
2020-08-21,22.66,21.79,23.1,1066492.15,23530387.34,22.06,multiply,BTC,BNB
2020-08-22,22.38,21.82,22.06,852471.48,18942325.2,22.22,multiply,BTC,BNB
2020-08-23,22.25,21.63,22.22,659712.98,14412485.59,21.85,multiply,BTC,BNB
2020-08-24,22.87,21.96,21.85,833743.83,18848911.33,22.61,multiply,BTC,BNB
2020-08-25,21.89,21.11,22.61,915700.59,19609506.9,21.41,multiply,BTC,BNB
2020-08-26,22.59,21.65,21.41,1075187.74,23893717.4,22.22,multiply,BTC,BNB
2020-08-27,23.19,21.94,22.22,1331127.13,30784460.42,23.13,multiply,BTC,BNB
2020-08-28,23.88,22.84,23.13,1073957.18,24801419.85,23.09,multiply,BTC,BNB
2020-08-29,23.4,22.73,23.09,933885.67,21453632.97,22.97,multiply,BTC,BNB
2020-08-30,23.96,23.14,22.97,820311.8,19395433.92,23.64,multiply,BTC,BNB
2020-08-31,23.83,23.0,23.64,748154.88,17321589.02,23.15,multiply,BTC,BNB
2020-09-01,25.34,23.09,23.15,2052863.69,50779543.98,24.74,multiply,BTC,BNB
2020-09-02,25.04,23.62,24.74,2692285.64,66528120.61,24.71,multiply,BTC,BNB
2020-09-03,22.76,20.32,24.71,2818468.77,57411051.13,20.37,multiply,BTC,BNB
2020-09-04,21.78,20.32,20.37,1392825.79,29289546.86,21.03,multiply,BTC,BNB
2020-09-05,20.75,18.53,21.03,1723940.69,33603049.33,19.49,multiply,BTC,BNB
2020-09-06,23.51,20.02,19.48,864231.34,20028785.92,23.18,multiply,ETH,BNB
2020-09-07,23.74,21.08,23.21,2356484.85,52927425.3,22.46,multiply,BTC,BNB
2020-09-08,23.4,21.63,22.46,2091443.85,48636794.1,23.26,multiply,BTC,BNB
2020-09-09,24.53,22.93,23.26,1696961.78,41607048.11,24.52,multiply,BTC,BNB
2020-09-10,25.51,24.03,24.52,1606020.39,39361818.7,24.51,multiply,BTC,BNB
2020-09-11,25.79,23.5,24.51,1455763.05,37011803.82,25.42,multiply,BTC,BNB
2020-09-12,28.56,25.51,25.42,2014721.92,57487043.73,28.53,multiply,BTC,BNB
2020-09-13,31.75,27.9,28.53,3422664.44,106729159.08,31.18,multiply,BTC,BNB
2020-09-14,33.78,29.49,31.18,2927976.69,91233729.2,31.16,multiply,BTC,BNB
2020-09-15,31.64,26.79,31.16,3108449.08,84260658.03,27.11,multiply,BTC,BNB
2020-09-16,28.63,26.53,27.11,2388025.85,66513560.3,27.85,multiply,BTC,BNB
2020-09-17,28.67,26.27,27.85,1819461.11,49307699.28,27.1,multiply,BTC,BNB
2020-09-18,28.55,26.7,27.1,1697189.49,46966090.04,27.67,multiply,BTC,BNB
2020-09-19,28.36,27.0,27.67,971719.05,26429960.32,27.2,multiply,BTC,BNB
2020-09-20,27.17,25.27,27.2,903691.63,23826142.41,26.37,multiply,BTC,BNB
2020-09-21,25.39,22.26,26.37,1307448.49,30102810.92,23.02,multiply,BTC,BNB
2020-09-22,24.61,23.05,23.02,952262.26,22902658.3,24.05,multiply,BTC,BNB
2020-09-23,23.73,22.66,24.05,1065277.57,24310382.62,22.82,multiply,BTC,BNB
2020-09-24,24.87,23.75,22.82,873872.54,21470345.07,24.57,multiply,BTC,BNB
2020-09-25,25.03,24.01,24.57,859724.82,21219752.9,24.68,multiply,BTC,BNB
2020-09-26,26.47,24.61,24.68,989044.92,25915207.63,26.2,multiply,BTC,BNB
2020-09-27,26.93,25.62,26.2,991225.72,26022529.33,26.25,multiply,BTC,BNB
2020-09-28,27.28,25.44,26.25,1029240.84,27771880.02,26.98,multiply,BTC,BNB
2020-09-29,29.1,27.26,26.98,1129989.52,32574196.72,28.83,multiply,BTC,BNB
2020-09-30,29.64,28.13,28.83,1140073.47,33451558.34,29.34,multiply,BTC,BNB
2020-10-01,28.92,26.56,29.34,1132360.89,31094530.56,27.46,multiply,BTC,BNB
2020-10-02,28.13,26.1,27.46,1021184.21,27909003.02,27.33,multiply,BTC,BNB
2020-10-03,28.42,27.12,27.33,1013832.09,28627839.35,28.24,multiply,BTC,BNB
2020-10-04,29.3,28.36,28.24,1057509.81,30696061.12,29.03,multiply,BTC,BNB
2020-10-05,29.58,28.42,29.03,735714.28,21046608.94,28.61,multiply,BTC,BNB
2020-10-06,28.65,27.31,28.61,919123.37,25467061.79,27.71,multiply,BTC,BNB
2020-10-07,27.94,27.07,27.71,739026.88,20475664.47,27.71,multiply,BTC,BNB
2020-10-08,28.39,27.39,27.71,614767.69,17032771.45,27.71,multiply,BTC,BNB
2020-10-09,28.62,27.88,27.71,777058.97,22067656.54,28.4,multiply,BTC,BNB
2020-10-10,29.45,28.16,28.4,720292.77,20465064.05,28.41,multiply,BTC,BNB
2020-10-11,28.71,28.05,28.41,700518.35,19993602.52,28.54,multiply,BTC,BNB
2020-10-12,31.37,28.91,28.54,1379789.67,42385539.65,30.72,multiply,BTC,BNB
2020-10-13,31.59,30.17,30.72,1348814.35,41446344.16,30.73,multiply,BTC,BNB
2020-10-14,31.32,30.55,30.73,739477.61,22828072.62,30.87,multiply,BTC,BNB
2020-10-15,31.95,30.96,30.87,934894.16,29329175.24,31.37,multiply,BTC,BNB
2020-10-16,31.4,29.62,31.37,811149.72,24337116.68,30.0,multiply,BTC,BNB
2020-10-17,30.61,29.91,30.0,750322.78,22696751.36,30.25,multiply,BTC,BNB
2020-10-18,31.27,30.58,30.25,798862.37,24511513.63,30.68,multiply,BTC,BNB
2020-10-19,31.33,29.86,30.68,626177.3,18736013.55,29.92,multiply,BTC,BNB
2020-10-20,30.63,28.33,29.92,1058344.77,30521378.15,28.84,multiply,BTC,BNB
2020-10-21,31.39,28.53,28.84,885643.04,26383731.93,29.79,multiply,BTC,BNB
2020-10-22,31.63,29.96,29.79,977995.39,30033212.51,30.71,multiply,BTC,BNB
2020-10-23,31.06,30.4,30.71,691407.65,21190418.47,30.65,multiply,BTC,BNB
2020-10-24,31.24,30.44,30.65,594984.79,18243804.23,30.66,multiply,BTC,BNB
2020-10-25,31.04,30.02,30.66,531230.48,16024205.52,30.16,multiply,BTC,BNB
2020-10-26,31.43,30.06,30.16,911530.85,28329562.58,31.08,multiply,BTC,BNB
2020-10-27,33.05,30.94,31.08,870346.33,27447200.28,31.54,multiply,BTC,BNB
2020-10-28,30.89,30.12,31.54,340144.88,10330787.58,30.37,multiply,BTC,BNB
2020-10-29,30.86,29.56,30.37,510002.3,15235083.19,29.87,multiply,BTC,BNB
2020-10-30,30.46,28.27,29.87,886115.56,25268140.7,28.52,multiply,BTC,BNB
2020-10-31,29.28,28.17,28.52,554301.41,15807481.73,28.52,multiply,BTC,BNB
2020-11-01,28.73,27.95,28.52,520517.9,14842195.14,28.51,multiply,BTC,BNB
2020-11-02,29.15,27.79,28.51,646123.94,17993378.68,27.85,multiply,BTC,BNB
2020-11-03,28.78,26.86,27.85,404910.65,10891128.76,26.9,multiply,BTC,BNB
2020-11-04,27.48,26.4,26.9,288991.12,7798319.42,26.98,multiply,BTC,BNB
2020-11-05,30.3,27.49,26.98,400076.95,11090556.27,27.72,multiply,BTC,BNB
2020-11-06,29.51,27.67,27.72,413333.93,12005418.36,29.05,multiply,BTC,BNB
2020-11-07,28.58,27.35,29.05,350637.55,9739671.68,27.78,multiply,BTC,BNB
2020-11-08,29.15,28.08,27.78,357758.09,10167820.76,28.42,multiply,BTC,BNB
2020-11-09,28.55,27.71,28.42,293030.19,8236817.84,28.11,multiply,BTC,BNB
2020-11-10,28.35,27.81,28.11,462119.01,13042479.27,28.22,multiply,BTC,BNB
2020-11-11,29.12,27.71,28.22,590690.72,16551999.09,28.02,multiply,BTC,BNB
2020-11-12,29.25,27.53,28.02,632720.56,17560345.5,27.75,multiply,BTC,BNB
2020-11-13,28.68,27.49,27.75,596868.02,16845504.49,28.22,multiply,BTC,BNB
2020-11-14,28.2,27.6,28.22,635418.6,17743381.43,27.92,multiply,BTC,BNB
2020-11-15,28.26,27.33,27.92,577113.29,15976105.9,27.68,multiply,BTC,BNB
2020-11-16,29.15,27.82,27.68,620558.12,17370491.65,27.99,multiply,BTC,BNB
2020-11-17,30.48,28.17,27.99,846096.76,24220715.51,28.63,multiply,BTC,BNB
2020-11-18,28.88,27.41,28.63,720569.92,20249676.82,28.1,multiply,BTC,BNB
2020-11-19,28.43,27.59,28.1,569883.49,16049589.52,28.16,multiply,BTC,BNB
2020-11-20,29.86,28.64,28.16,784438.16,22718491.48,28.96,multiply,BTC,BNB
2020-11-21,30.64,28.11,28.96,981636.47,29964478.69,30.53,multiply,BTC,BNB
2020-11-22,30.69,29.69,30.53,717310.52,21536122.98,30.02,multiply,BTC,BNB
2020-11-23,31.0,29.95,30.02,1126196.38,34910238.16,31.0,multiply,BTC,BNB
2020-11-24,36.28,32.01,31.0,2477668.17,83918271.27,33.87,multiply,BTC,BNB
2020-11-25,34.55,30.82,33.87,1939155.21,60677611.11,31.29,multiply,BTC,BNB
2020-11-26,29.06,27.65,31.29,1392816.01,39353027.05,28.25,multiply,BTC,BNB
2020-11-27,28.77,27.98,28.25,676706.12,19282372.08,28.49,multiply,BTC,BNB
2020-11-28,30.26,29.0,28.49,576897.4,16835098.1,29.18,multiply,BTC,BNB
2020-11-29,30.48,29.37,29.18,637701.7,19207400.25,30.12,multiply,BTC,BNB
2020-11-30,32.78,30.73,30.12,800934.78,25212870.33,31.48,multiply,BTC,BNB
2020-12-01,30.8,29.48,31.48,774955.47,23373593.24,30.16,multiply,BTC,BNB
2020-12-02,31.26,30.2,30.16,525739.8,15930165.9,30.3,multiply,BTC,BNB
2020-12-03,30.96,30.24,30.3,554942.07,17052556.93,30.73,multiply,BTC,BNB
2020-12-04,29.98,28.86,30.73,559885.94,16250171.51,29.02,multiply,BTC,BNB
2020-12-05,30.13,29.37,29.02,404708.71,12040315.83,29.75,multiply,BTC,BNB
2020-12-06,30.39,29.3,29.75,388970.61,11480127.45,29.51,multiply,BTC,BNB
2020-12-07,29.62,29.02,29.51,342999.19,10079346.8,29.39,multiply,BTC,BNB
2020-12-08,28.16,27.08,29.39,553981.47,15327844.72,27.67,multiply,BTC,BNB
2020-12-09,28.59,27.88,27.67,562237.0,15831907.18,28.16,multiply,BTC,BNB
2020-12-10,28.03,27.43,28.16,473692.64,13105991.79,27.67,multiply,BTC,BNB
2020-12-11,27.54,27.14,27.67,430588.12,11772644.24,27.34,multiply,BTC,BNB
2020-12-12,28.75,27.98,27.34,406769.8,11457088.38,28.17,multiply,BTC,BNB
2020-12-13,29.19,28.5,28.17,422135.41,12291648.93,29.12,multiply,BTC,BNB
2020-12-14,30.28,28.87,29.12,699203.72,20997064.65,30.03,multiply,BTC,BNB
2020-12-15,30.5,29.3,30.03,535112.64,15803126.95,29.53,multiply,BTC,BNB
2020-12-16,32.43,30.28,29.53,741642.26,22660803.63,30.55,multiply,BTC,BNB
2020-12-17,33.32,29.53,30.55,997700.0,30169824.69,30.24,multiply,BTC,BNB
2020-12-18,31.35,30.19,30.24,577477.66,17876047.72,30.96,multiply,BTC,BNB
2020-12-19,34.65,31.86,30.96,1391615.48,46356206.01,33.31,multiply,BTC,BNB
2020-12-20,35.46,32.69,33.31,1423992.31,48788692.95,34.26,multiply,BTC,BNB
2020-12-21,34.09,31.7,34.26,963434.13,31004867.29,32.18,multiply,BTC,BNB
2020-12-22,34.31,32.3,32.18,833479.0,27957581.6,33.54,multiply,BTC,BNB
2020-12-23,33.77,30.47,33.54,1174252.83,36621903.28,31.19,multiply,BTC,BNB
2020-12-24,32.86,31.53,31.19,707041.47,22980370.74,32.5,multiply,BTC,BNB
2020-12-25,34.47,32.57,32.5,580981.91,19278616.48,33.18,multiply,BTC,BNB
2020-12-26,36.39,33.11,33.18,689853.35,23151197.86,33.56,multiply,BTC,BNB
2020-12-27,33.94,30.48,33.56,1147590.98,38557984.62,33.6,multiply,BTC,BNB
2020-12-28,36.42,33.96,33.6,960987.51,34481529.34,35.88,multiply,BTC,BNB
2020-12-29,41.12,36.14,35.88,1383969.53,54035475.29,39.04,multiply,BTC,BNB
2020-12-30,41.28,36.46,39.04,863778.18,32939563.47,38.13,multiply,BTC,BNB
2020-12-31,38.33,36.82,38.13,568025.59,21246070.4,37.4,multiply,BTC,BNB
2021-01-01,39.15,37.5,37.4,667116.36,25193507.84,37.76,multiply,BTC,BNB
2021-01-02,41.48,36.81,37.76,900235.92,34470148.57,38.29,multiply,BTC,BNB
2021-01-03,41.79,36.17,38.29,1186106.6,49060231.62,41.36,multiply,BTC,BNB
2021-01-04,44.01,39.11,41.36,1401913.86,57611924.36,41.1,multiply,BTC,BNB
2021-01-05,44.22,39.93,41.1,859784.8,36025958.97,41.9,multiply,BTC,BNB
2021-01-06,45.4,41.71,41.9,1303926.11,55112770.31,42.27,multiply,BTC,BNB
2021-01-07,47.14,42.84,42.27,1436385.02,62661934.6,43.62,multiply,BTC,BNB
2021-01-08,45.27,41.45,43.62,910330.68,38583089.88,42.38,multiply,BTC,BNB
2021-01-09,44.14,41.44,42.38,741553.93,32582717.46,43.94,multiply,BTC,BNB
2021-01-10,43.66,40.61,43.94,966046.02,41001418.71,42.44,multiply,BTC,BNB
2021-01-11,41.49,38.05,42.44,1426173.1,54420244.38,38.16,multiply,BTC,BNB
2021-01-12,38.86,36.48,38.16,867415.41,33176543.06,38.25,multiply,BTC,BNB
2021-01-13,42.95,39.77,38.25,1003353.19,40281653.53,40.15,multiply,BTC,BNB
2021-01-14,42.91,40.64,40.15,831944.63,34822968.46,41.86,multiply,BTC,BNB
2021-01-15,42.12,38.89,41.86,1143196.06,46726857.28,40.87,multiply,BTC,BNB
2021-01-16,43.12,39.59,40.87,1135414.01,48920687.56,43.09,multiply,BTC,BNB
2021-01-17,46.66,42.4,43.09,1411324.92,64794508.98,45.91,multiply,BTC,BNB
2021-01-18,47.9,43.91,45.91,1093941.07,49598548.08,45.34,multiply,BTC,BNB
2021-01-19,45.78,41.25,45.34,1268376.77,53916781.97,42.51,multiply,BTC,BNB
2021-01-20,43.45,41.25,42.51,880223.16,37498964.27,42.6,multiply,BTC,BNB
2021-01-21,39.6,36.82,42.6,1297572.4,50181972.7,38.67,multiply,BTC,BNB
2021-01-22,42.42,39.77,38.67,1087984.69,44495241.08,40.9,multiply,BTC,BNB
2021-01-23,40.97,39.46,40.9,859942.19,35175666.52,40.9,multiply,BTC,BNB
2021-01-24,42.16,40.77,40.9,910814.29,38137531.26,41.87,multiply,BTC,BNB
2021-01-25,42.35,39.86,41.87,997002.99,41639031.66,41.76,multiply,BTC,BNB
2021-01-26,42.82,41.07,41.76,1058234.17,44216968.93,41.78,multiply,BTC,BNB
2021-01-27,41.22,38.97,41.78,1107903.91,45435440.03,41.01,multiply,BTC,BNB
2021-01-28,45.62,42.34,41.01,1217960.47,51894239.01,42.61,multiply,BTC,BNB
2021-01-29,45.32,39.01,42.61,2076322.41,89040188.34,42.88,multiply,BTC,BNB
2021-01-30,45.68,42.42,42.88,1214449.5,54430500.7,44.82,multiply,BTC,BNB
2021-01-31,44.98,43.12,44.82,1011426.61,44885870.5,44.38,multiply,BTC,BNB
2021-02-01,52.18,44.03,44.38,2302879.38,118546859.94,51.48,multiply,BTC,BNB
2021-02-02,54.81,49.56,51.48,1628555.5,83193341.43,51.08,multiply,BTC,BNB
2021-02-03,54.63,51.69,51.08,1091433.09,56995501.73,52.22,multiply,BTC,BNB
2021-02-04,56.33,50.45,52.22,1449281.59,81203075.46,56.03,multiply,BTC,BNB
2021-02-05,69.61,54.59,56.03,2340298.01,158245272.94,67.62,multiply,BTC,BNB
2021-02-06,74.57,62.28,67.62,2825893.5,206060869.12,72.92,multiply,BTC,BNB
2021-02-07,73.85,66.85,72.92,1579690.98,108126675.59,68.45,multiply,BTC,BNB
2021-02-08,88.88,74.39,68.45,2471683.24,197533915.54,79.92,multiply,BTC,BNB
2021-02-09,114.93,78.18,79.92,4396753.02,473396878.81,107.67,multiply,BTC,BNB
2021-02-10,142.77,103.66,107.67,5898304.24,760633407.59,128.96,multiply,BTC,BNB
2021-02-11,139.94,120.78,128.96,1995828.14,247578427.48,124.05,multiply,BTC,BNB
2021-02-12,140.65,119.21,124.05,2052841.13,281031833.07,136.9,multiply,BTC,BNB
2021-02-13,137.98,126.89,136.9,1268161.58,169176627.74,133.4,multiply,BTC,BNB
2021-02-14,138.56,126.59,133.4,1481637.17,201624264.03,136.08,multiply,BTC,BNB
2021-02-15,137.1,121.57,136.08,1342021.56,174274927.28,129.86,multiply,BTC,BNB
2021-02-16,135.55,127.58,129.86,1148825.21,149454515.94,130.09,multiply,BTC,BNB
2021-02-17,176.44,132.26,130.09,3782233.73,626109777.76,165.54,multiply,BTC,BNB
2021-02-18,198.78,161.95,165.54,4280312.54,837159763.98,195.58,multiply,BTC,BNB
2021-02-19,364.07,211.88,195.58,8841111.31,2947303643.98,333.36,multiply,BTC,BNB
2021-02-20,334.62,229.86,333.36,4647304.54,1182296223.45,254.4,multiply,BTC,BNB
2021-02-21,311.37,257.81,254.4,3463258.28,1020841694.09,294.76,multiply,BTC,BNB
2021-02-22,278.35,241.43,294.76,2821786.15,754428737.56,267.36,multiply,BTC,BNB
2021-02-23,243.12,201.12,267.36,2829550.27,655832703.19,231.78,multiply,BTC,BNB
2021-02-24,273.31,225.71,231.78,2651144.48,674611490.89,254.46,multiply,BTC,BNB
2021-02-25,246.86,227.22,254.46,1263705.24,296423368.01,234.57,multiply,BTC,BNB
2021-02-26,231.3,216.84,234.57,1283145.44,284484965.5,221.71,multiply,BTC,BNB
2021-02-27,228.74,219.41,221.71,1174122.31,265043227.05,225.74,multiply,BTC,BNB
2021-02-28,222.64,204.85,225.74,1236828.22,260419514.38,210.55,multiply,BTC,BNB
2021-03-01,267.63,230.85,210.55,1706795.99,435106195.82,254.93,multiply,BTC,BNB
2021-03-02,255.99,233.73,254.93,1126626.2,270372247.42,239.98,multiply,BTC,BNB
2021-03-03,254.33,239.42,239.98,863686.63,207954669.92,240.78,multiply,BTC,BNB
2021-03-04,238.97,228.28,240.78,734668.43,168738205.13,229.68,multiply,BTC,BNB
2021-03-05,232.66,224.07,229.68,661643.23,149289778.64,225.63,multiply,BTC,BNB
2021-03-06,231.9,224.56,225.63,571008.33,129289166.03,226.42,multiply,BTC,BNB
2021-03-07,245.19,230.15,226.42,732946.06,175862608.14,239.94,multiply,BTC,BNB
2021-03-08,248.29,237.87,239.94,533008.35,128293114.72,240.7,multiply,BTC,BNB
2021-03-09,300.35,245.31,240.7,1916136.93,562671368.0,293.65,multiply,BTC,BNB
2021-03-10,300.82,271.36,293.65,1303500.3,363264734.52,278.68,multiply,BTC,BNB
2021-03-11,318.88,286.27,278.68,1642012.49,476422417.99,290.15,multiply,BTC,BNB
2021-03-12,292.01,256.51,290.15,1401172.76,368798259.13,263.21,multiply,BTC,BNB
2021-03-13,291.4,274.7,263.21,716260.59,197718874.24,276.04,multiply,BTC,BNB
2021-03-14,267.09,259.89,276.04,533964.16,140599195.5,263.31,multiply,BTC,BNB
2021-03-15,255.67,240.97,263.31,654607.04,166670647.77,254.61,multiply,BTC,BNB
2021-03-16,263.73,256.16,254.61,570198.91,147394405.67,258.5,multiply,BTC,BNB
2021-03-17,273.16,265.09,258.5,492115.41,132832302.28,269.92,multiply,BTC,BNB
2021-03-18,273.63,256.17,269.92,723714.84,188896052.63,261.01,multiply,BTC,BNB
2021-03-19,267.66,260.92,261.01,374239.01,98473088.45,263.13,multiply,BTC,BNB
2021-03-20,269.42,262.1,263.13,559606.14,148003120.79,264.48,multiply,BTC,BNB
2021-03-21,269.6,259.11,264.48,416405.72,110210370.22,264.67,multiply,BTC,BNB
2021-03-22,262.25,248.46,264.67,654404.7,166841415.16,254.95,multiply,BTC,BNB
2021-03-23,261.01,252.75,254.95,414146.8,105712293.15,255.25,multiply,BTC,BNB
2021-03-24,248.96,240.8,255.25,559853.64,139089671.62,248.44,multiply,BTC,BNB
2021-03-25,243.95,228.19,248.44,665637.62,155854992.65,234.14,multiply,BTC,BNB
2021-03-26,260.96,250.5,234.14,456419.09,116469898.82,255.18,multiply,BTC,BNB
2021-03-27,273.62,255.63,255.18,647511.44,174423333.32,269.37,multiply,BTC,BNB
2021-03-28,278.29,266.02,269.37,583491.05,156782367.7,268.7,multiply,BTC,BNB
2021-03-29,283.35,269.75,268.7,487889.93,134250050.85,275.16,multiply,BTC,BNB
2021-03-30,311.54,277.57,275.16,981696.53,305839859.38,311.54,multiply,BTC,BNB
2021-03-31,315.66,294.5,311.54,790621.86,239158448.77,302.49,multiply,BTC,BNB
2021-04-01,337.88,299.88,302.49,865316.79,289220971.55,334.24,multiply,BTC,BNB
2021-04-02,357.53,327.91,334.24,1086263.62,367605739.78,338.41,multiply,BTC,BNB
2021-04-03,336.06,314.77,338.41,644763.36,207551150.78,321.9,multiply,BTC,BNB
2021-04-04,353.62,325.8,321.9,660919.82,231024164.68,349.55,multiply,BTC,BNB
2021-04-05,383.63,348.98,349.55,907502.26,334246566.75,368.31,multiply,BTC,BNB
2021-04-06,411.7,358.68,368.31,1274785.99,513810029.55,403.06,multiply,BTC,BNB
2021-04-07,397.43,356.53,403.06,1294736.39,486092963.46,375.44,multiply,BTC,BNB
2021-04-08,423.73,387.89,375.44,871553.75,364440224.57,418.15,multiply,BTC,BNB
2021-04-09,453.23,405.53,418.15,1093431.56,495579736.41,453.23,multiply,BTC,BNB
2021-04-10,496.81,448.27,453.23,1420631.16,670114661.72,471.7,multiply,BTC,BNB
2021-04-11,530.29,454.83,471.7,1216290.73,639074108.17,525.43,multiply,BTC,BNB
2021-04-12,628.98,513.72,525.43,2799382.88,1671123679.95,596.96,multiply,BTC,BNB
2021-04-13,636.86,535.99,596.96,1847257.25,1016760753.4,550.42,multiply,BTC,BNB
2021-04-14,579.52,526.26,550.42,1168538.01,641731117.21,549.17,multiply,BTC,BNB
2021-04-15,559.74,540.71,549.17,772273.55,418891160.05,542.41,multiply,BTC,BNB
2021-04-16,546.61,498.27,542.41,928377.02,472504716.08,508.96,multiply,BTC,BNB
2021-04-17,528.07,496.06,508.96,769034.82,396361463.49,515.4,multiply,BTC,BNB
2021-04-18,494.35,454.08,515.4,1006586.09,485153357.66,481.98,multiply,BTC,BNB
2021-04-19,524.56,468.33,481.98,1291540.98,651533083.15,504.46,multiply,BTC,BNB
2021-04-20,594.91,473.87,504.4,720601.15,394339209.72,588.55,direct,,BNB
2021-04-21,613.6,536.07,588.55,848270.95,492544550.23,543.71,direct,,BNB
2021-04-22,583.12,479.18,543.71,855993.96,464818586.76,505.27,direct,,BNB
2021-04-23,532.76,471.25,505.59,1304202.85,687489285.61,527.13,multiply,BTC,BNB
2021-04-24,529.02,483.73,526.99,269029.73,136713127.18,496.98,direct,,BNB
2021-04-25,509.88,480.21,497.05,663129.74,335182097.71,505.45,multiply,BTC,BNB
2021-04-26,550.59,502.66,506.0,464147.03,245933070.25,535.13,direct,,BNB
2021-04-27,579.92,538.23,535.87,557840.77,317667883.94,569.46,multiply,BTC,BNB
2021-04-28,574.02,548.78,569.46,371136.38,209171143.93,563.6,multiply,BTC,BNB
2021-04-29,605.47,548.68,563.6,719156.1,431960760.37,600.65,multiply,BTC,BNB
2021-04-30,660.17,608.77,600.65,885750.29,552007106.33,623.21,multiply,BTC,BNB
2021-05-01,639.17,610.25,623.21,526151.9,326559915.99,620.66,multiply,BTC,BNB
2021-05-02,627.39,599.08,620.66,396980.98,247038236.83,622.29,multiply,BTC,BNB
2021-05-03,682.34,613.13,622.29,755739.21,511346509.52,676.62,multiply,BTC,BNB
2021-05-04,632.54,600.06,676.62,657919.09,401447124.34,610.18,multiply,BTC,BNB
2021-05-05,679.16,626.25,610.18,772662.55,503874898.24,652.13,multiply,BTC,BNB
2021-05-06,641.18,625.38,652.13,708466.58,449456444.97,634.41,multiply,BTC,BNB
2021-05-07,644.89,619.07,634.41,384867.89,240467941.49,624.81,multiply,BTC,BNB
2021-05-08,661.34,627.74,624.81,493370.89,319307453.09,647.2,multiply,BTC,BNB
2021-05-09,686.71,634.24,647.2,618882.91,410198579.85,662.8,multiply,BTC,BNB
2021-05-10,655.91,615.13,662.8,715020.6,451814233.3,631.89,multiply,BTC,BNB
2021-05-11,677.0,639.54,631.89,615655.07,414002246.02,672.46,multiply,BTC,BNB
2021-05-12,597.51,574.25,672.46,515966.59,305232293.62,591.57,multiply,BTC,BNB
2021-05-13,613.8,559.13,591.57,818959.08,467674685.42,571.06,multiply,BTC,BNB
2021-05-14,615.2,566.25,570.68,228130.96,136292511.99,603.21,direct,,BNB
2021-05-15,569.26,556.16,603.15,370311.88,208723419.21,563.64,multiply,BTC,BNB
2021-05-16,606.83,534.67,563.2,225132.78,129383392.5,564.21,direct,,BNB
2021-05-17,564.6,484.13,564.21,286468.48,148351984.7,512.11,direct,,BNB
2021-05-18,514.2,493.19,512.61,592265.17,300988766.72,508.2,multiply,BTC,BNB
2021-05-19,437.95,319.33,508.2,1494373.59,502965691.89,336.57,multiply,BTC,BNB
2021-05-20,405.77,325.83,336.57,1054491.13,412427669.07,391.12,multiply,BTC,BNB
2021-05-21,416.54,275.03,391.88,445575.19,154104760.8,326.5,direct,,BNB
2021-05-22,331.99,293.07,326.89,681948.9,204384893.75,299.71,multiply,BTC,BNB
2021-05-23,284.75,235.69,299.71,1129435.65,295489851.36,261.63,multiply,BTC,BNB
2021-05-24,347.64,288.53,261.63,1068604.73,369535713.8,345.81,multiply,BTC,BNB
2021-05-25,364.41,320.69,345.81,833796.39,286400803.11,343.49,multiply,BTC,BNB
2021-05-26,380.06,348.43,343.49,624578.86,237231442.03,379.83,multiply,BTC,BNB
2021-05-27,372.63,351.44,379.83,571122.28,211035620.94,369.51,multiply,BTC,BNB
2021-05-28,343.36,317.56,369.51,1095698.08,360656130.83,329.16,multiply,BTC,BNB
2021-05-29,328.22,303.06,329.16,566443.67,172881390.7,305.2,multiply,BTC,BNB
2021-05-30,333.37,310.51,305.2,662724.88,215877392.19,325.74,multiply,BTC,BNB
2021-05-31,354.52,333.12,325.74,588831.17,208381449.03,353.89,multiply,BTC,BNB
2021-06-01,363.09,344.68,353.89,461378.46,167235740.73,362.47,multiply,BTC,BNB
2021-06-02,413.35,366.26,362.47,543295.6,218240710.4,401.7,multiply,BTC,BNB
2021-06-03,431.13,411.91,401.7,380775.23,162970119.45,428.0,multiply,BTC,BNB
2021-06-04,402.9,371.2,428.0,465240.52,181784312.34,390.73,multiply,BTC,BNB
2021-06-05,400.16,376.35,390.73,348209.91,135875557.26,390.21,multiply,BTC,BNB
2021-06-06,395.57,384.12,390.21,192065.44,75632349.08,393.78,multiply,BTC,BNB
2021-06-07,407.27,354.29,393.75,164515.55,63397434.98,358.12,direct,,BNB
2021-06-08,366.24,319.95,358.12,231729.05,80203223.89,352.92,direct,,BNB
2021-06-09,395.6,372.2,353.14,373127.86,140215994.29,375.79,multiply,BTC,BNB
2021-06-10,369.01,350.01,375.79,301683.24,106189111.03,351.99,multiply,BTC,BNB
2021-06-11,365.07,344.09,351.99,301359.88,104234426.04,345.88,multiply,BTC,BNB
2021-06-12,345.0,325.99,345.88,250423.65,86112359.51,343.87,multiply,BTC,BNB
2021-06-13,379.72,357.67,343.87,232832.67,85185529.35,365.87,multiply,BTC,BNB
2021-06-14,381.36,363.48,365.87,279627.01,103509596.96,370.17,multiply,BTC,BNB
2021-06-15,377.4,363.22,370.17,214693.24,78749108.45,366.8,multiply,BTC,BNB
2021-06-16,350.32,341.85,366.8,196127.91,68106599.98,347.26,multiply,BTC,BNB
2021-06-17,353.4,343.62,347.26,169036.16,59641452.53,352.83,multiply,BTC,BNB
2021-06-18,338.81,328.71,352.83,203518.36,68662619.43,337.38,multiply,BTC,BNB
2021-06-19,339.31,333.03,337.38,135131.65,45165759.63,334.24,multiply,BTC,BNB
2021-06-20,340.61,330.6,334.24,185139.61,62782975.76,339.11,multiply,BTC,BNB
2021-06-21,341.85,268.6,338.99,184376.16,55807486.75,271.11,direct,,BNB
2021-06-22,290.75,225.62,271.11,325146.28,83881012.6,261.92,direct,,BNB
2021-06-23,300.21,267.04,262.12,429789.71,127319750.75,296.24,multiply,BTC,BNB
2021-06-24,318.88,300.9,296.24,321578.12,99169410.61,308.38,multiply,BTC,BNB
2021-06-25,314.62,275.37,308.42,184893.52,54041535.71,280.94,direct,,BNB
2021-06-26,290.1,264.4,280.94,115759.08,31837863.37,279.57,direct,,BNB
2021-06-27,310.13,285.42,280.1,234640.85,68330736.18,291.21,multiply,BTC,BNB
2021-06-28,296.83,285.45,291.21,261129.75,75728177.96,290.0,multiply,BTC,BNB
2021-06-29,311.59,299.45,290.0,278756.18,83844844.95,300.78,multiply,BTC,BNB
2021-06-30,304.88,281.58,301.03,135198.81,39808846.79,303.57,direct,,BNB
2021-07-01,303.92,280.9,303.57,90441.22,26204683.39,287.62,direct,,BNB
2021-07-02,290.62,276.51,287.62,91480.72,25820492.75,287.22,direct,,BNB
2021-07-03,303.12,282.97,287.22,85847.11,25313982.77,298.26,direct,,BNB
2021-07-04,314.86,292.85,298.26,93657.44,28679085.05,307.82,direct,,BNB
2021-07-05,307.82,292.52,307.82,117249.09,35263682.01,302.15,direct,,BNB
2021-07-06,322.58,302.0,302.15,175308.4,55192050.7,320.29,direct,,BNB
2021-07-07,339.76,318.55,320.29,160024.95,53005020.07,328.01,direct,,BNB
2021-07-08,328.22,304.77,328.01,132934.03,42090343.18,310.27,direct,,BNB
2021-07-09,319.68,301.83,310.27,94123.61,29204840.77,316.75,direct,,BNB
2021-07-10,321.5,310.81,316.75,83525.04,26313160.32,316.12,direct,,BNB
2021-07-11,326.74,312.38,316.12,81454.61,26126782.53,322.22,direct,,BNB
2021-07-12,334.28,308.75,322.22,111666.43,35935636.86,316.1,direct,,BNB
2021-07-13,318.22,305.29,316.1,86227.95,26820296.79,308.94,direct,,BNB
2021-07-14,313.41,290.52,308.94,108755.8,32975062.92,309.41,direct,,BNB
2021-07-15,324.21,301.65,309.41,182854.14,57062736.32,315.71,direct,,BNB
2021-07-16,323.37,301.78,315.71,167281.41,51963481.19,303.04,direct,,BNB
2021-07-17,306.89,295.14,303.04,124568.43,37458638.03,300.59,direct,,BNB
2021-07-18,309.22,299.27,300.59,92873.29,28268680.96,302.11,direct,,BNB
2021-07-19,303.73,278.9,302.11,116149.51,33528636.55,280.36,direct,,BNB
2021-07-20,283.35,254.56,280.36,149301.99,39644682.45,264.55,direct,,BNB
2021-07-21,298.84,261.01,264.55,243274.34,69375712.56,292.97,direct,,BNB
2021-07-22,298.67,287.58,292.97,177654.18,52138200.92,293.58,direct,,BNB
2021-07-23,301.35,281.53,293.58,179921.8,52591954.16,299.24,direct,,BNB
2021-07-24,308.01,295.82,299.24,164987.35,49771612.93,301.75,direct,,BNB
2021-07-25,304.32,292.8,301.75,127127.16,38029410.85,302.88,direct,,BNB
2021-07-26,328.4,301.28,302.88,219306.07,69424257.3,303.93,direct,,BNB
2021-07-27,318.48,298.06,303.93,121004.67,37292749.76,313.73,direct,,BNB
2021-07-28,320.08,310.63,313.96,206519.26,64837830.36,313.96,multiply,BTC,BNB
2021-07-29,320.17,308.66,313.82,97171.08,30488086.01,317.13,direct,,BNB
2021-07-30,325.78,306.44,317.13,123150.22,38858554.33,322.88,direct,,BNB
2021-07-31,338.65,317.65,322.88,158530.8,52150509.7,332.58,direct,,BNB
2021-08-01,348.08,329.18,332.58,183595.24,62345305.95,332.79,direct,,BNB
2021-08-02,338.14,326.37,332.79,102395.06,33984294.96,330.72,direct,,BNB
2021-08-03,334.73,317.21,330.72,111987.89,36223545.64,323.31,direct,,BNB
2021-08-04,337.21,319.8,323.31,71103.38,23314499.56,334.84,direct,,BNB
2021-08-05,355.03,336.02,334.88,214931.61,72686890.86,338.19,multiply,BTC,BNB
2021-08-06,359.79,340.97,338.19,223427.69,76508739.44,342.43,multiply,BTC,BNB
2021-08-07,359.76,340.19,342.41,116260.3,40814312.0,356.51,direct,,BNB
2021-08-08,360.06,337.21,356.51,80545.63,28159037.62,342.04,direct,,BNB
2021-08-09,358.03,333.42,342.04,124173.06,43441302.33,354.68,direct,,BNB
2021-08-10,376.56,349.17,354.68,156216.47,56810350.67,372.1,direct,,BNB
2021-08-11,408.64,371.36,372.1,199636.95,77943134.54,391.21,direct,,BNB
2021-08-12,406.43,372.14,391.21,156281.53,60661820.43,385.91,direct,,BNB
2021-08-13,411.62,383.13,385.91,121545.32,48460464.83,411.25,direct,,BNB
2021-08-14,419.14,400.53,411.25,116740.47,47676069.08,409.07,direct,,BNB
2021-08-15,415.19,396.64,409.07,103980.7,42056902.03,414.39,direct,,BNB
2021-08-16,437.18,411.16,414.39,166539.78,70543051.06,415.94,direct,,BNB
2021-08-17,435.78,398.55,415.94,187835.18,79126812.82,401.71,direct,,BNB
2021-08-18,412.26,385.44,401.71,120358.61,47985004.02,396.03,direct,,BNB
2021-08-19,431.63,391.01,396.03,198845.97,81570679.86,431.09,direct,,BNB
2021-08-20,458.09,421.83,431.09,151609.35,66876275.06,455.18,direct,,BNB
2021-08-21,460.41,445.13,455.18,125177.72,56709821.37,449.12,direct,,BNB
2021-08-22,458.5,438.1,449.12,107003.32,47954814.38,448.92,direct,,BNB
2021-08-23,509.89,446.69,448.92,295521.86,144003091.21,499.5,direct,,BNB
2021-08-24,504.39,462.62,499.5,202632.1,97951150.27,471.99,direct,,BNB
2021-08-25,507.25,469.93,471.99,253519.41,124081445.03,503.4,direct,,BNB
2021-08-26,518.98,471.39,503.4,321995.25,157560343.01,478.21,direct,,BNB
2021-08-27,495.13,467.32,478.21,194258.31,93782079.62,494.66,direct,,BNB
2021-08-28,496.84,482.82,494.66,67458.84,32908694.69,486.33,direct,,BNB
2021-08-29,495.96,476.16,486.33,94690.37,45924369.02,479.97,direct,,BNB
2021-08-30,480.91,457.43,479.97,119161.66,56383664.51,460.05,direct,,BNB
2021-08-31,470.93,456.03,459.97,268264.33,124588498.48,464.42,multiply,BTC,BNB
2021-09-01,495.73,476.53,464.42,258913.84,126832905.98,489.87,multiply,BTC,BNB
2021-09-02,506.61,478.02,489.87,281005.72,135919869.58,483.69,multiply,BTC,BNB
2021-09-03,498.39,483.79,483.69,235885.18,115263074.28,488.64,multiply,BTC,BNB
2021-09-04,506.84,484.97,488.64,285942.81,142315176.38,497.71,multiply,BTC,BNB
2021-09-05,536.48,489.1,497.71,243425.84,122854203.39,504.69,multiply,BTC,BNB
2021-09-06,517.08,495.21,504.69,249976.79,124068075.72,496.32,multiply,BTC,BNB
2021-09-07,504.99,356.55,496.23,351567.59,153999187.79,418.26,direct,,BNB
2021-09-08,425.38,382.92,418.26,195692.48,80242571.95,414.95,direct,,BNB
2021-09-09,436.19,403.77,414.95,187049.96,78137474.02,421.29,direct,,BNB
2021-09-10,439.39,393.8,421.29,207058.27,85154445.7,401.39,direct,,BNB
2021-09-11,415.11,399.67,401.39,126299.87,51490028.75,404.98,direct,,BNB
2021-09-12,421.67,397.8,404.98,112049.68,46254918.87,416.93,direct,,BNB
2021-09-13,419.65,385.24,416.93,194507.96,77555050.99,399.03,direct,,BNB
2021-09-14,414.73,396.04,399.03,136942.38,55300834.78,414.71,direct,,BNB
2021-09-15,437.28,419.81,414.64,237854.54,102578496.76,431.27,multiply,BTC,BNB
2021-09-16,433.12,415.79,431.2,109510.93,46644252.32,424.3,direct,,BNB
2021-09-17,425.95,400.74,424.3,117470.76,48491873.17,406.51,direct,,BNB
2021-09-18,419.72,401.59,406.51,94675.75,39066320.8,410.63,direct,,BNB
2021-09-19,419.03,402.99,410.63,80362.38,33054384.42,408.56,direct,,BNB
2021-09-20,409.78,353.99,408.56,291748.1,109659884.46,363.86,direct,,BNB
2021-09-21,375.68,336.86,363.86,353167.35,127627453.95,344.24,direct,,BNB
2021-09-22,379.98,342.46,344.24,238231.6,86578994.37,379.09,direct,,BNB
2021-09-23,384.82,369.33,379.09,199486.27,75343302.05,383.86,direct,,BNB
2021-09-24,385.35,334.15,383.86,257985.69,92242459.42,355.23,direct,,BNB
2021-09-25,360.87,343.97,355.23,268399.82,94525935.75,349.82,direct,,BNB
2021-09-26,352.72,319.95,349.82,261903.69,89212529.32,344.16,direct,,BNB
2021-09-27,357.54,335.5,344.16,173494.03,60119181.73,335.81,direct,,BNB
2021-09-28,344.5,330.03,335.81,167702.3,56534275.36,333.28,direct,,BNB
2021-09-29,375.23,331.48,333.28,260412.99,93637231.02,367.46,direct,,BNB
2021-09-30,388.61,366.28,367.46,174270.37,66052714.25,387.47,direct,,BNB
2021-10-01,423.54,381.42,387.47,183317.35,74413885.79,421.58,direct,,BNB
2021-10-02,438.4,411.0,421.58,125178.03,53420846.13,427.4,direct,,BNB
2021-10-03,437.14,422.0,427.4,117511.74,50512892.47,430.64,direct,,BNB
2021-10-04,430.87,411.49,430.64,161918.97,68201755.17,426.55,direct,,BNB
2021-10-05,444.29,424.37,426.55,115522.82,50282601.35,442.51,direct,,BNB
2021-10-06,442.82,415.16,442.51,230069.18,99641334.16,435.1,direct,,BNB
2021-10-07,450.28,423.84,435.1,240118.0,105377677.07,438.39,direct,,BNB
2021-10-08,441.79,416.34,438.39,175717.23,75088523.46,419.47,direct,,BNB
2021-10-09,426.04,416.37,419.47,124345.58,52515598.78,422.0,direct,,BNB
2021-10-10,422.29,402.7,422.0,131135.99,54488757.1,404.39,direct,,BNB
2021-10-11,423.97,400.48,404.39,156400.81,64733373.97,413.42,direct,,BNB
2021-10-12,444.7,392.46,413.42,448305.16,189779044.12,444.57,direct,,BNB
2021-10-13,471.86,433.3,444.57,840002.83,382579710.61,470.45,direct,,BNB
2021-10-14,482.7,461.21,470.45,287066.96,135438018.68,472.73,direct,,BNB
2021-10-15,477.58,452.3,472.73,448703.69,209102177.41,474.16,direct,,BNB
2021-10-16,484.5,460.18,474.16,183211.41,86430408.37,465.85,direct,,BNB
2021-10-17,472.47,454.77,465.85,191369.03,89070765.94,471.0,direct,,BNB
2021-10-18,487.31,466.46,471.0,198046.37,94168225.96,484.97,direct,,BNB
2021-10-19,497.71,480.94,484.97,219051.01,106951278.89,488.03,direct,,BNB
2021-10-20,505.86,480.01,488.03,147082.49,72654385.75,501.47,direct,,BNB
2021-10-21,504.96,393.13,501.47,249685.76,120772545.04,471.13,direct,,BNB
2021-10-22,498.13,471.08,471.13,172713.75,83594469.37,479.09,direct,,BNB
2021-10-23,485.55,472.65,479.09,79384.04,38141925.63,485.55,direct,,BNB
2021-10-24,486.34,468.03,485.55,90579.92,43184279.01,475.88,direct,,BNB
2021-10-25,488.52,474.86,475.88,88149.16,42599941.3,485.0,direct,,BNB
2021-10-26,489.54,473.83,485.0,107426.9,51974059.18,478.09,direct,,BNB
2021-10-27,486.39,439.11,478.09,217212.93,99847332.95,448.6,direct,,BNB
2021-10-28,494.96,446.83,448.6,265557.6,126300509.12,492.44,direct,,BNB
2021-10-29,533.85,488.26,492.44,254724.39,129796389.39,530.21,direct,,BNB
2021-10-30,540.61,510.92,530.21,189470.98,99542796.56,528.72,direct,,BNB
2021-10-31,535.37,509.44,528.72,174485.66,91052285.85,524.94,direct,,BNB
2021-11-01,552.3,511.75,524.94,251132.21,133728554.97,551.71,direct,,BNB
2021-11-02,564.47,538.02,551.71,157817.3,87057211.52,554.94,direct,,BNB
2021-11-03,570.51,535.38,554.94,202333.88,111637227.12,568.77,direct,,BNB
2021-11-04,569.16,544.39,568.77,125819.68,69881431.1,559.5,direct,,BNB
2021-11-05,615.93,555.01,559.5,248600.14,148524718.93,607.77,direct,,BNB
2021-11-06,637.61,595.8,607.77,219527.17,134947349.47,637.58,direct,,BNB
2021-11-07,669.67,631.19,637.58,196042.3,128592411.65,649.78,direct,,BNB
2021-11-08,693.73,645.5,650.12,413352.36,270253131.89,653.81,multiply,BTC,BNB
2021-11-09,656.98,632.25,654.05,150882.55,97124325.53,635.14,direct,,BNB
2021-11-10,662.89,575.33,635.14,346982.31,219194574.87,614.68,direct,,BNB
2021-11-11,635.32,605.99,614.68,126521.46,78819786.04,628.89,direct,,BNB
2021-11-12,634.58,603.67,628.89,190016.75,117760284.06,627.0,direct,,BNB
2021-11-13,655.11,620.04,627.0,137736.29,87880024.53,649.81,direct,,BNB
2021-11-14,660.66,635.16,649.81,149138.08,96732087.66,650.98,direct,,BNB
2021-11-15,659.86,630.91,650.98,151157.08,97640991.0,634.01,direct,,BNB
2021-11-16,635.19,573.41,634.01,332366.88,199328903.48,589.16,direct,,BNB
2021-11-17,592.99,554.51,589.16,213201.41,122313907.62,578.22,direct,,BNB
2021-11-18,588.21,516.94,578.22,242179.38,133570263.78,532.02,direct,,BNB
2021-11-19,585.86,524.4,532.02,130013.88,72686983.58,581.61,direct,,BNB
2021-11-20,605.18,573.35,581.61,146937.12,86280275.43,604.73,direct,,BNB
2021-11-21,605.75,580.44,604.73,129710.18,76600851.62,584.63,direct,,BNB
2021-11-22,585.6,554.44,584.63,188811.39,107569780.09,559.84,direct,,BNB
2021-11-23,605.12,558.59,559.84,188980.61,110327019.99,591.18,direct,,BNB
2021-11-24,594.31,577.11,591.18,128830.33,75519808.44,590.75,direct,,BNB
2021-11-25,647.28,587.68,590.75,175872.42,109428309.87,639.3,direct,,BNB
2021-11-26,658.65,564.93,639.3,363516.21,217290773.14,587.42,direct,,BNB
2021-11-27,621.4,584.15,587.42,164638.94,99141406.78,600.62,direct,,BNB
2021-11-28,613.19,572.76,600.62,167431.98,98801333.36,611.95,direct,,BNB
2021-11-29,629.5,602.25,611.95,109117.32,67344344.85,624.12,direct,,BNB
2021-11-30,635.25,604.01,624.12,166518.18,103531234.98,622.23,direct,,BNB
2021-12-01,650.26,619.02,622.23,128054.78,81358877.35,627.93,direct,,BNB
2021-12-02,631.36,606.49,627.93,163413.67,101574939.47,620.69,direct,,BNB
2021-12-03,628.32,575.22,620.69,157934.48,95478795.59,595.59,direct,,BNB
2021-12-04,596.15,496.3,595.59,313134.17,170731600.34,569.2,direct,,BNB
2021-12-05,582.6,542.82,569.2,130626.11,73314975.17,558.23,direct,,BNB
2021-12-06,593.07,533.68,558.23,192435.26,107822899.32,587.99,direct,,BNB
2021-12-07,593.61,572.69,587.99,125990.12,73713390.43,579.11,direct,,BNB
2021-12-08,608.3,567.75,579.11,126190.05,73816605.62,607.83,direct,,BNB
2021-12-09,617.76,568.15,607.83,158188.59,94145650.49,570.89,direct,,BNB
2021-12-10,595.23,551.16,570.89,180603.31,103603598.57,553.52,direct,,BNB
2021-12-11,573.17,542.58,553.52,107112.23,59817167.91,564.19,direct,,BNB
2021-12-12,574.92,559.75,564.19,67425.66,38164552.43,570.73,direct,,BNB
2021-12-13,572.4,511.32,570.73,163911.1,87897283.19,521.07,direct,,BNB
2021-12-14,535.88,510.3,521.07,166413.45,87062656.57,528.6,direct,,BNB
2021-12-15,546.91,501.89,528.6,140293.3,73898193.31,541.28,direct,,BNB
2021-12-16,545.44,524.97,541.28,97599.91,52330887.83,526.08,direct,,BNB
2021-12-17,536.0,511.17,526.08,150082.92,78991179.8,525.79,direct,,BNB
2021-12-18,538.11,516.87,525.79,96787.87,51171531.15,534.23,direct,,BNB
2021-12-19,544.68,527.69,534.23,90689.08,48557695.12,530.01,direct,,BNB
2021-12-20,534.84,506.46,530.01,110454.07,57384948.6,523.85,direct,,BNB
2021-12-21,535.63,515.96,523.85,96125.68,50684218.77,528.84,direct,,BNB
2021-12-22,544.99,527.61,528.84,92886.69,49761596.24,533.74,direct,,BNB
2021-12-23,552.59,524.58,533.74,106499.56,57126473.73,548.95,direct,,BNB
2021-12-24,554.53,537.39,548.95,79388.4,43364323.05,542.08,direct,,BNB
2021-12-25,550.8,539.61,542.08,47357.22,25849270.89,547.77,direct,,BNB
2021-12-26,549.24,536.3,547.77,67047.48,36472914.05,546.52,direct,,BNB
2021-12-27,568.0,543.66,547.02,174473.71,98394064.49,563.95,multiply,BTC,BNB
2021-12-28,563.86,528.4,563.75,117252.39,64083740.37,534.24,direct,,BNB
2021-12-29,540.62,511.02,534.24,101141.71,53414502.29,514.55,direct,,BNB
2021-12-30,527.65,508.56,514.55,76796.82,39862690.5,518.56,direct,,BNB
2021-12-31,528.32,506.18,518.56,96568.42,49761350.7,511.71,direct,,BNB
2022-01-01,530.84,521.29,511.4,159581.5,84178877.01,527.5,multiply,BTC,BNB
2022-01-02,534.09,521.79,527.5,141275.8,75052907.81,531.25,multiply,BTC,BNB
2022-01-03,524.89,511.42,531.25,165105.68,84515567.75,511.89,multiply,BTC,BNB
2022-01-04,519.98,502.25,511.75,99035.35,50634827.75,506.73,direct,,BNB
2022-01-05,515.86,457.55,506.73,116225.27,57792849.84,473.76,direct,,BNB
2022-01-06,478.35,464.13,473.85,213519.09,100848516.33,472.32,multiply,BTC,BNB
2022-01-07,473.71,437.52,472.94,130383.11,58989228.45,447.7,direct,,BNB
2022-01-08,454.8,422.29,447.84,258043.78,111012094.51,430.21,multiply,BTC,BNB
2022-01-09,438.79,431.26,430.21,175801.4,77140495.44,438.79,multiply,BTC,BNB
2022-01-10,445.45,407.03,438.59,160166.01,68071289.1,425.03,direct,,BNB
2022-01-11,467.71,421.6,425.03,164159.44,73849531.66,463.38,direct,,BNB
2022-01-12,490.14,471.7,463.76,237301.95,115686679.01,487.51,multiply,BTC,BNB
2022-01-13,476.85,465.78,487.51,251619.45,119662552.05,475.57,multiply,BTC,BNB
2022-01-14,491.65,479.16,475.57,240306.25,117837117.14,490.36,multiply,BTC,BNB
2022-01-15,498.11,487.33,490.36,194096.32,96011440.16,494.66,multiply,BTC,BNB
2022-01-16,502.12,490.91,494.66,165914.51,82736782.03,498.67,multiply,BTC,BNB
2022-01-17,488.54,467.85,498.67,224562.94,106767668.07,475.45,multiply,BTC,BNB
2022-01-18,479.77,457.43,475.41,117973.48,55085485.12,471.43,direct,,BNB
2022-01-19,473.16,453.83,471.43,102621.53,47791317.0,462.11,direct,,BNB
2022-01-20,462.73,439.93,462.17,320390.49,141081345.77,440.34,multiply,BTC,BNB
2022-01-21,444.58,374.19,440.56,242022.34,100103605.6,384.09,direct,,BNB
2022-01-22,373.56,344.69,383.66,487045.55,174594093.05,358.48,multiply,BTC,BNB
2022-01-23,393.0,370.14,358.48,299249.69,114999114.79,384.29,multiply,BTC,BNB
2022-01-24,384.24,336.54,384.24,210766.39,75044512.88,371.68,direct,,BNB
2022-01-25,386.03,369.46,371.8,243198.28,93701820.5,385.29,multiply,BTC,BNB
2022-01-26,402.33,366.71,385.23,123552.55,47691164.73,375.02,direct,,BNB
2022-01-27,402.77,374.5,375.29,237578.17,92684358.34,390.12,multiply,BTC,BNB
2022-01-28,398.96,381.98,390.12,203202.74,78462324.69,386.13,multiply,BTC,BNB
2022-01-29,397.5,384.9,386.13,144095.72,56123203.93,389.49,multiply,BTC,BNB
2022-01-30,387.05,375.94,389.49,178629.04,67397219.68,377.3,multiply,BTC,BNB
2022-01-31,388.41,374.48,377.3,177904.61,66668954.71,374.75,multiply,BTC,BNB
2022-02-01,388.71,373.98,374.4,100555.96,38552112.66,384.28,direct,,BNB
2022-02-02,386.34,366.41,384.28,90484.11,34106798.72,367.26,direct,,BNB
2022-02-03,372.47,359.71,367.26,85464.19,31255753.0,372.39,direct,,BNB
2022-02-04,416.32,398.06,372.47,215816.61,86258266.26,399.68,multiply,BTC,BNB
2022-02-05,431.05,396.77,399.77,129988.41,54148670.79,414.05,direct,,BNB
2022-02-06,422.43,407.26,414.05,124703.25,51784602.73,420.34,direct,,BNB
2022-02-07,439.24,413.7,420.34,128276.19,55151605.25,433.75,direct,,BNB
2022-02-08,445.92,406.85,433.75,139582.02,59176065.52,408.09,direct,,BNB
2022-02-09,428.05,407.42,408.09,105575.59,44159296.1,423.24,direct,,BNB
2022-02-10,435.49,410.04,423.24,141236.22,59675983.16,414.79,direct,,BNB
2022-02-11,419.06,392.96,414.79,104032.62,42643793.43,400.83,direct,,BNB
2022-02-12,407.35,393.77,400.83,99767.77,40020582.01,403.6,direct,,BNB
2022-02-13,407.9,395.01,403.6,67492.89,27142365.31,398.07,direct,,BNB
2022-02-14,404.45,390.79,398.07,78997.27,31453156.63,403.71,direct,,BNB
2022-02-15,443.0,403.07,403.71,242987.72,103825115.99,432.82,direct,,BNB
2022-02-16,433.73,422.53,432.82,109924.58,47177027.26,427.59,direct,,BNB
2022-02-17,431.39,400.26,427.59,113265.98,47171433.24,402.64,direct,,BNB
2022-02-18,411.37,392.32,402.64,132542.35,53301822.52,399.39,direct,,BNB
2022-02-19,406.86,393.41,399.39,68028.3,27253590.88,399.84,direct,,BNB
2022-02-20,400.21,375.13,399.84,79551.1,30503789.04,380.68,direct,,BNB
2022-02-21,393.72,355.21,380.68,132956.86,50166411.15,356.82,direct,,BNB
2022-02-22,375.71,348.98,356.82,192725.62,69959486.16,374.49,direct,,BNB
2022-02-23,384.28,365.72,374.49,157741.64,59358352.84,365.88,direct,,BNB
2022-02-24,368.98,323.48,365.88,207554.73,71871560.21,360.45,direct,,BNB
2022-02-25,377.5,356.96,360.45,127068.35,46492367.71,375.01,direct,,BNB
2022-02-26,387.81,370.81,375.01,116464.32,43836538.2,373.86,direct,,BNB
2022-02-27,381.4,358.36,373.86,149707.5,55334918.88,359.83,direct,,BNB
2022-02-28,397.41,355.94,359.83,106250.36,39506982.74,396.03,direct,,BNB
2022-03-01,424.75,391.27,396.03,195690.45,79666330.73,408.83,direct,,BNB
2022-03-02,415.87,403.92,408.83,166496.74,68289935.29,409.32,direct,,BNB
2022-03-03,413.17,397.63,409.32,149952.69,60717295.74,402.77,direct,,BNB
2022-03-04,403.71,372.04,402.77,133652.79,52004882.94,374.15,direct,,BNB
2022-03-05,387.35,367.19,374.15,131036.17,49417472.42,384.81,direct,,BNB
2022-03-06,387.32,372.45,384.81,87941.01,33395914.37,374.84,direct,,BNB
2022-03-07,385.25,362.82,374.84,178120.13,66817327.55,380.84,direct,,BNB
2022-03-08,388.81,377.11,380.84,127815.67,48954140.79,381.48,direct,,BNB
2022-03-09,402.74,381.18,381.48,139819.52,55127126.81,393.4,direct,,BNB
2022-03-10,381.14,366.31,393.53,301510.11,112242263.5,372.27,multiply,BTC,BNB
2022-03-11,380.1,365.04,372.13,102214.19,38025030.24,372.02,direct,,BNB
2022-03-12,379.25,371.18,372.02,51322.39,19289506.27,372.46,direct,,BNB
2022-03-13,377.25,360.09,372.46,75317.33,27894376.55,361.36,direct,,BNB
2022-03-14,374.08,359.52,361.36,109879.38,40352392.36,373.49,direct,,BNB
2022-03-15,374.85,361.9,373.49,119945.53,44224174.13,371.76,direct,,BNB
2022-03-16,386.85,367.98,371.76,152255.47,57413377.66,385.68,direct,,BNB
2022-03-17,393.77,381.9,385.68,90442.61,35030107.43,392.14,direct,,BNB
2022-03-18,400.87,384.23,392.14,102378.24,40049390.89,397.44,direct,,BNB
2022-03-19,406.37,395.19,397.44,88812.8,35601000.28,400.1,direct,,BNB
2022-03-20,400.97,386.37,400.1,116561.37,45827232.33,390.87,direct,,BNB
2022-03-21,399.39,385.45,390.87,130213.67,51252800.11,396.15,direct,,BNB
2022-03-22,410.24,395.07,396.15,116735.18,47266443.53,404.31,direct,,BNB
2022-03-23,411.99,398.25,404.31,108778.9,43987538.15,408.6,direct,,BNB
2022-03-24,416.84,405.22,408.6,120432.45,49510662.75,414.39,direct,,BNB
2022-03-25,421.7,406.11,414.39,128953.73,53416180.28,410.37,direct,,BNB
2022-03-26,416.69,407.59,410.37,62644.73,25880887.31,416.23,direct,,BNB
2022-03-27,431.45,411.8,416.23,116766.91,49069357.34,430.8,direct,,BNB
2022-03-28,441.12,428.03,430.8,114335.35,49700951.49,430.15,direct,,BNB
2022-03-29,441.98,429.73,430.15,132813.9,57937896.21,434.48,direct,,BNB
2022-03-30,449.58,425.68,434.48,140942.12,61881446.76,442.0,direct,,BNB
2022-03-31,452.38,423.98,442.0,181022.64,79059255.33,428.82,direct,,BNB
2022-04-01,448.13,413.39,428.82,170247.36,73488378.8,447.8,direct,,BNB
2022-04-02,454.26,435.84,447.8,109081.22,48675366.58,437.17,direct,,BNB
2022-04-03,455.99,432.3,437.17,137914.12,61446620.99,450.26,direct,,BNB
2022-04-04,450.52,433.59,450.26,141472.45,62789383.79,447.85,direct,,BNB
2022-04-05,460.07,444.28,447.85,133043.6,60144064.93,444.61,direct,,BNB
2022-04-06,444.71,418.39,444.61,193222.44,83500981.15,420.17,direct,,BNB
2022-04-07,439.08,416.55,420.17,147703.3,63568454.11,436.34,direct,,BNB
2022-04-08,441.15,418.67,436.34,138542.35,59588651.1,421.78,direct,,BNB
2022-04-09,428.12,419.8,421.78,73294.95,31074203.76,426.93,direct,,BNB
2022-04-10,429.68,417.03,426.93,105438.44,44723918.01,417.93,direct,,BNB
2022-04-11,419.65,391.3,417.93,187248.34,76108961.16,394.3,direct,,BNB
2022-04-12,417.07,392.42,394.3,139457.01,56921330.26,413.73,direct,,BNB
2022-04-13,424.73,410.46,413.73,118421.79,49464581.29,423.35,direct,,BNB
2022-04-14,427.03,411.42,423.35,107077.65,44755725.65,414.75,direct,,BNB
2022-04-15,420.09,412.74,414.75,67665.04,28204193.88,417.39,direct,,BNB
2022-04-16,419.1,411.62,417.39,67049.25,27852640.05,417.25,direct,,BNB
2022-04-17,418.32,405.66,417.25,79367.35,32889364.47,406.71,direct,,BNB
2022-04-18,418.01,396.19,406.71,128464.39,52144094.36,416.98,direct,,BNB
2022-04-19,424.66,414.8,416.98,84836.06,35608074.04,422.49,direct,,BNB
2022-04-20,431.53,414.86,422.49,101580.74,42891494.31,418.48,direct,,BNB
2022-04-21,426.36,401.23,418.48,111337.6,46548095.52,405.0,direct,,BNB
2022-04-22,414.0,403.46,405.0,93327.23,38146669.14,406.59,direct,,BNB
2022-04-23,408.1,397.12,406.59,65282.31,26416324.21,401.08,direct,,BNB
2022-04-24,405.49,397.3,401.08,93907.52,37757462.93,398.81,direct,,BNB
2022-04-25,405.63,382.31,398.81,130362.69,51306741.46,404.29,direct,,BNB
2022-04-26,407.56,381.02,404.29,106544.42,41918558.88,385.93,direct,,BNB
2022-04-27,394.92,383.5,385.93,113093.75,44093420.86,391.41,direct,,BNB
2022-04-28,408.5,388.57,391.41,119284.44,47792787.05,406.99,direct,,BNB
2022-04-29,410.72,389.62,406.99,97796.18,38989572.94,392.92,direct,,BNB
2022-04-30,399.94,376.43,392.92,76119.7,29764175.3,377.03,direct,,BNB
2022-05-01,391.62,375.68,377.03,109715.86,42247374.39,390.1,direct,,BNB
2022-05-02,392.71,382.2,390.1,98060.36,38079549.2,389.55,direct,,BNB
2022-05-03,392.22,379.8,389.55,75670.2,29238737.98,383.8,direct,,BNB
2022-05-04,403.1,382.77,383.8,96518.7,37838462.62,402.67,direct,,BNB
2022-05-05,413.83,370.73,402.67,142210.33,55947716.57,378.35,direct,,BNB
2022-05-06,382.06,371.62,378.26,164380.93,62330641.85,379.18,multiply,BTC,BNB
2022-05-07,375.62,364.62,379.18,153472.46,56068533.2,365.33,multiply,BTC,BNB
2022-05-08,356.33,348.51,365.33,147568.29,52483089.77,355.65,multiply,BTC,BNB
2022-05-09,359.19,295.4,355.85,157033.59,51400329.67,296.3,direct,,BNB
2022-05-10,332.51,288.91,296.3,229303.15,72508217.55,318.98,direct,,BNB
2022-05-11,322.74,260.08,318.98,322136.22,94503801.94,270.59,direct,,BNB
2022-05-12,283.53,206.62,270.59,338440.45,86437024.14,267.95,direct,,BNB
2022-05-13,313.08,264.61,267.95,217629.45,64964302.74,290.48,direct,,BNB
2022-05-14,298.93,271.47,290.48,147535.62,42158625.17,296.54,direct,,BNB
2022-05-15,312.35,285.32,296.54,154374.8,45929417.84,312.06,direct,,BNB
2022-05-16,312.09,290.02,312.06,169141.72,50448551.36,296.8,direct,,BNB
2022-05-17,310.22,295.53,296.8,125647.62,38102105.45,305.81,direct,,BNB
2022-05-18,308.15,286.41,305.81,149488.92,44389625.24,287.27,direct,,BNB
2022-05-19,308.68,286.37,287.27,219008.26,65682568.57,306.58,direct,,BNB
2022-05-20,315.77,293.75,306.58,192766.21,58879401.67,302.02,direct,,BNB
2022-05-21,313.82,298.89,302.02,98866.25,30365283.75,311.97,direct,,BNB
2022-05-22,323.33,311.12,311.97,147119.85,46673718.91,319.15,direct,,BNB
2022-05-23,336.87,315.05,319.15,232208.37,75867369.66,316.69,direct,,BNB
2022-05-24,330.1,311.76,316.69,204948.16,66108230.75,328.06,direct,,BNB
2022-05-25,337.48,323.6,328.06,154173.42,50769360.15,325.28,direct,,BNB
2022-05-26,331.55,296.24,325.28,297325.9,93402030.62,302.87,direct,,BNB
2022-05-27,309.43,290.65,302.87,230386.22,69187973.06,301.28,direct,,BNB
2022-05-28,310.19,296.64,301.28,105653.05,32027436.62,307.13,direct,,BNB
2022-05-29,307.89,298.3,307.13,87894.75,26645913.87,305.73,direct,,BNB
2022-05-30,323.7,303.6,305.73,152259.96,48160623.45,321.47,direct,,BNB
2022-05-31,324.61,313.26,321.47,177375.98,56640644.12,320.61,direct,,BNB
2022-06-01,324.32,297.3,320.61,242363.06,75431599.13,300.05,direct,,BNB
2022-06-02,309.07,297.86,300.05,98021.06,29731239.96,308.32,direct,,BNB
2022-06-03,309.98,292.9,308.32,134873.81,40407242.26,298.18,direct,,BNB
2022-06-04,302.68,294.36,298.18,78470.96,23478617.11,301.14,direct,,BNB
2022-06-05,302.23,294.48,301.14,85360.75,25457366.05,298.69,direct,,BNB
2022-06-06,312.12,287.24,298.69,178161.82,53658585.17,294.81,direct,,BNB
2022-06-07,295.83,273.24,294.81,220910.75,62826370.25,290.16,direct,,BNB
2022-06-08,294.38,283.79,290.16,76083.78,22049116.2,288.31,direct,,BNB
2022-06-09,293.18,286.08,288.31,71769.23,20785505.79,289.52,direct,,BNB
2022-06-10,298.51,282.78,289.52,133881.86,38699478.39,285.97,direct,,BNB
2022-06-11,290.21,264.92,285.97,112673.98,31167671.19,269.4,direct,,BNB
2022-06-12,271.61,250.52,269.4,133717.58,34736220.49,254.81,direct,,BNB
2022-06-13,257.5,213.03,254.81,277984.47,63889091.34,222.73,direct,,BNB
2022-06-14,230.78,203.72,222.73,228845.34,50571638.66,222.76,direct,,BNB
2022-06-15,234.29,198.16,222.76,267278.99,57131575.89,233.27,direct,,BNB
2022-06-16,236.93,207.47,233.27,195072.85,42979352.63,210.02,direct,,BNB
2022-06-17,221.63,207.58,210.02,129765.63,27969258.89,215.46,direct,,BNB
2022-06-18,218.72,183.06,215.46,289038.27,57636745.04,196.74,direct,,BNB
2022-06-19,216.56,189.47,196.74,207116.47,42215377.3,214.94,direct,,BNB
2022-06-20,219.26,204.52,214.94,180884.27,38361672.82,216.31,direct,,BNB
2022-06-21,228.06,212.9,216.31,146248.3,32336305.29,219.89,direct,,BNB
2022-06-22,220.7,210.98,219.89,192080.56,41419786.7,213.97,direct,,BNB
2022-06-23,230.21,213.83,213.97,168200.8,37640282.71,228.67,direct,,BNB
2022-06-24,243.07,228.14,228.67,169051.16,39823849.82,240.05,direct,,BNB
2022-06-25,241.84,229.52,240.05,132135.73,31272781.97,239.66,direct,,BNB
2022-06-26,245.18,233.07,239.66,130738.01,31225829.86,233.73,direct,,BNB
2022-06-27,240.69,230.01,233.73,160239.97,37694361.34,233.19,direct,,BNB
2022-06-28,242.35,225.49,233.19,249711.07,58537064.27,226.59,direct,,BNB
2022-06-29,229.35,215.13,226.59,179271.79,39591485.89,219.45,direct,,BNB
2022-06-30,220.01,205.47,219.45,188550.66,40104355.85,219.48,direct,,BNB
2022-07-01,226.46,213.23,219.48,154417.5,33967433.5,216.58,direct,,BNB
2022-07-02,219.47,213.57,216.58,171504.78,37046499.21,217.86,direct,,BNB
2022-07-03,219.84,213.85,217.86,119642.15,25989409.61,218.84,direct,,BNB
2022-07-04,231.92,214.49,218.84,143883.91,31947378.8,231.25,direct,,BNB
2022-07-05,236.29,222.66,231.25,175038.75,40158891.98,230.56,direct,,BNB
2022-07-06,239.75,228.79,230.56,161445.85,37987708.0,238.36,direct,,BNB
2022-07-07,243.6,235.04,238.36,103897.63,24878738.33,241.31,direct,,BNB
2022-07-08,247.47,236.78,241.31,148065.62,35707672.69,240.45,direct,,BNB
2022-07-09,244.89,240.41,240.45,75267.59,18269396.28,243.06,direct,,BNB
2022-07-10,243.27,231.64,243.06,89401.7,21096517.64,234.47,direct,,BNB
2022-07-11,234.89,224.83,234.47,125304.58,28929599.39,225.47,direct,,BNB
2022-07-12,228.02,219.85,225.47,140039.98,31426972.59,220.23,direct,,BNB
2022-07-13,230.74,216.33,220.23,218477.03,48837357.95,230.31,direct,,BNB
2022-07-14,239.93,227.0,230.31,170309.49,39662172.13,238.38,direct,,BNB
2022-07-15,242.62,235.22,238.38,122849.48,29260568.75,238.5,direct,,BNB
2022-07-16,251.46,233.83,238.5,161967.56,39465181.14,249.76,direct,,BNB
2022-07-17,255.59,246.4,249.76,121897.79,30641739.73,247.68,direct,,BNB
2022-07-18,265.66,247.61,247.68,166187.15,43068924.4,264.18,direct,,BNB
2022-07-19,274.83,255.84,264.18,165399.24,43785936.18,268.68,direct,,BNB
2022-07-20,272.1,256.49,268.68,149161.39,39792833.93,258.27,direct,,BNB
2022-07-21,265.98,250.72,258.27,122333.44,31662682.55,265.56,direct,,BNB
2022-07-22,271.39,261.19,265.56,130499.66,34784462.18,262.59,direct,,BNB
2022-07-23,272.54,252.73,262.59,123097.96,32218825.26,259.18,direct,,BNB
2022-07-24,266.27,257.14,259.18,87572.24,22974509.49,261.35,direct,,BNB
2022-07-25,262.63,244.29,261.35,124391.96,31554543.79,244.33,direct,,BNB
2022-07-26,249.49,239.62,244.33,96549.8,23488433.11,249.43,direct,,BNB
2022-07-27,272.16,247.57,249.43,189117.69,48984285.93,271.71,direct,,BNB
2022-07-28,280.87,263.15,271.71,147111.26,39946368.77,277.34,direct,,BNB
2022-07-29,302.16,274.88,277.34,270483.78,78394739.33,293.85,direct,,BNB
2022-07-30,300.37,285.12,293.85,158019.71,46215371.91,287.81,direct,,BNB
2022-07-31,297.21,282.23,287.81,126659.83,36856446.57,283.51,direct,,BNB
2022-08-01,290.66,277.97,283.51,115529.8,32941028.3,283.5,direct,,BNB
2022-08-02,291.21,274.48,283.5,107907.66,30451865.13,283.71,direct,,BNB
2022-08-03,305.87,278.24,283.71,97690.18,28621379.3,298.25,direct,,BNB
2022-08-04,313.42,297.88,298.25,113395.89,34633829.69,311.87,direct,,BNB
2022-08-05,321.43,308.2,311.87,130196.17,41025869.5,315.95,direct,,BNB
2022-08-06,323.12,312.76,315.95,92194.33,29216843.53,315.31,direct,,BNB
2022-08-07,326.05,308.26,315.31,95819.62,30509423.65,322.79,direct,,BNB
2022-08-08,333.88,321.14,322.79,140362.05,45936546.42,325.04,direct,,BNB
2022-08-09,328.49,312.41,325.04,109580.87,35205874.82,324.59,direct,,BNB
2022-08-10,336.91,313.63,324.59,187797.72,60996723.36,328.9,direct,,BNB
2022-08-11,334.92,322.13,328.9,121505.93,40022859.72,323.9,direct,,BNB
2022-08-12,328.29,317.81,323.9,106877.38,34541546.52,328.24,direct,,BNB
2022-08-13,333.13,322.81,328.24,95578.87,31346677.11,324.29,direct,,BNB
2022-08-14,331.08,315.75,324.29,95298.38,30855378.19,317.75,direct,,BNB
2022-08-15,327.5,313.67,317.75,128628.78,40986222.42,319.58,direct,,BNB
2022-08-16,322.43,312.02,319.58,95033.28,30065359.59,316.17,direct,,BNB
2022-08-17,324.18,303.83,316.17,126721.4,39670296.94,306.88,direct,,BNB
2022-08-18,310.55,295.46,306.88,176962.2,53924303.54,298.11,direct,,BNB
2022-08-19,298.16,277.51,298.11,175018.02,49892070.4,279.11,direct,,BNB
2022-08-20,289.04,276.93,279.11,89759.77,25506495.65,283.64,direct,,BNB
2022-08-21,304.25,283.42,283.64,114048.05,33719267.8,301.88,direct,,BNB
2022-08-22,304.86,288.8,301.88,131175.22,38866690.8,299.91,direct,,BNB
2022-08-23,301.69,293.68,299.91,131505.33,39178488.27,299.15,direct,,BNB
2022-08-24,300.36,294.25,299.15,94613.84,28124487.56,296.34,direct,,BNB
2022-08-25,307.46,295.78,296.34,106352.28,32097742.22,301.46,direct,,BNB
2022-08-26,302.36,277.18,301.46,130067.58,37981598.79,279.53,direct,,BNB
2022-08-27,284.61,273.31,279.53,73509.83,20566464.48,277.81,direct,,BNB
2022-08-28,284.0,275.66,277.81,60421.85,16872650.99,276.36,direct,,BNB
2022-08-29,286.73,272.37,276.36,122834.52,34358714.92,286.02,direct,,BNB
2022-08-30,291.96,276.66,286.02,136801.89,39000550.23,281.52,direct,,BNB
2022-08-31,289.96,277.61,281.52,189323.09,53824871.33,279.12,direct,,BNB
2022-09-01,280.37,270.59,279.12,154939.42,42739093.57,278.27,direct,,BNB
2022-09-02,283.58,273.61,278.27,101206.91,28199210.58,277.45,direct,,BNB
2022-09-03,278.77,274.2,277.45,41350.97,11447295.23,277.89,direct,,BNB
2022-09-04,280.69,275.01,277.89,59541.93,16558525.95,279.13,direct,,BNB
2022-09-05,281.76,273.25,279.13,127454.22,35208814.44,276.87,direct,,BNB
2022-09-06,286.34,260.83,276.87,185601.23,51004490.69,262.3,direct,,BNB
2022-09-07,280.31,258.36,262.3,121513.58,32535580.72,279.07,direct,,BNB
2022-09-08,282.92,275.53,279.07,88498.16,24719769.17,280.66,direct,,BNB
2022-09-09,295.99,280.11,280.66,105645.03,30636509.36,293.6,direct,,BNB
2022-09-10,298.7,290.45,293.6,59198.74,17430345.58,296.73,direct,,BNB
2022-09-11,298.1,289.95,296.73,56435.34,16620937.64,295.4,direct,,BNB
2022-09-12,299.95,290.78,295.4,125229.34,36907101.01,294.11,direct,,BNB
2022-09-13,298.94,275.46,294.11,127308.89,36611701.11,277.5,direct,,BNB
2022-09-14,282.78,273.47,277.5,85204.35,23758254.16,279.36,direct,,BNB
2022-09-15,280.5,266.65,279.36,120314.66,32968307.91,271.09,direct,,BNB
2022-09-16,276.46,268.56,271.09,65622.04,17949781.53,274.89,direct,,BNB
2022-09-17,279.84,274.69,274.89,37798.41,10491330.64,279.06,direct,,BNB
2022-09-18,280.11,263.71,279.06,68893.0,18830572.87,266.39,direct,,BNB
2022-09-19,273.07,256.64,266.39,130464.35,34453295.94,272.04,direct,,BNB
2022-09-20,273.71,265.11,272.04,86196.79,23173593.4,266.39,direct,,BNB
2022-09-21,276.48,260.42,266.39,123315.72,33072077.78,264.14,direct,,BNB
2022-09-22,276.58,263.53,264.14,76933.48,20707948.83,275.37,direct,,BNB
2022-09-23,277.65,268.67,275.37,78820.54,21538793.4,276.63,direct,,BNB
2022-09-24,285.03,274.4,276.63,97607.65,27357440.34,274.54,direct,,BNB
2022-09-25,279.74,271.17,274.54,74318.93,20475797.49,274.34,direct,,BNB
2022-09-26,276.81,270.86,274.34,94918.59,26014225.46,276.24,direct,,BNB
2022-09-27,286.62,269.33,276.24,109522.47,30542862.4,272.23,direct,,BNB
2022-09-28,283.69,266.38,272.23,111812.29,30661965.92,281.63,direct,,BNB
2022-09-29,285.53,277.19,281.63,78931.5,22249037.0,284.12,direct,,BNB
2022-09-30,289.87,280.56,284.12,108637.7,30959733.99,284.84,direct,,BNB
2022-10-01,285.47,277.61,284.84,101515.46,28559736.05,282.89,direct,,BNB
2022-10-02,288.02,279.36,282.89,60196.38,17049194.1,284.79,direct,,BNB
2022-10-03,289.21,283.16,284.79,109482.59,31360586.14,287.07,direct,,BNB
2022-10-04,298.41,286.3,287.07,165430.37,48453503.28,296.37,direct,,BNB
2022-10-05,296.49,289.28,296.37,79247.28,23236062.39,294.2,direct,,BNB
2022-10-06,297.89,278.57,294.2,246530.62,70897531.57,287.12,direct,,BNB
2022-10-07,287.12,279.36,287.12,187912.0,53310923.93,282.28,direct,,BNB
2022-10-08,282.67,275.49,282.28,49837.2,13955058.47,276.35,direct,,BNB
2022-10-09,279.51,275.19,276.35,50095.79,13906807.27,278.31,direct,,BNB
2022-10-10,279.21,271.38,278.31,91006.37,25038866.17,271.7,direct,,BNB
2022-10-11,273.91,267.3,271.7,84784.14,22969802.45,271.34,direct,,BNB
2022-10-12,272.86,269.38,271.34,71142.92,19298797.91,270.95,direct,,BNB
2022-10-13,273.73,256.54,270.95,139817.47,37215034.16,271.86,direct,,BNB
2022-10-14,276.74,267.81,271.86,96252.42,26271296.27,269.53,direct,,BNB
2022-10-15,271.37,267.47,269.53,52215.23,14096147.03,268.1,direct,,BNB
2022-10-16,273.9,267.89,268.1,53730.02,14561933.13,272.53,direct,,BNB
2022-10-17,275.97,269.97,272.53,66630.9,18216321.93,275.75,direct,,BNB
2022-10-18,276.04,270.19,275.75,76920.43,21020993.9,273.18,direct,,BNB
2022-10-19,273.89,270.31,273.18,49634.67,13504450.59,271.92,direct,,BNB
2022-10-20,273.44,267.31,271.92,73103.56,19814311.43,268.93,direct,,BNB
2022-10-21,271.2,263.43,268.93,85397.82,22876580.7,270.04,direct,,BNB
2022-10-22,271.17,268.42,270.04,40386.94,10891998.18,270.44,direct,,BNB
2022-10-23,276.81,268.65,270.44,59218.55,16097944.12,276.0,direct,,BNB
2022-10-24,277.33,271.59,276.0,88719.37,24297268.46,274.23,direct,,BNB
2022-10-25,289.98,271.96,274.23,220554.83,62318898.5,284.26,direct,,BNB
2022-10-26,305.54,285.48,284.19,1055432.71,306762229.58,290.65,multiply,ETH,BNB
2022-10-27,287.73,274.25,290.65,199543.74,57172278.66,286.52,multiply,ETH,BNB
2022-10-28,301.22,285.77,286.95,172645.18,50780643.01,298.09,direct,,BNB
2022-10-29,308.44,295.84,298.09,222991.0,67620153.72,304.64,direct,,BNB
2022-10-30,318.87,302.36,304.64,247301.58,77065781.2,313.73,direct,,BNB
2022-10-31,337.81,306.78,313.73,484249.87,157456344.89,325.59,direct,,BNB
2022-11-01,334.33,317.35,325.59,169083.93,55062164.36,323.89,direct,,BNB
2022-11-02,329.48,315.42,323.89,211919.25,68377958.88,320.23,direct,,BNB
2022-11-03,338.61,318.07,320.23,221973.67,73355205.79,329.55,direct,,BNB
2022-11-04,358.92,328.35,329.55,262578.86,91246828.57,354.64,direct,,BNB
2022-11-05,361.17,346.21,354.64,135330.95,47885312.01,349.47,direct,,BNB
2022-11-06,356.03,337.92,349.47,121803.1,42615634.88,338.13,direct,,BNB
2022-11-07,344.64,326.64,338.13,277334.23,93017814.5,337.08,direct,,BNB
2022-11-08,398.32,300.69,337.08,971850.51,328636558.0,328.25,direct,,BNB
2022-11-09,333.58,236.68,328.25,513448.14,151948841.08,260.82,direct,,BNB
2022-11-10,617.8,256.37,260.82,260662.81,78492453.24,303.18,direct,,BNB
2022-11-11,294.23,285.9,303.26,180095.94,52132622.88,289.47,multiply,BTC,BNB
2022-11-12,292.87,273.25,289.47,161568.73,45611617.83,282.3,multiply,BTC,BNB
2022-11-13,276.9,271.36,282.3,112852.78,31157012.48,276.09,multiply,BTC,BNB
2022-11-14,291.03,266.82,276.38,96410.31,26811844.39,278.18,direct,,BNB
2022-11-15,284.58,271.59,278.41,114996.03,31813548.73,276.65,multiply,BTC,BNB
2022-11-16,275.69,268.2,276.65,99368.27,26997978.97,271.7,multiply,BTC,BNB
2022-11-17,273.23,263.26,271.8,47685.1,12786643.51,267.85,direct,,BNB
2022-11-18,275.19,265.68,267.72,69931.03,19139085.1,273.69,multiply,BTC,BNB
2022-11-19,274.45,268.77,273.69,51792.35,14101933.55,272.28,multiply,BTC,BNB
2022-11-20,273.32,257.37,272.1,38388.93,10311862.7,263.88,direct,,BNB
2022-11-21,264.76,249.92,263.88,70443.7,18155709.37,253.56,direct,,BNB
2022-11-22,266.98,251.74,253.56,43832.98,11384578.82,265.98,direct,,BNB
2022-11-23,300.52,244.3,265.98,104917.09,30454553.25,298.5,direct,,BNB
2022-11-24,302.08,294.45,297.97,94302.29,28267438.86,299.75,multiply,BTC,BNB
2022-11-25,304.25,295.33,299.75,84241.68,25296641.15,300.29,multiply,BTC,BNB
2022-11-26,314.72,298.92,300.29,118045.63,36723810.43,311.1,multiply,BTC,BNB
2022-11-27,315.12,306.41,311.1,64820.53,19915101.68,307.23,multiply,BTC,BNB
2022-11-28,304.53,290.11,307.23,101981.7,29916013.61,293.35,multiply,BTC,BNB
2022-11-29,304.15,293.96,293.35,81555.65,24081692.49,295.28,multiply,BTC,BNB
2022-11-30,310.81,299.65,295.28,78495.04,23575288.62,300.34,multiply,BTC,BNB
2022-12-01,299.5,290.33,300.34,122332.7,35766678.28,292.37,multiply,BTC,BNB
2022-12-02,295.56,288.9,292.37,71596.99,21014603.89,293.51,multiply,BTC,BNB
2022-12-03,291.66,288.45,293.51,51078.67,14837277.51,290.48,multiply,BTC,BNB
2022-12-04,294.66,290.56,290.48,55856.61,16306031.67,291.93,multiply,BTC,BNB
2022-12-05,291.49,287.08,291.93,49247.74,14213190.71,288.61,multiply,BTC,BNB
2022-12-06,291.33,289.1,288.61,41037.09,11906054.38,290.13,multiply,BTC,BNB
2022-12-07,286.41,283.04,290.13,56571.45,16078902.03,284.22,multiply,BTC,BNB
2022-12-08,293.01,289.05,284.22,45729.22,13281169.25,290.43,multiply,BTC,BNB
2022-12-09,289.62,285.16,290.43,37298.11,10667945.56,286.02,multiply,BTC,BNB
2022-12-10,288.46,285.54,286.02,29136.71,8399655.11,288.28,multiply,BTC,BNB
2022-12-11,290.1,283.6,288.28,35337.59,10052059.16,284.46,multiply,BTC,BNB
2022-12-12,289.97,275.34,284.46,122234.92,33740126.82,276.03,multiply,BTC,BNB
2022-12-13,286.0,263.79,276.03,230338.79,62643489.22,271.96,multiply,BTC,BNB
2022-12-14,277.7,264.71,271.96,100637.68,26943988.21,267.73,multiply,BTC,BNB
2022-12-15,263.34,256.92,267.73,87011.41,22490590.65,258.48,multiply,BTC,BNB
2022-12-16,251.54,226.72,258.48,175767.96,40670198.02,231.39,multiply,BTC,BNB
2022-12-17,243.99,222.17,231.39,144077.01,34887287.91,242.14,multiply,BTC,BNB
2022-12-18,253.62,239.7,242.18,66624.84,16486834.75,250.73,direct,,BNB
2022-12-19,253.06,237.19,250.73,48720.56,11986840.84,240.61,direct,,BNB
2022-12-20,252.98,239.43,240.61,43307.92,10741994.68,251.27,direct,,BNB
2022-12-21,251.4,245.35,251.27,34542.65,8579608.96,245.87,direct,,BNB
2022-12-22,248.08,240.16,245.87,38525.26,9425751.58,245.74,direct,,BNB
2022-12-23,248.52,243.93,245.74,21960.33,5406360.71,246.12,direct,,BNB
2022-12-24,247.39,243.12,245.7,33790.88,8248286.23,244.1,multiply,ETH,BNB
2022-12-25,247.31,242.2,244.1,39030.06,9481534.23,242.93,multiply,ETH,BNB
2022-12-26,244.74,241.9,243.16,15955.94,3879839.14,244.29,direct,,BNB
2022-12-27,248.18,242.33,244.29,26410.96,6455952.1,246.45,direct,,BNB
2022-12-28,244.63,240.83,246.5,54793.3,13358964.22,243.81,multiply,BTC,BNB
2022-12-29,246.59,243.4,244.24,26302.66,6454017.4,246.23,direct,,BNB
2022-12-30,247.17,244.51,246.14,45394.74,11152223.65,245.67,multiply,BTC,BNB
2022-12-31,247.31,244.52,245.53,24335.88,5989035.21,246.01,direct,,BNB
2023-01-01,246.51,243.17,246.01,19000.69,4646282.85,244.18,direct,,BNB
2023-01-02,247.64,240.58,244.18,23207.61,5687101.88,245.16,direct,,BNB
2023-01-03,246.05,244.38,245.22,35851.02,8815223.03,245.88,multiply,BTC,BNB
2023-01-04,260.58,245.68,246.09,58379.87,14901540.75,258.79,direct,,BNB
2023-01-05,259.0,255.17,258.79,21348.82,5490383.15,256.29,direct,,BNB
2023-01-06,260.39,254.49,256.29,30825.96,7936032.39,259.82,direct,,BNB
2023-01-07,263.49,259.31,259.82,16177.04,4226131.17,261.19,direct,,BNB
2023-01-08,275.88,260.28,261.19,33328.0,8887976.35,274.85,direct,,BNB
2023-01-09,283.19,271.38,274.85,59806.9,16609937.78,272.49,direct,,BNB
2023-01-10,278.58,270.53,272.49,36352.32,10004243.59,277.1,direct,,BNB
2023-01-11,286.26,274.21,277.1,35137.27,9787013.96,284.59,direct,,BNB
2023-01-12,288.53,279.11,284.59,52724.86,15007423.32,287.79,direct,,BNB
2023-01-13,295.31,284.99,287.79,37560.04,10862743.69,293.57,direct,,BNB
2023-01-14,313.98,293.22,293.57,89445.64,27347749.75,304.88,direct,,BNB
2023-01-15,305.85,292.05,304.88,36156.3,10821968.51,302.03,direct,,BNB
2023-01-16,307.6,293.34,302.03,44109.75,13256265.0,298.87,direct,,BNB
2023-01-17,305.32,295.65,298.87,35446.89,10661620.1,299.29,direct,,BNB
2023-01-18,304.69,281.7,299.29,77879.77,22881971.29,286.83,direct,,BNB
2023-01-19,295.13,286.28,286.83,26884.57,7810235.37,294.65,direct,,BNB
2023-01-20,305.08,286.69,294.65,65380.46,19214300.4,305.02,direct,,BNB
2023-01-21,309.54,298.92,305.02,65295.46,19837298.58,299.04,direct,,BNB
2023-01-22,311.04,298.72,299.04,50828.76,15425266.16,302.76,direct,,BNB
2023-01-23,307.59,301.36,302.76,38610.33,11771741.74,305.24,direct,,BNB
2023-01-24,323.02,299.7,305.24,74697.97,23367254.11,300.46,direct,,BNB
2023-01-25,313.43,293.96,300.46,54165.61,16372811.31,307.0,direct,,BNB
2023-01-26,309.43,302.02,307.0,45776.12,14011021.01,304.86,direct,,BNB
2023-01-27,310.25,299.45,304.86,36760.19,11204360.11,308.14,direct,,BNB
2023-01-28,313.08,303.99,308.14,26726.08,8217901.2,306.19,direct,,BNB
2023-01-29,320.37,305.03,306.19,47900.89,15059197.94,317.16,direct,,BNB
2023-01-30,320.69,303.05,317.16,51188.69,15831440.41,307.04,direct,,BNB
2023-01-31,314.1,305.52,307.04,34950.14,10878004.74,312.11,direct,,BNB
2023-02-01,319.39,305.92,312.11,49145.88,15345536.91,317.16,direct,,BNB
2023-02-02,334.07,316.63,317.16,70860.11,23188016.78,323.61,direct,,BNB
2023-02-03,335.01,318.86,323.61,68507.89,22514820.11,332.24,direct,,BNB
2023-02-04,333.78,327.35,332.24,24968.01,8250286.49,330.55,direct,,BNB
2023-02-05,337.71,324.47,330.55,50508.13,16652363.29,327.76,direct,,BNB
2023-02-06,330.71,321.47,327.76,32617.57,10662267.55,324.45,direct,,BNB
2023-02-07,333.6,323.76,324.45,34371.43,11315436.12,332.98,direct,,BNB
2023-02-08,335.4,323.79,332.98,34784.58,11457006.24,328.15,direct,,BNB
2023-02-09,329.05,302.36,328.15,66655.84,21113034.72,306.17,direct,,BNB
2023-02-10,309.09,302.77,306.17,36043.4,11047120.23,305.76,direct,,BNB
2023-02-11,311.17,304.95,305.76,18381.43,5665947.58,310.4,direct,,BNB
2023-02-12,320.49,306.44,310.4,34264.65,10755928.12,312.92,direct,,BNB
2023-02-13,315.26,246.3,312.92,141178.58,41729146.84,294.28,direct,,BNB
2023-02-14,301.42,290.27,294.28,61355.11,18091299.74,296.23,direct,,BNB
2023-02-15,317.53,294.25,296.23,57692.23,17589829.26,317.37,direct,,BNB
2023-02-16,327.2,304.33,317.37,103962.47,33139258.43,304.7,direct,,BNB
2023-02-17,316.75,303.37,304.7,65783.51,20399957.37,313.33,direct,,BNB
2023-02-18,318.71,313.29,313.33,31051.5,9811415.45,316.48,direct,,BNB
2023-02-19,318.54,310.65,316.48,38434.95,12109702.5,311.88,direct,,BNB
2023-02-20,319.34,308.76,311.88,56822.68,17951525.36,315.25,direct,,BNB
2023-02-21,316.95,309.67,315.25,46939.07,14708236.89,311.62,direct,,BNB
2023-02-22,312.66,303.7,311.62,44914.09,13806823.03,312.34,direct,,BNB
2023-02-23,314.85,306.21,312.34,33214.99,10295117.58,308.38,direct,,BNB
2023-02-24,311.8,299.11,308.38,40174.64,12281100.45,302.24,direct,,BNB
2023-02-25,303.35,298.88,302.32,37629.15,11384723.15,302.55,multiply,ETH,BNB
2023-02-26,312.46,308.03,302.55,34604.23,10687413.76,308.85,multiply,ETH,BNB
2023-02-27,308.33,300.98,308.85,44579.89,13577786.61,304.57,multiply,ETH,BNB
2023-02-28,301.9,296.12,304.57,36750.21,11083109.96,301.58,multiply,ETH,BNB
2023-03-01,313.44,302.61,301.58,43681.61,13218590.94,302.61,multiply,ETH,BNB
2023-03-02,302.7,297.76,302.61,42738.07,12817052.31,299.9,multiply,ETH,BNB
2023-03-03,291.36,285.1,299.91,68018.65,19757265.09,290.47,multiply,BTC,BNB
2023-03-04,291.29,288.32,290.37,37183.47,10767167.73,289.57,multiply,ETH,BNB
2023-03-05,290.73,287.13,289.57,35400.66,10220107.53,288.7,multiply,ETH,BNB
2023-03-06,289.22,284.21,288.7,47625.86,13707401.56,287.81,multiply,ETH,BNB
2023-03-07,290.31,284.84,287.81,49000.42,14171782.89,289.22,multiply,ETH,BNB
2023-03-08,288.24,281.94,289.28,46062.83,13227112.54,287.15,multiply,BTC,BNB
2023-03-09,277.65,268.48,287.15,61157.19,16955355.91,277.24,multiply,BTC,BNB
2023-03-10,280.27,271.38,277.24,77369.84,21512245.29,278.04,multiply,BTC,BNB
2023-03-11,283.85,276.63,278.04,52761.71,14660966.43,277.87,multiply,BTC,BNB
2023-03-12,302.59,289.72,277.87,51206.83,14881042.81,290.61,multiply,BTC,BNB
2023-03-13,333.57,305.98,290.61,152533.26,47151793.2,309.12,multiply,BTC,BNB
2023-03-14,316.9,298.08,309.12,114103.77,35311636.65,309.47,multiply,BTC,BNB
2023-03-15,307.58,301.48,309.47,59356.12,18242053.3,307.33,multiply,BTC,BNB
2023-03-16,334.67,312.62,307.33,168287.19,55518997.64,329.91,multiply,BTC,BNB
2023-03-17,361.95,334.24,329.91,121968.1,41402101.02,339.45,multiply,BTC,BNB
2023-03-18,340.14,325.84,339.45,72574.52,24078306.72,331.77,multiply,BTC,BNB
2023-03-19,350.5,335.36,331.77,60602.0,20442550.78,337.32,multiply,BTC,BNB
2023-03-20,340.91,329.24,337.32,63549.67,21187874.93,333.41,multiply,BTC,BNB
2023-03-21,340.23,334.59,333.41,55928.82,18760679.99,335.44,multiply,BTC,BNB
2023-03-22,328.61,311.95,335.44,150358.37,48383008.01,321.78,multiply,BTC,BNB
2023-03-23,335.33,325.98,321.78,56775.4,18732699.63,329.94,multiply,BTC,BNB
2023-03-24,324.14,314.25,329.94,40763.87,13146063.03,322.49,multiply,BTC,BNB
2023-03-25,324.97,320.57,322.49,47761.93,15415918.7,322.77,multiply,BTC,BNB
2023-03-26,330.62,326.14,322.77,32526.11,10699240.43,328.94,multiply,BTC,BNB
2023-03-27,324.12,307.02,328.94,86220.04,26799069.28,310.82,multiply,BTC,BNB
2023-03-28,316.29,310.02,310.82,78901.53,24718844.08,313.29,multiply,BTC,BNB
2023-03-29,326.09,313.05,313.29,65767.07,20644125.37,313.9,multiply,BTC,BNB
2023-03-30,318.26,304.8,313.9,65125.36,20617361.45,316.58,multiply,BTC,BNB
2023-03-31,324.04,315.5,316.58,41326.82,13097399.96,316.92,multiply,BTC,BNB
2023-04-01,317.42,312.58,316.92,45734.18,14399932.49,314.86,multiply,BTC,BNB
2023-04-02,315.42,311.76,314.86,23239.61,7297531.5,314.01,multiply,BTC,BNB
2023-04-03,312.3,301.73,314.01,57054.92,17611732.33,308.68,multiply,BTC,BNB
2023-04-04,314.46,307.98,308.68,35870.49,11148363.45,310.79,multiply,BTC,BNB
2023-04-05,315.33,307.44,310.79,35070.22,11009449.27,313.93,multiply,BTC,BNB
2023-04-06,314.65,311.56,313.93,27851.69,8700992.69,312.4,multiply,BTC,BNB
2023-04-07,311.67,310.28,312.4,14587.69,4530311.23,310.56,multiply,BTC,BNB
2023-04-08,312.52,310.01,310.56,12381.16,3845194.11,310.57,multiply,BTC,BNB
2023-04-09,316.0,311.18,310.57,15185.74,4751331.14,312.88,multiply,BTC,BNB
2023-04-10,328.59,314.35,312.88,32677.74,10407950.22,318.5,multiply,BTC,BNB
2023-04-11,334.91,321.31,318.5,63048.09,20334031.76,322.52,multiply,BTC,BNB
2023-04-12,320.59,315.2,322.52,31648.17,10127081.84,319.99,multiply,BTC,BNB
2023-04-13,338.15,323.04,320.03,40434.86,13135400.17,324.85,multiply,ETH,BNB
2023-04-14,332.66,324.74,325.06,55636.91,18321816.87,329.31,multiply,BTC,BNB
2023-04-15,335.36,326.56,329.31,38762.77,12917066.48,333.23,multiply,BTC,BNB
2023-04-16,351.44,332.03,333.23,76704.1,26677500.66,347.8,multiply,BTC,BNB
2023-04-17,343.64,336.87,347.8,51436.31,17493757.89,340.11,multiply,BTC,BNB
2023-04-18,354.72,342.25,340.11,53423.97,18333265.18,343.17,multiply,BTC,BNB
2023-04-19,327.13,319.35,343.17,61009.46,19676598.56,322.52,multiply,BTC,BNB
2023-04-20,321.46,314.4,322.52,37692.68,11989050.89,318.07,multiply,BTC,BNB
2023-04-21,322.77,306.96,318.07,94655.26,30423070.85,321.41,multiply,BTC,BNB
2023-04-22,335.8,326.62,321.41,52439.06,17419181.58,332.18,multiply,BTC,BNB
2023-04-23,331.99,328.95,332.18,35900.63,11869116.73,330.61,multiply,BTC,BNB
2023-04-24,334.38,328.05,330.61,43480.58,14407377.02,331.35,multiply,BTC,BNB
2023-04-25,344.23,336.3,331.35,46354.3,15680799.19,338.28,multiply,BTC,BNB
2023-04-26,340.06,325.56,338.28,82631.2,27324031.63,330.67,multiply,BTC,BNB
2023-04-27,342.9,330.81,330.67,57336.23,18967387.17,330.81,multiply,BTC,BNB
2023-04-28,329.49,318.34,330.81,96461.0,31273320.77,324.21,multiply,BTC,BNB
2023-04-29,323.81,321.47,324.21,23039.52,7420009.02,322.06,multiply,BTC,BNB
2023-04-30,338.56,317.22,322.06,69694.12,23534669.75,337.69,multiply,BTC,BNB
2023-05-01,331.99,322.44,337.69,97514.01,32044586.78,328.62,multiply,BTC,BNB
2023-05-02,336.59,320.81,328.62,59930.85,19295008.88,321.95,multiply,BTC,BNB
2023-05-03,332.53,325.27,321.95,81296.54,26513868.97,326.14,multiply,BTC,BNB
2023-05-04,326.76,321.85,326.14,36158.33,11721157.86,324.16,multiply,BTC,BNB
2023-05-05,332.13,325.33,324.16,50384.6,16480903.72,327.1,multiply,BTC,BNB
2023-05-06,325.91,318.96,327.1,32009.9,10339671.98,323.01,multiply,BTC,BNB
2023-05-07,322.87,317.73,323.01,28045.52,9047120.86,322.59,multiply,BTC,BNB
2023-05-08,317.29,312.01,322.59,51484.65,16220958.88,315.06,multiply,BTC,BNB
2023-05-09,316.66,312.23,315.06,32186.19,10067401.63,312.79,multiply,BTC,BNB
2023-05-10,317.45,308.06,312.79,49563.28,15597129.78,314.69,multiply,BTC,BNB
2023-05-11,308.51,295.56,314.69,48880.37,15040708.25,307.7,multiply,BTC,BNB
2023-05-12,313.37,305.33,307.7,54506.95,16832709.67,308.82,multiply,BTC,BNB
2023-05-13,311.82,307.0,308.82,25930.19,8064779.09,311.02,multiply,BTC,BNB
2023-05-14,314.02,309.98,311.02,28363.72,8860959.55,312.4,multiply,BTC,BNB
2023-05-15,316.06,310.62,312.4,33271.32,10425315.03,313.34,multiply,BTC,BNB
2023-05-16,313.08,309.3,313.34,25627.39,7981939.86,311.46,multiply,BTC,BNB
2023-05-17,317.36,313.53,311.46,29555.91,9290877.51,314.35,multiply,BTC,BNB
2023-05-18,311.42,306.05,314.35,31926.45,9873981.45,309.27,multiply,BTC,BNB
2023-05-19,311.1,308.14,309.27,22018.62,6802607.42,308.95,multiply,BTC,BNB
2023-05-20,311.95,307.57,308.96,8855.71,2739017.15,310.48,direct,,BNB
2023-05-21,308.75,305.54,310.78,19541.87,5991815.78,306.61,multiply,BTC,BNB
2023-05-22,311.25,306.69,306.61,26046.71,8051185.33,309.11,multiply,BTC,BNB
2023-05-23,314.45,312.0,309.11,29597.85,9274672.68,313.36,multiply,BTC,BNB
2023-05-24,306.96,303.01,313.36,34371.62,10514625.55,305.91,multiply,BTC,BNB
2023-05-25,309.55,304.26,305.91,30942.39,9430844.94,304.79,multiply,BTC,BNB
2023-05-26,310.75,305.41,304.79,42813.79,13144233.97,307.01,multiply,BTC,BNB
2023-05-27,309.3,305.54,307.01,18231.99,5609822.07,307.69,multiply,BTC,BNB
2023-05-28,321.77,312.22,307.69,38904.77,12223412.2,314.19,multiply,BTC,BNB
2023-05-29,315.2,308.26,314.19,39843.34,12425776.17,311.87,multiply,BTC,BNB
2023-05-30,312.77,310.28,311.87,30557.71,9515304.64,311.39,multiply,BTC,BNB
2023-05-31,309.49,304.87,311.39,42453.64,13023559.01,306.77,multiply,BTC,BNB
2023-06-01,305.55,301.79,306.77,27753.95,8465192.05,305.01,multiply,BTC,BNB
2023-06-02,311.75,306.85,305.01,26486.26,8141687.19,307.39,multiply,BTC,BNB
2023-06-03,307.07,304.63,307.39,15144.69,4646347.56,306.8,multiply,BTC,BNB
2023-06-04,307.6,303.53,306.8,25768.96,7863628.78,305.16,multiply,BTC,BNB
2023-06-05,289.84,272.08,305.16,115159.87,31925166.65,277.22,multiply,BTC,BNB
2023-06-06,296.14,281.42,277.22,93486.08,26308505.46,281.42,multiply,BTC,BNB
2023-06-07,273.77,253.08,281.42,164199.85,42581285.74,259.33,multiply,BTC,BNB
2023-06-08,267.21,259.79,259.33,87029.68,22810076.43,262.1,multiply,BTC,BNB
2023-06-09,262.59,256.07,262.1,59864.13,15600633.61,260.6,multiply,BTC,BNB
2023-06-10,254.48,229.81,260.6,258170.18,61686397.81,238.94,multiply,BTC,BNB
2023-06-11,240.42,234.86,238.94,48640.84,11450514.66,235.41,multiply,BTC,BNB
2023-06-12,238.2,221.05,235.41,243653.88,56340998.58,231.23,multiply,BTC,BNB
2023-06-13,244.33,229.65,231.23,170690.01,41664585.02,244.1,multiply,BTC,BNB
2023-06-14,244.52,235.15,244.1,144096.16,34275474.3,237.87,multiply,BTC,BNB
2023-06-15,244.31,235.54,237.87,64664.39,15274038.59,236.2,multiply,BTC,BNB
2023-06-16,247.72,238.29,236.2,68581.53,16405621.66,239.21,multiply,BTC,BNB
2023-06-17,247.58,239.02,239.21,54103.37,13230016.44,244.53,multiply,BTC,BNB
2023-06-18,246.89,241.44,244.53,40316.16,9838012.66,244.02,multiply,BTC,BNB
2023-06-19,248.77,242.46,244.02,56884.88,13821580.89,242.97,multiply,BTC,BNB
2023-06-20,257.34,244.45,242.97,65785.49,16303133.27,247.82,multiply,BTC,BNB
2023-06-21,264.99,246.66,247.82,93006.84,23147966.71,248.88,multiply,BTC,BNB
2023-06-22,252.21,239.2,248.88,75438.51,18173601.44,240.91,multiply,BTC,BNB
2023-06-23,249.85,242.2,240.91,58274.21,14252032.13,244.57,multiply,BTC,BNB
2023-06-24,247.41,232.75,244.57,77822.22,18407656.44,236.53,multiply,BTC,BNB
2023-06-25,240.04,234.59,236.53,39556.9,9453081.89,238.97,multiply,BTC,BNB
2023-06-26,239.36,234.82,238.97,38222.8,9025201.86,236.12,multiply,BTC,BNB
2023-06-27,241.25,237.32,236.12,30394.67,7217880.48,237.47,multiply,BTC,BNB
2023-06-28,233.71,225.89,237.47,50597.14,11665411.9,230.55,multiply,BTC,BNB
2023-06-29,235.69,232.28,230.55,27218.13,6343813.56,233.07,multiply,BTC,BNB
2023-06-30,241.57,232.68,233.07,58461.25,14051495.91,240.36,multiply,BTC,BNB
2023-07-01,248.95,241.18,240.36,81135.01,20111497.05,247.88,multiply,BTC,BNB
2023-07-02,248.52,243.99,247.88,48010.85,11831868.07,246.44,multiply,BTC,BNB
2023-07-03,259.22,245.89,246.44,78308.5,19301283.18,246.48,multiply,BTC,BNB
2023-07-04,244.66,240.69,246.48,35827.27,8689294.11,242.53,multiply,BTC,BNB
2023-07-05,243.92,233.86,242.19,17875.42,4290958.47,238.81,direct,,BNB
2023-07-06,244.09,231.54,238.81,23674.14,5658390.76,232.5,direct,,BNB
2023-07-07,236.25,231.62,232.5,16792.53,3930885.52,235.73,direct,,BNB
2023-07-08,237.81,235.11,235.63,23526.67,5559258.2,236.3,multiply,BTC,BNB
2023-07-09,236.8,233.6,236.46,9390.74,2207108.02,233.99,direct,,BNB
2023-07-10,249.27,234.52,234.16,93969.15,23134967.62,246.2,multiply,BTC,BNB
2023-07-11,249.97,245.72,246.2,51084.55,12700993.36,248.63,multiply,BTC,BNB
2023-07-12,248.73,241.93,248.63,47776.19,11651264.29,243.87,multiply,BTC,BNB
2023-07-13,256.76,242.71,244.05,33644.74,8435671.51,256.35,direct,,BNB
2023-07-14,252.35,245.14,256.31,78604.65,19512004.02,248.23,multiply,BTC,BNB
2023-07-15,252.02,247.3,248.23,37086.79,9312995.63,251.11,multiply,BTC,BNB
2023-07-16,251.57,242.32,251.11,38832.95,9415799.4,242.47,multiply,BTC,BNB
2023-07-17,245.04,239.98,242.47,67605.94,16515228.67,244.29,multiply,BTC,BNB
2023-07-18,246.6,238.06,244.34,41155.28,9917077.22,240.35,direct,,BNB
2023-07-19,244.1,239.97,240.35,16919.52,4092594.99,240.66,direct,,BNB
2023-07-20,244.98,240.4,240.66,19561.12,4749477.41,242.67,direct,,BNB
2023-07-21,245.31,242.02,242.67,11351.12,2768677.8,243.65,direct,,BNB
2023-07-22,244.94,240.14,243.65,7128.66,1732259.29,240.79,direct,,BNB
2023-07-23,244.19,240.49,240.79,9529.99,2310773.87,242.33,direct,,BNB
2023-07-24,243.22,236.0,242.33,19850.36,4741673.48,238.93,direct,,BNB
2023-07-25,239.76,236.34,238.93,14144.71,3363874.57,237.8,direct,,BNB
2023-07-26,240.15,236.33,237.8,11776.9,2802762.86,238.96,direct,,BNB
2023-07-27,242.12,237.56,239.01,30599.93,7363310.84,240.63,multiply,BTC,BNB
2023-07-28,244.59,240.54,240.63,20794.9,5030752.09,241.92,multiply,BTC,BNB
2023-07-29,243.07,240.94,241.82,6498.42,1571078.33,242.24,direct,,BNB
2023-07-30,243.96,241.17,242.24,11312.6,2741597.23,242.37,direct,,BNB
2023-07-31,244.47,240.44,242.37,13107.92,3184346.15,240.88,direct,,BNB
2023-08-01,252.83,244.64,240.96,73481.94,18203352.63,247.73,multiply,BTC,BNB
2023-08-02,248.78,236.28,247.55,24245.72,5868675.78,240.71,direct,,BNB
2023-08-03,241.89,238.32,240.71,12532.44,3015066.95,240.95,direct,,BNB
2023-08-04,243.58,239.84,240.95,10726.46,2596530.21,241.8,direct,,BNB
2023-08-05,243.41,239.97,241.8,9152.06,2209848.46,243.01,direct,,BNB
2023-08-06,245.69,242.59,243.01,13531.15,3300838.83,243.06,direct,,BNB
2023-08-07,244.98,239.93,243.06,10664.66,2584633.99,241.95,direct,,BNB
2023-08-08,247.93,241.36,241.95,14179.75,3462800.88,245.1,direct,,BNB
2023-08-09,245.68,242.66,245.1,11160.19,2725395.31,243.99,direct,,BNB
2023-08-10,244.23,240.45,243.99,11482.56,2781971.56,241.63,direct,,BNB
2023-08-11,242.29,238.37,241.63,10726.57,2576077.46,239.74,direct,,BNB
2023-08-12,241.23,239.42,239.74,7155.7,1721141.44,240.18,direct,,BNB
2023-08-13,240.52,238.64,240.16,13409.57,3218183.94,239.99,multiply,BTC,BNB
2023-08-14,242.18,238.86,239.99,16539.89,3974094.41,240.27,multiply,BTC,BNB
2023-08-15,240.67,235.58,240.4,13583.95,3242815.52,236.96,direct,,BNB
2023-08-16,237.17,231.25,236.96,14265.96,3341140.8,231.91,direct,,BNB
2023-08-17,232.41,213.75,231.91,41478.72,9273304.14,218.17,direct,,BNB
2023-08-18,218.69,210.48,218.04,53842.77,11628852.69,215.98,multiply,BTC,BNB
2023-08-19,219.35,214.4,215.86,15216.42,3292791.62,216.67,direct,,BNB
2023-08-20,218.12,215.28,216.67,9889.0,2140803.61,216.53,direct,,BNB
2023-08-21,216.66,208.85,216.55,61767.47,12993899.21,210.37,multiply,BTC,BNB
2023-08-22,213.11,205.04,210.37,60138.45,12678277.73,210.82,multiply,BTC,BNB
2023-08-23,219.63,213.92,210.82,48975.25,10607497.14,216.59,multiply,BTC,BNB
2023-08-24,219.43,213.41,216.59,32237.74,7056210.4,218.88,multiply,BTC,BNB
2023-08-25,219.09,213.92,219.0,16200.52,3505844.29,218.53,direct,,BNB
2023-08-26,218.49,215.73,218.36,18712.15,4049423.63,216.41,multiply,BTC,BNB
2023-08-27,219.09,216.51,216.41,15596.4,3404381.93,218.28,multiply,BTC,BNB
2023-08-28,219.48,215.52,218.65,13058.67,2838614.19,218.85,direct,,BNB
2023-08-29,243.78,225.73,218.59,50901.46,11549366.76,226.9,multiply,BTC,BNB
2023-08-30,227.09,221.67,226.97,11808.88,2647501.31,223.56,direct,,BNB
2023-08-31,225.94,215.72,223.56,17125.79,3789760.27,216.68,direct,,BNB
2023-09-01,218.17,211.07,216.68,17876.9,3828761.71,213.39,direct,,BNB
2023-09-02,215.66,212.83,213.39,11330.94,2429357.5,214.39,direct,,BNB
2023-09-03,215.23,213.04,214.39,8700.36,1863098.76,214.46,direct,,BNB
2023-09-04,215.85,212.57,214.32,28086.88,6043688.79,215.18,multiply,BTC,BNB
2023-09-05,215.87,214.35,215.18,20689.8,4437008.88,214.45,multiply,BTC,BNB
2023-09-06,217.44,212.82,214.38,15346.65,3303054.96,215.06,direct,,BNB
2023-09-07,220.05,216.42,215.13,26322.17,5716733.58,217.18,multiply,BTC,BNB
2023-09-08,216.07,213.47,217.18,20784.05,4460023.47,214.59,multiply,BTC,BNB
2023-09-09,215.52,213.88,214.68,5056.82,1086588.77,214.05,direct,,BNB
2023-09-10,214.38,211.13,214.05,11682.93,2482894.4,212.53,direct,,BNB
2023-09-11,207.45,202.99,212.25,40128.06,8268850.66,206.06,multiply,BTC,BNB
2023-09-12,211.68,208.51,206.06,36307.56,7651018.51,210.73,multiply,BTC,BNB
2023-09-13,213.28,209.29,210.54,13366.11,2826350.48,212.47,direct,,BNB
2023-09-14,214.9,211.1,212.47,15436.77,3284696.17,212.24,direct,,BNB
2023-09-15,214.95,210.91,212.24,12913.22,2745692.8,213.87,direct,,BNB
2023-09-16,215.95,213.26,213.87,14312.21,3068217.25,215.03,direct,,BNB
2023-09-17,216.88,213.91,214.84,29911.42,6474542.01,216.46,multiply,BTC,BNB
2023-09-18,220.62,214.95,216.46,39054.36,8436378.64,216.02,multiply,BTC,BNB
2023-09-19,219.86,215.41,215.89,13065.56,2839410.83,217.22,direct,,BNB
2023-09-20,217.87,213.13,217.22,15650.55,3372768.25,214.53,direct,,BNB
2023-09-21,215.24,209.15,214.53,15153.13,3211933.28,210.64,direct,,BNB
2023-09-22,212.07,209.63,210.64,9110.52,1921958.37,210.91,direct,,BNB
2023-09-23,211.74,209.92,210.91,7189.25,1514872.95,210.27,direct,,BNB
2023-09-24,211.25,206.52,210.27,9672.6,2032565.47,208.21,direct,,BNB
2023-09-25,210.45,207.14,208.21,12690.28,2652222.59,209.81,direct,,BNB
2023-09-26,213.97,209.2,209.94,23757.18,5046662.42,212.43,multiply,BTC,BNB
2023-09-27,215.96,210.95,212.43,14813.15,3158277.68,212.22,direct,,BNB
2023-09-28,216.87,211.53,212.22,15830.6,3388462.12,214.85,direct,,BNB
2023-09-29,217.54,214.31,214.85,16814.29,3630803.67,214.9,direct,,BNB
2023-09-30,216.53,214.15,214.9,8401.64,1807015.48,214.5,direct,,BNB
2023-10-01,222.95,217.63,214.61,29661.36,6474279.8,218.27,multiply,BTC,BNB
2023-10-02,221.57,209.59,218.31,22117.25,4815155.87,214.65,direct,,BNB
2023-10-03,215.88,212.6,214.65,11375.99,2437552.31,213.55,direct,,BNB
2023-10-04,213.72,210.67,213.55,11296.47,2398157.46,213.47,direct,,BNB
2023-10-05,211.12,207.91,213.34,29981.75,6314944.92,210.63,multiply,BTC,BNB
2023-10-06,214.56,210.36,210.4,11940.47,2535962.67,213.3,direct,,BNB
2023-10-07,213.88,211.31,213.3,8954.54,1905900.86,212.26,direct,,BNB
2023-10-08,212.89,209.19,212.26,16335.86,3445962.35,211.29,direct,,BNB
2023-10-09,212.29,202.52,211.29,22326.74,4638969.8,205.62,direct,,BNB
2023-10-10,211.75,205.58,205.62,32249.88,6747315.2,208.59,direct,,BNB
2023-10-11,208.67,204.36,208.59,14508.05,2993810.64,206.59,direct,,BNB
2023-10-12,206.97,202.98,206.59,15635.9,3209461.05,205.06,direct,,BNB
2023-10-13,207.58,204.15,205.06,14358.14,2957121.91,206.17,direct,,BNB
2023-10-14,206.89,205.38,206.04,13164.89,2719051.54,206.54,multiply,BTC,BNB
2023-10-15,214.1,208.8,206.54,33577.0,7048427.26,209.92,multiply,BTC,BNB
2023-10-16,221.67,207.3,209.92,41953.74,9010482.12,214.77,multiply,BTC,BNB
2023-10-17,214.95,209.35,214.73,13810.71,2926182.93,211.51,direct,,BNB
2023-10-18,213.73,209.87,211.51,10161.68,2153543.04,210.29,direct,,BNB
2023-10-19,213.46,209.56,210.36,28254.62,5970433.41,211.31,multiply,BTC,BNB
2023-10-20,218.74,212.09,211.31,32109.89,6813200.94,212.18,multiply,BTC,BNB
2023-10-21,215.54,211.28,212.0,10881.09,2320489.36,214.05,direct,,BNB
2023-10-22,217.99,213.31,214.05,12836.01,2765508.36,217.72,direct,,BNB
2023-10-23,242.18,218.42,217.87,70920.96,16220350.14,228.71,multiply,BTC,BNB
2023-10-24,235.53,223.42,228.71,76728.44,17278042.03,225.18,multiply,BTC,BNB
2023-10-25,229.1,221.57,225.24,19612.09,4422533.67,222.15,direct,,BNB
2023-10-26,227.99,194.96,222.15,26501.2,5937669.1,222.97,direct,,BNB
2023-10-27,230.4,220.4,223.25,63626.9,14273635.19,224.33,multiply,BTC,BNB
2023-10-28,227.9,224.35,224.41,13525.5,3062332.66,225.62,direct,,BNB
2023-10-29,228.27,223.71,225.62,9839.81,2224748.43,227.07,direct,,BNB
2023-10-30,229.18,225.0,227.07,14661.9,3334670.63,228.18,direct,,BNB
2023-10-31,230.13,225.73,228.15,32997.77,7469033.18,226.35,multiply,BTC,BNB
2023-11-01,228.81,222.21,226.41,19328.7,4348428.51,227.92,direct,,BNB
2023-11-02,233.67,227.42,227.92,23916.74,5516058.99,231.45,direct,,BNB
2023-11-03,232.91,227.77,231.87,40312.35,9287127.48,230.38,multiply,BTC,BNB
2023-11-04,239.5,232.13,230.38,33756.4,8009962.54,237.29,multiply,BTC,BNB
2023-11-05,245.31,236.8,237.29,58973.72,14394597.38,244.08,multiply,BTC,BNB
2023-11-06,255.69,243.17,244.08,70511.83,17996908.52,255.23,multiply,BTC,BNB
2023-11-07,258.37,245.83,255.23,52471.2,12919316.11,246.22,multiply,BTC,BNB
2023-11-08,250.32,244.3,246.22,52479.35,12947923.47,246.72,multiply,BTC,BNB
2023-11-09,254.4,243.09,246.72,77397.89,19479523.24,251.68,multiply,BTC,BNB
2023-11-10,262.03,249.87,251.68,54650.35,13730813.29,251.25,multiply,BTC,BNB
2023-11-11,255.22,246.01,251.17,22054.29,5526828.89,251.45,direct,,BNB
2023-11-12,252.0,245.58,251.45,22646.65,5615230.26,247.25,direct,,BNB
2023-11-13,250.09,240.12,247.25,26604.78,6527111.78,241.32,direct,,BNB
2023-11-14,248.29,195.76,241.32,27559.77,6699682.53,242.25,direct,,BNB
2023-11-15,266.93,252.35,242.21,74145.14,18831057.14,253.98,multiply,BTC,BNB
2023-11-16,255.53,222.43,253.92,32195.17,8009778.2,242.52,direct,,BNB
2023-11-17,245.94,238.47,242.52,22370.89,5446719.59,244.68,direct,,BNB
2023-11-18,245.17,239.4,244.68,14487.24,3519351.82,244.92,direct,,BNB
2023-11-19,246.91,241.81,244.92,11528.53,2814118.57,246.35,direct,,BNB
2023-11-20,267.21,242.17,246.54,125326.27,31736345.24,253.23,multiply,BTC,BNB
2023-11-21,264.9,218.91,253.23,394048.89,88926306.24,225.67,multiply,BTC,BNB
2023-11-22,244.68,234.84,225.67,145949.48,34476412.45,236.22,multiply,BTC,BNB
2023-11-23,238.08,231.7,236.22,57937.84,13547521.66,233.83,multiply,BTC,BNB
2023-11-24,238.01,231.55,233.83,49341.67,11492319.97,232.91,multiply,BTC,BNB
2023-11-25,235.81,232.9,232.91,30624.73,7182206.97,234.52,multiply,BTC,BNB
2023-11-26,233.3,229.26,234.52,22825.96,5290288.73,231.77,multiply,BTC,BNB
2023-11-27,231.08,225.45,231.77,58519.65,13302342.03,227.31,multiply,BTC,BNB
2023-11-28,233.22,228.12,227.31,36639.58,8414951.67,229.67,multiply,BTC,BNB
2023-11-29,230.35,226.0,229.67,32896.36,7478094.23,227.32,multiply,BTC,BNB
2023-11-30,228.49,226.0,227.32,30452.34,6931639.47,227.62,multiply,BTC,BNB
2023-12-01,233.82,227.44,227.62,31787.48,7264156.15,228.52,multiply,BTC,BNB
2023-12-02,234.05,228.53,228.52,37830.54,8667717.31,229.12,multiply,BTC,BNB
2023-12-03,234.61,227.41,229.12,59535.95,13577246.31,228.05,multiply,BTC,BNB
2023-12-04,239.86,227.18,228.05,105287.5,24577610.64,233.43,multiply,BTC,BNB
2023-12-05,247.12,228.95,233.43,63015.88,14572240.75,231.25,multiply,BTC,BNB
2023-12-06,235.53,227.35,231.25,63066.05,14473116.45,229.49,multiply,BTC,BNB
2023-12-07,233.13,226.9,229.49,68348.98,15904825.93,232.7,multiply,BTC,BNB
2023-12-08,241.21,236.26,232.7,66389.23,15864294.81,238.96,multiply,BTC,BNB
2023-12-09,242.75,236.41,238.96,84484.47,20087506.95,237.77,multiply,BTC,BNB
2023-12-10,240.81,237.79,237.77,36734.89,8810752.3,239.85,multiply,BTC,BNB
2023-12-11,246.71,225.81,239.85,137116.73,33771866.96,246.3,multiply,BTC,BNB
2023-12-12,258.29,245.69,246.3,137290.48,34931707.42,254.44,multiply,BTC,BNB
2023-12-13,263.97,251.49,254.44,88216.59,22242569.88,252.14,multiply,BTC,BNB
2023-12-14,256.81,249.15,252.14,68552.61,17365825.47,253.32,multiply,BTC,BNB
2023-12-15,247.69,242.87,253.32,43469.68,10644975.01,244.88,multiply,BTC,BNB
2023-12-16,247.93,243.19,244.88,31803.67,7766719.74,244.21,multiply,BTC,BNB
2023-12-17,240.61,236.81,244.21,31313.63,7478767.33,238.83,multiply,BTC,BNB
2023-12-18,247.58,240.55,238.83,44997.6,10873959.37,241.66,multiply,BTC,BNB
2023-12-19,254.96,238.86,241.66,116312.61,29404454.32,252.81,multiply,BTC,BNB
2023-12-20,262.98,254.6,252.81,69572.3,18116882.48,260.4,multiply,BTC,BNB
2023-12-21,276.5,258.42,260.4,69548.01,18927955.99,272.16,multiply,BTC,BNB
2023-12-22,275.71,266.6,272.16,55027.41,14929462.76,271.31,multiply,BTC,BNB
2023-12-23,271.76,266.99,271.31,29722.67,8059095.4,271.14,multiply,BTC,BNB
2023-12-24,267.82,262.87,271.14,51910.01,13741683.12,264.72,multiply,BTC,BNB
2023-12-25,268.93,265.05,264.72,39363.46,10507082.75,266.92,multiply,BTC,BNB
2023-12-26,302.34,258.97,266.92,194632.99,57960012.92,297.79,multiply,BTC,BNB
2023-12-27,324.8,293.24,297.79,148255.25,48095735.38,324.41,multiply,BTC,BNB
2023-12-28,336.15,313.28,324.41,142371.77,45954984.34,322.78,multiply,BTC,BNB
2023-12-29,322.24,307.56,322.78,85383.77,26792132.11,313.78,multiply,BTC,BNB
2023-12-30,321.45,313.48,313.78,51812.27,16430019.5,317.11,multiply,BTC,BNB
2023-12-31,325.81,308.48,317.11,63140.9,19691014.53,311.86,multiply,BTC,BNB
2024-01-01,328.83,312.87,311.86,47013.45,14746729.46,313.67,multiply,BTC,BNB
2024-01-02,320.28,306.56,313.67,62361.67,19482343.97,312.41,multiply,BTC,BNB
2024-01-03,320.59,295.09,312.41,145338.89,45921730.86,315.96,multiply,BTC,BNB
2024-01-04,333.45,317.49,315.96,77721.53,25180920.77,323.99,multiply,BTC,BNB
2024-01-05,331.34,315.17,323.99,56621.23,17990522.56,317.73,multiply,BTC,BNB
2024-01-06,316.5,303.34,317.73,42943.71,13208042.43,307.57,multiply,BTC,BNB
2024-01-07,308.71,299.48,307.57,28926.53,8751940.99,302.56,multiply,BTC,BNB
2024-01-08,323.56,303.92,302.56,63210.0,19213708.41,303.97,multiply,BTC,BNB
2024-01-09,305.7,290.39,303.97,65101.29,19604411.53,301.14,multiply,BTC,BNB
2024-01-10,309.31,297.18,301.14,67415.97,20616612.38,305.81,multiply,BTC,BNB
2024-01-11,317.24,298.65,305.81,75009.94,23128651.45,308.34,multiply,BTC,BNB
2024-01-12,299.43,283.52,308.34,67720.68,20083848.92,296.57,multiply,BTC,BNB
2024-01-13,303.09,292.68,296.57,35746.9,10796146.1,302.02,multiply,BTC,BNB
2024-01-14,300.73,293.22,302.02,26850.93,8034576.89,299.23,multiply,BTC,BNB
2024-01-15,320.64,303.81,299.23,119623.28,37959424.99,317.32,multiply,BTC,BNB
2024-01-16,322.66,313.91,317.32,45264.35,14265392.15,315.16,multiply,BTC,BNB
2024-01-17,319.09,307.72,315.16,57677.36,17827518.31,309.09,multiply,BTC,BNB
2024-01-18,315.06,296.77,309.09,64351.38,20123018.51,312.71,multiply,BTC,BNB
2024-01-19,318.98,309.65,312.71,43805.46,13775959.72,314.48,multiply,BTC,BNB
2024-01-20,317.37,312.7,314.48,20710.63,6567773.66,317.12,multiply,BTC,BNB
2024-01-21,320.51,315.43,317.12,21252.4,6770882.51,318.59,multiply,BTC,BNB
2024-01-22,306.7,301.01,318.59,34304.87,10483455.31,305.6,multiply,BTC,BNB
2024-01-23,310.24,298.04,305.6,42847.46,12794028.01,298.59,multiply,BTC,BNB
2024-01-24,302.31,291.73,298.59,42784.33,12536441.51,293.01,multiply,BTC,BNB
2024-01-25,295.29,287.66,293.01,46847.3,13678199.16,291.97,multiply,BTC,BNB
2024-01-26,312.41,299.32,291.97,40165.38,12131589.16,302.04,multiply,BTC,BNB
2024-01-27,310.16,304.18,302.04,20266.71,6195411.91,305.69,multiply,BTC,BNB
2024-01-28,306.35,302.61,305.69,26183.24,7989290.95,305.13,multiply,BTC,BNB
2024-01-29,317.02,310.0,305.13,25542.3,7935835.75,310.69,multiply,BTC,BNB
2024-01-30,309.19,304.43,310.69,20350.68,6260850.82,307.65,multiply,BTC,BNB
2024-01-31,305.63,297.29,307.65,24622.31,7391212.04,300.18,multiply,BTC,BNB
2024-02-01,306.77,299.53,300.18,25643.84,7696589.75,300.13,multiply,BTC,BNB
2024-02-02,305.77,300.07,300.13,19890.86,5991835.32,301.24,multiply,BTC,BNB
2024-02-03,304.22,299.32,301.24,16744.38,5016242.11,299.58,multiply,BTC,BNB
2024-02-04,306.38,295.86,299.58,37807.14,11515671.2,304.59,multiply,BTC,BNB
2024-02-05,307.53,296.77,304.59,38012.34,11440034.43,300.96,multiply,BTC,BNB
2024-02-06,305.26,301.51,300.96,30834.92,9335609.65,302.76,multiply,BTC,BNB
2024-02-07,315.34,307.31,302.76,48845.54,15013078.49,307.36,multiply,BTC,BNB
2024-02-08,321.75,313.05,307.36,80215.32,25606036.21,319.22,multiply,BTC,BNB
2024-02-09,333.71,318.01,319.22,41184.34,13351358.91,324.19,multiply,BTC,BNB
2024-02-10,329.17,320.52,324.19,15879.95,5133902.66,323.29,multiply,BTC,BNB
2024-02-11,327.55,320.79,323.29,15992.26,5131639.96,320.88,multiply,BTC,BNB
2024-02-12,334.57,321.58,320.88,39170.41,12848890.46,328.03,multiply,BTC,BNB
2024-02-13,329.43,322.72,328.03,30670.84,9966677.8,324.96,multiply,BTC,BNB
2024-02-14,342.48,330.92,324.96,27754.94,9276797.07,334.24,multiply,BTC,BNB
2024-02-15,362.45,331.34,334.24,77553.75,27501276.65,354.61,multiply,BTC,BNB
2024-02-16,367.28,353.93,354.61,58461.21,21081390.29,360.6,multiply,BTC,BNB
2024-02-17,361.58,351.3,360.6,39737.07,14025176.45,352.95,multiply,BTC,BNB
2024-02-18,360.07,349.54,352.95,28530.43,9977048.18,349.7,multiply,BTC,BNB
2024-02-19,354.03,346.83,349.7,47234.5,16612281.37,351.7,multiply,BTC,BNB
2024-02-20,363.9,353.19,351.7,49885.29,17689169.12,354.6,multiply,BTC,BNB
2024-02-21,381.7,350.69,354.6,109621.73,41581127.42,379.31,multiply,BTC,BNB
2024-02-22,385.25,372.12,379.31,79853.31,30533966.47,382.38,multiply,BTC,BNB
2024-02-23,380.83,368.4,382.38,57690.72,21666145.77,375.56,multiply,BTC,BNB
2024-02-24,389.13,378.76,375.56,33440.95,12762809.26,381.65,multiply,BTC,BNB
2024-02-25,390.75,379.37,381.65,43077.25,16736641.5,388.53,multiply,BTC,BNB
2024-02-26,427.75,396.13,388.53,83524.04,33564674.47,401.86,multiply,BTC,BNB
2024-02-27,422.1,392.2,401.86,76739.61,30302814.44,394.88,multiply,BTC,BNB
2024-02-28,441.8,414.23,394.88,107203.78,44508024.71,415.17,multiply,BTC,BNB
2024-02-29,416.63,393.08,415.17,78923.95,31535156.29,399.56,multiply,BTC,BNB
2024-03-01,418.16,403.62,399.56,33140.43,13512629.01,407.74,multiply,BTC,BNB
2024-03-02,413.67,404.68,407.74,34313.72,14109473.93,411.19,multiply,BTC,BNB
2024-03-03,422.79,413.12,411.19,34868.1,14462083.4,414.77,multiply,BTC,BNB
2024-03-04,451.24,418.57,414.77,76612.52,32115142.33,419.19,multiply,BTC,BNB
2024-03-05,407.33,384.1,419.19,95147.53,37535777.86,394.5,multiply,BTC,BNB
2024-03-06,431.6,402.64,394.5,88501.75,38010328.33,429.49,multiply,BTC,BNB
2024-03-07,476.33,431.22,429.49,90248.41,42885129.76,475.19,multiply,BTC,BNB
2024-03-08,495.91,471.74,475.19,98171.88,47813026.54,487.03,multiply,BTC,BNB
2024-03-09,495.28,481.31,487.03,47997.32,23476324.5,489.12,multiply,BTC,BNB
2024-03-10,532.45,485.37,489.12,110595.18,58534979.45,529.27,multiply,BTC,BNB
2024-03-11,555.14,509.72,529.27,107024.26,55971908.0,522.98,multiply,BTC,BNB
2024-03-12,547.37,516.37,522.98,116748.27,62737215.1,537.37,multiply,BTC,BNB
2024-03-13,633.71,541.81,537.37,190292.6,120048537.78,630.86,multiply,BTC,BNB
2024-03-14,616.97,584.57,630.86,136023.24,82019217.77,602.98,multiply,BTC,BNB
2024-03-15,635.55,575.3,602.98,172800.04,109391363.49,633.05,multiply,BTC,BNB
2024-03-16,605.36,563.92,633.05,122694.77,70654898.99,575.86,multiply,BTC,BNB
2024-03-17,607.08,564.9,575.86,81145.06,46354386.89,571.25,multiply,BTC,BNB
2024-03-18,580.56,546.22,571.25,86032.03,47777366.52,555.34,multiply,BTC,BNB
2024-03-19,513.72,489.26,555.34,101713.9,51610184.14,507.41,multiply,BTC,BNB
2024-03-20,574.62,546.79,507.41,71610.18,39870338.8,556.77,multiply,BTC,BNB
2024-03-21,558.66,531.28,556.77,59808.66,33114839.84,553.68,multiply,BTC,BNB
2024-03-22,570.4,537.66,553.68,94607.08,52411876.74,554.0,multiply,BTC,BNB
2024-03-23,561.45,546.21,554.0,39828.71,21979318.65,551.85,multiply,BTC,BNB
2024-03-24,584.58,567.17,551.85,26243.02,14900156.18,567.78,multiply,BTC,BNB
2024-03-25,612.89,582.76,567.78,60716.9,35646587.43,587.09,multiply,BTC,BNB
2024-03-26,591.91,574.06,587.09,37325.9,21659805.98,580.29,multiply,BTC,BNB
2024-03-27,577.0,565.89,580.29,35954.7,20638525.64,574.01,multiply,BTC,BNB
2024-03-28,599.8,579.84,574.01,43518.76,25390917.64,583.45,multiply,BTC,BNB
2024-03-29,619.84,575.73,583.45,93804.13,57494034.97,612.92,multiply,BTC,BNB
2024-03-30,610.79,594.64,612.92,37718.97,22668212.45,600.98,multiply,BTC,BNB
2024-03-31,620.85,606.59,600.98,26633.31,16164932.42,606.94,multiply,BTC,BNB
2024-04-01,595.4,575.75,606.94,51949.71,29935323.93,576.24,multiply,BTC,BNB
2024-04-02,558.3,540.17,576.24,54903.46,30271652.62,551.36,multiply,BTC,BNB
2024-04-03,563.72,550.06,551.36,36626.41,20576927.39,561.81,multiply,BTC,BNB
2024-04-04,608.29,583.21,561.81,75477.78,44215629.3,585.81,multiply,BTC,BNB
2024-04-05,590.66,573.56,585.81,46846.4,27091621.5,578.31,multiply,BTC,BNB
2024-04-06,593.83,583.63,578.31,21475.52,12578175.58,585.7,multiply,BTC,BNB
2024-04-07,591.27,577.26,585.7,22902.04,13368177.37,583.71,multiply,BTC,BNB
2024-04-08,603.62,585.0,583.71,38711.95,22696286.38,586.29,multiply,BTC,BNB
2024-04-09,582.28,562.64,586.29,47071.61,27317631.57,580.34,multiply,BTC,BNB
2024-04-10,628.38,589.68,580.34,61046.64,37226657.07,609.81,multiply,BTC,BNB
2024-04-11,611.68,589.83,609.81,49687.29,30044822.23,604.68,multiply,BTC,BNB
2024-04-12,601.67,578.03,604.68,119254.0,71062933.39,595.9,multiply,BTC,BNB
2024-04-13,570.56,531.31,595.9,118125.88,65446562.9,554.04,multiply,BTC,BNB
2024-04-14,578.67,560.78,554.04,54464.66,30886751.49,567.1,multiply,BTC,BNB
2024-04-15,558.84,543.49,567.1,56007.14,30965200.16,552.88,multiply,BTC,BNB
2024-04-16,556.87,537.28,552.88,38529.26,20727909.51,537.98,multiply,BTC,BNB
2024-04-17,538.62,513.93,537.98,77539.58,41412943.24,534.09,multiply,BTC,BNB
2024-04-18,573.13,548.48,534.09,68721.79,37954590.72,552.29,multiply,BTC,BNB
2024-04-19,562.69,547.43,552.29,56162.57,31143388.4,554.52,multiply,BTC,BNB
2024-04-20,575.13,563.17,554.52,27076.76,15468877.56,571.3,multiply,BTC,BNB
2024-04-21,582.65,567.91,571.3,31400.66,18208005.71,579.86,multiply,BTC,BNB
2024-04-22,615.06,596.14,579.86,58999.41,35684631.4,604.83,multiply,BTC,BNB
2024-04-23,620.98,597.4,604.83,81589.94,49457394.54,606.17,multiply,BTC,BNB
2024-04-24,615.39,580.88,606.17,60468.18,36799701.19,608.58,multiply,BTC,BNB
2024-04-25,619.8,604.84,608.58,48332.22,29628984.15,613.03,multiply,BTC,BNB
2024-04-26,610.22,595.56,613.03,36617.55,21887258.28,597.73,multiply,BTC,BNB
2024-04-27,624.29,591.44,597.53,34577.64,20596738.79,595.67,multiply,ETH,BNB
2024-04-28,603.53,589.96,595.97,21894.46,13136665.26,600.0,multiply,BTC,BNB
2024-04-29,609.3,592.25,600.0,32164.22,19063627.5,592.7,multiply,BTC,BNB
2024-04-30,584.21,557.83,592.7,80023.83,46255665.18,578.02,multiply,BTC,BNB
2024-05-01,566.34,548.68,578.02,60397.64,33881785.79,560.98,multiply,BTC,BNB
2024-05-02,571.05,557.75,560.98,38181.55,21399590.46,560.47,multiply,BTC,BNB
2024-05-03,602.62,585.13,560.47,40525.27,23806984.46,587.46,multiply,BTC,BNB
2024-05-04,598.08,585.75,587.46,34623.59,20280724.17,585.75,multiply,BTC,BNB
2024-05-05,595.87,586.46,585.75,20129.63,11919856.27,592.15,multiply,BTC,BNB
2024-05-06,590.88,578.62,592.15,29846.37,17554481.12,588.16,multiply,BTC,BNB
2024-05-07,583.41,573.5,588.16,31448.29,18133578.59,576.62,multiply,BTC,BNB
2024-05-08,589.59,565.18,576.62,35300.57,20765344.02,588.24,multiply,BTC,BNB
2024-05-09,618.85,594.94,588.24,66208.81,39507467.15,596.71,multiply,BTC,BNB
2024-05-10,589.67,570.95,596.71,43460.67,25450480.09,585.6,multiply,BTC,BNB
2024-05-11,593.15,581.1,585.6,25632.7,15175915.18,592.05,multiply,BTC,BNB
2024-05-12,599.23,592.84,592.05,28130.45,16723412.86,594.5,multiply,BTC,BNB
2024-05-13,610.13,591.44,594.5,33891.5,20053240.98,591.69,multiply,BTC,BNB
2024-05-14,587.11,562.12,591.69,41675.91,23621903.8,566.8,multiply,BTC,BNB
2024-05-15,610.85,581.24,566.8,62248.85,36189459.81,581.37,multiply,BTC,BNB
2024-05-16,579.62,561.81,581.37,63178.68,35968309.54,569.31,multiply,BTC,BNB
2024-05-17,587.5,580.2,569.31,34501.87,20052524.86,581.2,multiply,BTC,BNB
2024-05-18,584.28,574.04,581.2,16736.71,9713916.2,580.4,multiply,BTC,BNB
2024-05-19,576.2,568.38,580.4,13902.61,7986763.87,574.48,multiply,BTC,BNB
2024-05-20,619.3,598.09,574.48,44885.51,26919106.62,599.73,multiply,BTC,BNB
2024-05-21,624.05,583.57,599.73,87275.78,53974370.46,618.43,multiply,BTC,BNB
2024-05-22,618.93,605.52,618.43,37954.44,23312829.85,614.23,multiply,BTC,BNB
2024-05-23,622.07,583.5,614.25,49719.02,29763240.41,598.63,multiply,ETH,BNB
2024-05-24,611.86,596.16,598.95,25511.36,15312152.4,600.21,multiply,BTC,BNB
2024-05-25,622.98,590.06,600.21,27663.12,16662295.05,602.33,multiply,BTC,BNB
2024-05-26,601.33,594.89,602.33,9739.56,5843988.34,600.03,multiply,BTC,BNB
2024-05-27,612.2,600.82,600.03,18758.37,11318572.99,603.39,multiply,BTC,BNB
2024-05-28,604.8,593.39,603.39,34223.02,20574014.82,601.17,multiply,BTC,BNB
2024-05-29,597.85,589.95,601.17,39067.15,23242853.81,594.95,multiply,BTC,BNB
2024-05-30,602.95,589.49,594.95,15387.92,9155098.15,594.95,multiply,BTC,BNB
2024-05-31,597.08,583.79,594.95,23029.19,13661755.15,593.24,multiply,BTC,BNB
2024-06-01,607.87,593.99,593.24,20515.54,12335995.97,601.3,multiply,BTC,BNB
2024-06-02,605.65,595.22,601.3,19145.41,11538394.3,602.67,multiply,BTC,BNB
2024-06-03,635.16,608.33,602.67,84321.74,52803450.65,626.21,multiply,BTC,BNB
2024-06-04,687.71,639.24,626.21,97163.65,66635031.88,685.8,multiply,BTC,BNB
2024-06-05,717.58,688.63,685.8,75622.09,52850270.28,698.87,multiply,BTC,BNB
2024-06-06,721.17,691.02,698.87,48096.22,34174980.46,710.55,multiply,BTC,BNB
2024-06-07,696.77,666.96,710.55,38977.14,26647429.55,683.67,multiply,BTC,BNB
2024-06-08,693.73,678.83,683.67,20348.97,13889615.98,682.57,multiply,BTC,BNB
2024-06-09,686.51,670.42,682.57,26817.1,18045916.2,672.93,multiply,BTC,BNB
2024-06-10,672.88,613.39,672.93,81772.39,51101576.47,624.92,multiply,BTC,BNB
2024-06-11,620.08,599.08,624.92,73914.93,44534389.83,602.51,multiply,BTC,BNB
2024-06-12,624.6,603.17,602.51,30484.89,18878477.76,619.27,multiply,BTC,BNB
2024-06-13,606.76,594.01,619.27,36255.37,21729583.83,599.35,multiply,BTC,BNB
2024-06-14,603.89,589.83,599.35,44786.29,27004610.03,602.97,multiply,BTC,BNB
2024-06-15,608.74,602.32,602.97,15608.02,9485706.31,607.75,multiply,BTC,BNB
2024-06-16,612.08,606.35,607.75,16880.1,10302690.79,610.35,multiply,BTC,BNB
2024-06-17,611.76,600.99,610.35,33507.19,20246801.45,604.25,multiply,BTC,BNB
2024-06-18,596.0,578.6,604.25,100824.47,59335930.23,588.51,multiply,BTC,BNB
2024-06-19,601.83,586.51,588.51,22557.84,13511615.19,598.98,multiply,BTC,BNB
2024-06-20,598.81,583.63,598.98,29060.06,17071536.7,587.46,multiply,BTC,BNB
2024-06-21,589.58,578.55,587.46,25153.69,14742952.17,586.11,multiply,BTC,BNB
2024-06-22,590.97,582.75,586.11,9857.09,5824642.26,590.91,multiply,BTC,BNB
2024-06-23,581.77,574.0,590.91,19401.07,11201172.08,577.35,multiply,BTC,BNB
2024-06-24,570.89,545.45,577.35,74254.22,42171433.95,567.93,multiply,BTC,BNB
2024-06-25,585.09,574.46,567.93,20341.92,11761059.72,578.17,multiply,BTC,BNB
2024-06-26,575.4,565.48,578.17,28814.19,16504297.13,572.78,multiply,BTC,BNB
2024-06-27,581.73,573.78,572.78,23216.02,13489635.52,581.05,multiply,BTC,BNB
2024-06-28,573.08,563.67,581.05,22737.27,12878045.32,566.38,multiply,BTC,BNB
2024-06-29,572.81,568.86,566.38,18214.57,10373661.36,569.53,multiply,BTC,BNB
2024-06-30,589.81,580.47,569.53,29267.78,17018459.63,581.47,multiply,BTC,BNB
2024-07-01,583.1,573.74,581.47,23582.82,13589704.87,576.25,multiply,BTC,BNB
2024-07-02,579.81,567.09,576.25,31675.08,18345738.2,579.19,multiply,BTC,BNB
2024-07-03,563.97,554.05,579.19,28060.75,15604391.05,556.09,multiply,BTC,BNB
2024-07-04,527.92,511.15,556.09,55729.16,28609678.31,513.37,multiply,BTC,BNB
2024-07-05,510.78,477.07,513.37,106638.71,53079472.38,497.75,multiply,BTC,BNB
2024-07-06,531.18,511.37,497.75,26230.58,13804670.09,526.28,multiply,BTC,BNB
2024-07-07,505.43,486.99,526.28,23862.9,11708960.62,490.68,multiply,BTC,BNB
2024-07-08,519.01,491.16,490.68,84973.39,43374203.8,510.44,multiply,BTC,BNB
2024-07-09,523.88,515.69,510.44,33421.89,17279999.82,517.03,multiply,BTC,BNB
2024-07-10,526.75,510.01,517.03,42924.53,22516240.9,524.55,multiply,BTC,BNB
2024-07-11,532.88,519.01,524.55,63597.53,33386824.42,524.97,multiply,BTC,BNB
2024-07-12,534.77,527.07,524.97,48553.95,25926067.65,533.96,multiply,BTC,BNB
2024-07-13,547.29,530.41,533.96,41440.32,22068895.74,532.55,multiply,BTC,BNB
2024-07-14,548.22,539.52,532.55,40584.87,22116163.99,544.94,multiply,BTC,BNB
2024-07-15,593.25,571.49,544.94,62734.17,36725574.72,585.42,multiply,BTC,BNB
2024-07-16,589.5,575.05,585.42,50034.7,28847308.62,576.55,multiply,BTC,BNB
2024-07-17,570.84,564.5,576.55,34813.49,19803921.15,568.86,multiply,BTC,BNB
2024-07-18,572.63,564.7,568.86,36850.39,21073485.91,571.87,multiply,BTC,BNB
2024-07-19,603.78,587.43,571.87,75863.54,45050727.06,593.84,multiply,BTC,BNB
2024-07-20,599.1,593.39,593.84,23008.43,13654579.81,593.46,multiply,BTC,BNB
2024-07-21,610.25,601.87,593.46,54674.87,32940514.16,602.48,multiply,BTC,BNB
2024-07-22,601.08,586.89,602.48,379987.14,223242915.35,587.5,multiply,BTC,BNB
2024-07-23,584.89,573.15,587.5,48197.23,28053240.11,582.05,multiply,BTC,BNB
2024-07-24,580.53,571.97,582.05,32364.07,18598042.23,574.65,multiply,BTC,BNB
2024-07-25,579.51,568.46,574.65,55431.05,31634342.59,570.7,multiply,BTC,BNB
2024-07-26,589.59,579.2,570.7,35986.66,20911841.98,581.1,multiply,BTC,BNB
2024-07-27,586.97,573.79,581.1,66828.02,38876417.4,581.74,multiply,BTC,BNB
2024-07-28,586.5,582.4,581.74,18581.52,10849791.82,583.9,multiply,BTC,BNB
2024-07-29,575.33,565.45,583.9,80812.91,46408035.88,574.27,multiply,BTC,BNB
2024-07-30,588.21,566.77,574.27,68830.95,40477818.43,588.08,multiply,BTC,BNB
2024-07-31,577.68,568.83,588.08,61242.23,35287600.84,576.2,multiply,BTC,BNB
2024-08-01,584.44,574.38,576.2,86524.46,49731875.72,574.77,multiply,BTC,BNB
2024-08-02,547.21,537.38,574.77,82706.61,44851586.74,542.3,multiply,BTC,BNB
2024-08-03,535.74,525.42,542.3,71454.22,37829773.18,529.43,multiply,BTC,BNB
2024-08-04,509.39,489.27,529.43,85635.82,42526471.81,496.6,multiply,BTC,BNB
2024-08-05,465.59,438.85,496.6,260354.17,120951588.17,464.57,multiply,BTC,BNB
2024-08-06,493.7,481.14,464.57,54963.35,26660908.31,485.07,multiply,BTC,BNB
2024-08-07,480.24,466.79,485.07,37276.04,17700101.37,474.84,multiply,BTC,BNB
2024-08-08,531.68,512.06,474.84,38733.52,20034560.69,517.24,multiply,BTC,BNB
2024-08-09,512.88,507.34,517.24,30330.14,15439449.9,509.05,multiply,BTC,BNB
2024-08-10,524.88,508.98,509.05,17398.96,9104855.26,523.3,multiply,BTC,BNB
2024-08-11,513.2,502.74,523.3,28321.92,14261980.75,503.57,multiply,BTC,BNB
2024-08-12,519.11,508.01,503.57,50003.25,25915680.94,518.28,multiply,BTC,BNB
2024-08-13,545.43,515.3,518.28,46577.16,24422024.67,524.33,multiply,BTC,BNB
2024-08-14,524.0,504.51,524.33,25709.86,13458320.1,523.47,multiply,BTC,BNB
2024-08-15,523.04,507.56,523.47,41272.68,21428151.88,519.18,multiply,BTC,BNB
2024-08-16,532.28,514.61,519.18,27928.85,14518936.26,519.85,multiply,BTC,BNB
2024-08-17,547.98,522.75,519.85,22271.56,12067794.44,541.85,multiply,BTC,BNB
2024-08-18,542.11,523.3,542.07,23927.51,12721300.68,531.66,multiply,ETH,BNB
2024-08-19,561.52,538.93,531.27,43082.06,24068573.98,558.67,multiply,BTC,BNB
2024-08-20,572.39,549.02,558.67,55325.45,31510987.92,569.56,multiply,BTC,BNB
2024-08-21,591.15,565.03,569.56,50744.58,28933190.77,570.17,multiply,BTC,BNB
2024-08-22,588.41,561.12,570.17,52280.83,30481777.74,583.04,multiply,BTC,BNB
2024-08-23,619.86,584.99,583.04,42699.87,25280163.25,592.04,multiply,BTC,BNB
2024-08-24,593.29,576.15,592.04,92095.1,53486235.87,580.77,multiply,BTC,BNB
2024-08-25,583.01,572.02,580.77,34633.32,19886604.03,574.2,multiply,BTC,BNB
2024-08-26,562.45,545.16,574.2,27126.26,14876894.27,548.43,multiply,BTC,BNB
2024-08-27,535.39,518.57,548.43,34118.76,18204029.2,533.55,multiply,BTC,BNB
2024-08-28,539.78,526.25,533.55,32410.47,17404442.89,537.0,multiply,BTC,BNB
2024-08-29,543.29,527.86,537.0,29443.54,15793709.03,536.41,multiply,BTC,BNB
2024-08-30,540.08,530.15,536.41,24448.33,13084184.68,535.18,multiply,BTC,BNB
2024-08-31,538.28,532.08,535.18,11629.41,6198779.52,533.03,multiply,BTC,BNB
2024-09-01,518.0,508.26,533.03,21764.36,11154164.43,512.5,multiply,BTC,BNB
2024-09-02,537.36,516.12,512.5,26941.44,14183982.98,526.47,multiply,BTC,BNB
2024-09-03,524.18,511.13,526.47,24456.08,12684357.25,518.66,multiply,BTC,BNB
2024-09-04,526.07,504.44,518.66,41552.83,21098432.98,507.75,multiply,BTC,BNB
2024-09-05,504.72,491.07,507.75,24672.89,12390545.82,502.19,multiply,BTC,BNB
2024-09-06,493.14,481.06,502.19,56949.87,27740264.09,487.1,multiply,BTC,BNB
2024-09-07,494.61,486.7,487.1,24635.57,12159555.07,493.58,multiply,BTC,BNB
2024-09-08,509.66,498.8,493.58,25498.71,12832058.95,503.24,multiply,BTC,BNB
2024-09-09,527.2,515.96,503.24,29877.92,15499349.39,518.76,multiply,BTC,BNB
2024-09-10,527.02,516.82,518.76,21866.54,11306151.3,517.05,multiply,BTC,BNB
2024-09-11,531.96,513.66,517.05,33791.56,17919582.51,530.3,multiply,BTC,BNB
2024-09-12,551.52,537.51,530.3,53843.26,29316945.02,544.49,multiply,BTC,BNB
2024-09-13,577.51,556.26,544.49,43306.13,24110253.23,556.74,multiply,BTC,BNB
2024-09-14,554.64,551.22,556.74,16936.51,9375413.6,553.56,multiply,BTC,BNB
2024-09-15,559.34,543.25,553.56,23228.57,12856638.73,553.48,multiply,BTC,BNB
2024-09-16,547.64,531.46,553.48,37583.5,20054975.09,533.61,multiply,BTC,BNB
2024-09-17,556.35,540.78,533.61,26708.59,14590163.4,546.27,multiply,BTC,BNB
2024-09-18,565.37,555.98,546.27,23924.97,13390510.49,559.69,multiply,BTC,BNB
2024-09-19,570.64,560.37,559.69,30324.22,17195302.57,567.05,multiply,BTC,BNB
2024-09-20,572.32,563.72,567.05,25246.77,14367756.66,569.09,multiply,BTC,BNB
2024-09-21,591.12,570.46,569.09,27513.09,16200641.15,588.83,multiply,BTC,BNB
2024-09-22,597.47,584.94,588.83,25641.66,15093425.32,588.63,multiply,BTC,BNB
2024-09-23,615.81,586.04,588.63,53719.06,32481898.2,604.66,multiply,BTC,BNB
2024-09-24,619.56,604.71,604.66,36875.09,22348684.19,606.06,multiply,BTC,BNB
2024-09-25,597.1,583.96,606.06,29990.05,17615351.9,587.37,multiply,BTC,BNB
2024-09-26,609.53,595.26,587.37,32614.75,19454563.21,596.5,multiply,BTC,BNB
2024-09-27,617.31,602.05,596.5,34494.16,20941842.74,607.11,multiply,BTC,BNB
2024-09-28,615.54,598.09,607.11,25516.72,15338546.49,601.12,multiply,BTC,BNB
2024-09-29,599.63,594.05,601.12,19188.53,11429178.82,595.63,multiply,BTC,BNB
2024-09-30,575.22,563.95,595.63,34333.48,19475233.34,567.24,multiply,BTC,BNB
2024-10-01,553.86,535.62,567.24,42731.19,23376086.8,547.05,multiply,BTC,BNB
2024-10-02,547.41,535.83,547.05,26919.56,14602270.38,542.44,multiply,BTC,BNB
2024-10-03,546.29,537.18,542.44,20977.15,11425241.96,544.65,multiply,BTC,BNB
2024-10-04,559.78,553.51,544.65,15236.72,8463898.32,555.49,multiply,BTC,BNB
2024-10-05,564.55,554.69,555.49,14276.1,8036572.21,562.94,multiply,BTC,BNB
2024-10-06,577.46,566.34,562.94,14173.79,8083254.85,570.3,multiply,BTC,BNB
2024-10-07,566.42,559.95,570.3,21948.38,12381494.43,564.12,multiply,BTC,BNB
2024-10-08,585.01,560.28,564.12,47945.24,27833888.2,580.53,multiply,BTC,BNB
2024-10-09,570.77,558.54,580.53,43605.48,24857144.06,570.05,multiply,BTC,BNB
2024-10-10,568.02,558.5,570.05,29724.59,16742668.72,563.26,multiply,BTC,BNB
2024-10-11,585.23,568.35,563.26,32510.83,18646092.74,573.53,multiply,BTC,BNB
2024-10-12,584.32,575.66,573.53,16285.25,9387145.61,576.42,multiply,BTC,BNB
2024-10-13,577.32,570.15,576.42,13164.33,7529677.76,571.98,multiply,BTC,BNB
2024-10-14,603.14,586.82,571.98,44290.43,26092846.95,589.13,multiply,BTC,BNB
2024-10-15,608.08,591.58,589.13,39168.78,23286955.11,594.53,multiply,BTC,BNB
2024-10-16,603.12,592.3,594.53,50249.76,30194675.16,600.89,multiply,BTC,BNB
2024-10-17,603.98,590.03,600.89,30392.68,18012488.8,592.66,multiply,BTC,BNB
2024-10-18,603.17,597.22,592.66,29277.25,17539016.49,599.07,multiply,BTC,BNB
2024-10-19,600.7,597.42,599.07,6558.87,3921522.14,597.9,multiply,BTC,BNB
2024-10-20,606.42,601.45,597.9,14803.61,8967979.42,605.8,multiply,BTC,BNB
2024-10-21,601.51,587.03,605.8,37855.77,22655810.46,598.48,multiply,BTC,BNB
2024-10-22,601.39,591.15,598.48,25770.86,15291700.75,593.37,multiply,BTC,BNB
2024-10-23,587.66,579.93,593.37,19520.7,11406510.58,584.33,multiply,BTC,BNB
2024-10-24,601.07,592.07,584.33,19738.87,11727130.9,594.11,multiply,BTC,BNB
2024-10-25,584.29,571.37,594.11,30849.12,17714590.94,574.23,multiply,BTC,BNB
2024-10-26,584.7,575.12,574.23,10856.37,6325203.16,582.63,multiply,BTC,BNB
2024-10-27,592.55,587.25,582.63,8491.77,4998907.08,588.68,multiply,BTC,BNB
2024-10-28,607.45,595.98,588.68,30759.39,18478174.65,600.73,multiply,BTC,BNB
2024-10-29,628.41,602.3,600.73,35531.86,21542868.54,606.3,multiply,BTC,BNB
2024-10-30,604.77,595.0,606.3,17792.06,10592758.46,595.36,multiply,BTC,BNB
2024-10-31,579.98,564.96,595.36,48990.07,28203672.85,575.7,multiply,BTC,BNB
2024-11-01,580.17,565.03,575.7,23666.28,13552952.44,572.67,multiply,BTC,BNB
2024-11-02,574.6,563.85,572.67,7925.72,4506280.44,568.56,multiply,BTC,BNB
2024-11-03,567.23,554.44,568.56,19364.36,10799038.6,557.68,multiply,BTC,BNB
2024-11-04,557.62,549.01,557.68,12860.27,7100475.25,552.12,multiply,BTC,BNB
2024-11-05,566.89,560.71,552.12,22334.37,12580519.85,563.28,multiply,BTC,BNB
2024-11-06,614.53,583.14,563.28,98491.03,58372419.81,592.67,multiply,BTC,BNB
2024-11-07,616.79,592.42,592.67,27828.93,16659738.93,598.65,multiply,BTC,BNB
2024-11-08,609.13,591.06,598.65,24150.25,14442530.62,598.03,multiply,BTC,BNB
2024-11-09,641.5,599.23,598.03,49611.27,30999858.03,624.86,multiply,BTC,BNB
2024-11-10,658.48,622.28,624.86,67678.35,42485199.34,627.75,multiply,BTC,BNB
2024-11-11,704.3,638.62,627.75,69433.28,45857250.37,660.45,multiply,BTC,BNB
2024-11-12,661.36,616.28,660.45,59369.59,37163477.73,625.97,multiply,BTC,BNB
2024-11-13,645.34,609.6,625.97,53679.06,33363885.14,621.54,multiply,BTC,BNB
2024-11-14,635.79,594.05,621.54,72315.84,45030551.06,622.69,multiply,BTC,BNB
2024-11-15,649.25,612.55,622.69,32380.51,20055930.1,619.38,multiply,BTC,BNB
2024-11-16,629.52,613.84,619.38,19549.48,12181040.77,623.09,multiply,BTC,BNB
2024-11-17,642.8,608.2,623.09,24273.38,15020470.62,618.8,multiply,BTC,BNB
2024-11-18,629.98,609.98,618.8,28023.43,17352442.79,619.21,multiply,BTC,BNB
2024-11-19,632.79,607.1,619.21,27099.87,16710216.11,616.62,multiply,BTC,BNB
2024-11-20,630.74,604.03,616.62,20049.43,12150224.57,606.01,multiply,BTC,BNB
2024-11-21,637.28,609.42,606.01,51444.45,32029792.04,622.61,multiply,BTC,BNB
2024-11-22,643.97,617.13,622.61,30375.3,19250914.6,633.77,multiply,BTC,BNB
2024-11-23,677.51,625.6,633.77,74632.63,48572547.92,650.82,multiply,BTC,BNB
2024-11-24,687.01,647.31,650.82,57127.47,37729645.13,660.45,multiply,BTC,BNB
2024-11-25,637.65,620.25,660.45,29498.64,18760353.36,635.97,multiply,BTC,BNB
2024-11-26,630.83,598.11,635.97,32024.46,19633903.41,613.09,multiply,BTC,BNB
2024-11-27,675.58,639.0,612.85,27325.99,17621281.42,644.85,multiply,ETH,BNB
2024-11-28,666.34,638.7,644.83,38928.4,25459287.38,654.0,multiply,BTC,BNB
2024-11-29,671.27,651.96,654.0,20758.48,13596406.87,654.98,multiply,BTC,BNB
2024-11-30,674.16,645.7,654.98,30626.47,20029525.3,653.99,multiply,BTC,BNB
2024-12-01,663.79,649.69,654.52,21637.39,14202051.93,656.37,multiply,ETH,BNB
2024-12-02,657.31,636.13,656.42,31428.99,20363347.06,647.92,multiply,BTC,BNB
2024-12-03,749.3,637.16,647.92,104056.99,76512163.66,735.29,multiply,BTC,BNB
2024-12-04,810.46,725.43,735.29,143880.81,106535325.84,740.44,multiply,BTC,BNB
2024-12-05,737.22,668.51,740.44,105698.01,75881352.53,717.91,multiply,BTC,BNB
2024-12-06,751.73,720.76,717.91,44727.0,32711227.35,731.35,multiply,BTC,BNB
2024-12-07,761.44,730.16,731.35,36251.63,27197686.12,750.25,multiply,BTC,BNB
2024-12-08,765.8,742.33,750.25,18212.38,13523253.56,742.53,multiply,BTC,BNB
2024-12-09,721.76,664.92,742.53,47121.82,32497192.73,689.64,multiply,BTC,BNB
2024-12-10,697.0,659.11,689.64,41317.95,27983894.11,677.28,multiply,BTC,BNB
2024-12-11,715.71,695.97,677.28,40082.28,28529011.36,711.76,multiply,BTC,BNB
2024-12-12,720.2,699.19,711.76,34433.61,24313444.44,706.1,multiply,BTC,BNB
2024-12-13,730.09,709.4,706.1,31778.53,23065858.28,725.83,multiply,BTC,BNB
2024-12-14,731.01,708.4,725.83,17683.5,12657909.85,715.8,multiply,BTC,BNB
2024-12-15,737.13,717.92,715.8,14039.46,10087987.43,718.55,multiply,BTC,BNB
2024-12-16,731.38,712.5,718.55,26768.92,19294235.13,720.77,multiply,BTC,BNB
2024-12-17,732.58,708.17,720.77,25040.35,17969292.87,717.61,multiply,BTC,BNB
2024-12-18,693.62,673.79,717.61,24946.71,17116159.21,686.11,multiply,BTC,BNB
2024-12-19,676.9,655.37,686.11,32521.0,21626970.11,665.02,multiply,BTC,BNB
2024-12-20,681.94,650.66,665.02,40408.6,27410152.35,678.32,multiply,BTC,BNB
2024-12-21,685.33,653.44,678.32,29885.52,19815998.08,663.06,multiply,BTC,BNB
2024-12-22,656.85,643.44,663.06,13931.13,9045951.5,649.33,multiply,BTC,BNB
2024-12-23,703.58,643.88,649.33,42819.83,29689099.94,693.35,multiply,BTC,BNB
2024-12-24,728.41,692.02,693.35,24880.53,17328312.5,696.46,multiply,BTC,BNB
2024-12-25,718.05,700.96,696.46,14754.02,10363922.17,702.45,multiply,BTC,BNB
2024-12-26,701.34,673.21,702.45,27437.45,18893711.43,688.61,multiply,BTC,BNB
2024-12-27,693.75,672.0,688.61,27149.94,18756041.38,690.83,multiply,BTC,BNB
2024-12-28,732.2,697.19,690.83,32571.88,23480316.42,720.88,multiply,BTC,BNB
2024-12-29,712.31,692.85,720.88,19145.97,13277781.28,693.5,multiply,BTC,BNB
2024-12-30,704.48,685.03,693.5,21837.91,15376316.93,704.11,multiply,BTC,BNB
2024-12-31,714.64,692.59,704.11,13245.5,9283861.15,700.91,multiply,BTC,BNB
2025-01-01,716.63,702.47,700.91,9886.94,6984466.07,706.43,multiply,BTC,BNB
2025-01-02,725.59,699.72,706.43,22101.2,15595331.43,705.63,multiply,BTC,BNB
2025-01-03,717.47,706.58,705.63,29143.92,20824110.73,714.53,multiply,BTC,BNB
2025-01-04,722.46,710.18,714.53,14072.96,10038608.69,713.33,multiply,BTC,BNB
2025-01-05,715.18,705.84,713.33,6269.18,4445977.08,709.18,multiply,BTC,BNB
2025-01-06,748.4,723.14,709.18,21591.06,15759007.65,729.89,multiply,BTC,BNB
2025-01-07,707.29,689.45,729.89,19560.07,13652650.79,697.99,multiply,BTC,BNB
2025-01-08,698.82,680.38,697.99,25518.61,17757604.78,695.87,multiply,BTC,BNB
2025-01-09,694.3,677.45,695.87,22402.12,15354667.91,685.41,multiply,BTC,BNB
2025-01-10,704.55,688.26,685.41,19220.5,13316073.33,692.81,multiply,BTC,BNB
2025-01-11,700.57,691.02,692.81,8964.27,6243682.92,696.51,multiply,BTC,BNB
2025-01-12,698.4,688.76,696.51,6874.68,4764872.22,693.1,multiply,BTC,BNB
2025-01-13,699.71,682.89,693.1,22462.21,15462359.07,688.37,multiply,BTC,BNB
2025-01-14,704.16,691.52,688.37,13922.77,9728647.09,698.76,multiply,BTC,BNB
2025-01-15,728.6,708.8,698.76,15107.55,10797858.24,714.73,multiply,BTC,BNB
2025-01-16,721.45,707.35,714.73,17734.78,12557187.65,708.05,multiply,BTC,BNB
2025-01-17,740.13,710.87,708.05,20198.31,14581292.8,721.91,multiply,BTC,BNB
2025-01-18,724.34,700.21,721.91,18294.12,12966446.48,708.78,multiply,BTC,BNB
2025-01-19,693.61,660.31,708.78,35607.5,24297670.64,682.38,multiply,BTC,BNB
2025-01-20,693.9,652.32,682.38,56954.9,38822655.0,681.64,multiply,BTC,BNB
2025-01-21,715.91,687.89,681.64,24833.79,17190960.99,692.24,multiply,BTC,BNB
2025-01-22,696.14,674.99,692.24,17879.84,12430151.49,695.2,multiply,BTC,BNB
2025-01-23,701.35,673.7,695.2,36777.45,25377066.79,690.02,multiply,BTC,BNB
2025-01-24,697.49,672.22,690.02,16073.53,10936472.69,680.4,multiply,BTC,BNB
2025-01-25,688.52,679.3,680.4,6770.66,4646814.54,686.32,multiply,BTC,BNB
2025-01-26,676.19,661.52,686.32,6230.74,4156263.57,667.06,multiply,BTC,BNB
2025-01-27,682.92,660.77,667.06,34114.1,23182358.23,679.55,multiply,BTC,BNB
2025-01-28,677.9,660.48,679.55,17325.13,11449852.13,660.88,multiply,BTC,BNB
2025-01-29,690.51,666.76,660.88,11050.82,7380812.19,667.9,multiply,BTC,BNB
2025-01-30,678.92,671.59,667.9,8266.95,5601357.48,677.56,multiply,BTC,BNB
2025-01-31,682.99,661.69,677.56,12367.53,8377216.69,677.36,multiply,BTC,BNB
2025-02-01,668.52,652.22,677.36,12700.67,8292551.13,652.92,multiply,BTC,BNB
2025-02-02,645.27,607.67,652.92,26224.31,16191898.87,617.44,multiply,BTC,BNB
2025-02-03,642.39,558.18,617.44,70116.15,43327555.96,617.94,multiply,BTC,BNB
2025-02-04,597.82,561.93,617.94,22336.44,12793969.12,572.78,multiply,BTC,BNB
2025-02-05,571.11,556.9,572.78,13057.45,7436989.3,569.56,multiply,BTC,BNB
2025-02-06,580.35,563.94,569.56,15826.78,9053657.83,572.05,multiply,BTC,BNB
2025-02-07,583.25,567.71,572.05,11690.87,6756638.41,577.94,multiply,BTC,BNB
2025-02-08,632.13,572.63,578.04,37326.13,22867601.67,612.64,multiply,ETH,BNB
2025-02-09,644.23,607.09,612.52,43675.17,26906549.51,616.06,multiply,BTC,BNB
2025-02-10,625.88,601.42,616.06,22706.88,14048000.27,618.67,multiply,BTC,BNB
2025-02-11,645.66,602.75,618.67,41102.24,26392412.48,642.12,multiply,BTC,BNB
2025-02-12,711.16,642.16,642.12,64166.21,44721608.83,696.97,multiply,BTC,BNB
2025-02-13,736.15,664.83,696.97,121459.47,80762064.72,664.93,multiply,BTC,BNB
2025-02-14,689.09,654.58,664.93,34952.08,23062830.82,659.84,multiply,BTC,BNB
2025-02-15,671.36,654.58,659.84,15447.77,10232378.5,662.39,multiply,BTC,BNB
2025-02-16,679.66,645.82,662.39,22535.73,15171441.68,673.22,multiply,BTC,BNB
2025-02-17,675.13,661.82,673.22,19135.39,12774072.05,667.56,multiply,BTC,BNB
2025-02-18,666.45,637.38,667.56,22283.99,14437747.86,647.9,multiply,BTC,BNB
2025-02-19,665.47,646.72,647.9,18212.92,11905415.29,653.68,multiply,BTC,BNB
2025-02-20,667.28,652.52,653.68,11749.19,7715152.28,656.65,multiply,BTC,BNB
2025-02-21,651.23,636.8,656.65,16283.94,10540327.59,647.28,multiply,BTC,BNB
2025-02-22,679.93,648.92,647.28,24987.34,16707198.3,668.63,multiply,BTC,BNB
2025-02-23,669.3,653.99,668.63,10286.83,6770070.24,658.13,multiply,BTC,BNB
2025-02-24,626.2,604.51,658.13,18318.12,11249551.91,614.12,multiply,BTC,BNB
2025-02-25,627.44,580.66,614.12,48004.15,29894386.6,622.75,multiply,BTC,BNB
2025-02-26,613.97,588.39,622.75,41482.86,25340060.86,610.86,multiply,BTC,BNB
2025-02-27,614.7,596.5,610.86,26059.71,15762911.24,604.88,multiply,BTC,BNB
2025-02-28,610.75,585.11,604.88,36082.26,21209608.34,587.81,multiply,BTC,BNB
2025-03-01,620.46,578.56,587.98,21522.09,13076885.42,607.6,multiply,ETH,BNB
2025-03-02,670.96,616.0,607.86,43601.13,27207595.87,624.01,multiply,BTC,BNB
2025-03-03,579.42,556.85,624.01,34788.46,20025209.74,575.63,multiply,BTC,BNB
2025-03-04,602.85,574.4,575.63,26788.38,15639753.15,583.83,multiply,BTC,BNB
2025-03-05,619.42,595.68,583.83,16111.44,9639524.7,598.3,multiply,BTC,BNB
2025-03-06,604.88,588.78,598.3,13810.64,8237058.29,596.43,multiply,BTC,BNB
2025-03-07,599.64,570.75,596.43,30389.28,18064544.2,594.44,multiply,BTC,BNB
2025-03-08,603.92,590.21,594.44,9960.17,5907792.91,593.14,multiply,BTC,BNB
2025-03-09,557.61,538.23,593.14,19325.25,10716621.69,554.54,multiply,BTC,BNB
2025-03-10,544.59,526.76,554.54,24944.2,13247279.71,531.08,multiply,BTC,BNB
2025-03-11,576.12,547.77,531.08,36522.03,20144832.79,551.58,multiply,BTC,BNB
2025-03-12,582.64,555.62,551.58,29782.45,16968836.9,569.76,multiply,BTC,BNB
2025-03-13,599.92,550.06,569.76,52593.42,30481571.67,579.57,multiply,BTC,BNB
2025-03-14,601.32,578.22,579.57,21660.89,12734097.04,587.88,multiply,BTC,BNB
2025-03-15,619.93,589.99,587.88,26113.5,16186382.47,619.85,multiply,BTC,BNB
2025-03-16,610.04,588.74,619.85,16455.73,9909645.45,602.2,multiply,BTC,BNB
2025-03-17,645.82,612.63,602.2,38651.59,24422737.75,631.87,multiply,BTC,BNB
2025-03-18,643.54,618.22,631.87,27924.31,17536061.5,627.99,multiply,BTC,BNB
2025-03-19,660.19,618.92,627.99,22119.6,13690316.67,618.92,multiply,BTC,BNB
2025-03-20,632.68,597.33,618.92,29260.84,18441439.79,630.24,multiply,BTC,BNB
2025-03-21,639.11,623.31,630.24,15739.85,9994692.46,634.99,multiply,BTC,BNB
2025-03-22,633.31,622.07,634.99,8332.17,5223038.8,626.85,multiply,BTC,BNB
2025-03-23,644.4,623.65,626.85,9797.85,6114627.69,624.08,multiply,BTC,BNB
2025-03-24,638.81,620.7,624.08,20757.8,13227630.2,637.24,multiply,BTC,BNB
2025-03-25,650.46,623.97,637.24,20873.13,13151960.46,630.09,multiply,BTC,BNB
2025-03-26,627.94,616.12,630.09,9518.28,5882575.78,618.03,multiply,BTC,BNB
2025-03-27,643.68,619.43,618.03,28800.57,18357357.98,637.4,multiply,BTC,BNB
2025-03-28,629.78,612.9,637.4,20984.2,12999397.98,619.49,multiply,BTC,BNB
2025-03-29,609.86,595.15,619.49,14446.07,8707428.16,602.75,multiply,BTC,BNB
2025-03-30,606.64,598.24,602.75,10777.24,6489103.79,602.11,multiply,BTC,BNB
2025-03-31,611.12,594.37,602.11,19341.27,11695366.63,604.68,multiply,BTC,BNB
2025-04-01,633.19,607.81,604.68,22083.9,13496141.27,611.13,multiply,BTC,BNB
2025-04-02,592.36,568.86,611.13,26103.55,15408993.19,590.3,multiply,BTC,BNB
2025-04-03,607.81,590.09,590.3,20112.55,11915143.07,592.42,multiply,BTC,BNB
2025-04-04,603.29,592.64,592.42,12803.49,7650136.44,597.5,multiply,BTC,BNB
2025-04-05,601.31,590.84,597.73,6192.09,3670822.01,592.82,multiply,ETH,BNB
2025-04-06,560.46,515.76,592.82,14860.0,8250970.05,555.25,multiply,ETH,BNB
2025-04-07,566.9,551.07,555.14,30650.77,16995124.88,554.48,multiply,BTC,BNB
2025-04-08,553.92,531.73,554.48,15915.46,8803708.25,553.15,multiply,BTC,BNB
2025-04-09,601.4,576.54,553.15,27805.85,16191934.51,582.32,multiply,BTC,BNB
2025-04-10,577.89,556.81,582.32,21667.82,12518108.9,577.73,multiply,BTC,BNB
2025-04-11,608.63,582.95,577.73,19741.69,11564418.45,585.79,multiply,BTC,BNB
2025-04-12,604.24,595.37,585.79,6640.61,3965511.03,597.16,multiply,BTC,BNB
2025-04-13,588.96,578.92,597.16,7792.23,4551495.29,584.11,multiply,BTC,BNB
2025-04-14,591.86,582.56,584.11,8963.71,5238557.35,584.42,multiply,BTC,BNB
2025-04-15,581.29,570.83,584.42,9144.18,5299316.39,579.53,multiply,BTC,BNB
2025-04-16,586.44,576.02,579.53,7979.66,4650098.1,582.74,multiply,BTC,BNB
2025-04-17,594.69,583.82,582.74,7637.05,4509881.6,590.53,multiply,BTC,BNB
2025-04-18,595.61,585.22,590.53,9448.34,5590832.97,591.73,multiply,BTC,BNB
2025-04-19,597.56,586.24,591.73,6162.33,3645652.98,591.6,multiply,BTC,BNB
2025-04-20,598.64,590.12,591.6,7931.24,4701347.95,592.76,multiply,BTC,BNB
2025-04-21,609.11,596.94,592.76,10562.59,6309893.54,597.38,multiply,BTC,BNB
2025-04-22,641.67,612.32,597.38,16567.12,10252718.71,618.86,multiply,BTC,BNB
2025-04-23,622.36,601.74,618.86,13902.79,8424527.29,605.96,multiply,BTC,BNB
2025-04-24,616.51,601.37,605.96,11204.97,6743575.55,601.84,multiply,BTC,BNB
2025-04-25,617.23,598.29,601.84,12628.89,7582064.16,600.37,multiply,BTC,BNB
2025-04-26,611.62,597.99,600.37,8120.55,4932113.83,607.36,multiply,BTC,BNB
2025-04-27,604.49,596.71,607.36,3195.28,1929115.66,603.74,multiply,BTC,BNB
2025-04-28,614.69,604.14,603.74,5256.64,3187724.89,606.42,multiply,BTC,BNB
2025-04-29,607.88,595.15,606.42,6148.83,3694853.44,600.9,multiply,BTC,BNB
2025-04-30,601.28,594.97,600.9,5475.13,3284374.59,599.87,multiply,BTC,BNB
2025-05-01,615.31,598.13,599.87,7513.72,4508686.96,600.06,multiply,BTC,BNB
2025-05-02,603.46,594.73,600.06,12924.95,7769565.94,601.13,multiply,BTC,BNB
2025-05-03,599.78,593.74,601.13,5921.57,3550493.02,599.59,multiply,BTC,BNB
2025-05-04,591.57,580.24,599.59,4881.34,2863222.59,586.56,multiply,BTC,BNB
2025-05-05,604.15,587.66,586.56,10290.54,6150670.79,597.7,multiply,BTC,BNB
2025-05-06,616.17,602.42,597.7,8240.19,4966415.7,602.71,multiply,BTC,BNB
2025-05-07,609.1,599.2,602.71,8447.3,5092781.73,602.89,multiply,BTC,BNB
2025-05-08,641.75,622.96,602.89,14353.27,9030461.54,629.16,multiply,BTC,BNB
2025-05-09,670.72,624.18,629.16,14476.97,9653394.05,666.81,multiply,BTC,BNB
2025-05-10,690.83,657.5,666.81,15269.74,10139064.56,664.0,multiply,BTC,BNB
2025-05-11,667.64,648.8,664.0,9679.83,6301408.38,650.98,multiply,BTC,BNB
2025-05-12,683.33,641.38,650.98,21947.29,14489540.93,660.2,multiply,BTC,BNB
2025-05-13,669.49,653.98,660.2,10806.2,7179546.82,664.39,multiply,BTC,BNB
2025-05-14,663.51,650.05,664.39,12039.3,7857284.44,652.64,multiply,BTC,BNB
2025-05-15,667.56,648.67,652.64,11253.28,7335902.58,651.89,multiply,BTC,BNB
2025-05-16,656.39,644.39,651.89,7288.36,4712376.63,646.56,multiply,BTC,BNB
2025-05-17,644.95,638.25,646.56,4968.0,3178497.1,639.79,multiply,BTC,BNB
2025-05-18,664.38,650.75,639.79,5559.97,3623490.02,651.71,multiply,BTC,BNB
2025-05-19,658.0,644.06,651.71,6695.94,4352189.19,649.97,multiply,BTC,BNB
2025-05-20,659.21,646.71,649.97,6060.46,3941357.92,650.34,multiply,BTC,BNB
2025-05-21,692.41,646.47,650.47,18370.34,12363565.39,673.02,multiply,ETH,BNB
2025-05-22,694.13,680.05,674.0,13293.09,9129106.79,686.76,multiply,BTC,BNB
2025-05-23,668.47,655.16,686.76,15631.61,10273084.84,657.2,multiply,BTC,BNB
2025-05-24,671.57,659.83,657.2,8135.97,5434967.03,668.02,multiply,BTC,BNB
2025-05-25,678.24,668.64,668.02,8508.7,5698553.13,669.73,multiply,BTC,BNB
2025-05-26,676.69,669.46,669.73,4544.48,3064755.05,674.39,multiply,BTC,BNB
2025-05-27,691.67,670.2,674.39,12767.47,8772443.92,687.09,multiply,BTC,BNB
2025-05-28,691.35,674.1,687.09,19243.49,13223047.42,687.14,multiply,BTC,BNB
2025-05-29,678.4,664.04,687.14,12956.59,8744541.2,674.91,multiply,BTC,BNB
2025-05-30,665.96,654.09,674.91,13396.44,8777874.27,655.24,multiply,BTC,BNB
2025-05-31,663.2,652.63,655.24,10705.59,7048372.07,658.38,multiply,BTC,BNB
2025-06-01,665.71,658.1,658.38,7311.78,4835854.84,661.38,multiply,BTC,BNB
2025-06-02,670.93,658.33,661.38,10454.04,6966343.38,666.38,multiply,BTC,BNB
2025-06-03,669.28,657.89,666.38,10696.86,7079069.78,661.79,multiply,BTC,BNB
2025-06-04,668.7,656.65,661.79,9790.05,6496343.44,663.57,multiply,BTC,BNB
2025-06-05,650.83,631.53,663.57,14441.48,9153919.93,633.86,multiply,BTC,BNB
2025-06-06,653.39,642.01,633.86,5972.52,3843170.99,643.48,multiply,BTC,BNB
2025-06-07,653.71,649.7,643.48,2740.19,1784645.1,651.29,multiply,BTC,BNB
2025-06-08,653.29,649.38,651.29,3629.27,2367137.07,652.24,multiply,BTC,BNB
2025-06-09,701.69,663.88,652.3,11612.18,7730917.3,665.76,multiply,ETH,BNB
2025-06-10,701.22,669.4,665.76,14574.2,9817517.49,673.62,multiply,ETH,BNB
2025-06-11,674.84,645.18,673.62,11346.89,7575579.27,667.63,multiply,ETH,BNB
2025-06-12,657.72,649.16,667.71,9963.81,6528131.58,655.18,multiply,BTC,BNB
2025-06-13,666.86,654.66,655.18,13233.27,8675943.97,655.62,multiply,BTC,BNB
2025-06-14,654.83,643.43,655.62,5869.72,3792261.28,646.07,multiply,BTC,BNB
2025-06-15,652.87,646.11,646.07,3290.0,2133345.51,648.43,multiply,BTC,BNB
2025-06-16,658.55,646.48,648.43,6396.84,4165473.46,651.18,multiply,BTC,BNB
2025-06-17,649.87,636.59,651.18,11208.86,7266733.29,648.3,multiply,BTC,BNB
2025-06-18,653.28,641.0,648.3,11303.67,7291958.46,645.1,multiply,BTC,BNB
2025-06-19,649.88,638.53,645.61,3179.86,2050483.4,644.83,multiply,ETH,BNB
2025-06-20,645.09,629.69,644.74,9750.86,6258936.57,641.89,multiply,BTC,BNB
2025-06-21,636.49,625.56,641.89,11089.08,6981073.98,629.54,multiply,BTC,BNB
2025-06-22,625.18,614.58,629.54,9536.01,5876032.74,616.19,multiply,BTC,BNB
2025-06-23,654.15,638.02,616.19,6603.07,4232411.23,640.98,multiply,BTC,BNB
2025-06-24,648.37,641.68,640.98,4320.91,2782279.01,643.91,multiply,BTC,BNB
2025-06-25,659.65,643.43,643.91,7989.8,5164925.34,646.44,multiply,BTC,BNB
2025-06-26,645.82,639.72,646.44,2608.63,1676605.87,642.72,multiply,BTC,BNB
2025-06-27,652.41,634.96,642.81,2613.52,1688616.0,646.11,multiply,ETH,BNB
2025-06-28,649.23,644.62,646.17,1556.25,1009864.99,648.91,multiply,BTC,BNB
2025-06-29,657.29,650.46,648.91,2703.66,1771222.99,655.12,multiply,BTC,BNB
2025-06-30,658.02,644.63,655.12,9892.76,6500118.75,657.06,multiply,BTC,BNB
2025-07-01,649.25,642.59,657.06,7242.49,4682294.12,646.5,multiply,BTC,BNB
2025-07-02,668.78,657.78,646.5,13542.25,8938842.31,660.07,multiply,BTC,BNB
2025-07-03,665.84,658.27,660.07,5127.59,3403460.04,663.75,multiply,BTC,BNB
2025-07-04,657.02,651.41,663.75,2581.57,1688067.27,653.89,multiply,BTC,BNB
2025-07-05,657.15,653.8,653.89,1359.94,892657.42,656.39,multiply,BTC,BNB
2025-07-06,668.51,661.08,656.39,8712.1,5779412.48,663.38,multiply,BTC,BNB
2025-07-07,663.31,653.24,663.38,12243.33,8093233.67,661.03,multiply,BTC,BNB
2025-07-08,667.35,659.18,661.03,9110.17,6019120.5,660.7,multiply,BTC,BNB
2025-07-09,664.25,660.09,660.72,22017.47,14615637.21,663.82,multiply,USDT,BNB
