time,high,low,open,volumefrom,volumeto,close,conversionType,conversionSymbol,symbol
2020-01-17,9004.35,8665.99,8719.63,48787.4,432856377.78,8894.83,direct,,BTC
2020-01-18,8974.65,8807.26,8894.83,19872.9,176837362.25,8909.28,direct,,BTC
2020-01-19,9177.39,8508.15,8909.28,47750.9,421483277.31,8702.59,direct,,BTC
2020-01-20,8737.36,8521.52,8702.59,21888.47,189247381.47,8634.03,direct,,BTC
2020-01-21,8771.75,8479.9,8634.03,22731.19,196404470.17,8724.84,direct,,BTC
2020-01-22,8793.74,8582.43,8724.84,17278.13,149906743.85,8667.26,direct,,BTC
2020-01-23,8680.93,8290.98,8667.26,38348.08,323273085.37,8394.28,direct,,BTC
2020-01-24,8517.5,8225.83,8394.28,27811.03,233502998.73,8431.78,direct,,BTC
2020-01-25,8444.32,8263.42,8431.78,14296.82,119345600.29,8345.88,direct,,BTC
2020-01-26,8605.33,8302.57,8345.88,22444.54,189985702.21,8602.37,direct,,BTC
2020-01-27,8991.01,8572.37,8602.37,37524.75,329416202.64,8898.94,direct,,BTC
2020-01-28,9407.39,8892.58,8898.94,51850.54,471220882.55,9391.97,direct,,BTC
2020-01-29,9429.16,9234.27,9391.97,36978.22,345265419.21,9286.18,direct,,BTC
2020-01-30,9561.26,9181.72,9286.18,45852.79,430815723.66,9501.38,direct,,BTC
2020-01-31,9518.87,9208.36,9501.38,31334.26,292627757.98,9342.23,direct,,BTC
2020-02-01,9455.92,9296.57,9342.23,14778.25,138614091.6,9384.45,direct,,BTC
2020-02-02,9469.84,9169.21,9384.45,24059.37,225322638.39,9334.25,direct,,BTC
2020-02-03,9605.66,9230.83,9334.25,33363.87,312315107.48,9288.96,direct,,BTC
2020-02-04,9347.12,9089.52,9288.96,26614.92,244997961.95,9171.98,direct,,BTC
2020-02-05,9750.28,9162.98,9171.98,47150.99,448381299.88,9611.42,direct,,BTC
2020-02-06,9853.08,9533.37,9611.42,42264.62,410313693.85,9755.84,direct,,BTC
2020-02-07,9866.18,9714.16,9755.84,25549.21,249852208.28,9808.36,direct,,BTC
2020-02-08,9936.26,9665.26,9808.36,24889.03,244352034.45,9898.25,direct,,BTC
2020-02-09,10162.71,9880.67,9898.25,33829.57,340301629.71,10157.78,direct,,BTC
2020-02-10,10185.09,9761.16,10157.78,40941.28,406256357.82,9858.03,direct,,BTC
2020-02-11,10370.44,9716.32,9858.03,49240.73,495614708.0,10269.43,direct,,BTC
2020-02-12,10475.43,10250.55,10269.43,43484.9,449510878.91,10347.93,direct,,BTC
2020-02-13,10500.54,10081.02,10347.93,49389.81,507955951.95,10233.32,direct,,BTC
2020-02-14,10387.37,10103.67,10233.32,28984.69,297409586.88,10360.37,direct,,BTC
2020-02-15,10388.6,9789.89,10360.37,29878.88,300819428.52,9905.43,direct,,BTC
2020-02-16,10042.6,9634.4,9905.43,27579.54,272176494.52,9925.51,direct,,BTC
2020-02-17,9958.46,9482.71,9925.51,37157.31,359702988.14,9702.48,direct,,BTC
2020-02-18,10274.35,9618.77,9702.48,38551.14,382869718.91,10182.6,direct,,BTC
2020-02-19,10300.04,9340.17,10182.6,47506.68,473100344.44,9602.43,direct,,BTC
2020-02-20,9698.59,9402.81,9602.43,36843.12,352949373.64,9608.8,direct,,BTC
2020-02-21,9766.16,9582.07,9608.8,30286.18,293546157.49,9697.86,direct,,BTC
2020-02-22,9720.21,9577.84,9697.86,12206.36,118171544.81,9671.46,direct,,BTC
2020-02-23,10011.4,9669.88,9671.46,23058.71,228093371.59,9977.39,direct,,BTC
2020-02-24,10019.3,9495.76,9977.39,34044.18,331102536.15,9664.21,direct,,BTC
2020-02-25,9682.05,9258.4,9664.21,34827.75,329372824.71,9316.18,direct,,BTC
2020-02-26,9379.07,8652.97,9316.18,65447.95,588359496.49,8793.5,direct,,BTC
2020-02-27,8978.84,8540.74,8793.5,47005.39,413657559.37,8821.5,direct,,BTC
2020-02-28,8908.8,8449.12,8821.5,41600.5,360795192.37,8719.29,direct,,BTC
2020-02-29,8815.63,8545.32,8719.29,16806.37,146455562.43,8545.45,direct,,BTC
2020-03-01,8776.71,8443.57,8545.45,25550.31,219324311.08,8549.38,direct,,BTC
2020-03-02,8983.78,8521.79,8549.38,33004.6,290280969.41,8919.74,direct,,BTC
2020-03-03,8940.69,8680.57,8919.74,28648.83,252211805.89,8765.68,direct,,BTC
2020-03-04,8863.91,8690.82,8765.68,22115.34,194233894.05,8773.78,direct,,BTC
2020-03-05,9179.74,8772.83,8773.78,33760.74,305196274.33,9074.82,direct,,BTC
2020-03-06,9183.26,9015.35,9074.82,21090.1,192168163.64,9160.39,direct,,BTC
2020-03-07,9225.42,8880.33,9160.39,20669.17,187063951.77,8903.72,direct,,BTC
2020-03-08,8920.28,8033.06,8903.72,63231.33,533371350.28,8057.67,direct,,BTC
2020-03-09,8200.82,7664.34,8057.67,86700.45,682781069.24,7944.4,direct,,BTC
2020-03-10,8165.09,7758.12,7944.4,53646.28,427332546.47,7894.66,direct,,BTC
2020-03-11,7998.79,7614.48,7894.66,47596.23,372704355.27,7945.36,direct,,BTC
2020-03-12,7984.16,4736.21,7945.36,286243.45,1769476928.68,4916.78,direct,,BTC
2020-03-13,5984.55,3948.92,4916.78,319316.54,1663092005.9,5632.58,direct,,BTC
2020-03-14,5665.57,5069.29,5632.58,87978.27,474539626.45,5181.77,direct,,BTC
2020-03-15,5961.78,5114.06,5181.77,105160.64,568696762.62,5357.02,direct,,BTC
2020-03-16,5364.93,4454.22,5357.02,203116.86,996661883.31,5045.0,direct,,BTC
2020-03-17,5561.43,4950.9,5045.0,116314.49,618671971.75,5337.66,direct,,BTC
2020-03-18,5451.02,5024.71,5337.66,109210.96,576456805.62,5413.06,direct,,BTC
2020-03-19,6418.99,5268.33,5413.06,147007.71,868668216.67,6184.88,direct,,BTC
2020-03-20,6932.04,5691.69,6184.88,148232.44,947038097.64,6206.44,direct,,BTC
2020-03-21,6459.65,5876.79,6206.44,67262.29,415771088.67,6195.43,direct,,BTC
2020-03-22,6415.14,5750.68,6195.43,75451.24,457211401.95,5828.15,direct,,BTC
2020-03-23,6614.56,5703.64,5828.15,107692.99,667919370.22,6503.53,direct,,BTC
2020-03-24,6857.49,6406.64,6503.53,105151.69,700444488.16,6767.18,direct,,BTC
2020-03-25,6980.29,6483.0,6767.18,84721.04,566264216.07,6694.21,direct,,BTC
2020-03-26,6796.12,6539.61,6694.21,45203.7,302121295.09,6757.95,direct,,BTC
2020-03-27,6876.97,6312.53,6757.95,57134.12,381303011.52,6382.8,direct,,BTC
2020-03-28,6384.56,6051.23,6382.8,60814.06,378476570.98,6252.49,direct,,BTC
2020-03-29,6286.96,5882.2,6252.49,47232.21,286789900.17,5882.2,direct,,BTC
2020-03-30,6616.94,5874.8,5882.2,70623.69,445848282.11,6403.31,direct,,BTC
2020-03-31,6531.66,6350.61,6403.31,36169.65,233613490.19,6423.61,direct,,BTC
2020-04-01,6716.04,6168.0,6423.61,59228.61,377164250.74,6663.63,direct,,BTC
2020-04-02,7245.15,6585.75,6663.63,93059.32,635319847.54,6804.42,direct,,BTC
2020-04-03,7044.01,6618.82,6804.42,55578.32,379639119.54,6743.68,direct,,BTC
2020-04-04,7010.45,6671.05,6743.68,33774.99,230044243.33,6875.95,direct,,BTC
2020-04-05,6910.39,6689.07,6875.95,26776.41,182019861.58,6781.64,direct,,BTC
2020-04-06,7359.05,6779.91,6781.64,78676.82,560075869.57,7347.22,direct,,BTC
2020-04-07,7462.51,7084.52,7347.22,70648.16,516422836.71,7201.57,direct,,BTC
2020-04-08,7425.85,7157.96,7201.57,60952.77,445330043.76,7367.37,direct,,BTC
2020-04-09,7374.01,7124.88,7367.37,44071.93,321287689.9,7294.55,direct,,BTC
2020-04-10,7304.8,6757.67,7294.55,63355.47,440132415.16,6876.49,direct,,BTC
2020-04-11,6956.27,6785.52,6876.49,24917.32,171352839.69,6887.6,direct,,BTC
2020-04-12,7199.97,6802.16,6887.6,42382.58,297514761.29,6913.76,direct,,BTC
2020-04-13,6913.76,6612.34,6913.76,63091.4,426458894.19,6859.43,direct,,BTC
2020-04-14,6986.75,6773.97,6859.43,44630.96,307409556.74,6879.44,direct,,BTC
2020-04-15,6937.49,6614.79,6879.44,49708.81,336722796.75,6629.54,direct,,BTC
2020-04-16,7207.11,6487.08,6629.54,98809.08,685621725.46,7114.55,direct,,BTC
2020-04-17,7155.17,7005.79,7114.55,45840.75,324325510.78,7037.12,direct,,BTC
2020-04-18,7304.35,7028.43,7037.12,35919.74,258251102.86,7264.29,direct,,BTC
2020-04-19,7276.84,7072.33,7264.29,29493.83,211422409.66,7132.88,direct,,BTC
2020-04-20,7225.23,6770.07,7132.88,64707.0,452319848.99,6842.45,direct,,BTC
2020-04-21,6948.78,6779.51,6842.45,44531.91,305844254.34,6855.11,direct,,BTC
2020-04-22,7165.43,6831.44,6855.11,43780.72,308254465.67,7135.41,direct,,BTC
2020-04-23,7731.56,7041.2,7135.41,81106.87,599195847.97,7489.25,direct,,BTC
2020-04-24,7607.28,7408.35,7489.25,51734.5,389027134.45,7509.44,direct,,BTC
2020-04-25,7708.4,7445.98,7509.44,30165.48,227962632.37,7546.92,direct,,BTC
2020-04-26,7705.3,7497.88,7546.92,33092.14,251857766.26,7701.35,direct,,BTC
2020-04-27,7790.33,7639.98,7701.35,48551.15,374439201.77,7787.41,direct,,BTC
2020-04-28,7791.85,7671.26,7787.41,38507.32,297442241.62,7760.32,direct,,BTC
2020-04-29,8952.44,7733.02,7760.32,157978.19,1324299206.24,8784.96,direct,,BTC
2020-04-30,9460.77,8416.64,8784.96,161267.28,1439132256.65,8637.56,direct,,BTC
2020-05-01,9066.47,8631.39,8637.56,70407.63,620133839.66,8829.12,direct,,BTC
2020-05-02,9013.29,8768.81,8829.12,36139.66,321429140.42,8981.11,direct,,BTC
2020-05-03,9197.48,8735.78,8981.11,59476.78,534161419.79,8907.19,direct,,BTC
2020-05-04,8968.9,8537.49,8907.19,64835.52,568639005.2,8881.65,direct,,BTC
2020-05-05,9119.13,8781.58,8881.65,60185.36,538111122.64,9029.75,direct,,BTC
2020-05-06,9408.99,8924.06,9029.75,88912.83,818515486.36,9153.2,direct,,BTC
2020-05-07,10064.33,9042.52,9153.2,125991.41,1213223439.69,9999.93,direct,,BTC
2020-05-08,10041.73,9728.64,9999.93,91540.3,907665361.58,9808.18,direct,,BTC
2020-05-09,9912.22,9525.77,9808.18,59814.44,580103588.21,9541.13,direct,,BTC
2020-05-10,9556.85,8228.22,9541.13,133597.2,1159765920.88,8735.05,direct,,BTC
2020-05-11,9164.84,8228.58,8735.05,144898.27,1259789388.45,8568.88,direct,,BTC
2020-05-12,8975.74,8541.95,8568.88,66073.43,580579256.62,8821.18,direct,,BTC
2020-05-13,9407.67,8807.57,8821.18,68248.72,622255318.55,9317.44,direct,,BTC
2020-05-14,9937.97,9263.29,9317.44,97176.37,936692997.58,9793.19,direct,,BTC
2020-05-15,9841.71,9149.13,9793.19,84280.62,798930933.92,9311.69,direct,,BTC
2020-05-16,9584.9,9224.32,9311.69,37023.76,348262438.61,9387.08,direct,,BTC
2020-05-17,9885.55,9334.23,9387.08,52271.64,505834872.59,9670.56,direct,,BTC
2020-05-18,9943.74,9476.37,9670.56,62325.78,606235218.3,9722.73,direct,,BTC
2020-05-19,9890.69,9471.96,9722.73,60720.68,587660019.81,9780.2,direct,,BTC
2020-05-20,9832.94,9323.82,9780.2,61892.78,593918718.08,9509.45,direct,,BTC
2020-05-21,9566.81,8811.54,9509.45,87116.97,798218781.95,9059.11,direct,,BTC
2020-05-22,9265.04,8936.82,9059.11,44400.9,405255700.32,9170.74,direct,,BTC
2020-05-23,9311.34,9101.08,9170.74,23636.66,217819517.42,9186.19,direct,,BTC
2020-05-24,9307.11,8707.14,9186.19,45736.61,412753415.47,8718.49,direct,,BTC
2020-05-25,8977.43,8639.46,8718.49,43894.32,386241517.98,8901.48,direct,,BTC
2020-05-26,9011.53,8705.66,8901.48,39855.17,352930782.24,8844.5,direct,,BTC
2020-05-27,9222.3,8820.55,8844.5,42022.36,381475134.6,9204.62,direct,,BTC
2020-05-28,9619.34,9112.3,9204.62,56625.62,530613444.11,9579.71,direct,,BTC
2020-05-29,9601.43,9344.8,9579.71,40183.32,379875666.16,9424.62,direct,,BTC
2020-05-30,9735.73,9340.45,9424.62,24640.28,235049817.45,9699.78,direct,,BTC
2020-05-31,9703.51,9400.25,9699.78,22242.38,212143031.97,9450.47,direct,,BTC
2020-06-01,10359.02,9421.6,9450.47,44485.42,435270237.66,10211.23,direct,,BTC
2020-06-02,10232.25,9344.53,10211.23,82606.91,812990990.27,9523.75,direct,,BTC
2020-06-03,9666.25,9408.56,9523.75,33114.73,316212538.78,9666.06,direct,,BTC
2020-06-04,9877.89,9470.9,9666.06,43080.32,418578381.27,9794.55,direct,,BTC
2020-06-05,9846.54,9611.19,9794.55,41806.08,406449067.36,9622.02,direct,,BTC
2020-06-06,9728.4,9536.15,9622.02,22979.04,221180782.78,9671.46,direct,,BTC
2020-06-07,9806.21,9410.33,9671.46,39020.91,374577294.36,9750.7,direct,,BTC
2020-06-08,9801.19,9658.72,9750.7,32766.08,318606275.83,9782.58,direct,,BTC
2020-06-09,9884.83,9604.13,9782.58,38753.41,376816490.4,9779.7,direct,,BTC
2020-06-10,9990.4,9708.63,9779.7,40206.35,395005942.58,9891.84,direct,,BTC
2020-06-11,9970.77,9093.42,9891.84,86717.5,827582593.73,9268.13,direct,,BTC
2020-06-12,9548.13,9238.24,9268.13,40820.42,384322097.92,9464.23,direct,,BTC
2020-06-13,9492.0,9363.89,9464.23,16597.62,156509665.57,9474.65,direct,,BTC
2020-06-14,9479.56,9251.02,9474.65,19334.41,181308843.48,9333.7,direct,,BTC
2020-06-15,9498.69,8909.5,9333.7,66872.84,616170633.01,9429.65,direct,,BTC
2020-06-16,9585.17,9383.33,9429.65,39887.07,378768702.55,9526.7,direct,,BTC
2020-06-17,9550.06,9243.06,9526.7,34516.51,325191529.46,9459.13,direct,,BTC
2020-06-18,9480.04,9276.18,9459.13,25143.4,236301644.47,9380.67,direct,,BTC
2020-06-19,9419.99,9239.58,9380.67,31669.73,295439171.8,9301.83,direct,,BTC
2020-06-20,9394.04,9179.1,9301.83,19608.75,182464228.19,9359.18,direct,,BTC
2020-06-21,9418.22,9282.53,9359.18,13199.69,123480945.26,9292.81,direct,,BTC
2020-06-22,9774.79,9283.26,9292.81,41271.48,393567343.68,9691.61,direct,,BTC
2020-06-23,9720.11,9580.47,9691.61,30724.93,296221140.11,9624.3,direct,,BTC
2020-06-24,9664.38,9206.05,9624.3,49186.2,461570781.81,9292.94,direct,,BTC
2020-06-25,9335.65,9000.53,9292.94,47297.43,435446758.27,9241.32,direct,,BTC
2020-06-26,9289.32,9041.42,9241.32,40519.91,371373315.29,9158.07,direct,,BTC
2020-06-27,9190.27,8867.34,9158.07,28152.32,254990739.33,9007.14,direct,,BTC
2020-06-28,9189.74,8946.05,9007.14,19775.94,179558602.81,9120.39,direct,,BTC
2020-06-29,9234.33,9026.42,9120.39,31119.19,283764928.26,9187.07,direct,,BTC
2020-06-30,9200.99,9068.77,9187.07,23376.63,213905502.74,9136.47,direct,,BTC
2020-07-01,9299.67,9097.33,9136.47,29846.4,274835041.39,9238.89,direct,,BTC
2020-07-02,9267.84,8954.67,9238.89,37657.49,343433369.43,9092.8,direct,,BTC
2020-07-03,9127.05,9047.38,9092.8,21807.46,198428092.21,9066.46,direct,,BTC
2020-07-04,9195.91,9052.4,9066.46,16185.04,147598290.89,9142.2,direct,,BTC
2020-07-05,9152.87,8935.9,9142.2,17548.22,159006413.09,9081.44,direct,,BTC
2020-07-06,9372.09,9067.64,9081.44,36844.23,340664721.17,9347.05,direct,,BTC
2020-07-07,9378.69,9208.31,9347.05,25836.94,239497399.36,9257.32,direct,,BTC
2020-07-08,9471.65,9236.9,9257.32,37422.23,350318105.76,9439.2,direct,,BTC
2020-07-09,9441.67,9171.37,9439.2,30177.18,280648694.08,9238.95,direct,,BTC
2020-07-10,9317.31,9128.71,9238.95,24422.31,224680670.05,9288.57,direct,,BTC
2020-07-11,9302.22,9188.13,9288.57,11785.42,108899834.63,9237.13,direct,,BTC
2020-07-12,9339.99,9169.13,9237.13,16385.5,151649367.79,9300.95,direct,,BTC
2020-07-13,9336.42,9201.18,9300.95,25872.33,240081841.21,9237.89,direct,,BTC
2020-07-14,9279.57,9109.7,9237.89,25865.27,238308476.7,9256.07,direct,,BTC
2020-07-15,9272.57,9160.89,9256.07,23480.12,216386874.26,9193.22,direct,,BTC
2020-07-16,9216.53,9029.17,9193.22,27882.77,254255550.28,9133.23,direct,,BTC
2020-07-17,9183.08,9080.61,9133.23,20542.6,187710134.42,9156.79,direct,,BTC
2020-07-18,9205.94,9125.92,9156.79,11952.82,109563331.59,9177.22,direct,,BTC
2020-07-19,9238.3,9113.41,9177.22,12797.83,117297958.15,9216.02,direct,,BTC
2020-07-20,9224.76,9136.9,9216.02,18729.9,171877002.63,9164.42,direct,,BTC
2020-07-21,9435.55,9162.25,9164.42,34505.35,337645738.93,9392.83,direct,,BTC
2020-07-22,9551.87,9289.85,9392.83,29959.04,281661129.12,9537.24,direct,,BTC
2020-07-23,9675.5,9458.25,9537.24,43462.72,415079930.39,9615.21,direct,,BTC
2020-07-24,9647.83,9477.19,9615.21,33810.92,323092524.09,9550.23,direct,,BTC
2020-07-25,9744.72,9536.76,9550.23,24211.0,233301043.7,9708.41,direct,,BTC
2020-07-26,10140.55,9659.08,9708.41,42161.94,417337407.31,9942.01,direct,,BTC
2020-07-27,11397.48,9935.51,9942.01,128836.3,1363674374.42,11042.94,direct,,BTC
2020-07-28,11253.39,10590.98,11042.94,85478.78,938667838.04,10933.26,direct,,BTC
2020-07-29,11348.53,10854.04,10933.26,61949.48,689206497.21,11112.04,direct,,BTC
2020-07-30,11182.76,10875.14,11112.04,45655.22,503563543.58,11113.66,direct,,BTC
2020-07-31,11454.11,10981.87,11113.66,54108.77,608151203.91,11352.72,direct,,BTC
2020-08-01,11874.77,11240.98,11352.72,63746.48,741252933.72,11812.42,direct,,BTC
2020-08-02,12106.89,10694.22,11812.42,63507.01,721639453.44,11063.5,direct,,BTC
2020-08-03,11476.29,10945.66,11063.5,42060.85,473995003.36,11234.73,direct,,BTC
2020-08-04,11415.16,11021.07,11234.73,35052.44,393301819.23,11194.18,direct,,BTC
2020-08-05,11791.62,11095.47,11194.18,48146.58,555395574.17,11752.05,direct,,BTC
2020-08-06,11909.81,11577.8,11752.05,49916.86,587033759.68,11771.27,direct,,BTC
2020-08-07,11912.62,11350.42,11771.27,55865.16,651142052.53,11603.82,direct,,BTC
2020-08-08,11811.4,11534.87,11603.82,23238.62,271582305.12,11770.77,direct,,BTC
2020-08-09,11802.93,11533.93,11770.77,19874.64,231830330.42,11686.34,direct,,BTC
2020-08-10,12074.31,11640.41,11686.34,56105.27,667803525.71,11897.41,direct,,BTC
2020-08-11,11940.4,11138.6,11897.41,62677.5,724227264.93,11389.01,direct,,BTC
2020-08-12,11621.05,11182.8,11389.01,37568.86,430758054.54,11570.19,direct,,BTC
2020-08-13,11795.34,11284.57,11570.19,42205.26,487564726.98,11790.68,direct,,BTC
2020-08-14,11863.43,11657.2,11790.68,37248.83,437825096.08,11774.52,direct,,BTC
2020-08-15,11981.62,11697.88,11774.52,31094.75,369258184.57,11860.91,direct,,BTC
2020-08-16,11934.96,11701.22,11860.91,22029.01,260716863.02,11917.97,direct,,BTC
2020-08-17,12474.73,11775.66,11917.97,56064.01,682170133.05,12301.19,direct,,BTC
2020-08-18,12397.4,11855.24,12301.19,49904.68,604246043.52,11956.69,direct,,BTC
2020-08-19,12021.8,11592.2,11956.69,50094.06,590122894.96,11760.37,direct,,BTC
2020-08-20,11888.72,11679.03,11760.37,43209.58,510502416.84,11863.43,direct,,BTC
2020-08-21,11882.67,11494.52,11863.43,63548.27,745059089.73,11527.35,direct,,BTC
2020-08-22,11686.02,11379.06,11527.35,49538.11,572197825.57,11670.42,direct,,BTC
2020-08-23,11713.62,11521.6,11670.42,33405.25,388308826.36,11651.52,direct,,BTC
2020-08-24,11827.45,11594.64,11651.52,39119.97,459366140.6,11756.4,direct,,BTC
2020-08-25,11767.64,11130.36,11756.4,50836.08,583786229.48,11330.56,direct,,BTC
2020-08-26,11542.65,11259.23,11330.56,27168.29,309986442.65,11466.89,direct,,BTC
2020-08-27,11591.64,11135.52,11466.89,40978.91,464957172.93,11331.02,direct,,BTC
2020-08-28,11553.81,11289.07,11331.02,30815.36,353027933.9,11535.21,direct,,BTC
2020-08-29,11585.98,11433.8,11535.21,16305.87,187746012.8,11480.48,direct,,BTC
2020-08-30,11718.98,11470.07,11480.48,16398.78,190649396.2,11716.54,direct,,BTC
2020-08-31,11775.27,11586.36,11716.54,26331.03,307926585.75,11657.81,direct,,BTC
2020-09-01,12062.06,11540.42,11657.81,45202.86,537292263.85,11926.69,direct,,BTC
2020-09-02,11954.28,11219.19,11926.69,53717.87,618129314.2,11397.9,direct,,BTC
2020-09-03,11469.2,10017.43,11397.9,82662.97,894736678.62,10174.62,direct,,BTC
2020-09-04,10638.71,10020.02,10174.62,54204.6,562742223.01,10467.33,direct,,BTC
2020-09-05,10570.95,9880.05,10467.33,60292.64,614402772.13,10167.97,direct,,BTC
2020-09-06,10361.12,10019.56,10167.97,29450.0,300644746.65,10260.37,direct,,BTC
2020-09-07,10411.92,9893.68,10260.37,41648.61,422137373.09,10379.08,direct,,BTC
2020-09-08,10443.72,9855.68,10379.08,54770.65,553186747.41,10128.54,direct,,BTC
2020-09-09,10349.09,9989.63,10128.54,33984.18,346738492.44,10228.85,direct,,BTC
2020-09-10,10493.32,10221.37,10228.85,43679.85,452098495.16,10345.68,direct,,BTC
2020-09-11,10412.6,10215.49,10345.68,25800.65,266084892.24,10398.5,direct,,BTC
2020-09-12,10486.76,10282.43,10398.5,17704.47,184001054.5,10448.0,direct,,BTC
2020-09-13,10578.97,10224.4,10448.0,28905.77,299956975.1,10332.36,direct,,BTC
2020-09-14,10753.33,10259.62,10332.36,34032.31,359274837.28,10678.31,direct,,BTC
2020-09-15,10936.89,10632.26,10678.31,34224.45,369481767.48,10786.7,direct,,BTC
2020-09-16,11094.7,10670.02,10786.7,34093.35,372894154.99,10957.1,direct,,BTC
2020-09-17,11047.25,10755.99,10957.1,26980.75,293584349.54,10945.14,direct,,BTC
2020-09-18,11040.66,10823.93,10945.14,22774.38,248821618.73,10937.89,direct,,BTC
2020-09-19,11173.88,10898.63,10937.89,17491.35,193207449.76,11083.61,direct,,BTC
2020-09-20,11083.9,10775.23,11083.61,21791.13,237773866.86,10921.85,direct,,BTC
2020-09-21,10992.25,10319.73,10921.85,44906.88,473754186.1,10418.14,direct,,BTC
2020-09-22,10576.92,10365.99,10418.14,28764.85,301280976.85,10534.73,direct,,BTC
2020-09-23,10546.48,10166.62,10534.73,26680.48,277589382.46,10238.09,direct,,BTC
2020-09-24,10792.17,10213.75,10238.09,29020.54,304956298.0,10742.98,direct,,BTC
2020-09-25,10762.38,10562.14,10742.98,33843.79,360929423.35,10694.12,direct,,BTC
2020-09-26,10822.99,10658.15,10694.12,13794.51,148097714.06,10734.23,direct,,BTC
2020-09-27,10810.35,10612.42,10734.23,13820.35,148127427.26,10781.47,direct,,BTC
2020-09-28,10951.6,10649.18,10781.47,32269.15,350615325.76,10699.0,direct,,BTC
2020-09-29,10863.02,10641.03,10699.0,31167.43,334584439.48,10841.29,direct,,BTC
2020-09-30,10850.12,10666.17,10841.29,29556.58,317604086.65,10779.42,direct,,BTC
2020-10-01,10926.47,10454.66,10779.42,39457.33,422940486.72,10622.79,direct,,BTC
2020-10-02,10668.49,10388.07,10622.79,33798.95,355424408.51,10576.64,direct,,BTC
2020-10-03,10602.28,10507.49,10576.64,10469.92,110570157.37,10552.04,direct,,BTC
2020-10-04,10699.94,10534.5,10552.04,10487.7,111420779.07,10675.52,direct,,BTC
2020-10-05,10799.53,10627.77,10675.52,23891.17,255950434.22,10795.11,direct,,BTC
2020-10-06,10801.66,10533.32,10795.11,30869.62,329346366.4,10603.9,direct,,BTC
2020-10-07,10679.76,10554.41,10603.9,19601.45,208253472.75,10672.67,direct,,BTC
2020-10-08,10957.42,10541.2,10672.67,39280.36,423807796.12,10929.4,direct,,BTC
2020-10-09,11109.32,10839.3,10929.4,32665.61,359802403.01,11058.78,direct,,BTC
2020-10-10,11485.43,11057.98,11058.78,26181.83,296925751.27,11301.57,direct,,BTC
2020-10-11,11434.1,11284.09,11301.57,17795.07,202131016.49,11375.51,direct,,BTC
2020-10-12,11725.28,11223.99,11375.51,41705.77,478557074.68,11539.76,direct,,BTC
2020-10-13,11561.69,11314.56,11539.76,33529.75,383360256.66,11427.29,direct,,BTC
2020-10-14,11550.25,11298.88,11427.29,22758.2,259711904.03,11429.3,direct,,BTC
2020-10-15,11607.59,11269.05,11429.3,33044.49,377801262.9,11508.31,direct,,BTC
2020-10-16,11545.35,11224.89,11508.31,29300.16,332320579.31,11326.25,direct,,BTC
2020-10-17,11410.01,11270.69,11326.25,9901.25,112306061.3,11367.65,direct,,BTC
2020-10-18,11513.68,11357.25,11367.65,11528.41,131886570.58,11513.33,direct,,BTC
2020-10-19,11821.95,11417.11,11513.33,39224.67,456404609.75,11756.88,direct,,BTC
2020-10-20,12047.73,11688.39,11756.88,48504.61,576128149.71,11921.78,direct,,BTC
2020-10-21,13236.39,11900.51,11921.78,103080.18,1296152945.69,12813.11,direct,,BTC
2020-10-22,13197.69,12700.74,12813.11,57124.85,739591002.3,12990.25,direct,,BTC
2020-10-23,13031.82,12732.62,12990.25,32269.84,416662855.54,12937.2,direct,,BTC
2020-10-24,13167.31,12886.47,12937.2,20932.05,273005904.67,13126.13,direct,,BTC
2020-10-25,13346.7,12910.39,13126.13,28208.48,368884232.62,13041.21,direct,,BTC
2020-10-26,13241.79,12797.05,13041.21,35322.99,460984686.3,13069.43,direct,,BTC
2020-10-27,13783.14,13060.64,13069.43,44978.37,603406480.39,13646.02,direct,,BTC
2020-10-28,13855.57,12906.15,13646.02,32501.89,434942187.78,13285.97,direct,,BTC
2020-10-29,13643.6,12985.56,13285.97,41497.54,555737562.11,13462.18,direct,,BTC
2020-10-30,13674.89,13132.53,13462.18,56364.21,756044940.71,13565.95,direct,,BTC
2020-10-31,14077.8,13432.24,13565.95,43579.77,600104833.89,13803.41,direct,,BTC
2020-11-01,13897.02,13630.22,13803.41,20841.63,286724152.06,13761.72,direct,,BTC
2020-11-02,13828.48,13221.65,13761.72,33465.17,453096297.52,13571.24,direct,,BTC
2020-11-03,14071.54,13300.84,13571.24,21969.7,300271386.78,14023.78,direct,,BTC
2020-11-04,14258.9,13539.13,14023.78,30406.02,423118194.37,14157.73,direct,,BTC
2020-11-05,15739.47,14114.37,14157.73,42121.25,625288741.44,15599.92,direct,,BTC
2020-11-06,15948.88,15219.57,15599.92,34543.56,538014394.46,15590.62,direct,,BTC
2020-11-07,15765.02,14427.34,15590.62,25695.27,388303730.2,14838.16,direct,,BTC
2020-11-08,15653.89,14739.11,14838.16,18706.65,285202500.11,15488.25,direct,,BTC
2020-11-09,15812.23,14833.13,15488.25,32088.79,492570531.42,15335.03,direct,,BTC
2020-11-10,15476.99,15099.11,15335.03,23031.66,352628988.82,15313.73,direct,,BTC
2020-11-11,15983.03,15288.76,15313.73,45852.83,717920492.19,15707.08,direct,,BTC
2020-11-12,16348.99,15476.25,15707.08,67322.57,1074746061.94,16306.53,direct,,BTC
2020-11-13,16482.62,15975.8,16306.53,42676.28,694320640.17,16332.85,direct,,BTC
2020-11-14,16334.29,15720.61,16332.85,28331.05,452657737.75,16075.95,direct,,BTC
2020-11-15,16156.82,15796.03,16075.95,17966.53,286912254.78,15964.7,direct,,BTC
2020-11-16,16876.48,15877.77,15964.7,41641.22,685608661.41,16721.46,direct,,BTC
2020-11-17,17857.37,16563.5,16721.46,62123.13,1072294334.69,17681.54,direct,,BTC
2020-11-18,18466.1,17260.91,17681.54,80691.42,1441862086.0,17786.27,direct,,BTC
2020-11-19,18172.87,17365.08,17786.27,48224.86,859856045.56,17824.64,direct,,BTC
2020-11-20,18814.87,17764.07,17824.64,51122.68,939934212.29,18672.78,direct,,BTC
2020-11-21,18966.12,18359.06,18672.78,37702.81,705040526.65,18704.06,direct,,BTC
2020-11-22,18757.55,17635.18,18704.06,43464.62,796767991.89,18430.59,direct,,BTC
2020-11-23,18761.66,18010.51,18430.59,48994.17,902518528.75,18385.74,direct,,BTC
2020-11-24,19419.49,18117.78,18385.74,74142.3,1403472685.29,19157.16,direct,,BTC
2020-11-25,19488.81,18519.89,19157.16,59989.48,1141495120.46,18725.76,direct,,BTC
2020-11-26,18907.31,16270.37,18725.76,129609.34,2220672632.83,17175.86,direct,,BTC
2020-11-27,17479.12,16462.87,17175.86,61052.47,1034426524.1,17155.0,direct,,BTC
2020-11-28,17893.95,16895.0,17155.0,34697.03,605284901.68,17739.9,direct,,BTC
2020-11-29,18347.24,17543.55,17739.9,27161.16,489679989.73,18199.23,direct,,BTC
2020-11-30,19850.23,18199.03,18199.23,77985.3,1493787961.07,19686.87,direct,,BTC
2020-12-01,19911.79,18194.17,19686.87,91108.23,1743191338.61,18792.03,direct,,BTC
2020-12-02,19337.16,18350.0,18792.03,47787.81,903817773.96,19226.19,direct,,BTC
2020-12-03,19608.49,18888.12,19226.19,38699.87,747088833.15,19448.44,direct,,BTC
2020-12-04,19541.62,18603.79,19448.44,42234.35,804366524.28,18665.0,direct,,BTC
2020-12-05,19178.4,18514.92,18665.0,20517.48,388466883.76,19156.84,direct,,BTC
2020-12-06,19417.33,18885.88,19156.84,21172.5,405708588.31,19378.94,direct,,BTC
2020-12-07,19411.51,18909.97,19378.94,24908.46,477334574.93,19181.41,direct,,BTC
2020-12-08,19295.38,18227.31,19181.41,46151.65,866543428.89,18323.52,direct,,BTC
2020-12-09,18639.24,17669.15,18323.52,57997.45,1057335071.17,18549.92,direct,,BTC
2020-12-10,18554.32,17920.56,18549.92,37500.96,684802762.09,18250.47,direct,,BTC
2020-12-11,18295.1,17598.13,18250.47,45166.17,809318887.79,18034.86,direct,,BTC
2020-12-12,18948.78,18033.05,18034.86,26150.36,484239535.46,18814.98,direct,,BTC
2020-12-13,19414.65,18733.67,18814.98,30902.88,592021817.57,19169.05,direct,,BTC
2020-12-14,19339.6,19001.22,19169.05,23827.71,456841099.92,19274.69,direct,,BTC
2020-12-15,19553.23,19060.06,19274.69,42331.4,819839290.04,19441.96,direct,,BTC
2020-12-16,21527.36,19299.86,19441.96,95374.74,1949841494.52,21352.13,direct,,BTC
2020-12-17,23698.98,21240.41,21352.13,140483.08,3194654467.93,22822.17,direct,,BTC
2020-12-18,23271.54,22345.87,22822.17,59658.48,1362467582.47,23135.57,direct,,BTC
2020-12-19,24114.51,22755.03,23135.57,53911.52,1268054141.3,23844.72,direct,,BTC
2020-12-20,24252.16,23095.72,23844.72,42981.99,1014224949.67,23467.06,direct,,BTC
2020-12-21,24077.7,22015.91,23467.06,75934.38,1750627321.07,22727.13,direct,,BTC
2020-12-22,23833.23,22378.26,22727.13,49685.46,1149767378.59,23823.32,direct,,BTC
2020-12-23,24082.98,22641.37,23823.32,66161.63,1552020951.78,23239.5,direct,,BTC
2020-12-24,23778.56,22716.45,23239.5,39804.23,923848542.66,23724.2,direct,,BTC
2020-12-25,24776.64,23417.43,23724.2,49655.15,1199894883.01,24707.98,direct,,BTC
2020-12-26,26780.61,24494.27,24707.98,62923.13,1611547513.19,26445.7,direct,,BTC
2020-12-27,28340.08,25805.96,26445.7,91052.09,2463390777.21,26249.27,direct,,BTC
2020-12-28,27461.63,26085.96,26249.27,52027.49,1402005893.58,27039.45,direct,,BTC
2020-12-29,27383.6,25864.25,27039.45,55477.49,1479551411.61,27360.78,direct,,BTC
2020-12-30,28990.2,27360.09,27360.78,70752.88,1993721842.2,28889.61,direct,,BTC
2020-12-31,29301.67,27957.13,28889.61,66915.03,1924969475.46,28972.4,direct,,BTC
2021-01-01,29666.33,28748.21,28972.4,50841.73,1487306218.52,29388.94,direct,,BTC
2021-01-02,33257.29,29036.26,29388.94,119214.75,3750440817.91,32203.64,direct,,BTC
2021-01-03,34789.34,32010.59,32203.64,93510.99,3132759314.54,33063.48,direct,,BTC
2021-01-04,33622.7,28493.29,33063.48,124909.68,3901979149.92,32030.55,direct,,BTC
2021-01-05,34487.44,29985.29,32030.55,93735.47,3037657026.2,34038.29,direct,,BTC
2021-01-06,36973.76,33404.2,34038.29,108190.73,3788317475.74,36849.86,direct,,BTC
2021-01-07,40365.87,36340.01,36849.86,124086.76,4753170180.55,39479.41,direct,,BTC
2021-01-08,41964.96,36640.51,39479.41,118077.27,4705592327.36,40636.24,direct,,BTC
2021-01-09,41400.48,38783.61,40636.24,55591.28,2241901362.12,40236.66,direct,,BTC
2021-01-10,41427.88,35283.65,40236.66,103220.32,3983391028.78,38202.08,direct,,BTC
2021-01-11,38266.42,30308.4,38202.08,240328.0,8100819368.26,35496.03,direct,,BTC
2021-01-12,36620.28,32522.98,35496.03,115232.53,3999535589.05,34058.4,direct,,BTC
2021-01-13,37809.67,32405.89,34058.4,91979.17,3198683391.78,37380.85,direct,,BTC
2021-01-14,40093.43,36751.89,37380.85,74972.21,2895085049.06,39155.58,direct,,BTC
2021-01-15,39695.43,34396.19,39155.58,89468.27,3288447634.87,36790.17,direct,,BTC
2021-01-16,37942.44,35395.88,36790.17,54226.28,1995053500.31,36025.26,direct,,BTC
2021-01-17,36860.67,33854.83,36025.26,50913.3,1806688237.48,35839.51,direct,,BTC
2021-01-18,37429.24,34784.4,35839.51,43063.97,1554686784.02,36623.04,direct,,BTC
2021-01-19,37867.53,35917.28,36623.04,48457.45,1787957383.29,35932.79,direct,,BTC
2021-01-20,36409.96,33519.59,35932.79,66302.02,2316775667.92,35501.38,direct,,BTC
2021-01-21,35619.6,30067.14,35501.38,125586.98,4042427455.09,30840.3,direct,,BTC
2021-01-22,33857.39,28817.3,30840.3,109210.12,3418228006.19,33008.02,direct,,BTC
2021-01-23,33484.73,31430.15,33008.02,39813.32,1287618530.17,32107.29,direct,,BTC
2021-01-24,33090.99,30957.56,32107.29,33650.76,1079875602.62,32283.66,direct,,BTC
2021-01-25,34881.18,31937.09,32283.66,59529.49,1989618039.07,32275.27,direct,,BTC
2021-01-26,32943.69,30853.17,32275.27,59770.06,1909630282.43,32516.52,direct,,BTC
2021-01-27,32580.05,29236.73,32516.52,102257.23,3149650799.32,30423.05,direct,,BTC
2021-01-28,33880.92,29905.53,30423.05,76993.1,2463162479.45,33443.87,direct,,BTC
2021-01-29,38631.5,31996.08,33443.87,169454.57,6015929349.68,34252.08,direct,,BTC
2021-01-30,34906.15,32858.0,34252.08,46326.31,1574213551.44,34317.82,direct,,BTC
2021-01-31,34381.7,32214.08,34317.82,35337.11,1176981986.93,33143.22,direct,,BTC
2021-02-01,34714.34,32340.24,33143.22,48144.6,1623291067.04,33535.94,direct,,BTC
2021-02-02,36004.47,33459.48,33535.94,51377.38,1789698965.07,35524.43,direct,,BTC
2021-02-03,37704.8,35413.72,35524.43,63974.93,2340630205.42,37677.34,direct,,BTC
2021-02-04,38741.89,36199.19,37677.34,73775.45,2767003411.51,36983.42,direct,,BTC
2021-02-05,38343.92,36626.5,36983.42,45243.69,1705038314.0,38310.24,direct,,BTC
2021-02-06,40989.11,38247.96,38310.24,66494.6,2642530408.41,39267.01,direct,,BTC
2021-02-07,39721.59,37408.16,39267.01,53823.4,2076904733.5,38868.82,direct,,BTC
2021-02-08,46606.82,38063.87,38868.82,138485.21,5944522159.67,46437.41,direct,,BTC
2021-02-09,48209.59,45051.46,46437.41,98670.48,4610214635.38,46509.57,direct,,BTC
2021-02-10,47349.86,43743.99,46509.57,72992.8,3326890835.4,44854.95,direct,,BTC
2021-02-11,48664.81,44032.66,44854.95,72251.82,3377367971.59,48006.18,direct,,BTC
2021-02-12,48930.99,46243.85,48006.18,59549.61,2831634659.58,47435.54,direct,,BTC
2021-02-13,48171.46,46291.19,47435.54,33281.25,1571324550.44,47222.32,direct,,BTC
2021-02-14,49642.39,47096.92,47222.32,37853.59,1841963034.08,48652.87,direct,,BTC
2021-02-15,49031.74,45910.0,48652.87,52683.57,2502097939.18,47936.51,direct,,BTC
2021-02-16,50561.53,47068.63,47936.51,66072.59,3237085085.6,49184.63,direct,,BTC
2021-02-17,52622.68,48967.72,49184.63,67133.49,3423930178.2,52154.91,direct,,BTC
2021-02-18,52550.6,50874.81,52154.91,42530.26,2205232619.94,51591.61,direct,,BTC
2021-02-19,56331.09,50766.83,51591.61,72433.44,3893034056.64,55933.47,direct,,BTC
2021-02-20,57528.16,54140.61,55933.47,52924.57,2974872569.57,55900.84,direct,,BTC
2021-02-21,58348.75,55516.07,55900.84,33823.01,1934005633.01,57469.95,direct,,BTC
2021-02-22,57540.74,48194.31,57469.95,130806.33,6995162441.1,54121.17,direct,,BTC
2021-02-23,54164.35,44983.39,54121.17,165758.08,8016450648.12,48898.7,direct,,BTC
2021-02-24,51399.55,47015.55,48898.7,74972.28,3729774704.65,49738.17,direct,,BTC
2021-02-25,52086.34,46728.88,49738.17,73102.42,3643008748.86,47082.87,direct,,BTC
2021-02-26,48438.38,44153.46,47082.87,90519.05,4204800171.81,46324.5,direct,,BTC
2021-02-27,48362.8,45063.84,46324.5,39013.78,1831237567.32,46191.39,direct,,BTC
2021-02-28,46645.9,43061.92,46191.39,62249.5,2776726256.13,45261.03,direct,,BTC
2021-03-01,49812.2,45058.98,45261.03,65660.6,3146266419.71,49635.07,direct,,BTC
2021-03-02,50221.14,47097.84,49635.07,43281.84,2105387914.68,48501.21,direct,,BTC
2021-03-03,52625.39,48176.64,48501.21,51572.27,2615513552.66,50392.55,direct,,BTC
2021-03-04,51792.65,47516.91,50392.55,61387.71,3024053725.58,48363.74,direct,,BTC
2021-03-05,49467.19,46311.43,48363.74,60955.82,2907395734.68,48775.37,direct,,BTC
2021-03-06,49185.32,47099.07,48775.37,25116.42,1214194643.85,48892.8,direct,,BTC
2021-03-07,51455.54,48892.8,48892.8,32958.26,1658558074.88,50964.18,direct,,BTC
2021-03-08,52408.08,49341.09,50964.18,48084.28,2445827949.75,52405.02,direct,,BTC
2021-03-09,54933.93,51888.98,52405.02,53740.22,2898199576.25,54928.7,direct,,BTC
2021-03-10,57396.59,53054.34,54928.7,70138.56,3898251700.72,55893.31,direct,,BTC
2021-03-11,58142.77,54314.65,55893.31,59202.98,3340389094.49,57809.41,direct,,BTC
2021-03-12,58069.58,55089.68,57809.41,54282.31,3079097934.08,57256.22,direct,,BTC
2021-03-13,61749.15,56103.32,57256.22,57862.75,3439594034.95,61179.79,direct,,BTC
2021-03-14,61674.66,58980.95,61179.79,34886.85,2105197604.06,58998.89,direct,,BTC
2021-03-15,60589.17,54857.68,58998.89,75161.15,4297382088.92,55665.01,direct,,BTC
2021-03-16,56936.04,53269.13,55665.01,62540.93,3441195999.4,56925.01,direct,,BTC
2021-03-17,58975.28,54156.11,56925.01,62035.71,3493543493.16,58909.0,direct,,BTC
2021-03-18,60077.79,57022.2,58909.0,54289.71,3178687259.25,57643.32,direct,,BTC
2021-03-19,59453.32,56283.37,57643.32,41182.41,2397999967.37,58060.21,direct,,BTC
2021-03-20,59911.7,57837.79,58060.21,28696.46,1687922804.56,58101.34,direct,,BTC
2021-03-21,58621.34,55635.61,58101.34,34236.52,1958214099.07,57374.95,direct,,BTC
2021-03-22,58431.44,53795.78,57374.95,51098.9,2865346861.49,54095.36,direct,,BTC
2021-03-23,55836.27,52984.36,54095.36,44780.24,2444787014.61,54355.45,direct,,BTC
2021-03-24,57202.53,51685.15,54355.45,62596.16,3420695083.54,52303.02,direct,,BTC
2021-03-25,53199.52,50406.31,52303.02,69776.36,3617760373.16,51336.09,direct,,BTC
2021-03-26,55083.9,51275.54,51336.09,46165.63,2461374478.26,55055.43,direct,,BTC
2021-03-27,56606.78,53991.0,55055.43,27392.29,1514783182.02,55863.73,direct,,BTC
2021-03-28,56561.55,54717.97,55863.73,24145.77,1345583216.95,55781.01,direct,,BTC
2021-03-29,58413.9,54910.57,55781.01,51547.9,2950020309.68,57626.1,direct,,BTC
2021-03-30,59402.27,57055.21,57626.1,35315.45,2064647135.86,58781.54,direct,,BTC
2021-03-31,59818.5,56918.81,58781.54,46494.48,2727194335.71,58793.8,direct,,BTC
2021-04-01,59469.45,57949.11,58793.8,28027.66,1648724834.05,58730.82,direct,,BTC
2021-04-02,60061.51,58458.46,58730.82,29748.03,1765524921.41,58987.8,direct,,BTC
2021-04-03,59770.87,56958.04,58987.8,25104.9,1470430519.81,57074.97,direct,,BTC
2021-04-04,58493.73,56493.38,57074.97,19002.99,1093079652.2,58219.43,direct,,BTC
2021-04-05,59235.68,56833.44,58219.43,24696.26,1439529332.47,59119.56,direct,,BTC
2021-04-06,59464.31,57369.44,59119.56,26304.15,1535666142.46,58010.35,direct,,BTC
2021-04-07,58628.19,55467.58,58010.35,50347.59,2855410824.81,55951.98,direct,,BTC
2021-04-08,58150.23,55711.07,55951.98,25461.84,1458096433.7,58084.46,direct,,BTC
2021-04-09,58881.94,57694.22,58084.46,21314.29,1241735091.75,58106.85,direct,,BTC
2021-04-10,61193.5,57885.43,58106.85,38726.18,2322058695.22,59784.8,direct,,BTC
2021-04-11,60673.37,59218.25,59784.8,20365.62,1218894531.01,59980.45,direct,,BTC
2021-04-12,61233.29,59421.37,59980.45,31804.9,1913098388.79,59845.76,direct,,BTC
2021-04-13,63682.32,59811.31,59845.76,52964.84,3299086696.94,63558.48,direct,,BTC
2021-04-14,64859.81,61312.98,63558.48,64272.96,4066819695.96,62964.27,direct,,BTC
2021-04-15,63826.89,62038.33,62964.27,34089.46,2146219571.03,63233.03,direct,,BTC
2021-04-16,63567.11,60048.13,63233.03,57540.3,3544777400.64,61416.41,direct,,BTC
2021-04-17,62541.21,59712.92,61416.41,34261.66,2093039585.66,60056.07,direct,,BTC
2021-04-18,60393.33,52785.1,60056.07,112545.94,6264051811.58,56246.82,direct,,BTC
2021-04-19,57590.64,54291.08,56246.82,48650.49,2732647682.18,55680.11,direct,,BTC
2021-04-20,57101.05,53429.73,55680.11,55866.75,3091319805.6,56496.06,direct,,BTC
2021-04-21,56801.94,53640.81,56496.06,41813.35,2312255459.33,53803.25,direct,,BTC
2021-04-22,55458.61,50519.78,53803.25,84222.11,4488994737.96,51717.61,direct,,BTC
2021-04-23,52112.75,47495.24,51717.61,105510.21,5241192198.03,51178.03,direct,,BTC
2021-04-24,51223.86,48769.48,51178.03,33894.94,1695108976.06,50115.99,direct,,BTC
2021-04-25,50576.4,47073.07,50115.99,44241.37,2176241676.28,49120.97,direct,,BTC
2021-04-26,54389.71,48843.41,49120.97,61603.5,3254396664.97,54062.29,direct,,BTC
2021-04-27,55490.94,53357.59,54062.29,40602.56,2220077233.11,55073.48,direct,,BTC
2021-04-28,56461.55,53886.63,55073.48,42647.15,2339383717.48,54877.94,direct,,BTC
2021-04-29,55217.24,52399.42,54877.94,43948.76,2359198137.55,53581.58,direct,,BTC
2021-04-30,57984.34,53089.93,53581.58,48771.0,2719315702.2,57757.97,direct,,BTC
2021-05-01,58498.65,57057.4,57757.97,26146.3,1511783659.93,57843.16,direct,,BTC
2021-05-02,57934.82,56092.72,57843.16,21671.56,1230710822.31,56623.51,direct,,BTC
2021-05-03,58963.84,56531.6,56623.51,41015.04,2371465902.34,57195.07,direct,,BTC
2021-05-04,57226.81,53108.04,57195.07,64556.47,3556756117.3,53244.07,direct,,BTC
2021-05-05,57944.11,52978.89,53244.07,56998.25,3200062630.96,57506.88,direct,,BTC
2021-05-06,58392.76,55299.4,57506.88,50632.92,2878647496.02,56441.94,direct,,BTC
2021-05-07,58695.29,55311.16,56441.94,42812.69,2439662460.45,57374.33,direct,,BTC
2021-05-08,59521.69,56985.44,57374.33,37728.82,2211507566.18,58943.13,direct,,BTC
2021-05-09,59276.99,56350.98,58943.13,45716.87,2645394205.33,58294.18,direct,,BTC
2021-05-10,59587.03,54239.16,58294.18,71168.05,4067497161.41,55870.01,direct,,BTC
2021-05-11,56928.37,54490.38,55870.01,42949.94,2395231325.24,56747.52,direct,,BTC
2021-05-12,58005.44,49182.89,56747.52,74345.74,4035173480.67,49504.08,direct,,BTC
2021-05-13,51377.99,47029.73,49504.08,119769.29,5919941739.84,49700.6,direct,,BTC
2021-05-14,51554.66,48910.06,49700.6,42891.66,2156016499.66,49887.96,direct,,BTC
2021-05-15,50710.05,46606.18,49887.96,53332.47,2591003797.63,46775.29,direct,,BTC
2021-05-16,49808.83,43918.69,46775.29,79337.9,3693969204.75,46490.71,direct,,BTC
2021-05-17,46665.19,42130.83,46490.71,134127.17,5896147491.21,43552.14,direct,,BTC
2021-05-18,45819.36,42309.39,43552.14,71930.7,3159184422.64,42886.02,direct,,BTC
2021-05-19,43564.34,29925.2,42886.02,290986.06,11120220854.77,36771.87,direct,,BTC
2021-05-20,42520.03,35009.25,36771.87,139648.53,5531454912.79,40597.4,direct,,BTC
2021-05-21,42252.07,33552.8,40597.4,120589.87,4573692788.95,37350.39,direct,,BTC
2021-05-22,38841.92,35287.71,37350.39,74964.98,2808008188.27,37491.5,direct,,BTC
2021-05-23,38304.55,31157.18,37491.5,131584.71,4494413873.1,34716.84,direct,,BTC
2021-05-24,39945.35,34467.32,34716.84,106765.14,3981461441.04,38837.76,direct,,BTC
2021-05-25,39842.9,36509.09,38837.76,66530.67,2529569055.97,38387.36,direct,,BTC
2021-05-26,40854.81,37855.81,38387.36,66483.59,2607759779.42,39295.08,direct,,BTC
2021-05-27,40408.95,37211.84,39295.08,46474.62,1804036815.09,38538.84,direct,,BTC
2021-05-28,38879.6,34733.76,38538.84,85345.66,3104364367.82,35680.92,direct,,BTC
2021-05-29,37307.1,33666.06,35680.92,60616.25,2127790128.94,34611.58,direct,,BTC
2021-05-30,36481.62,33400.65,34611.58,37522.16,1325408340.1,35662.59,direct,,BTC
2021-05-31,37512.8,34202.86,35662.59,50306.62,1821662523.97,37290.83,direct,,BTC
2021-06-01,37910.19,35733.52,37290.83,44444.78,1626268789.21,36683.51,direct,,BTC
2021-06-02,38225.18,35935.34,36683.51,39948.44,1494571249.19,37576.98,direct,,BTC
2021-06-03,39482.46,37199.92,37576.98,41098.93,1586641442.02,39229.66,direct,,BTC
2021-06-04,39273.49,35617.03,39229.66,49661.48,1837944242.33,36861.5,direct,,BTC
2021-06-05,37911.76,34846.16,36861.5,39864.17,1444088532.56,35538.4,direct,,BTC
2021-06-06,36453.81,35264.34,35538.4,27469.69,986275148.28,35798.57,direct,,BTC
2021-06-07,36790.39,33367.12,35798.57,52209.55,1850311020.63,33582.86,direct,,BTC
2021-06-08,34061.09,31034.35,33582.86,88483.79,2890313261.68,33409.38,direct,,BTC
2021-06-09,37528.42,32435.18,33409.38,92280.57,3249553573.38,37391.58,direct,,BTC
2021-06-10,38387.2,35821.05,37391.58,63052.49,2338112083.52,36680.78,direct,,BTC
2021-06-11,37665.85,35981.84,36680.78,43119.67,1596038876.7,37339.98,direct,,BTC
2021-06-12,37445.32,34655.21,37339.98,40619.14,1450138289.51,35541.78,direct,,BTC
2021-06-13,39374.68,34802.24,35541.78,46353.98,1727291768.5,39017.37,direct,,BTC
2021-06-14,41025.42,38755.79,39017.37,68729.09,2740589573.6,40526.63,direct,,BTC
2021-06-15,41307.06,39526.69,40526.63,48248.1,1943860792.12,40161.86,direct,,BTC
2021-06-16,40487.98,38122.04,40161.86,48107.62,1883613058.48,38345.41,direct,,BTC
2021-06-17,39537.42,37386.57,38345.41,41591.09,1599770630.8,38082.3,direct,,BTC
2021-06-18,38201.23,35158.89,38082.3,60242.99,2207651943.63,35830.29,direct,,BTC
2021-06-19,36443.26,34863.17,35830.29,44782.25,1601193146.33,35515.38,direct,,BTC
2021-06-20,36139.95,33377.82,35515.38,56525.29,1964614466.35,35602.26,direct,,BTC
2021-06-21,35760.61,31284.7,35602.26,111039.05,3650731161.39,31652.62,direct,,BTC
2021-06-22,33312.87,28908.07,31652.62,129940.61,4060734244.07,32537.58,direct,,BTC
2021-06-23,34831.93,31790.02,32537.58,60338.69,2037061709.14,33678.64,direct,,BTC
2021-06-24,35267.23,32340.83,33678.64,38755.56,1311147481.02,34649.84,direct,,BTC
2021-06-25,35494.5,31290.25,34649.84,91636.1,3027434524.39,31593.86,direct,,BTC
2021-06-26,32680.58,30190.9,31593.86,58331.1,1826363014.48,32307.35,direct,,BTC
2021-06-27,34754.5,32031.15,32307.35,60403.96,2002954688.79,34713.81,direct,,BTC
2021-06-28,35292.57,33890.86,34713.81,41259.21,1424168416.33,34487.11,direct,,BTC
2021-06-29,36624.75,34243.82,34487.11,44215.51,1578253520.29,35901.41,direct,,BTC
2021-06-30,36090.37,34062.04,35901.41,39796.96,1388243727.19,35056.39,direct,,BTC
2021-07-01,35065.41,32757.33,35056.39,36889.93,1238732543.23,33543.11,direct,,BTC
2021-07-02,33968.47,32715.18,33543.11,33082.4,1102040372.36,33804.54,direct,,BTC
2021-07-03,34944.91,33333.05,33804.54,17319.23,595117204.83,34682.84,direct,,BTC
2021-07-04,35945.36,34390.95,34682.84,15950.93,563891553.21,35287.97,direct,,BTC
2021-07-05,35290.8,33151.51,35287.97,31526.39,1072690410.4,33702.79,direct,,BTC
2021-07-06,35096.65,33558.75,33702.79,32844.8,1123145329.6,34237.66,direct,,BTC
2021-07-07,35066.82,33807.42,34237.66,21784.2,752074468.65,33880.79,direct,,BTC
2021-07-08,33934.31,32108.68,33880.79,47884.76,1573967671.27,32874.01,direct,,BTC
2021-07-09,34076.49,32274.31,32874.01,25677.95,853165387.13,33804.2,direct,,BTC
2021-07-10,34253.5,33030.16,33804.2,19345.51,651899496.99,33515.13,direct,,BTC
2021-07-11,34595.69,33335.4,33515.13,15724.2,533337900.01,34249.3,direct,,BTC
2021-07-12,34658.46,32660.38,34249.3,31074.01,1039311244.06,33088.51,direct,,BTC
2021-07-13,33335.54,32206.14,33088.51,25562.97,837278173.94,32737.47,direct,,BTC
2021-07-14,33099.2,31601.99,32737.47,27262.01,883070516.73,32820.5,direct,,BTC
2021-07-15,33188.54,31133.75,32820.5,33647.48,1073939852.55,31867.46,direct,,BTC
2021-07-16,32256.94,31046.14,31867.46,25602.04,812765644.4,31401.76,direct,,BTC
2021-07-17,31966.25,31194.16,31401.76,27922.98,881285396.92,31546.64,direct,,BTC
2021-07-18,32446.17,31131.67,31546.64,25079.04,796652696.45,31806.3,direct,,BTC
2021-07-19,31907.17,30487.11,31806.3,38060.99,1179342118.61,30847.55,direct,,BTC
2021-07-20,31063.88,29320.09,30847.55,43333.42,1291958152.32,29795.55,direct,,BTC
2021-07-21,32814.13,29513.88,29795.55,48925.57,1538668590.41,32139.48,direct,,BTC
2021-07-22,32604.4,31738.48,32139.48,24409.69,785311959.3,32299.47,direct,,BTC
2021-07-23,33637.93,32012.62,32299.47,23478.17,765209760.41,33637.92,direct,,BTC
2021-07-24,34519.75,33429.09,33637.92,20217.05,686017155.75,34282.56,direct,,BTC
2021-07-25,35382.63,33892.36,34282.56,22685.72,781929775.48,35369.93,direct,,BTC
2021-07-26,40553.85,35270.24,35369.93,100269.43,3840983132.28,37269.52,direct,,BTC
2021-07-27,39535.5,36422.45,37269.52,58179.65,2197490232.78,39496.69,direct,,BTC
2021-07-28,40906.09,38809.89,39496.69,66747.14,2662886395.8,40030.01,direct,,BTC
2021-07-29,40633.62,39281.83,40030.01,31540.85,1257968294.92,40030.52,direct,,BTC
2021-07-30,42301.76,38346.18,40030.52,42436.67,1698014609.78,42231.83,direct,,BTC
2021-07-31,42373.59,41065.61,42231.83,25355.65,1056705603.97,41474.72,direct,,BTC
2021-08-01,42584.65,39471.54,41474.72,33625.25,1385907257.88,39870.76,direct,,BTC
2021-08-02,40446.6,38698.01,39870.76,33109.34,1308894644.03,39158.53,direct,,BTC
2021-08-03,39779.45,37679.22,39158.53,38225.1,1466921591.54,38189.3,direct,,BTC
2021-08-04,39961.11,37526.24,38189.3,34035.77,1318983897.48,39738.56,direct,,BTC
2021-08-05,41409.14,37330.04,39738.56,59748.14,2357831521.97,40888.18,direct,,BTC
2021-08-06,43363.62,39895.05,40888.18,48254.57,2009167763.65,42852.18,direct,,BTC
2021-08-07,44731.51,42473.57,42852.18,50446.88,2199730007.61,44617.96,direct,,BTC
2021-08-08,45310.33,43300.59,44617.96,39433.62,1745878741.47,43827.75,direct,,BTC
2021-08-09,46476.01,42818.07,43827.75,49016.22,2219734084.88,46292.61,direct,,BTC
2021-08-10,46707.56,44663.2,46292.61,35319.34,1609844198.85,45601.03,direct,,BTC
2021-08-11,46763.89,45360.51,45601.03,30818.26,1421598811.69,45556.69,direct,,BTC
2021-08-12,46214.21,43786.4,45556.69,35460.2,1588850342.27,44425.52,direct,,BTC
2021-08-13,47890.79,44260.38,44425.52,34442.64,1595718853.28,47832.93,direct,,BTC
2021-08-14,48136.25,46049.28,47832.93,23828.49,1120499538.82,47102.03,direct,,BTC
2021-08-15,47390.93,45595.22,47102.03,18032.86,836663894.85,47015.94,direct,,BTC
2021-08-16,48064.42,45681.1,47015.94,28459.99,1332377363.69,45927.4,direct,,BTC
2021-08-17,47100.97,44438.79,45927.4,37125.87,1700658063.3,44684.43,direct,,BTC
2021-08-18,46024.97,44240.9,44684.43,30513.78,1377529230.43,44714.54,direct,,BTC
2021-08-19,47044.06,43982.21,44714.54,33300.5,1511027965.43,46761.49,direct,,BTC
2021-08-20,49377.5,46652.0,46761.49,36326.2,1742574002.38,49336.45,direct,,BTC
2021-08-21,49809.82,48330.03,49336.45,22928.52,1125508731.91,48867.87,direct,,BTC
2021-08-22,49512.19,48119.98,48867.87,16835.81,822323898.98,49289.71,direct,,BTC
2021-08-23,50513.83,49048.25,49289.71,30374.33,1515250474.77,49521.06,direct,,BTC
2021-08-24,49859.97,47580.66,49521.06,28718.08,1399185980.56,47690.54,direct,,BTC
2021-08-25,49257.74,47135.07,47690.54,25061.09,1208134772.96,48996.44,direct,,BTC
2021-08-26,49358.2,46456.68,48996.44,34276.36,1618461768.41,46852.22,direct,,BTC
2021-08-27,49166.31,46376.81,46852.22,27872.76,1331637984.84,49088.1,direct,,BTC
2021-08-28,49306.47,48386.9,49088.1,12815.36,626553869.3,48918.9,direct,,BTC
2021-08-29,49653.49,47841.49,48918.9,18983.79,924625515.76,48794.26,direct,,BTC
2021-08-30,48878.11,46872.47,48794.26,29046.26,1392617744.31,46993.31,direct,,BTC
2021-08-31,48252.74,46713.72,46993.31,29947.56,1418199668.83,47159.26,direct,,BTC
2021-09-01,49062.05,46544.74,47159.26,31823.8,1520961266.36,48840.01,direct,,BTC
2021-09-02,50374.89,48632.7,48840.01,32516.15,1615790894.94,49280.77,direct,,BTC
2021-09-03,51056.15,48362.56,49280.77,38496.86,1926045807.12,50019.51,direct,,BTC
2021-09-04,50549.35,49501.12,50019.51,16795.12,839888927.54,49935.29,direct,,BTC
2021-09-05,51890.18,49499.28,49935.29,21382.07,1084416553.08,51784.16,direct,,BTC
2021-09-06,52766.16,51035.68,51784.16,25623.3,1328373298.0,52693.32,direct,,BTC
2021-09-07,52919.24,43904.42,52693.32,83874.09,4055873734.71,46856.31,direct,,BTC
2021-09-08,47362.35,44475.76,46856.31,45638.83,2105187289.07,46073.45,direct,,BTC
2021-09-09,47335.29,45572.3,46073.45,32273.7,1499767099.51,46392.85,direct,,BTC
2021-09-10,47026.67,44198.27,46392.85,35701.24,1631276774.64,44853.1,direct,,BTC
2021-09-11,45987.63,44741.98,44853.1,14599.26,662298068.85,45166.12,direct,,BTC
2021-09-12,46403.5,44765.82,45166.12,16366.41,747181260.09,46049.72,direct,,BTC
2021-09-13,46821.84,43511.3,46049.72,42623.67,1909473369.72,44958.56,direct,,BTC
2021-09-14,47263.56,44776.37,44958.56,26751.25,1237183544.6,47129.01,direct,,BTC
2021-09-15,48457.3,46725.15,47129.01,26904.97,1282942628.56,48148.45,direct,,BTC
2021-09-16,48498.51,47050.55,48148.45,25702.33,1229076140.65,47764.47,direct,,BTC
2021-09-17,48172.36,46770.31,47764.47,18941.92,899242093.44,47297.98,direct,,BTC
2021-09-18,48808.0,47066.47,47297.98,15782.18,761079785.11,48312.46,direct,,BTC
2021-09-19,48376.3,46864.5,48312.46,14044.93,668723282.36,47251.76,direct,,BTC
2021-09-20,47340.49,42552.63,47251.76,64374.41,2849781014.82,42925.46,direct,,BTC
2021-09-21,43625.93,39767.17,42925.46,70924.75,2972565920.07,40709.59,direct,,BTC
2021-09-22,44012.22,40589.07,40709.59,42391.1,1807576533.35,43576.15,direct,,BTC
2021-09-23,44994.17,43108.42,43576.15,34506.88,1522818255.74,44893.87,direct,,BTC
2021-09-24,45143.18,40807.2,44893.87,60130.03,2565373998.35,42848.41,direct,,BTC
2021-09-25,42992.94,41710.08,42848.41,18046.04,767641976.96,42721.91,direct,,BTC
2021-09-26,43928.49,40825.4,42721.91,27847.04,1187820024.18,43201.79,direct,,BTC
2021-09-27,44360.41,42139.24,43201.79,26251.27,1140232492.25,42187.51,direct,,BTC
2021-09-28,42781.24,40924.13,42187.51,31946.42,1335757058.57,41056.79,direct,,BTC
2021-09-29,42603.18,40790.67,41056.79,26354.27,1100252801.68,41539.43,direct,,BTC
2021-09-30,44106.6,41436.79,41539.43,33984.98,1469981944.79,43829.34,direct,,BTC
2021-10-01,48470.13,43304.82,43829.34,53577.95,2498575570.28,48164.35,direct,,BTC
2021-10-02,48347.69,47468.49,48164.35,16062.18,769022184.37,47669.02,direct,,BTC
2021-10-03,49185.34,47137.07,47669.02,18588.83,895606844.23,48234.05,direct,,BTC
2021-10-04,49501.21,46944.28,48234.05,34394.0,1664027525.19,49276.91,direct,,BTC
2021-10-05,51885.03,49087.72,49276.91,40687.89,2049372160.16,51504.27,direct,,BTC
2021-10-06,55656.67,50439.32,51504.27,64415.98,3444996109.53,55345.85,direct,,BTC
2021-10-07,55359.77,53391.93,55343.24,33806.76,1836529821.85,53797.21,direct,,BTC
2021-10-08,56047.91,53666.09,53796.22,29127.91,1592265868.06,53949.29,direct,,BTC
2021-10-09,55485.2,53696.32,53949.29,14593.95,799607238.61,54968.04,direct,,BTC
2021-10-10,56473.63,54131.52,54968.04,23094.98,1276001425.96,54700.24,direct,,BTC
2021-10-11,57825.98,54448.68,54700.24,31803.75,1805863526.52,57498.8,direct,,BTC
2021-10-12,57646.93,54098.22,57498.8,33966.65,1913353762.18,56010.9,direct,,BTC
2021-10-13,57768.98,54279.61,56010.9,34054.43,1906230334.0,57369.0,direct,,BTC
2021-10-14,58514.76,56854.38,57369.0,28061.61,1617497364.76,57359.21,direct,,BTC
2021-10-15,62889.98,56885.66,57359.21,62053.36,3737889743.83,61684.96,direct,,BTC
2021-10-16,62341.46,60153.79,61684.96,22943.96,1404879137.37,60877.77,direct,,BTC
2021-10-17,61698.1,59050.3,60877.77,23336.32,1414498881.98,61520.54,direct,,BTC
2021-10-18,62662.72,59925.93,61520.54,50489.09,3113486441.7,62038.16,direct,,BTC
2021-10-19,64468.7,61410.11,62038.16,42983.11,2706420467.09,64283.97,direct,,BTC
2021-10-20,66980.66,63543.7,64283.97,45364.94,2978059285.56,66021.02,direct,,BTC
2021-10-21,66645.73,62076.16,66021.02,62097.42,3962470063.85,62283.96,direct,,BTC
2021-10-22,63731.17,60017.23,62283.96,40476.42,2504718475.2,60693.59,direct,,BTC
2021-10-23,61733.43,59705.11,60693.59,16232.5,990360071.85,61313.09,direct,,BTC
2021-10-24,61481.25,59529.34,61313.09,19158.07,1158838824.68,60863.56,direct,,BTC
2021-10-25,63709.97,60658.35,60863.56,24693.91,1549308691.98,63089.04,direct,,BTC
2021-10-26,63290.04,59868.68,63089.04,28107.19,1738003094.57,60315.68,direct,,BTC
2021-10-27,61473.0,58128.18,60315.68,45852.35,2719093218.08,58464.42,direct,,BTC
2021-10-28,62252.08,58145.43,58464.42,51251.1,3090102767.38,60610.11,direct,,BTC
2021-10-29,62967.45,60269.97,60610.11,35214.62,2168021242.77,62282.5,direct,,BTC
2021-10-30,62371.52,60774.38,62282.5,15917.35,979987095.61,61891.91,direct,,BTC
2021-10-31,62420.57,60022.06,61891.91,19359.29,1181933822.61,61349.75,direct,,BTC
2021-11-01,62482.31,59554.88,61349.75,31925.65,1955088666.05,60960.98,direct,,BTC
2021-11-02,64283.57,60677.48,60960.98,36009.96,2260756044.28,63260.05,direct,,BTC
2021-11-03,63553.52,61057.89,63260.05,29618.09,1852233940.61,62929.93,direct,,BTC
2021-11-04,63102.86,60745.84,62929.93,23030.57,1420765190.91,61448.47,direct,,BTC
2021-11-05,62621.97,60789.16,61448.47,20540.56,1262030165.48,61019.66,direct,,BTC
2021-11-06,61594.16,60130.85,61019.66,15432.25,939530051.87,61529.76,direct,,BTC
2021-11-07,63309.57,61406.56,61529.76,14937.9,929571983.79,63302.78,direct,,BTC
2021-11-08,67755.46,63302.78,63302.78,39774.17,2614939972.01,67549.14,direct,,BTC
2021-11-09,68514.26,66312.42,67549.14,32745.53,2209551778.82,66939.24,direct,,BTC
2021-11-10,68978.64,63196.25,66939.24,50591.31,3365466815.36,64926.06,direct,,BTC
2021-11-11,65585.68,64130.37,64926.06,21475.67,1393819061.45,64820.8,direct,,BTC
2021-11-12,65466.0,62315.02,64820.8,32742.19,2090846686.0,64156.3,direct,,BTC
2021-11-13,64967.34,63406.98,64156.3,12719.98,815997863.99,64409.56,direct,,BTC
2021-11-14,65509.06,63616.33,64409.56,14680.72,947303706.23,65509.06,direct,,BTC
2021-11-15,66335.42,63442.58,65509.06,25263.23,1639253320.63,63614.06,direct,,BTC
2021-11-16,63614.53,58745.71,63614.06,61509.16,3740808475.72,60108.9,direct,,BTC
2021-11-17,60837.09,58566.05,60108.9,43164.9,2582737930.61,60365.6,direct,,BTC
2021-11-18,60964.37,56535.61,60365.6,63523.43,3718546724.95,56930.68,direct,,BTC
2021-11-19,58403.92,55655.03,56930.68,36833.38,2107344590.7,58136.22,direct,,BTC
2021-11-20,59901.9,57450.63,58136.22,16773.71,985075173.7,59769.66,direct,,BTC
2021-11-21,60058.65,58575.6,59769.66,14990.7,888045056.17,58700.83,direct,,BTC
2021-11-22,59391.98,55673.01,58700.83,41371.1,2371226089.18,56303.06,direct,,BTC
2021-11-23,57873.77,55485.59,56303.06,37871.22,2153848949.04,57566.6,direct,,BTC
2021-11-24,57740.34,55899.88,57566.6,28738.13,1630017073.7,57175.09,direct,,BTC
2021-11-25,59437.04,57056.64,57175.09,24221.47,1412787308.46,58966.99,direct,,BTC
2021-11-26,59201.95,53575.54,58966.99,60064.72,3312563227.95,53788.22,direct,,BTC
2021-11-27,55316.65,53668.95,53788.22,18504.73,1010585542.47,54805.03,direct,,BTC
2021-11-28,57475.26,53436.05,54805.03,21562.34,1186994646.57,57331.41,direct,,BTC
2021-11-29,58898.57,56752.37,57331.41,29291.8,1690005715.85,57839.55,direct,,BTC
2021-11-30,59226.33,55931.33,57839.55,41466.86,2383744473.31,56975.35,direct,,BTC
2021-12-01,59096.53,56505.99,56975.35,36078.24,2072824070.98,57227.97,direct,,BTC
2021-12-02,57409.48,55850.4,57227.97,30214.7,1712170975.38,56522.76,direct,,BTC
2021-12-03,57639.15,52493.23,56522.76,44903.19,2461497753.56,53663.25,direct,,BTC
2021-12-04,53871.2,43563.07,53663.25,89255.49,4315348557.56,49243.39,direct,,BTC
2021-12-05,49764.31,47840.63,49243.39,42264.26,2074283149.33,49465.5,direct,,BTC
2021-12-06,50986.02,47260.2,49465.5,49875.62,2437856119.9,50552.83,direct,,BTC
2021-12-07,51953.27,50083.33,50552.83,29306.55,1496164576.66,50633.01,direct,,BTC
2021-12-08,51215.6,48711.85,50633.01,25732.2,1290175070.3,50513.04,direct,,BTC
2021-12-09,50829.41,47347.73,50513.04,34472.44,1681556175.72,47593.85,direct,,BTC
2021-12-10,50047.85,46989.42,47593.85,39527.74,1905617871.17,47191.14,direct,,BTC
2021-12-11,49504.07,46829.85,47191.14,24394.48,1181186604.23,49398.4,direct,,BTC
2021-12-12,50807.75,48689.25,49398.4,21546.75,1072562349.4,50109.99,direct,,BTC
2021-12-13,50215.42,45800.52,50109.99,49444.13,2353893179.4,46731.03,direct,,BTC
2021-12-14,48665.63,46320.4,46731.03,34838.49,1646492085.28,48387.69,direct,,BTC
2021-12-15,49499.91,46562.1,48387.69,44270.94,2132679583.02,48885.05,direct,,BTC
2021-12-16,49451.4,47546.15,48885.05,26205.68,1271265804.99,47635.92,direct,,BTC
2021-12-17,48004.37,45505.02,47635.92,37546.89,1756062773.63,46164.14,direct,,BTC
2021-12-18,47356.67,45522.92,46164.14,18781.81,874187163.05,46861.62,direct,,BTC
2021-12-19,48286.29,46459.66,46861.62,21907.14,1035963939.83,46697.13,direct,,BTC
2021-12-20,47495.72,45586.49,46697.13,32678.5,1517599333.73,46913.54,direct,,BTC
2021-12-21,49334.04,46661.88,46913.54,31921.06,1546447524.57,48917.48,direct,,BTC
2021-12-22,49581.41,48460.43,48917.48,20998.03,1028434929.44,48614.97,direct,,BTC
2021-12-23,51382.88,48062.25,48614.97,30734.43,1525047125.27,50830.2,direct,,BTC
2021-12-24,51863.56,50449.36,50830.2,21669.58,1107244995.18,50840.36,direct,,BTC
2021-12-25,51158.56,50199.56,50840.36,11532.27,585818997.15,50431.63,direct,,BTC
2021-12-26,51283.7,49485.62,50431.63,14663.26,736617761.86,50790.88,direct,,BTC
2021-12-27,52079.46,50481.26,50790.88,21873.37,1120188136.96,50714.73,direct,,BTC
2021-12-28,50718.53,47317.78,50714.73,40699.4,1985905082.17,47536.39,direct,,BTC
2021-12-29,48145.34,46107.79,47536.39,33749.8,1599557104.64,46471.7,direct,,BTC
2021-12-30,47917.89,45964.28,46471.7,39311.18,1852206857.29,47129.66,direct,,BTC
2021-12-31,48573.22,45665.44,47129.66,34737.79,1636014399.31,46197.31,direct,,BTC
2022-01-01,47950.29,46196.03,46197.31,16697.92,786729972.03,47737.35,direct,,BTC
2022-01-02,47979.26,46666.18,47737.35,13025.66,615453426.93,47306.41,direct,,BTC
2022-01-03,47572.23,45707.55,47306.41,21681.38,1011309525.84,46450.79,direct,,BTC
2022-01-04,47529.48,45587.91,46450.79,29035.93,1349229422.84,45824.54,direct,,BTC
2022-01-05,47067.18,42510.86,45824.54,47769.2,2152187256.39,43432.51,direct,,BTC
2022-01-06,43779.23,42468.76,43432.51,36804.78,1585314774.47,43094.54,direct,,BTC
2022-01-07,43138.79,40750.42,43094.54,51310.46,2146452950.19,41543.79,direct,,BTC
2022-01-08,42306.77,40534.37,41543.79,27559.19,1143171232.86,41686.67,direct,,BTC
2022-01-09,42800.66,41237.13,41686.67,21486.68,901652458.82,41869.6,direct,,BTC
2022-01-10,42251.07,39667.6,41869.6,51976.97,2140270933.32,41832.59,direct,,BTC
2022-01-11,43122.32,41279.45,41832.59,36554.37,1545270650.68,42743.03,direct,,BTC
2022-01-12,44293.83,42471.08,42743.03,31859.05,1384575768.8,43919.67,direct,,BTC
2022-01-13,44442.67,42334.75,43919.67,29159.4,1263083590.1,42575.61,direct,,BTC
2022-01-14,43467.05,41785.44,42575.61,27290.3,1165100829.55,43089.83,direct,,BTC
2022-01-15,43811.94,42589.82,43089.83,14075.12,607715303.39,43088.74,direct,,BTC
2022-01-16,43484.21,42617.07,43088.74,12615.04,543620929.25,43100.36,direct,,BTC
2022-01-17,43198.05,41571.67,43100.36,20310.91,861459661.83,42224.38,direct,,BTC
2022-01-18,42682.77,41301.01,42224.38,26287.26,1099916846.37,42372.75,direct,,BTC
2022-01-19,42575.28,41144.83,42372.75,32436.62,1359832054.32,41674.8,direct,,BTC
2022-01-20,43513.14,40564.32,41674.8,35135.79,1482814889.83,40697.03,direct,,BTC
2022-01-21,41116.66,35494.42,40697.03,94195.63,3610621840.61,36469.3,direct,,BTC
2022-01-22,36811.86,34130.35,36469.3,68447.95,2419705021.17,35075.92,direct,,BTC
2022-01-23,36539.19,34648.38,35075.92,39599.36,1405386710.59,36288.15,direct,,BTC
2022-01-24,37469.19,32990.72,36288.15,94597.7,3289034581.3,36702.79,direct,,BTC
2022-01-25,37555.35,35732.05,36702.79,44562.17,1632275610.85,36975.99,direct,,BTC
2022-01-26,38930.36,36275.92,36975.99,57460.0,2163384356.61,36829.37,direct,,BTC
2022-01-27,37242.79,35543.94,36829.37,46006.99,1671118834.49,37189.85,direct,,BTC
2022-01-28,38021.06,36176.78,37189.85,38853.31,1439590445.61,37744.7,direct,,BTC
2022-01-29,38728.29,37343.45,37744.7,24097.29,913551592.58,38184.86,direct,,BTC
2022-01-30,38364.51,37377.53,38184.86,17354.8,658154943.17,37908.44,direct,,BTC
2022-01-31,38769.81,36660.7,37908.44,34716.41,1310842543.43,38494.66,direct,,BTC
2022-02-01,39281.06,38033.98,38494.66,32504.03,1255765239.87,38721.49,direct,,BTC
2022-02-02,38883.19,36650.8,38721.49,29144.5,1099971099.08,36918.19,direct,,BTC
2022-02-03,37411.52,36270.47,36918.19,27541.76,1012101574.73,37328.64,direct,,BTC
2022-02-04,41737.83,37060.18,37328.64,50443.53,1978064223.39,41590.34,direct,,BTC
2022-02-05,41954.24,40963.47,41590.34,22244.16,923755180.09,41418.21,direct,,BTC
2022-02-06,42671.81,41152.05,41418.21,14391.14,600848486.11,42412.41,direct,,BTC
2022-02-07,44518.11,41689.77,42412.41,42425.21,1836978530.57,43861.07,direct,,BTC
2022-02-08,45483.65,42704.39,43861.07,44964.2,1972336800.82,44080.12,direct,,BTC
2022-02-09,44849.9,43167.21,44080.12,27461.26,1207982275.77,44422.91,direct,,BTC
2022-02-10,45837.02,43254.41,44422.91,45532.09,2027452816.67,43531.67,direct,,BTC
2022-02-11,43950.88,42010.61,43531.67,39322.02,1694547021.08,42398.98,direct,,BTC
2022-02-12,43041.72,41775.79,42398.98,17662.13,747480841.84,42239.01,direct,,BTC
2022-02-13,42773.35,41900.31,42239.01,12420.62,525779246.0,42069.84,direct,,BTC
2022-02-14,42857.15,41581.41,42069.84,27975.8,1183004344.86,42552.28,direct,,BTC
2022-02-15,44771.91,42452.02,42552.28,27548.28,1210638166.2,44576.33,direct,,BTC
2022-02-16,44583.03,43361.09,44576.33,20597.85,905511530.54,43896.34,direct,,BTC
2022-02-17,44187.88,40104.04,43896.34,39645.29,1669164372.28,40545.09,direct,,BTC
2022-02-18,40980.65,39496.7,40545.09,32514.79,1308787736.51,39994.66,direct,,BTC
2022-02-19,40464.62,39664.71,39994.66,11674.81,467744109.72,40107.12,direct,,BTC
2022-02-20,40142.98,38019.97,40107.12,23028.66,890707081.68,38397.25,direct,,BTC
2022-02-21,39495.33,36862.52,38397.25,47549.32,1819938918.66,37037.39,direct,,BTC
2022-02-22,38458.26,36371.68,37037.39,42886.39,1605539398.15,38267.75,direct,,BTC
2022-02-23,39260.51,37083.83,38267.75,31850.78,1218156854.61,37270.85,direct,,BTC
2022-02-24,39182.44,34349.58,37270.85,93348.71,3367553842.97,38353.62,direct,,BTC
2022-02-25,39710.26,38043.51,38353.62,39454.29,1536575836.24,39239.77,direct,,BTC
2022-02-26,40228.13,38605.65,39239.77,18649.99,732995982.54,39134.83,direct,,BTC
2022-02-27,39861.91,37039.71,39134.83,30834.07,1184510440.64,37714.96,direct,,BTC
2022-02-28,43953.92,37473.3,37714.96,55323.43,2231772118.95,43189.46,direct,,BTC
2022-03-01,44883.1,42893.5,43189.46,48462.11,2121207162.06,44428.47,direct,,BTC
2022-03-02,45069.78,43387.92,44428.47,37389.51,1652867992.22,43935.37,direct,,BTC
2022-03-03,44079.17,41852.46,43935.37,36512.65,1565020513.9,42474.37,direct,,BTC
2022-03-04,42520.95,38621.24,42474.37,50126.39,2043287977.87,39154.4,direct,,BTC
2022-03-05,39596.42,38652.98,39154.4,15938.79,624289503.91,39407.02,direct,,BTC
2022-03-06,39686.74,38133.84,39407.02,21034.62,818379145.11,38428.92,direct,,BTC
2022-03-07,39536.14,37191.99,38428.92,40474.56,1547870219.6,38030.63,direct,,BTC
2022-03-08,39361.33,37905.43,38030.63,35521.85,1373819361.89,38748.52,direct,,BTC
2022-03-09,42557.95,38685.96,38748.52,47211.82,1960521974.24,41962.85,direct,,BTC
2022-03-10,42043.56,38853.45,41962.85,42472.49,1683595949.7,39443.42,direct,,BTC
2022-03-11,40221.93,38261.24,39443.42,39197.4,1527385235.35,38741.03,direct,,BTC
2022-03-12,39414.02,38696.52,38741.03,11886.69,464694957.41,38805.53,direct,,BTC
2022-03-13,39254.88,37633.11,38805.53,17796.13,687723583.56,37796.31,direct,,BTC
2022-03-14,39802.89,37566.52,37796.31,32100.73,1245884221.15,39696.28,direct,,BTC
2022-03-15,39863.78,38259.88,39696.28,30642.09,1196862773.71,39314.86,direct,,BTC
2022-03-16,41638.54,38933.24,39314.86,54967.36,2217384588.25,41133.64,direct,,BTC
2022-03-17,41441.08,40581.36,41133.64,18001.83,736387236.02,40956.79,direct,,BTC
2022-03-18,42250.94,40230.1,40956.79,31863.74,1310605069.99,41790.97,direct,,BTC
2022-03-19,42367.55,41549.61,41790.97,15244.76,638860853.99,42235.02,direct,,BTC
2022-03-20,42297.3,40979.25,42235.02,15580.67,647551620.15,41243.16,direct,,BTC
2022-03-21,41510.03,40555.57,41243.16,21865.63,897693606.33,41043.9,direct,,BTC
2022-03-22,43287.39,40923.9,41043.9,37636.83,1597913842.6,42380.11,direct,,BTC
2022-03-23,43021.74,41806.4,42380.11,26406.13,1116852856.74,42904.1,direct,,BTC
2022-03-24,44230.66,42653.71,42904.1,34879.48,1514036890.73,44006.77,direct,,BTC
2022-03-25,45112.71,43629.05,44006.77,34465.44,1529847572.88,44331.36,direct,,BTC
2022-03-26,44811.3,44108.04,44331.36,11559.16,513402297.27,44542.31,direct,,BTC
2022-03-27,46896.6,44449.41,44542.31,22676.91,1035071605.98,46842.14,direct,,BTC
2022-03-28,48208.48,46669.19,46842.14,35796.78,1697234773.76,47128.71,direct,,BTC
2022-03-29,48054.67,47018.87,47128.71,27820.54,1324122253.95,47445.3,direct,,BTC
2022-03-30,47690.62,46606.97,47445.3,24550.14,1158606188.62,47056.41,direct,,BTC
2022-03-31,47599.87,45220.41,47056.41,29105.61,1350600519.47,45522.65,direct,,BTC
2022-04-01,46726.2,44256.66,45522.65,34247.82,1558891962.07,46299.75,direct,,BTC
2022-04-02,47208.84,45655.15,46299.75,16494.27,765849775.02,45822.28,direct,,BTC
2022-04-03,47432.6,45565.57,45822.28,17415.21,809819360.86,46414.26,direct,,BTC
2022-04-04,46893.71,45136.03,46414.26,24886.34,1145480471.77,46609.36,direct,,BTC
2022-04-05,47187.66,45382.83,46609.36,24206.2,1118296319.71,45501.58,direct,,BTC
2022-04-06,45518.32,43129.76,45501.58,43268.81,1918395755.34,43177.78,direct,,BTC
2022-04-07,43894.7,42766.45,43177.78,22801.41,989892880.8,43466.21,direct,,BTC
2022-04-08,43982.39,42123.42,43466.21,25455.2,1098738940.21,42273.38,direct,,BTC
2022-04-09,42813.04,42136.04,42273.38,9050.96,384171498.87,42768.61,direct,,BTC
2022-04-10,43442.48,41921.59,42768.61,12859.53,549311405.43,42153.77,direct,,BTC
2022-04-11,42422.86,39229.4,42153.77,34885.37,1423397890.93,39536.71,direct,,BTC
2022-04-12,40673.93,39266.86,39536.71,27198.43,1087667635.69,40086.66,direct,,BTC
2022-04-13,41538.17,39591.74,40086.66,24390.05,990022174.31,41150.33,direct,,BTC
2022-04-14,41503.56,39587.14,41150.33,21473.52,870654332.34,39951.63,direct,,BTC
2022-04-15,40800.76,39779.2,39951.63,13944.94,561514975.78,40563.69,direct,,BTC
2022-04-16,40698.01,40019.08,40563.69,7771.05,313875941.14,40392.55,direct,,BTC
2022-04-17,40602.63,39563.9,40392.55,9701.08,389893199.53,39688.16,direct,,BTC
2022-04-18,41096.46,38569.14,39688.16,27721.5,1101204133.54,40811.03,direct,,BTC
2022-04-19,41755.93,40588.12,40811.03,18644.77,768239204.72,41504.44,direct,,BTC
2022-04-20,42208.1,40919.04,41504.44,25834.31,1072814871.19,41375.35,direct,,BTC
2022-04-21,42996.5,39864.73,41375.35,31792.3,1324052657.83,40490.97,direct,,BTC
2022-04-22,40794.73,39190.22,40490.97,28863.91,1154693915.31,39716.04,direct,,BTC
2022-04-23,39988.54,39305.67,39716.04,11481.51,455659637.8,39445.97,direct,,BTC
2022-04-24,39943.44,39044.29,39445.97,12668.56,501272140.43,39466.26,direct,,BTC
2022-04-25,40590.8,38234.7,39466.26,38636.23,1514243711.31,40437.52,direct,,BTC
2022-04-26,40797.85,37726.59,40437.52,38188.24,1492483889.14,38117.39,direct,,BTC
2022-04-27,39465.62,37900.6,38117.39,34510.32,1341340920.21,39252.04,direct,,BTC
2022-04-28,40386.5,38892.1,39252.04,29981.12,1188927763.73,39749.75,direct,,BTC
2022-04-29,39922.6,38179.15,39749.75,24745.92,964020058.19,38594.22,direct,,BTC
2022-04-30,38788.01,37607.77,38594.22,13696.14,525291276.33,37650.13,direct,,BTC
2022-05-01,38668.0,37461.76,37650.13,17299.6,659030267.75,38480.53,direct,,BTC
2022-05-02,39155.96,38057.31,38480.53,29810.45,1152557748.76,38513.01,direct,,BTC
2022-05-03,38644.5,37519.23,38513.01,28729.95,1095654277.96,37725.38,direct,,BTC
2022-05-04,40004.37,37665.8,37725.38,36519.07,1426469839.29,39680.21,direct,,BTC
2022-05-05,39831.19,35616.74,39680.21,51315.2,1920976838.73,36546.86,direct,,BTC
2022-05-06,36654.02,35318.86,36546.86,46629.65,1682230363.22,36009.89,direct,,BTC
2022-05-07,36129.02,34837.06,36009.89,20043.0,713980596.97,35469.21,direct,,BTC
2022-05-08,35503.12,33732.4,35469.21,41023.3,1413921299.77,34033.77,direct,,BTC
2022-05-09,34229.57,30068.1,34033.77,108479.24,3472851115.69,30076.9,direct,,BTC
2022-05-10,32625.41,29836.19,30076.9,103840.6,3244062170.09,31013.12,direct,,BTC
2022-05-11,32136.04,28087.41,31013.12,131586.22,3967102738.94,29017.21,direct,,BTC
2022-05-12,30085.67,25835.61,29017.21,160835.32,4501368166.33,28915.72,direct,,BTC
2022-05-13,30964.26,28700.17,28915.72,64448.46,1942170683.15,29244.83,direct,,BTC
2022-05-14,30274.18,28588.99,29244.83,28759.56,845013800.63,30050.31,direct,,BTC
2022-05-15,31406.35,29462.91,30050.31,26775.5,810199953.22,31296.11,direct,,BTC
2022-05-16,31296.19,29104.45,31296.11,41520.45,1242326194.24,29838.5,direct,,BTC
2022-05-17,30744.47,29434.76,29838.5,33082.29,1000070390.57,30415.91,direct,,BTC
2022-05-18,30673.66,28610.2,30415.91,44949.69,1322816665.45,28667.29,direct,,BTC
2022-05-19,30505.0,28653.17,28667.29,48991.36,1453211639.97,30282.48,direct,,BTC
2022-05-20,30725.44,28698.31,30282.48,57051.25,1692088244.46,29166.15,direct,,BTC
2022-05-21,29613.15,28924.28,29166.15,15780.21,462392582.18,29410.72,direct,,BTC
2022-05-22,30454.36,29219.51,29410.72,21390.13,639923811.62,30264.29,direct,,BTC
2022-05-23,30634.84,28861.27,30264.29,38286.66,1147137210.63,29075.68,direct,,BTC
2022-05-24,29800.48,28629.55,29075.68,28263.22,826118559.89,29630.05,direct,,BTC
2022-05-25,30189.17,29321.43,29630.05,26906.19,800315804.06,29508.27,direct,,BTC
2022-05-26,29848.6,28060.72,29508.27,45080.31,1314694988.34,29188.71,direct,,BTC
2022-05-27,29359.16,28251.91,29188.71,36570.36,1054644721.04,28597.33,direct,,BTC
2022-05-28,29234.85,28504.59,28597.33,12661.88,365397751.75,29013.53,direct,,BTC
2022-05-29,29548.72,28820.15,29013.53,12840.42,374906552.33,29452.23,direct,,BTC
2022-05-30,32161.5,29287.63,29452.23,46295.9,1426112899.49,31716.41,direct,,BTC
2022-05-31,32367.02,31203.31,31716.41,32446.48,1028808882.28,31782.16,direct,,BTC
2022-06-01,31956.43,29324.1,31782.16,43767.18,1343136773.16,29789.58,direct,,BTC
2022-06-02,30647.18,29574.16,29789.58,31049.7,932339972.84,30439.63,direct,,BTC
2022-06-03,30676.7,29249.37,30439.63,24607.85,734000142.92,29680.3,direct,,BTC
2022-06-04,29953.65,29466.57,29680.3,10446.72,310298122.38,29845.48,direct,,BTC
2022-06-05,30151.31,29516.97,29845.48,10423.68,311392830.2,29897.9,direct,,BTC
2022-06-06,31740.27,29876.22,29897.9,34484.33,1076503583.85,31353.78,direct,,BTC
2022-06-07,31551.28,29210.15,31353.78,44308.05,1340573593.65,31111.75,direct,,BTC
2022-06-08,31305.48,29839.64,31111.75,27741.65,844411303.8,30189.27,direct,,BTC
2022-06-09,30677.87,29924.47,30189.27,20555.57,620735850.86,30082.94,direct,,BTC
2022-06-10,30336.9,28839.92,30082.94,38461.6,1133049950.35,29067.38,direct,,BTC
2022-06-11,29414.37,28105.18,29067.38,24313.37,696986226.28,28389.49,direct,,BTC
2022-06-12,28519.32,26570.67,28389.49,38522.37,1060464718.45,26587.35,direct,,BTC
2022-06-13,26871.6,21976.15,26587.35,169741.38,4089411013.33,22471.59,direct,,BTC
2022-06-14,23214.28,20837.64,22471.59,93509.58,2063908671.45,22118.37,direct,,BTC
2022-06-15,22743.84,20083.9,22118.37,118629.55,2516136880.34,22566.73,direct,,BTC
2022-06-16,22961.17,20209.17,22566.73,62443.29,1326876814.5,20372.85,direct,,BTC
2022-06-17,21330.5,20221.24,20372.85,63610.58,1312456705.74,20432.26,direct,,BTC
2022-06-18,20722.69,17600.75,20432.26,100138.03,1898530847.49,18954.25,direct,,BTC
2022-06-19,20776.87,17936.0,18954.25,61181.89,1190970309.62,20553.48,direct,,BTC
2022-06-20,21016.02,19616.32,20553.48,48976.59,995940744.76,20550.91,direct,,BTC
2022-06-21,21694.7,20339.03,20550.91,45262.22,954292227.72,20699.21,direct,,BTC
2022-06-22,20862.67,19756.23,20699.21,50640.15,1027725806.49,19956.16,direct,,BTC
2022-06-23,21195.95,19870.07,19956.16,40647.06,836636021.34,21098.41,direct,,BTC
2022-06-24,21528.86,20717.47,21098.41,40303.85,850728330.88,21219.46,direct,,BTC
2022-06-25,21587.06,20902.05,21219.46,21604.15,459148971.07,21474.19,direct,,BTC
2022-06-26,21855.84,20968.82,21474.19,20812.53,445023789.79,21031.85,direct,,BTC
2022-06-27,21505.42,20553.32,21031.85,30683.89,643546203.12,20718.16,direct,,BTC
2022-06-28,21184.16,20179.52,20718.16,32936.56,680727935.72,20251.96,direct,,BTC
2022-06-29,20402.7,19844.86,20251.96,37366.3,751143299.02,20094.16,direct,,BTC
2022-06-30,20138.96,18622.86,20094.16,56316.14,1084138608.25,19908.49,direct,,BTC
2022-07-01,20817.65,18952.12,19908.49,62287.55,1220917103.86,19249.33,direct,,BTC
2022-07-02,19419.25,18965.44,19249.33,20447.36,393018265.78,19225.66,direct,,BTC
2022-07-03,19617.18,18768.2,19225.66,22431.91,430213883.45,19294.21,direct,,BTC
2022-07-04,20313.34,19036.44,19294.21,31698.75,623812499.17,20212.81,direct,,BTC
2022-07-05,20725.51,19284.32,20212.81,46669.86,931653558.35,20158.69,direct,,BTC
2022-07-06,20637.99,19749.93,20158.69,39337.75,794040793.32,20545.04,direct,,BTC
2022-07-07,21840.22,20242.62,20545.04,50417.79,1059807101.57,21611.8,direct,,BTC
2022-07-08,22377.17,21183.19,21611.8,56687.83,1233183200.22,21592.65,direct,,BTC
2022-07-09,21942.8,21328.96,21592.65,21058.31,455218724.75,21582.17,direct,,BTC
2022-07-10,21591.09,20671.26,21582.17,23037.78,485593616.02,20846.53,direct,,BTC
2022-07-11,20852.04,19872.03,20846.53,37062.98,756481179.49,19944.25,direct,,BTC
2022-07-12,20036.49,19230.29,19944.25,44319.07,873486517.39,19309.71,direct,,BTC
2022-07-13,20274.83,18919.1,19309.71,60187.72,1176644137.94,20230.81,direct,,BTC
2022-07-14,20869.51,19620.06,20230.81,50524.15,1021414563.11,20577.38,direct,,BTC
2022-07-15,21185.15,20373.45,20577.38,35888.21,747216252.44,20827.27,direct,,BTC
2022-07-16,21574.75,20481.02,20827.27,27875.55,586102523.47,21199.01,direct,,BTC
2022-07-17,21658.47,20752.85,21199.01,25674.37,544609266.04,20792.81,direct,,BTC
2022-07-18,22749.06,20760.73,20792.81,66744.81,1466428849.49,22447.39,direct,,BTC
2022-07-19,23790.89,21588.2,22447.39,79216.86,1796378775.92,23399.91,direct,,BTC
2022-07-20,24276.14,22923.14,23399.91,74279.35,1752951921.32,23222.77,direct,,BTC
2022-07-21,23419.67,22348.64,23222.77,52462.17,1201004931.31,23153.54,direct,,BTC
2022-07-22,23749.68,22513.01,23153.54,42569.62,987692728.11,22686.32,direct,,BTC
2022-07-23,22997.6,21953.76,22686.32,25789.53,577941932.27,22452.14,direct,,BTC
2022-07-24,23012.74,22270.07,22452.14,22222.43,504031294.93,22585.4,direct,,BTC
2022-07-25,22660.92,21268.28,22585.4,42928.78,940453686.83,21305.59,direct,,BTC
2022-07-26,21341.58,20733.24,21305.59,38536.61,809969148.7,21258.08,direct,,BTC
2022-07-27,23101.9,21049.67,21258.08,52722.03,1159394788.9,22960.19,direct,,BTC
2022-07-28,24196.42,22599.92,22960.19,55708.07,1303025378.67,23855.65,direct,,BTC
2022-07-29,24416.37,23444.29,23855.65,42343.73,1011106548.39,23769.15,direct,,BTC
2022-07-30,24619.11,23521.46,23769.15,32275.85,778025187.47,23646.03,direct,,BTC
2022-07-31,24187.18,23243.11,23646.03,23010.79,545406548.92,23308.14,direct,,BTC
2022-08-01,23504.29,22866.94,23308.14,31489.52,730342406.93,23271.57,direct,,BTC
2022-08-02,23451.58,22668.87,23271.57,34258.27,787698099.6,22991.49,direct,,BTC
2022-08-03,23615.71,22695.67,22991.49,44757.6,1039306431.63,22825.25,direct,,BTC
2022-08-04,23228.89,22418.27,22825.25,36540.64,835033359.1,22622.99,direct,,BTC
2022-08-05,23473.92,22590.7,22622.99,50480.51,1166014614.12,23319.22,direct,,BTC
2022-08-06,23350.56,22922.93,23319.22,17293.89,400822462.12,22956.4,direct,,BTC
2022-08-07,23400.38,22854.01,22956.4,16799.46,388274452.92,23179.86,direct,,BTC
2022-08-08,24244.59,23162.43,23179.86,40870.37,976262666.12,23817.72,direct,,BTC
2022-08-09,23923.56,22881.18,23817.72,38306.57,894336181.98,23156.66,direct,,BTC
2022-08-10,24216.73,22674.6,23156.66,52668.46,1241926276.36,23959.67,direct,,BTC
2022-08-11,24895.61,23867.0,23959.67,54803.51,1338354341.04,23943.36,direct,,BTC
2022-08-12,24458.75,23609.84,23943.36,34031.35,816924712.5,24412.17,direct,,BTC
2022-08-13,24892.27,24306.08,24412.17,28921.35,710217434.56,24449.86,direct,,BTC
2022-08-14,25012.36,24160.64,24449.86,36035.79,886604908.12,24313.71,direct,,BTC
2022-08-15,25203.38,23783.19,24313.71,54754.47,1331189946.12,24101.69,direct,,BTC
2022-08-16,24247.12,23673.2,24101.69,36536.46,874700819.79,23858.64,direct,,BTC
2022-08-17,24442.02,23185.14,23858.64,45577.22,1079499588.63,23338.03,direct,,BTC
2022-08-18,23595.74,23115.03,23338.03,24887.85,582346641.96,23201.51,direct,,BTC
2022-08-19,23202.7,20801.31,23201.51,81701.33,1770449474.07,20833.43,direct,,BTC
2022-08-20,21361.45,20772.5,20833.43,38001.61,803223608.15,21142.06,direct,,BTC
2022-08-21,21744.02,21074.63,21142.06,30413.31,650828688.99,21514.79,direct,,BTC
2022-08-22,21524.9,20908.27,21514.79,44291.12,940511413.54,21399.66,direct,,BTC
2022-08-23,21675.25,20896.83,21399.66,41086.01,879396196.46,21520.62,direct,,BTC
2022-08-24,21879.03,21154.75,21520.62,42427.08,912147556.2,21369.05,direct,,BTC
2022-08-25,21811.37,21314.81,21369.05,31215.69,674553131.93,21565.47,direct,,BTC
2022-08-26,21856.85,20121.8,21565.47,74178.49,1564850841.73,20247.99,direct,,BTC
2022-08-27,20363.82,19828.05,20247.99,38543.24,774590756.91,20038.42,direct,,BTC
2022-08-28,20155.59,19527.69,20038.42,29985.28,597441164.24,19554.08,direct,,BTC
2022-08-29,20415.53,19548.16,19554.08,52176.52,1043661877.31,20292.37,direct,,BTC
2022-08-30,20574.12,19548.55,20292.37,70062.98,1405744450.56,19813.51,direct,,BTC
2022-08-31,20483.64,19804.19,19813.51,57684.46,1165077708.26,20050.28,direct,,BTC
2022-09-01,20204.51,19571.05,20050.28,44971.29,896421556.74,20129.93,direct,,BTC
2022-09-02,20439.1,19760.56,20129.93,41618.91,836881983.68,19957.44,direct,,BTC
2022-09-03,20052.13,19659.2,19957.44,17139.2,339922228.57,19834.79,direct,,BTC
2022-09-04,20022.47,19591.33,19834.79,19536.47,387149235.82,20003.46,direct,,BTC
2022-09-05,20051.73,19638.59,20003.46,26176.62,518213568.45,19793.29,direct,,BTC
2022-09-06,20177.38,18707.09,19793.29,73359.14,1428040857.48,18791.95,direct,,BTC
2022-09-07,19458.77,18559.15,18791.95,50808.95,961396794.5,19287.52,direct,,BTC
2022-09-08,19452.91,19023.78,19287.52,44210.78,850349370.86,19321.77,direct,,BTC
2022-09-09,21559.78,19299.24,19321.77,79722.17,1657848347.88,21369.73,direct,,BTC
2022-09-10,21807.62,21138.54,21369.73,35129.91,752905078.21,21655.13,direct,,BTC
2022-09-11,21850.77,21366.74,21655.13,27756.78,600008216.45,21836.45,direct,,BTC
2022-09-12,22482.54,21567.71,21836.45,57121.32,1264510737.92,22400.52,direct,,BTC
2022-09-13,22767.89,19914.37,22400.52,83591.14,1788207293.16,20173.77,direct,,BTC
2022-09-14,20530.34,19652.44,20173.77,52796.4,1065222653.27,20233.68,direct,,BTC
2022-09-15,20333.61,19529.68,20233.68,44724.05,892897629.94,19700.15,direct,,BTC
2022-09-16,19889.64,19346.99,19700.15,48209.89,948028635.91,19804.02,direct,,BTC
2022-09-17,20189.93,19756.39,19804.02,36248.24,723991455.67,20118.35,direct,,BTC
2022-09-18,20120.58,19345.98,20118.35,31514.24,622064584.36,19417.72,direct,,BTC
2022-09-19,19681.29,18292.38,19417.72,67942.65,1289079956.8,19541.28,direct,,BTC
2022-09-20,19634.28,18735.87,19541.28,58735.22,1124075891.27,18879.95,direct,,BTC
2022-09-21,19744.77,18189.92,18879.95,95072.31,1811417134.73,18468.05,direct,,BTC
2022-09-22,19509.87,18366.46,18468.05,96116.87,1827681691.12,19405.96,direct,,BTC
2022-09-23,19500.17,18540.64,19405.96,66475.93,1261371285.29,19291.13,direct,,BTC
2022-09-24,19308.47,18813.25,19291.13,29706.93,566563739.62,18924.39,direct,,BTC
2022-09-25,19172.03,18652.6,18924.39,28763.0,544445399.91,18809.94,direct,,BTC
2022-09-26,19316.15,18689.2,18809.94,98706.77,1874981288.59,19230.96,direct,,BTC
2022-09-27,20377.45,18832.07,19230.96,105641.68,2089386131.83,19081.4,direct,,BTC
2022-09-28,19774.99,18494.71,19081.4,93863.47,1792918120.6,19412.67,direct,,BTC
2022-09-29,19641.07,18848.01,19412.67,68669.51,1327829608.79,19593.46,direct,,BTC
2022-09-30,20180.46,19201.02,19593.46,73013.93,1428753976.44,19425.63,direct,,BTC
2022-10-01,19482.38,19188.77,19425.63,14808.24,286091612.81,19313.96,direct,,BTC
2022-10-02,19394.33,18929.91,19313.96,25352.29,485799328.96,19058.15,direct,,BTC
2022-10-03,19697.23,18988.8,19058.15,57248.95,1106456268.73,19632.35,direct,,BTC
2022-10-04,20459.26,19499.64,19632.35,64461.86,1290593290.94,20344.58,direct,,BTC
2022-10-05,20366.34,19757.31,20344.58,59503.18,1195512448.37,20160.74,direct,,BTC
2022-10-06,20449.46,19866.54,20160.74,74646.94,1502842418.9,19965.12,direct,,BTC
2022-10-07,20058.36,19331.73,19965.12,59698.47,1177831670.26,19532.81,direct,,BTC
2022-10-08,19625.41,19273.73,19532.81,17433.49,339438324.44,19419.32,direct,,BTC
2022-10-09,19558.67,19325.6,19419.32,19856.73,386265984.43,19442.41,direct,,BTC
2022-10-10,19526.12,19052.64,19442.41,44380.54,856332007.87,19131.36,direct,,BTC
2022-10-11,19263.78,18858.74,19131.36,61563.85,1173375200.58,19058.29,direct,,BTC
2022-10-12,19231.72,18977.33,19058.29,38948.93,744262154.09,19154.85,direct,,BTC
2022-10-13,19504.63,18229.27,19154.85,88597.27,1669767296.93,19378.91,direct,,BTC
2022-10-14,19946.24,19085.87,19378.91,73991.58,1445859713.35,19182.01,direct,,BTC
2022-10-15,19226.15,18989.54,19182.01,15194.3,290658263.23,19069.72,direct,,BTC
2022-10-16,19424.55,19065.87,19069.72,15790.4,303391318.02,19264.26,direct,,BTC
2022-10-17,19676.02,19159.47,19264.26,42730.12,831592233.83,19550.49,direct,,BTC
2022-10-18,19698.1,19095.12,19550.49,60022.88,1167039781.8,19330.29,direct,,BTC
2022-10-19,19359.2,19075.49,19330.29,49128.58,943284685.97,19123.89,direct,,BTC
2022-10-20,19339.65,18927.42,19123.89,65084.73,1244652119.42,19043.54,direct,,BTC
2022-10-21,19248.63,18696.2,19043.54,62640.06,1191982244.05,19166.4,direct,,BTC
2022-10-22,19254.68,19116.62,19166.4,16403.84,314703377.71,19207.57,direct,,BTC
2022-10-23,19687.8,19081.67,19207.57,31309.01,607568457.44,19572.6,direct,,BTC
2022-10-24,19593.09,19164.18,19572.6,63448.35,1228052555.79,19331.06,direct,,BTC
2022-10-25,20414.92,19243.03,19331.06,103329.66,2052122456.45,20087.18,direct,,BTC
2022-10-26,21013.26,20059.27,20087.18,118988.74,2453067543.31,20776.76,direct,,BTC
2022-10-27,20876.24,20207.09,20776.76,88046.28,1813055358.34,20295.28,direct,,BTC
2022-10-28,20751.67,20031.32,20295.28,78334.3,1597589795.85,20599.89,direct,,BTC
2022-10-29,21064.84,20564.11,20599.89,58585.18,1219658735.57,20820.19,direct,,BTC
2022-10-30,20936.41,20523.41,20820.19,38497.09,797587682.85,20630.65,direct,,BTC
2022-10-31,20833.31,20242.91,20630.65,61486.04,1260610163.71,20492.56,direct,,BTC
2022-11-01,20684.6,20336.33,20492.56,48670.97,997276692.3,20480.27,direct,,BTC
2022-11-02,20801.56,20061.18,20480.27,91094.84,1861306372.17,20150.33,direct,,BTC
2022-11-03,20385.92,20040.32,20150.33,54134.03,1095711784.35,20207.99,direct,,BTC
2022-11-04,21295.37,20182.9,20207.99,97929.56,2037648086.91,21150.6,direct,,BTC
2022-11-05,21471.49,21085.76,21150.6,33103.84,706196028.56,21301.57,direct,,BTC
2022-11-06,21363.27,20893.65,21301.57,27700.95,586960236.65,20910.59,direct,,BTC
2022-11-07,21066.63,20395.49,20910.59,72622.36,1506814091.81,20593.73,direct,,BTC
2022-11-08,20672.25,17452.87,20593.73,208299.18,4026079371.74,18544.7,direct,,BTC
2022-11-09,18581.64,15546.97,18544.7,245518.91,4215919087.89,15820.02,direct,,BTC
2022-11-10,18113.28,15674.81,15820.02,167486.58,2835119228.72,17559.67,direct,,BTC
2022-11-11,17644.1,16383.43,17559.67,103948.83,1767514338.22,17007.72,direct,,BTC
2022-11-12,17067.53,16603.78,17007.72,34631.17,582536367.95,16773.9,direct,,BTC
2022-11-13,16921.72,16235.01,16773.9,35382.36,586182485.99,16307.47,direct,,BTC
2022-11-14,17157.81,15797.71,16307.47,84268.36,1384247874.05,16592.04,direct,,BTC
2022-11-15,17091.76,16509.15,16592.04,76202.66,1282932319.76,16879.14,direct,,BTC
2022-11-16,16988.63,16373.11,16879.14,64606.13,1075046774.52,16648.05,direct,,BTC
2022-11-17,16731.41,16405.81,16648.05,39166.08,650179026.0,16680.21,direct,,BTC
2022-11-18,16975.14,16531.77,16680.21,45048.23,753255014.89,16677.95,direct,,BTC
2022-11-19,16798.75,16539.01,16677.95,17003.18,282884885.11,16683.72,direct,,BTC
2022-11-20,16730.0,16169.2,16683.72,28587.86,470894190.07,16253.6,direct,,BTC
2022-11-21,16272.47,15480.69,16253.6,80853.23,1289350720.98,15760.19,direct,,BTC
2022-11-22,16277.08,15600.3,15760.19,74140.47,1184556737.9,16198.25,direct,,BTC
2022-11-23,16676.49,16144.79,16198.25,66057.37,1087435133.37,16590.98,direct,,BTC
2022-11-24,16787.9,16453.52,16590.98,37641.28,624934230.62,16588.46,direct,,BTC
2022-11-25,16605.86,16336.71,16588.46,34733.48,572460119.25,16508.33,direct,,BTC
2022-11-26,16687.21,16382.61,16508.33,20929.5,346443601.6,16451.53,direct,,BTC
2022-11-27,16587.18,16401.91,16451.53,18193.37,300543689.5,16420.87,direct,,BTC
2022-11-28,16477.82,16000.76,16420.87,53565.6,867757025.61,16207.01,direct,,BTC
2022-11-29,16528.39,16096.7,16207.01,50846.01,833578637.87,16431.79,direct,,BTC
2022-11-30,17216.6,16424.76,16431.79,86349.91,1460126671.64,17162.35,direct,,BTC
2022-12-01,17255.22,16865.92,17162.35,57361.34,978462617.82,16978.64,direct,,BTC
2022-12-02,17102.08,16827.01,16978.64,45492.23,771518084.81,17094.49,direct,,BTC
2022-12-03,17152.49,16868.66,17094.49,24699.47,419139334.98,16888.31,direct,,BTC
2022-12-04,17194.4,16884.91,16888.31,29823.7,508091945.23,17111.76,direct,,BTC
2022-12-05,17409.45,16879.12,17111.76,62808.12,1077884559.22,16966.84,direct,,BTC
2022-12-06,17101.02,16917.86,16966.84,47766.64,811906594.36,17086.52,direct,,BTC
2022-12-07,17126.91,16713.28,17086.52,42127.95,710367336.21,16837.85,direct,,BTC
2022-12-08,17286.64,16757.86,16837.85,48682.69,827814503.9,17226.02,direct,,BTC
2022-12-09,17319.38,17077.4,17226.02,41460.2,712368959.63,17126.85,direct,,BTC
2022-12-10,17221.25,17102.71,17126.85,17288.71,296657331.89,17129.19,direct,,BTC
2022-12-11,17259.64,17080.42,17129.19,22135.09,379827965.39,17094.83,direct,,BTC
2022-12-12,17239.13,16881.75,17094.83,43450.3,739369625.44,17208.66,direct,,BTC
2022-12-13,17945.07,17096.23,17208.66,80026.6,1407400841.45,17775.32,direct,,BTC
2022-12-14,18344.32,17684.33,17775.32,84917.12,1523737945.31,17801.37,direct,,BTC
2022-12-15,17853.72,17296.89,17801.37,68490.07,1200283423.38,17359.21,direct,,BTC
2022-12-16,17520.63,16611.58,17359.21,88776.6,1508594012.33,16658.44,direct,,BTC
2022-12-17,16794.06,16593.68,16658.44,40996.08,684665347.29,16780.55,direct,,BTC
2022-12-18,16830.84,16673.02,16780.55,25188.36,421765916.48,16742.74,direct,,BTC
2022-12-19,16813.47,16350.32,16742.74,63181.42,1050395879.84,16442.79,direct,,BTC
2022-12-20,17028.68,16404.94,16442.79,78296.38,1315229591.09,16901.12,direct,,BTC
2022-12-21,16922.92,16737.8,16901.12,42277.5,711271059.5,16821.13,direct,,BTC
2022-12-22,16860.78,16571.31,16821.13,48646.01,814340454.91,16816.01,direct,,BTC
2022-12-23,16907.78,16763.01,16816.01,46894.6,789038908.8,16780.97,direct,,BTC
2022-12-24,16857.81,16779.49,16780.97,17417.89,293139806.69,16837.16,direct,,BTC
2022-12-25,16850.93,16736.37,16837.16,17605.22,295850564.63,16829.1,direct,,BTC
2022-12-26,16926.73,16796.91,16829.1,20635.79,347724478.09,16916.07,direct,,BTC
2022-12-27,16960.3,16606.04,16916.07,42994.72,720956171.23,16700.54,direct,,BTC
2022-12-28,16767.99,16471.35,16700.54,54253.61,901583901.63,16540.47,direct,,BTC
2022-12-29,16650.11,16487.13,16540.47,41148.04,682471478.61,16631.24,direct,,BTC
2022-12-30,16637.25,16364.76,16631.24,53276.85,880260779.52,16599.47,direct,,BTC
2022-12-31,16625.46,16487.05,16599.47,27594.76,456998456.42,16531.31,direct,,BTC
2023-01-01,16619.82,16502.85,16531.31,20256.16,335220861.58,16613.87,direct,,BTC
2023-01-02,16768.07,16544.15,16613.87,30159.75,503360386.62,16670.08,direct,,BTC
2023-01-03,16766.7,16605.01,16670.08,37684.59,628582193.83,16670.16,direct,,BTC
2023-01-04,16972.62,16651.02,16670.16,58841.99,990689260.54,16846.82,direct,,BTC
2023-01-05,16869.84,16764.64,16846.82,31174.48,524511536.58,16825.87,direct,,BTC
2023-01-06,17013.77,16687.42,16825.87,52488.7,883642131.54,16946.16,direct,,BTC
2023-01-07,16972.62,16905.39,16946.16,11628.45,196915427.54,16942.73,direct,,BTC
2023-01-08,17132.21,16913.28,16942.73,21159.6,359149910.85,17115.81,direct,,BTC
2023-01-09,17387.59,17103.2,17115.81,73779.59,1271943559.93,17179.03,direct,,BTC
2023-01-10,17484.36,17148.57,17179.03,57628.21,997764944.91,17442.44,direct,,BTC
2023-01-11,17986.45,17324.71,17442.44,63571.7,1113334370.52,17938.0,direct,,BTC
2023-01-12,19092.31,17906.4,17938.0,122644.76,2252897545.61,18849.0,direct,,BTC
2023-01-13,19992.23,18717.45,18849.0,94611.39,1820146569.6,19932.05,direct,,BTC
2023-01-14,21255.15,19895.77,19932.05,107073.42,2223938908.13,20954.52,direct,,BTC
2023-01-15,21047.91,20575.44,20954.52,44461.09,924310249.74,20878.94,direct,,BTC
2023-01-16,21438.83,20635.89,20878.94,66430.52,1399257790.94,21188.92,direct,,BTC
2023-01-17,21555.18,20866.41,21188.92,55706.36,1181967488.8,21136.12,direct,,BTC
2023-01-18,21624.6,20411.68,21136.12,82422.66,1733563128.99,20678.47,direct,,BTC
2023-01-19,21180.98,20670.44,20678.47,54649.2,1141134569.38,21082.28,direct,,BTC
2023-01-20,22724.89,20884.26,21082.28,82923.31,1793127005.71,22676.2,direct,,BTC
2023-01-21,23327.14,22465.82,22676.2,96424.84,2212422402.47,22789.92,direct,,BTC
2023-01-22,23072.22,22343.13,22789.92,62351.77,1419749432.93,22714.99,direct,,BTC
2023-01-23,23154.59,22585.74,22714.99,70990.57,1622068993.43,22917.47,direct,,BTC
2023-01-24,23159.62,22485.0,22917.47,78065.25,1788469593.53,22637.8,direct,,BTC
2023-01-25,23801.04,22354.6,22637.8,88106.3,2010835832.21,23066.28,direct,,BTC
2023-01-26,23268.02,22870.4,23066.28,64065.53,1477492373.79,23009.15,direct,,BTC
2023-01-27,23485.53,22594.06,23009.15,65135.66,1499524205.45,23077.75,direct,,BTC
2023-01-28,23181.57,22895.7,23077.75,20229.78,465656885.65,23031.02,direct,,BTC
2023-01-29,23948.42,22981.04,23031.02,57693.1,1356557545.16,23747.26,direct,,BTC
2023-01-30,23796.62,22577.01,23747.26,73408.97,1699735992.01,22833.34,direct,,BTC
2023-01-31,23271.14,22725.41,22833.34,49746.31,1144361734.86,23129.7,direct,,BTC
2023-02-01,23799.9,22792.33,23129.7,50174.15,1166002955.1,23730.52,direct,,BTC
2023-02-02,24229.18,23423.04,23730.52,57852.6,1378661476.28,23470.8,direct,,BTC
2023-02-03,23709.93,23230.74,23470.8,40956.08,961229252.16,23437.21,direct,,BTC
2023-02-04,23582.26,23268.8,23437.21,14312.36,334962158.54,23332.1,direct,,BTC
2023-02-05,23429.68,22796.98,23332.1,27262.45,628865943.88,22940.79,direct,,BTC
2023-02-06,23147.93,22655.5,22940.79,40112.72,918256802.27,22761.44,direct,,BTC
2023-02-07,23343.29,22752.6,22761.44,37031.49,852489794.18,23252.78,direct,,BTC
2023-02-08,23407.79,22688.45,23252.78,32423.41,746102368.06,22961.13,direct,,BTC
2023-02-09,23000.67,21741.16,22961.13,72685.0,1626493846.29,21807.55,direct,,BTC
2023-02-10,21940.0,21495.4,21807.55,52389.7,1139170302.72,21634.86,direct,,BTC
2023-02-11,21897.19,21611.54,21634.86,17100.45,371394433.41,21862.19,direct,,BTC
2023-02-12,22081.41,21659.69,21862.19,27490.57,601407332.2,21790.14,direct,,BTC
2023-02-13,21895.37,21407.31,21790.14,58725.99,1271661452.37,21787.77,direct,,BTC
2023-02-14,22308.02,21587.95,21787.77,51049.58,1121665134.71,22208.56,direct,,BTC
2023-02-15,24338.52,22059.91,22208.56,70450.63,1636571319.77,24332.21,direct,,BTC
2023-02-16,25233.22,23522.57,24332.21,89399.75,2195432803.47,23533.22,direct,,BTC
2023-02-17,25012.32,23368.98,23533.22,83842.0,2024871806.46,24578.28,direct,,BTC
2023-02-18,24854.76,24454.5,24578.28,22334.7,550069111.96,24638.27,direct,,BTC
2023-02-19,25175.28,24253.13,24638.27,43529.32,1073608902.53,24287.53,direct,,BTC
2023-02-20,25098.8,23873.19,24287.53,54396.11,1341924666.63,24838.09,direct,,BTC
2023-02-21,25216.35,24168.6,24838.09,68937.6,1699888067.11,24450.5,direct,,BTC
2023-02-22,24471.79,23597.76,24450.5,71228.71,1707889533.14,24186.92,direct,,BTC
2023-02-23,24595.08,23629.29,24186.92,67725.34,1630064365.85,23941.1,direct,,BTC
2023-02-24,24125.33,22830.91,23941.1,68652.11,1610829236.2,23189.78,direct,,BTC
2023-02-25,23218.2,22809.19,23190.14,24727.95,569329617.92,23168.68,direct,,BTC
2023-02-26,23671.2,23068.22,23168.68,27073.82,632282012.46,23557.29,direct,,BTC
2023-02-27,23884.1,23148.47,23557.29,45081.05,1057863335.56,23492.86,direct,,BTC
2023-02-28,23595.27,23038.65,23492.86,34862.93,814380395.42,23137.23,direct,,BTC
2023-03-01,23980.02,23036.22,23137.23,45323.52,1070132297.9,23642.8,direct,,BTC
2023-03-02,23794.81,23210.39,23642.8,34727.29,813452928.16,23467.23,direct,,BTC
2023-03-03,23477.22,22134.9,23467.23,59283.75,1328714697.97,22360.92,direct,,BTC
2023-03-04,22410.68,22177.19,22360.92,11840.22,264342272.32,22353.23,direct,,BTC
2023-03-05,22638.92,22243.05,22353.23,20875.88,468467084.05,22434.09,direct,,BTC
2023-03-06,22595.33,22311.67,22434.09,27089.91,607585243.32,22410.79,direct,,BTC
2023-03-07,22540.85,21951.39,22410.79,38893.98,865083425.31,22201.44,direct,,BTC
2023-03-08,22262.91,21628.01,22201.44,41232.56,907354581.02,21704.74,direct,,BTC
2023-03-09,21822.92,20113.96,21704.74,75232.11,1584851678.8,20370.48,direct,,BTC
2023-03-10,20371.25,19599.47,20370.48,105350.02,2103890132.26,20206.71,direct,,BTC
2023-03-11,20847.88,19895.33,20206.71,69435.51,1416403424.21,20613.6,direct,,BTC
2023-03-12,22224.01,20445.19,20613.6,63957.66,1352204877.06,22183.71,direct,,BTC
2023-03-13,24596.0,21896.85,22183.71,94501.71,2198916015.73,24207.1,direct,,BTC
2023-03-14,26522.41,24071.83,24207.1,110643.58,2783419006.43,24757.56,direct,,BTC
2023-03-15,25272.47,23946.02,24757.56,74114.24,1826358018.09,24372.11,direct,,BTC
2023-03-16,25211.23,24220.45,24372.11,55408.3,1372954004.0,25049.83,direct,,BTC
2023-03-17,27782.88,24945.9,25049.83,96426.82,2554985216.53,27441.41,direct,,BTC
2023-03-18,27749.91,26655.22,27441.41,48843.14,1335463761.57,26973.46,direct,,BTC
2023-03-19,28441.41,26901.66,26973.46,48163.58,1337898482.67,28040.29,direct,,BTC
2023-03-20,28539.63,27228.03,28040.29,65834.79,1838684361.11,27807.05,direct,,BTC
2023-03-21,28494.87,27416.8,27807.05,45696.4,1282225223.57,28188.11,direct,,BTC
2023-03-22,28902.98,26676.69,28188.11,81267.64,2277940781.79,27316.18,direct,,BTC
2023-03-23,28807.82,27190.13,27316.18,63194.55,1769187941.89,28345.7,direct,,BTC
2023-03-24,28421.94,27054.76,28345.7,52231.16,1456957038.0,27493.01,direct,,BTC
2023-03-25,27819.55,27186.95,27493.01,22474.29,618098148.62,27492.83,direct,,BTC
2023-03-26,28217.66,27448.83,27492.83,26394.91,734596186.26,27995.16,direct,,BTC
2023-03-27,28045.33,26551.46,27995.16,45933.42,1256153698.38,27146.01,direct,,BTC
2023-03-28,27527.5,26638.39,27146.01,36875.77,997573892.51,27266.08,direct,,BTC
2023-03-29,28643.21,27254.72,27266.08,49571.43,1396887121.69,28355.7,direct,,BTC
2023-03-30,29171.13,27735.19,28355.7,58696.25,1666973949.92,28040.71,direct,,BTC
2023-03-31,28651.82,27552.64,28040.71,45335.87,1278854661.75,28474.62,direct,,BTC
2023-04-01,28816.74,28263.72,28474.62,15689.96,446928904.2,28468.49,direct,,BTC
2023-04-02,28537.18,27885.3,28468.49,16366.29,461356032.51,28187.85,direct,,BTC
2023-04-03,28498.51,27292.3,28187.85,47462.93,1328993515.18,27809.04,direct,,BTC
2023-04-04,28441.54,27671.89,27809.04,32404.02,911124090.2,28177.23,direct,,BTC
2023-04-05,28766.02,27843.06,28177.23,37846.93,1072312476.98,28180.06,direct,,BTC
2023-04-06,28191.21,27736.36,28180.06,26094.3,730428566.02,28043.49,direct,,BTC
2023-04-07,28110.82,27786.82,28043.49,14575.83,407205241.71,27927.8,direct,,BTC
2023-04-08,28168.77,27879.51,27927.8,9261.95,259437156.74,27953.93,direct,,BTC
2023-04-09,28539.41,27825.42,27953.93,16329.18,459285638.27,28340.68,direct,,BTC
2023-04-10,29776.84,28179.73,28340.68,41851.84,1211248945.3,29655.75,direct,,BTC
2023-04-11,30558.49,29612.35,29655.75,47151.42,1420381272.66,30226.45,direct,,BTC
2023-04-12,30499.62,29710.91,30226.45,36421.26,1094799669.68,29905.56,direct,,BTC
2023-04-13,30603.93,29881.9,29905.56,31936.33,967351995.59,30407.76,direct,,BTC
2023-04-14,31020.32,30015.78,30407.76,48758.42,1491399385.72,30491.71,direct,,BTC
2023-04-15,30615.21,30237.51,30491.71,13596.83,413221716.15,30321.55,direct,,BTC
2023-04-16,30562.42,30155.49,30321.55,17283.22,524392638.12,30322.37,direct,,BTC
2023-04-17,30331.32,29265.91,30322.37,34966.91,1037503329.39,29446.34,direct,,BTC
2023-04-18,30485.26,29135.27,29446.34,36469.48,1095189891.18,30395.53,direct,,BTC
2023-04-19,30419.74,28615.79,30395.53,54525.22,1600523152.28,28821.91,direct,,BTC
2023-04-20,29094.98,28007.09,28821.91,41297.76,1180562733.76,28248.11,direct,,BTC
2023-04-21,28365.2,27173.44,28248.11,43368.57,1207725781.37,27261.17,direct,,BTC
2023-04-22,27883.77,27150.5,27261.17,17443.02,479603472.21,27820.73,direct,,BTC
2023-04-23,27822.57,27352.28,27820.73,18289.06,504160726.43,27596.85,direct,,BTC
2023-04-24,27988.76,26998.44,27596.85,34236.79,940115640.57,27520.93,direct,,BTC
2023-04-25,28394.39,27200.99,27520.93,31694.19,876191270.4,28308.07,direct,,BTC
2023-04-26,30016.54,27261.2,28308.07,79154.04,2278451179.33,28432.89,direct,,BTC
2023-04-27,29890.36,28397.94,28432.89,63333.86,1850604653.99,29483.94,direct,,BTC
2023-04-28,29600.91,28920.19,29483.94,35166.03,1030276785.7,29339.99,direct,,BTC
2023-04-29,29457.51,29078.4,29339.99,11330.73,332020115.89,29251.2,direct,,BTC
2023-04-30,29958.96,29113.64,29251.2,23251.07,685897041.94,29236.81,direct,,BTC
2023-05-01,29340.45,27680.56,29236.81,43941.31,1246630368.83,28086.77,direct,,BTC
2023-05-02,28895.93,27899.16,28086.77,32659.37,927486609.7,28694.7,direct,,BTC
2023-05-03,29278.11,28151.97,28694.7,40257.03,1150554649.51,29041.65,direct,,BTC
2023-05-04,29376.48,28702.7,29041.65,27573.93,799149017.42,28865.72,direct,,BTC
2023-05-05,29701.05,28852.44,28865.72,35426.26,1039027772.96,29548.51,direct,,BTC
2023-05-06,29853.13,28449.95,29548.51,24527.41,713641803.94,28943.98,direct,,BTC
2023-05-07,29212.06,28547.22,28943.98,16604.62,480627306.93,28572.81,direct,,BTC
2023-05-08,28786.01,27396.42,28572.81,40605.62,1136175854.67,27783.42,direct,,BTC
2023-05-09,27963.87,27510.12,27783.42,22925.76,634693185.14,27680.21,direct,,BTC
2023-05-10,28330.36,26840.62,27680.21,41945.8,1162217682.96,27628.73,direct,,BTC
2023-05-11,27642.56,26731.83,27628.73,29504.51,802346192.21,26991.62,direct,,BTC
2023-05-12,27092.93,25833.3,26991.62,42526.8,1123450368.34,26807.09,direct,,BTC
2023-05-13,27043.5,26705.45,26807.09,12502.23,335722601.8,26788.88,direct,,BTC
2023-05-14,27189.55,26611.92,26788.88,11877.98,319668371.39,26931.44,direct,,BTC
2023-05-15,27668.19,26759.29,26931.44,27959.1,764041771.98,27176.27,direct,,BTC
2023-05-16,27304.97,26869.45,27176.27,23994.43,649282623.49,27036.57,direct,,BTC
2023-05-17,27488.05,26565.39,27036.57,29196.37,788279620.49,27406.21,direct,,BTC
2023-05-18,27476.67,26379.63,27406.21,27707.43,749234030.86,26823.31,direct,,BTC
2023-05-19,27178.6,26668.92,26823.31,16460.59,442561192.0,26888.42,direct,,BTC
2023-05-20,27164.5,26840.23,26888.42,7375.52,199050865.32,27118.54,direct,,BTC
2023-05-21,27280.07,26691.06,27118.54,11973.11,322799242.35,26755.17,direct,,BTC
2023-05-22,27084.08,26548.27,26755.17,17684.89,474287648.56,26855.4,direct,,BTC
2023-05-23,27480.33,26808.03,26855.4,21235.04,578611517.74,27224.7,direct,,BTC
2023-05-24,27225.89,26092.06,27224.7,31836.22,843296169.29,26326.17,direct,,BTC
2023-05-25,26605.5,25882.27,26326.17,22984.71,604389199.53,26480.21,direct,,BTC
2023-05-26,26940.67,26338.96,26480.21,20356.54,542617989.88,26719.7,direct,,BTC
2023-05-27,26902.14,26585.34,26719.7,7427.77,198605797.63,26872.59,direct,,BTC
2023-05-28,28249.51,26789.58,26872.59,19785.88,543751511.42,28077.57,direct,,BTC
2023-05-29,28450.88,27546.65,28077.57,21644.99,604161699.4,27746.07,direct,,BTC
2023-05-30,28052.68,27568.98,27746.07,23615.79,656814149.04,27703.56,direct,,BTC
2023-05-31,27836.82,26853.57,27703.56,28352.48,770131646.3,27220.17,direct,,BTC
2023-06-01,27347.94,26628.22,27220.17,23979.7,645324727.67,26825.73,direct,,BTC
2023-06-02,27305.0,26519.23,26825.73,23786.38,643162971.0,27251.14,direct,,BTC
2023-06-03,27330.86,26946.35,27251.14,8092.89,219785033.16,27078.3,direct,,BTC
2023-06-04,27451.16,26964.17,27078.3,9147.43,248793311.51,27125.24,direct,,BTC
2023-06-05,27135.1,25411.77,27125.24,37219.66,973121005.98,25740.46,direct,,BTC
2023-06-06,27379.88,25380.61,25740.46,38336.34,1007782393.96,27269.02,direct,,BTC
2023-06-07,27423.02,26132.38,27269.02,30599.1,816508052.84,26348.91,direct,,BTC
2023-06-08,26816.33,26225.25,26348.91,15156.05,401604313.0,26509.09,direct,,BTC
2023-06-09,26777.91,26290.32,26509.09,16583.88,439912147.38,26483.81,direct,,BTC
2023-06-10,26533.58,25424.05,26483.81,31361.96,809187356.13,25856.18,direct,,BTC
2023-06-11,26214.2,25655.94,25856.18,13172.72,341057974.45,25937.58,direct,,BTC
2023-06-12,26099.5,25629.48,25937.58,17060.82,441188405.58,25905.64,direct,,BTC
2023-06-13,26425.22,25717.6,25905.64,23047.35,599487905.69,25928.94,direct,,BTC
2023-06-14,26074.14,24836.48,25928.94,26761.01,684056303.1,25125.73,direct,,BTC
2023-06-15,25740.96,24765.75,25125.73,32804.74,824201465.11,25574.36,direct,,BTC
2023-06-16,26479.27,25205.5,25574.36,27648.16,715401866.52,26330.59,direct,,BTC
2023-06-17,26780.79,26170.91,26330.59,12515.48,331591669.75,26510.43,direct,,BTC
2023-06-18,26686.77,26260.74,26510.43,9378.95,248624880.04,26338.0,direct,,BTC
2023-06-19,27036.32,26265.34,26338.0,17956.62,477713441.96,26842.09,direct,,BTC
2023-06-20,28407.13,26648.29,26842.09,45985.63,1265530107.38,28319.35,direct,,BTC
2023-06-21,30780.84,28276.59,28319.35,57981.94,1710075101.48,30000.55,direct,,BTC
2023-06-22,30499.85,29611.53,30000.55,34380.15,1034077333.64,29892.81,direct,,BTC
2023-06-23,31416.26,29818.21,29892.81,41294.22,1263857697.39,30705.39,direct,,BTC
2023-06-24,30811.37,30276.97,30705.39,13046.45,399256498.04,30548.2,direct,,BTC
2023-06-25,31051.66,30297.61,30548.2,13393.19,410384145.76,30473.64,direct,,BTC
2023-06-26,30658.58,29930.89,30473.64,21681.68,656487409.95,30271.91,direct,,BTC
2023-06-27,31013.13,30232.66,30271.91,22312.5,683163079.08,30696.99,direct,,BTC
2023-06-28,30714.46,29862.15,30696.99,19096.02,577536151.3,30078.9,direct,,BTC
2023-06-29,30833.99,30043.07,30078.9,21447.12,654120553.86,30447.17,direct,,BTC
2023-06-30,31272.25,29465.7,30447.17,47299.15,1438707503.25,30471.06,direct,,BTC
2023-07-01,30653.27,30321.27,30471.06,7261.71,221634243.18,30590.76,direct,,BTC
2023-07-02,30788.75,30181.34,30590.76,8660.66,264438993.35,30617.66,direct,,BTC
2023-07-03,31388.17,30575.7,30617.66,19619.43,606995802.76,31160.24,direct,,BTC
2023-07-04,31331.3,30638.68,31160.24,13276.48,411450957.26,30774.39,direct,,BTC
2023-07-05,30877.17,30201.06,30774.39,15878.7,484235780.2,30503.07,direct,,BTC
2023-07-06,31521.11,29869.18,30503.07,30802.77,942103548.67,29907.98,direct,,BTC
2023-07-07,30450.48,29725.12,29907.98,19368.34,584908167.72,30349.69,direct,,BTC
2023-07-08,30383.67,30056.18,30349.69,6360.91,192238272.3,30294.36,direct,,BTC
2023-07-09,30441.0,30074.68,30294.36,7139.62,216124236.01,30171.49,direct,,BTC
2023-07-10,31045.4,29964.03,30171.49,22193.83,674592681.26,30421.04,direct,,BTC
2023-07-11,30805.91,30314.1,30421.04,17665.77,539220942.45,30626.62,direct,,BTC
2023-07-12,30977.57,30214.19,30626.62,24693.12,755704294.14,30385.22,direct,,BTC
2023-07-13,31844.94,30259.09,30385.22,42344.72,1314075890.88,31475.78,direct,,BTC
2023-07-14,31636.78,29929.3,31475.78,33129.0,1021600213.08,30331.09,direct,,BTC
2023-07-15,30403.12,30258.91,30331.09,4925.15,149344124.18,30298.45,direct,,BTC
2023-07-16,30450.66,30083.92,30298.45,7411.25,224532522.64,30248.17,direct,,BTC
2023-07-17,30340.04,29675.15,30248.17,18560.1,558752237.54,30147.68,direct,,BTC
2023-07-18,30244.13,29538.16,30147.68,18759.37,560798877.42,29863.79,direct,,BTC
2023-07-19,30193.82,29765.06,29863.79,14893.37,446435257.92,29918.6,direct,,BTC
2023-07-20,30417.9,29577.88,29918.6,19269.41,577250260.25,29809.61,direct,,BTC
2023-07-21,30060.04,29737.09,29809.61,13254.74,395907301.04,29911.46,direct,,BTC
2023-07-22,30000.3,29635.44,29911.46,6111.68,182484169.27,29791.61,direct,,BTC
2023-07-23,30345.9,29738.58,29791.61,8140.53,244328645.64,30085.68,direct,,BTC
2023-07-24,30097.78,28860.94,30085.68,25436.68,744538575.95,29181.04,direct,,BTC
2023-07-25,29367.59,29054.49,29181.04,12141.51,354541899.17,29226.63,direct,,BTC
2023-07-26,29682.98,29098.81,29226.63,16583.36,486510821.91,29352.06,direct,,BTC
2023-07-27,29566.99,29082.04,29352.06,12727.55,373268935.18,29217.05,direct,,BTC
2023-07-28,29528.45,29121.24,29217.05,11707.43,342975082.63,29316.82,direct,,BTC
2023-07-29,29406.57,29258.14,29316.82,4989.17,146316009.97,29358.76,direct,,BTC
2023-07-30,29449.84,29043.43,29358.76,7661.41,224246250.77,29283.34,direct,,BTC
2023-07-31,29524.99,29108.82,29283.34,14553.25,426457343.16,29231.47,direct,,BTC
2023-08-01,29721.48,28564.09,29231.47,28319.33,822433494.24,29699.74,direct,,BTC
2023-08-02,30029.06,28914.46,29699.74,28507.89,838251477.68,29163.69,direct,,BTC
2023-08-03,29397.03,28945.61,29163.69,15427.08,450334651.17,29177.75,direct,,BTC
2023-08-04,29308.95,28794.51,29177.75,12900.38,375805085.38,29078.51,direct,,BTC
2023-08-05,29111.36,28953.98,29078.51,4135.0,120051247.27,29050.34,direct,,BTC
2023-08-06,29164.68,28962.89,29050.34,4361.16,126689336.09,29046.16,direct,,BTC
2023-08-07,29245.27,28672.37,29046.16,16388.65,475156597.17,29182.16,direct,,BTC
2023-08-08,30210.36,29111.88,29182.16,26561.94,786792606.34,29770.51,direct,,BTC
2023-08-09,30120.86,29356.43,29770.51,17933.09,532770863.32,29566.47,direct,,BTC
2023-08-10,29707.55,29319.58,29566.47,12722.06,375142806.93,29428.1,direct,,BTC
2023-08-11,29535.4,29219.56,29428.1,10550.47,310027638.11,29403.56,direct,,BTC
2023-08-12,29471.12,29356.08,29403.56,3495.96,102819295.5,29417.08,direct,,BTC
2023-08-13,29447.27,29257.12,29417.08,3928.8,115373186.78,29281.55,direct,,BTC
2023-08-14,29664.61,29082.39,29281.55,12333.02,362522208.47,29409.22,direct,,BTC
2023-08-15,29460.86,29056.77,29409.22,10214.85,299026558.28,29171.23,direct,,BTC
2023-08-16,29228.22,28696.21,29171.23,16506.96,479152538.98,28702.8,direct,,BTC
2023-08-17,28752.02,25328.06,28702.8,50603.71,1394530695.43,26629.67,direct,,BTC
2023-08-18,26823.13,25629.62,26629.67,33853.32,888090076.41,26049.69,direct,,BTC
2023-08-19,26266.25,25797.39,26049.69,10190.62,265159375.46,26095.8,direct,,BTC
2023-08-20,26291.33,25983.85,26095.8,7358.66,192271431.08,26191.01,direct,,BTC
2023-08-21,26248.2,25819.92,26191.01,16512.71,430024076.12,26126.18,direct,,BTC
2023-08-22,26137.6,25369.8,26126.18,19880.36,514473682.56,26043.01,direct,,BTC
2023-08-23,26807.82,25802.48,26043.01,25584.15,672652092.31,26429.4,direct,,BTC
2023-08-24,26565.88,25859.32,26429.4,17135.14,449180401.68,26166.22,direct,,BTC
2023-08-25,26291.13,25759.58,26166.22,18808.91,489263026.85,26051.29,direct,,BTC
2023-08-26,26109.19,25979.58,26051.29,3572.84,93024725.64,26010.35,direct,,BTC
2023-08-27,26168.79,25966.75,26010.35,4137.97,107924452.3,26091.32,direct,,BTC
2023-08-28,26233.53,25861.84,26091.32,11633.38,302943657.3,26106.0,direct,,BTC
2023-08-29,28154.08,25911.89,26106.0,39870.36,1089036684.85,27724.41,direct,,BTC
2023-08-30,27766.41,27036.49,27724.41,19031.6,520197058.0,27305.41,direct,,BTC
2023-08-31,27563.68,25683.18,27305.41,27850.06,741278108.53,25937.29,direct,,BTC
2023-09-01,26137.14,25323.44,25937.29,24807.18,639696809.37,25798.79,direct,,BTC
2023-09-02,25980.31,25729.66,25798.79,7017.96,181289556.36,25868.56,direct,,BTC
2023-09-03,26115.72,25805.82,25868.56,6190.05,160541183.85,25971.37,direct,,BTC
2023-09-04,26089.36,25636.28,25971.37,8832.41,228454428.06,25816.24,direct,,BTC
2023-09-05,25878.61,25567.56,25816.24,10888.31,280146729.52,25785.01,direct,,BTC
2023-09-06,26019.64,25379.85,25785.01,15183.61,390027105.24,25751.71,direct,,BTC
2023-09-07,26426.41,25600.8,25751.71,18952.45,491838528.79,26264.75,direct,,BTC
2023-09-08,26443.61,25650.9,26264.75,18556.34,482397556.59,25907.13,direct,,BTC
2023-09-09,25936.62,25799.89,25907.13,4094.4,105931726.4,25898.41,direct,,BTC
2023-09-10,26020.84,25589.02,25898.41,8434.22,217583144.54,25833.67,direct,,BTC
2023-09-11,25889.38,24911.78,25833.67,24481.75,619642052.88,25157.07,direct,,BTC
2023-09-12,26545.24,25128.37,25157.07,36111.44,937711286.48,25840.34,direct,,BTC
2023-09-13,26432.59,25768.65,25840.34,18955.32,495397769.94,26227.49,direct,,BTC
2023-09-14,26845.74,26136.39,26227.49,24488.8,649517751.61,26533.66,direct,,BTC
2023-09-15,26879.57,26224.91,26533.66,17339.0,459310066.65,26605.49,direct,,BTC
2023-09-16,26771.68,26459.99,26605.49,7062.9,187703875.45,26569.13,direct,,BTC
2023-09-17,26621.93,26413.39,26569.13,5698.34,151125765.17,26533.12,direct,,BTC
2023-09-18,27425.7,26394.81,26533.12,29536.95,797114111.3,26767.82,direct,,BTC
2023-09-19,27493.85,26676.6,26767.82,24703.82,670630172.73,27219.02,direct,,BTC
2023-09-20,27389.22,26814.07,27219.02,21439.58,581302466.15,27126.4,direct,,BTC
2023-09-21,27162.0,26373.55,27126.4,20948.1,559336631.68,26567.47,direct,,BTC
2023-09-22,26738.04,26478.87,26567.47,15354.82,408613785.26,26583.16,direct,,BTC
2023-09-23,26640.84,26522.49,26583.16,5251.29,139605320.21,26585.41,direct,,BTC
2023-09-24,26732.91,26146.79,26585.41,9848.35,260953441.64,26261.44,direct,,BTC
2023-09-25,26439.02,25997.17,26261.44,19804.27,518905094.49,26297.93,direct,,BTC
2023-09-26,26395.42,26090.75,26297.93,12902.09,338286231.16,26212.59,direct,,BTC
2023-09-27,26828.5,26096.78,26212.59,24188.11,638562791.04,26360.2,direct,,BTC
2023-09-28,27306.05,26328.53,26360.2,30832.51,827813877.45,27027.2,direct,,BTC
2023-09-29,27233.94,26674.22,27027.2,21721.72,585322764.87,26909.4,direct,,BTC
2023-09-30,27095.39,26887.09,26909.4,7260.78,195916128.74,26964.27,direct,,BTC
2023-10-01,28060.49,26958.76,26964.27,16861.15,464200302.08,27994.51,direct,,BTC
2023-10-02,28585.13,27312.81,27994.51,42701.42,1198411956.48,27507.22,direct,,BTC
2023-10-03,27669.05,27170.07,27507.22,22621.25,620603083.21,27428.66,direct,,BTC
2023-10-04,27836.54,27222.97,27428.66,18061.23,497243557.18,27789.8,direct,,BTC
2023-10-05,28128.37,27363.01,27789.8,25127.82,696054430.54,27414.59,direct,,BTC
2023-10-06,28280.04,27181.63,27414.59,25278.57,701648471.47,27946.61,direct,,BTC
2023-10-07,28035.05,27864.11,27946.61,7351.08,205394649.0,27973.69,direct,,BTC
2023-10-08,28105.36,27714.35,27973.69,8547.03,238690010.87,27933.57,direct,,BTC
2023-10-09,27999.8,27282.89,27933.57,21887.87,603964078.09,27598.77,direct,,BTC
2023-10-10,27735.72,27298.5,27598.77,18600.95,511109469.33,27395.4,direct,,BTC
2023-10-11,27475.69,26531.55,27395.4,30496.51,821395574.15,26871.21,direct,,BTC
2023-10-12,26937.98,26549.78,26871.21,16400.37,438531983.5,26756.23,direct,,BTC
2023-10-13,27110.91,26674.97,26756.23,18507.04,496779424.55,26862.9,direct,,BTC
2023-10-14,26982.78,26810.02,26862.9,5865.21,157685357.78,26854.52,direct,,BTC
2023-10-15,27297.26,26813.06,26854.52,10978.68,297110024.59,27177.41,direct,,BTC
2023-10-16,30009.15,27131.48,27177.41,66720.48,1884462991.7,28518.37,direct,,BTC
2023-10-17,28628.83,28094.14,28518.37,26038.83,739741149.31,28409.46,direct,,BTC
2023-10-18,28988.79,28156.7,28409.46,23999.55,682875511.71,28328.07,direct,,BTC
2023-10-19,28927.17,28135.5,28328.07,25550.36,730081363.3,28733.78,direct,,BTC
2023-10-20,30243.12,28596.96,28733.78,42016.08,1241026952.55,29684.37,direct,,BTC
2023-10-21,30365.61,29480.22,29684.37,15637.83,467626116.49,29924.08,direct,,BTC
2023-10-22,30232.64,29674.58,29924.08,13845.91,414432274.92,30001.44,direct,,BTC
2023-10-23,34739.17,29898.26,30001.44,73249.41,2308556876.22,33084.08,direct,,BTC
2023-10-24,35183.22,32857.8,33084.08,75112.67,2559949343.79,33923.52,direct,,BTC
2023-10-25,35136.87,33698.9,33923.52,43002.87,1481128342.82,34503.4,direct,,BTC
2023-10-26,34836.51,33746.16,34503.4,36463.09,1248469956.72,34157.06,direct,,BTC
2023-10-27,34246.78,33406.13,34157.06,30792.41,1044635721.14,33907.7,direct,,BTC
2023-10-28,34494.4,33876.07,33907.7,10888.97,371696781.35,34090.05,direct,,BTC
2023-10-29,34761.09,33947.8,34090.05,13639.48,469534963.71,34535.38,direct,,BTC
2023-10-30,34862.12,34090.22,34535.38,23948.89,825552244.82,34494.56,direct,,BTC
2023-10-31,34726.05,34058.4,34494.56,21982.74,756326173.72,34657.73,direct,,BTC
2023-11-01,35623.76,34096.9,34657.73,34274.26,1190955576.06,35439.76,direct,,BTC
2023-11-02,35973.2,34323.19,35439.76,31205.25,1097011932.14,34947.15,direct,,BTC
2023-11-03,34950.21,34118.29,34947.15,27811.97,960199464.71,34732.28,direct,,BTC
2023-11-04,35278.07,34606.38,34732.28,10840.41,377653497.47,35086.09,direct,,BTC
2023-11-05,35393.84,34489.02,35086.09,15210.52,533016306.01,35039.47,direct,,BTC
2023-11-06,35288.36,34758.64,35039.47,17520.44,613732584.95,35054.59,direct,,BTC
2023-11-07,35929.83,34537.87,35054.59,28810.78,1012278827.62,35421.85,direct,,BTC
2023-11-08,36109.43,35120.46,35421.85,26404.64,937630450.49,35638.33,direct,,BTC
2023-11-09,37990.51,35557.78,35638.33,62530.57,2296501186.4,36704.14,direct,,BTC
2023-11-10,37536.44,36342.27,36704.14,32545.3,1206040827.09,37321.51,direct,,BTC
2023-11-11,37417.29,36701.83,37321.51,14920.5,553215494.09,37142.22,direct,,BTC
2023-11-12,37233.45,36747.05,37142.22,9320.87,345567975.97,37079.76,direct,,BTC
2023-11-13,37429.52,36358.0,37079.76,24368.53,897671274.64,36482.51,direct,,BTC
2023-11-14,36752.31,34788.17,36482.51,33896.65,1219819360.84,35551.21,direct,,BTC
2023-11-15,37977.31,35374.22,35551.21,39005.98,1436101057.95,37884.19,direct,,BTC
2023-11-16,37951.14,35512.38,37884.19,38917.77,1428319260.74,36162.42,direct,,BTC
2023-11-17,36780.63,35873.7,36162.42,28253.69,1027029255.11,36626.32,direct,,BTC
2023-11-18,36853.45,36212.85,36626.32,8649.03,316037508.01,36591.19,direct,,BTC
2023-11-19,37529.1,36411.61,36591.19,11668.93,430198062.65,37388.64,direct,,BTC
2023-11-20,37770.11,36767.05,37388.64,31117.45,1162294169.25,37476.66,direct,,BTC
2023-11-21,37665.29,35753.93,37476.66,42793.3,1579350547.76,35758.72,direct,,BTC
2023-11-22,37866.63,35656.41,35758.72,36262.61,1335151412.8,37424.2,direct,,BTC
2023-11-23,37646.06,36892.34,37424.2,16793.76,626668140.1,37299.18,direct,,BTC
2023-11-24,38432.07,37262.39,37299.18,34951.5,1322597274.57,37737.05,direct,,BTC
2023-11-25,37907.84,37616.03,37737.05,8271.55,312424824.64,37801.92,direct,,BTC
2023-11-26,37829.46,37159.52,37801.92,12751.26,478214999.45,37460.21,direct,,BTC
2023-11-27,37568.17,36727.3,37460.21,24674.21,914744666.52,37246.29,direct,,BTC
2023-11-28,38410.41,36879.99,37246.29,33506.06,1265755538.49,37836.63,direct,,BTC
2023-11-29,38456.97,37589.12,37836.63,27433.75,1041457987.13,37861.9,direct,,BTC
2023-11-30,38149.78,37505.7,37861.9,16874.61,637264648.28,37729.58,direct,,BTC
2023-12-01,38982.35,37626.12,37729.58,32942.59,1268612412.23,38699.84,direct,,BTC
2023-12-02,39712.52,38659.45,38699.84,17299.38,677167721.21,39469.35,direct,,BTC
2023-12-03,40203.23,39288.91,39469.35,16087.63,638707315.07,39980.93,direct,,BTC
2023-12-04,42399.42,39980.36,39980.93,48574.89,2012390115.57,41984.41,direct,,BTC
2023-12-05,44639.18,41368.51,41984.41,52083.86,2234743414.43,44089.06,direct,,BTC
2023-12-06,44286.67,43386.17,44089.06,39080.76,1715623988.73,43771.01,direct,,BTC
2023-12-07,44050.53,42856.57,43771.01,30381.14,1320509439.92,43285.02,direct,,BTC
2023-12-08,44735.52,43094.02,43285.02,29502.75,1292562850.41,44186.18,direct,,BTC
2023-12-09,44373.02,43597.57,44186.18,15066.31,662982186.27,43723.0,direct,,BTC
2023-12-10,44047.82,43584.51,43723.0,11497.59,503801762.3,43791.67,direct,,BTC
2023-12-11,43808.9,40180.77,43791.67,58689.61,2446801856.72,41235.58,direct,,BTC
2023-12-12,42080.61,40648.18,41235.58,31480.37,1305859570.88,41472.94,direct,,BTC
2023-12-13,43461.75,40579.83,41472.94,36203.68,1517574126.2,42887.55,direct,,BTC
2023-12-14,43416.91,41433.23,42887.55,34166.34,1460749070.58,43030.6,direct,,BTC
2023-12-15,43091.28,41662.1,43030.6,25157.34,1065004798.33,41939.16,direct,,BTC
2023-12-16,42678.86,41640.84,41939.16,13495.73,570286280.98,42243.26,direct,,BTC
2023-12-17,42372.05,41228.17,42243.26,18460.88,772939037.53,41349.42,direct,,BTC
2023-12-18,42744.41,40512.69,41349.42,32860.71,1362661202.35,42650.27,direct,,BTC
2023-12-19,43454.44,41796.54,42650.27,30940.15,1318306822.38,42268.08,direct,,BTC
2023-12-20,44303.12,42195.52,42268.08,41481.09,1805958609.9,43669.91,direct,,BTC
2023-12-21,44245.16,43306.15,43669.91,29872.95,1306652594.38,43875.01,direct,,BTC
2023-12-22,44417.78,43426.51,43875.01,24740.39,1084076406.5,44008.04,direct,,BTC
2023-12-23,44024.62,43338.34,44008.04,10973.31,479555333.8,43732.75,direct,,BTC
2023-12-24,43965.2,42635.13,43732.75,14281.15,621424795.87,43023.12,direct,,BTC
2023-12-25,43808.21,42763.83,43023.12,14747.02,639501515.36,43593.79,direct,,BTC
2023-12-26,43604.51,41616.59,43593.79,30529.57,1297798884.96,42517.32,direct,,BTC
2023-12-27,43694.83,42121.77,42517.32,27420.29,1178861473.09,43469.34,direct,,BTC
2023-12-28,43817.61,42283.91,43469.34,29112.04,1249335317.05,42588.94,direct,,BTC
2023-12-29,43134.59,41296.86,42588.94,34268.41,1450476730.93,42073.59,direct,,BTC
2023-12-30,42595.81,41529.95,42073.59,21511.57,905852574.49,42146.03,direct,,BTC
2023-12-31,42863.11,41970.37,42146.03,21509.24,912867128.16,42280.14,direct,,BTC
2024-01-01,44210.89,42187.32,42280.14,19499.59,839894208.67,44197.61,direct,,BTC
2024-01-02,45918.98,44181.86,44197.61,57443.36,2596745174.99,44970.34,direct,,BTC
2024-01-03,45513.73,40214.67,44970.34,82056.19,3533041051.83,42854.08,direct,,BTC
2024-01-04,44797.03,42657.44,42854.08,49538.94,2167748750.23,44194.38,direct,,BTC
2024-01-05,44377.15,42508.08,44194.38,54169.3,2368276569.22,44178.89,direct,,BTC
2024-01-06,44248.4,43444.9,44178.89,16352.13,717065469.35,43988.33,direct,,BTC
2024-01-07,44496.47,43639.57,43988.33,20056.41,884154712.5,43950.84,direct,,BTC
2024-01-08,47295.94,43209.8,43950.84,66057.64,3000303504.99,46988.14,direct,,BTC
2024-01-09,47923.17,44889.64,46988.14,66281.93,3083632967.78,46123.0,direct,,BTC
2024-01-10,47705.84,44326.32,46123.0,80226.64,3677964834.63,46667.48,direct,,BTC
2024-01-11,49054.05,45580.11,46667.48,77548.89,3638877778.74,46353.15,direct,,BTC
2024-01-12,46512.17,41454.57,46353.15,87031.78,3855256978.62,42776.42,direct,,BTC
2024-01-13,43243.47,42438.36,42776.42,23024.72,986309535.03,42839.19,direct,,BTC
2024-01-14,43060.49,41702.53,42839.19,21730.6,924871801.97,41704.39,direct,,BTC
2024-01-15,43325.88,41687.69,41704.39,24561.1,1046074902.52,42491.26,direct,,BTC
2024-01-16,43562.19,42047.82,42491.26,36429.24,1565259395.93,43130.88,direct,,BTC
2024-01-17,43183.19,42172.64,43130.88,32911.24,1403011843.2,42739.27,direct,,BTC
2024-01-18,42876.35,40606.86,42739.27,45180.42,1885882508.36,41286.68,direct,,BTC
2024-01-19,42151.57,40246.58,41286.68,45191.13,1864062474.18,41625.47,direct,,BTC
2024-01-20,41846.45,41433.27,41625.47,13096.14,544668570.57,41677.08,direct,,BTC
2024-01-21,41862.83,41493.59,41677.08,9176.94,382561229.54,41570.17,direct,,BTC
2024-01-22,41669.9,39396.81,41570.17,56109.4,2270442343.15,39523.63,direct,,BTC
2024-01-23,40136.09,38512.34,39523.63,46007.49,1805745649.27,39876.44,direct,,BTC
2024-01-24,40526.25,39429.31,39876.44,37009.85,1476062916.95,40078.62,direct,,BTC
2024-01-25,40280.91,39523.94,40078.62,29183.88,1164224625.52,39941.74,direct,,BTC
2024-01-26,42227.71,39814.87,39941.74,42739.48,1763833855.75,41816.55,direct,,BTC
2024-01-27,42191.83,41393.22,41816.55,10632.46,444567824.09,42124.02,direct,,BTC
2024-01-28,42822.8,41632.18,42124.02,16615.66,702267432.76,42028.92,direct,,BTC
2024-01-29,43308.42,41804.05,42028.92,27783.74,1184671101.99,43302.28,direct,,BTC
2024-01-30,43855.77,42690.4,43302.28,34500.06,1498626265.1,42943.64,direct,,BTC
2024-01-31,43734.38,42276.82,42943.64,39491.24,1695950546.73,42555.08,direct,,BTC
2024-02-01,43267.39,41855.88,42555.08,29018.49,1234469121.23,43073.2,direct,,BTC
2024-02-02,43452.76,42536.21,43073.2,26779.09,1152442855.72,43181.71,direct,,BTC
2024-02-03,43355.76,42874.37,43181.71,7556.6,325725942.96,42999.52,direct,,BTC
2024-02-04,43093.79,42232.02,42999.52,9589.32,410404369.06,42570.21,direct,,BTC
2024-02-05,43518.7,41931.59,42570.21,24867.17,1062866796.14,42664.56,direct,,BTC
2024-02-06,43360.05,42526.92,42664.56,22482.95,966265875.57,43091.51,direct,,BTC
2024-02-07,44402.0,42766.8,43091.51,30331.77,1319628672.43,44339.04,direct,,BTC
2024-02-08,45622.13,44333.87,44339.04,39654.68,1785332802.43,45304.61,direct,,BTC
2024-02-09,48208.27,45257.22,45304.61,50590.41,2379925849.32,47154.23,direct,,BTC
2024-02-10,48166.14,46894.61,47154.23,16452.46,780554926.36,47768.12,direct,,BTC
2024-02-11,48597.46,47592.04,47768.12,19858.95,956986637.1,48311.16,direct,,BTC
2024-02-12,50339.2,47718.59,48311.16,47112.86,2319184140.26,49942.97,direct,,BTC
2024-02-13,50392.92,48336.83,49942.97,42027.05,2075339722.8,49733.11,direct,,BTC
2024-02-14,52085.66,49272.58,49733.11,43948.58,2252886326.88,51844.19,direct,,BTC
2024-02-15,52845.45,51357.81,51844.19,42990.13,2239765884.49,51934.57,direct,,BTC
2024-02-16,52598.05,51604.88,51934.57,32295.2,1680749372.19,52163.28,direct,,BTC
2024-02-17,52201.89,50647.34,52163.28,17696.94,910308869.83,51668.78,direct,,BTC
2024-02-18,52393.59,51194.3,51668.78,14716.3,762533081.81,52139.33,direct,,BTC
2024-02-19,52487.6,51691.25,52139.33,18980.36,989270690.85,51781.22,direct,,BTC
2024-02-20,52985.95,50766.77,51781.22,39504.32,2050493239.79,52269.59,direct,,BTC
2024-02-21,52375.42,50633.49,52269.59,32665.42,1676374071.14,51854.36,direct,,BTC
2024-02-22,52056.01,50914.97,51854.36,30501.44,1573393306.75,51263.67,direct,,BTC
2024-02-23,51509.58,50523.07,51263.67,26365.93,1345274652.99,50744.07,direct,,BTC
2024-02-24,51687.88,50583.66,50744.07,10707.22,548313000.54,51574.61,direct,,BTC
2024-02-25,51957.87,51288.57,51574.61,12394.68,640224439.02,51727.63,direct,,BTC
2024-02-26,54939.87,50920.53,51727.63,47961.27,2550669499.35,54518.58,direct,,BTC
2024-02-27,57612.94,54483.19,54518.58,62683.92,3546751167.69,57071.6,direct,,BTC
2024-02-28,64086.08,56726.31,57071.6,102181.72,6171823618.31,62507.1,direct,,BTC
2024-02-29,63652.76,60370.98,62507.1,84709.08,5259277822.5,61179.58,direct,,BTC
2024-03-01,63226.77,60795.21,61179.58,52747.33,3267402863.37,62431.25,direct,,BTC
2024-03-02,62479.07,61631.05,62431.25,20264.53,1257238241.46,62038.39,direct,,BTC
2024-03-03,63254.84,61392.4,62038.39,20301.48,1265273119.48,63149.43,direct,,BTC
2024-03-04,68562.03,62363.97,63149.43,79177.16,5220774005.79,68338.64,direct,,BTC
2024-03-05,69244.55,59268.68,68338.64,126873.13,8263897912.84,63804.11,direct,,BTC
2024-03-06,67645.97,62851.27,63804.11,68031.77,4498440968.53,66115.57,direct,,BTC
2024-03-07,68065.89,65610.94,66115.57,41800.64,2804368120.13,66928.15,direct,,BTC
2024-03-08,70151.23,66173.73,66928.15,59361.92,4046244830.74,68269.39,direct,,BTC
2024-03-09,68663.92,68026.81,68269.39,16947.1,1158711168.05,68446.32,direct,,BTC
2024-03-10,69976.84,68218.19,68446.32,27686.99,1919585405.6,69023.53,direct,,BTC
2024-03-11,72872.77,67170.42,69023.53,62709.74,4476609937.75,72095.86,direct,,BTC
2024-03-12,72996.99,68636.43,72095.86,58546.01,4173072731.62,71449.5,direct,,BTC
2024-03-13,73672.14,71329.7,71449.5,41314.41,3008299520.61,73118.09,direct,,BTC
2024-03-14,73802.64,68493.91,73118.09,60699.01,4325873413.25,71366.96,direct,,BTC
2024-03-15,72394.97,65579.78,71366.96,73358.94,5016358153.02,69497.39,direct,,BTC
2024-03-16,70043.23,64783.87,69497.39,33956.52,2295869354.32,65260.55,direct,,BTC
2024-03-17,68873.88,64529.3,65260.55,29362.49,1962751757.05,68364.45,direct,,BTC
2024-03-18,68925.18,66584.49,68364.45,38542.52,2602930945.01,67609.44,direct,,BTC
2024-03-19,68116.53,61529.15,67609.44,75848.91,4863914201.82,61924.02,direct,,BTC
2024-03-20,68139.33,60782.8,61924.02,69671.19,4466872469.25,67857.3,direct,,BTC
2024-03-21,68229.38,64548.09,67857.3,38234.75,2542747734.72,65493.22,direct,,BTC
2024-03-22,66643.64,62321.3,65493.22,37343.35,2395884490.04,63816.99,direct,,BTC
2024-03-23,66005.71,63025.99,63816.99,19360.47,1250716141.79,64004.42,direct,,BTC
2024-03-24,67623.78,63802.82,64004.42,19120.87,1253420264.9,67208.33,direct,,BTC
2024-03-25,71202.65,66400.46,67208.33,46100.6,3184570068.52,69892.26,direct,,BTC
2024-03-26,71558.85,69294.69,69892.26,32990.33,2319265484.04,69990.22,direct,,BTC
2024-03-27,71762.06,68384.71,69990.22,40450.72,2817965870.72,69434.46,direct,,BTC
2024-03-28,71593.93,68864.89,69434.46,31346.01,2214217706.88,70789.57,direct,,BTC
2024-03-29,70925.04,69059.03,70789.57,17382.89,1216001428.98,69903.72,direct,,BTC
2024-03-30,70356.07,69586.01,69903.72,7371.14,515940317.66,69629.99,direct,,BTC
2024-03-31,71389.78,69601.39,69629.99,10567.65,745658086.55,71312.91,direct,,BTC
2024-04-01,71325.61,68074.92,71312.91,28892.19,2005923775.26,69686.37,direct,,BTC
2024-04-02,69703.1,64571.71,69686.37,48905.67,3234216304.99,65466.81,direct,,BTC
2024-04-03,66925.93,64514.87,65466.81,27792.87,1835055534.78,65986.11,direct,,BTC
2024-04-04,69343.32,65081.42,65986.11,36673.5,2475521298.64,68523.79,direct,,BTC
2024-04-05,68772.34,65994.65,68523.79,32904.8,2219856764.99,67860.53,direct,,BTC
2024-04-06,69672.09,67483.82,67860.53,11314.76,772361130.33,68913.79,direct,,BTC
2024-04-07,70303.08,68877.35,68913.79,13691.75,951477284.85,69357.32,direct,,BTC
2024-04-08,72750.51,69064.41,69357.32,36459.33,2607488940.79,71629.36,direct,,BTC
2024-04-09,71748.92,68213.24,71629.36,34538.71,2411758700.3,69129.48,direct,,BTC
2024-04-10,71150.5,67480.7,69129.48,37142.44,2563902180.98,70628.54,direct,,BTC
2024-04-11,71297.81,69558.05,70628.54,24988.45,1758820969.32,70026.43,direct,,BTC
2024-04-12,71246.69,65257.57,70026.43,49331.17,3367653179.18,67158.3,direct,,BTC
2024-04-13,68422.6,61079.47,67158.3,56915.71,3689543158.77,64021.36,direct,,BTC
2024-04-14,65874.88,62229.8,64021.36,40968.04,2627998512.52,65765.64,direct,,BTC
2024-04-15,66902.94,62328.07,65765.64,40978.19,2658417494.41,63447.27,direct,,BTC
2024-04-16,64385.46,61667.72,63447.27,35542.55,2234500815.41,63824.7,direct,,BTC
2024-04-17,64503.77,59682.79,63824.7,41504.19,2562816108.8,61283.74,direct,,BTC
2024-04-18,64181.25,60829.27,61283.74,31452.84,1972785716.37,63511.2,direct,,BTC
2024-04-19,65491.94,59607.49,63511.2,46058.39,2923364930.21,63848.26,direct,,BTC
2024-04-20,65453.07,63140.68,63848.26,13464.03,866105478.99,64979.21,direct,,BTC
2024-04-21,65724.22,64271.77,64979.21,13150.64,854324202.42,64955.82,direct,,BTC
2024-04-22,67257.68,64536.42,64955.82,22839.75,1510230897.53,66854.24,direct,,BTC
2024-04-23,67211.15,65835.93,66854.24,17575.6,1169300050.32,66415.06,direct,,BTC
2024-04-24,67067.52,63556.97,66415.06,28785.93,1878460968.73,64263.95,direct,,BTC
2024-04-25,65279.7,62759.65,64263.95,26730.52,1713069016.97,64488.49,direct,,BTC
2024-04-26,64795.15,63307.56,64488.49,19914.4,1275865834.83,63750.63,direct,,BTC
2024-04-27,63904.85,62408.97,63750.63,12684.85,799665556.56,63434.44,direct,,BTC
2024-04-28,64335.08,62769.01,63434.44,10104.62,642628554.25,63111.34,direct,,BTC
2024-04-29,64192.54,61768.51,63111.34,21849.86,1370557060.16,63847.54,direct,,BTC
2024-04-30,64721.13,59097.29,63847.54,41212.82,2518380270.05,60633.97,direct,,BTC
2024-05-01,60788.52,56516.09,60633.97,52053.76,3014503800.73,58277.44,direct,,BTC
2024-05-02,59628.08,56936.28,58277.44,29471.89,1724718703.27,59083.85,direct,,BTC
2024-05-03,63355.83,58835.76,59083.85,35180.41,2147038663.01,62917.45,direct,,BTC
2024-05-04,64539.14,62587.84,62917.45,16206.9,1029192793.92,63904.51,direct,,BTC
2024-05-05,64634.43,62923.47,63904.51,12595.62,803966989.59,64037.5,direct,,BTC
2024-05-06,65517.33,62715.9,64037.5,24082.55,1537928462.74,63168.44,direct,,BTC
2024-05-07,64403.15,62274.09,63168.44,20907.17,1326416673.48,62323.36,direct,,BTC
2024-05-08,63004.6,60867.52,62323.36,18593.4,1155791451.43,61179.81,direct,,BTC
2024-05-09,63429.98,60623.94,61179.81,18440.55,1140626858.17,63077.18,direct,,BTC
2024-05-10,63469.13,60181.24,63077.18,25390.35,1565941805.66,60790.82,direct,,BTC
2024-05-11,61489.54,60474.73,60790.82,8298.11,505608099.69,60823.19,direct,,BTC
2024-05-12,61838.51,60600.9,60823.19,8214.5,502848342.69,61459.22,direct,,BTC
2024-05-13,63445.72,60758.38,61459.22,21250.01,1327733464.12,62932.29,direct,,BTC
2024-05-14,63097.07,61094.77,62932.29,26392.04,1636519845.72,61548.48,direct,,BTC
2024-05-15,66467.29,61325.48,61548.48,40708.36,2625073579.59,66245.16,direct,,BTC
2024-05-16,66760.54,64600.05,66245.16,24275.96,1596664354.59,65250.53,direct,,BTC
2024-05-17,67489.24,65120.39,65250.53,23340.48,1552274385.82,67051.35,direct,,BTC
2024-05-18,67397.7,66633.01,67051.35,8752.24,586174043.35,66927.56,direct,,BTC
2024-05-19,67696.21,65878.18,66927.56,9725.64,650338446.5,66268.25,direct,,BTC
2024-05-20,71546.4,66071.74,66268.25,38260.49,2624709812.32,71430.23,direct,,BTC
2024-05-21,71964.79,69158.99,71430.23,30747.6,2169803609.99,70141.17,direct,,BTC
2024-05-22,70643.89,68952.24,70141.17,22981.44,1603267534.2,69123.56,direct,,BTC
2024-05-23,70037.76,66370.0,69123.56,28168.79,1922285401.83,67946.35,direct,,BTC
2024-05-24,69264.17,66613.35,67946.35,18239.62,1242012319.42,68548.33,direct,,BTC
2024-05-25,69599.81,68498.87,68548.33,5972.0,412212332.66,69288.95,direct,,BTC
2024-05-26,69511.53,68156.05,69288.95,5502.87,379159635.92,68488.29,direct,,BTC
2024-05-27,70613.89,68227.32,68488.29,13110.64,909946343.46,69386.83,direct,,BTC
2024-05-28,69533.54,67206.37,69386.83,22223.83,1514489243.92,68330.84,direct,,BTC
2024-05-29,68858.38,67099.33,68330.84,16353.37,1108570253.28,67576.81,direct,,BTC
2024-05-30,69520.94,67107.22,67576.81,20828.64,1424914242.82,68346.19,direct,,BTC
2024-05-31,69012.82,66605.09,68346.19,19922.04,1349659294.8,67482.25,direct,,BTC
2024-06-01,67831.31,67383.55,67482.25,4400.74,297719480.73,67721.6,direct,,BTC
2024-06-02,68409.58,67279.96,67721.6,6731.43,456585602.02,67738.74,direct,,BTC
2024-06-03,70283.97,67584.62,67738.74,22783.46,1575608100.17,68799.6,direct,,BTC
2024-06-04,71090.99,68553.54,68799.6,29746.55,2084571763.56,70548.51,direct,,BTC
2024-06-05,71782.2,70371.34,70548.51,21737.62,1545204312.75,71117.68,direct,,BTC
2024-06-06,71642.27,70113.83,71117.68,16078.4,1141567996.37,70772.35,direct,,BTC
2024-06-07,71943.4,68439.15,70772.35,28318.21,1992355199.22,69330.51,direct,,BTC
2024-06-08,69547.91,69152.66,69330.51,5753.02,399100009.36,69303.58,direct,,BTC
2024-06-09,69837.26,69131.01,69303.58,5137.66,357128157.69,69639.42,direct,,BTC
2024-06-10,70172.0,69166.61,69639.42,12116.49,843477987.58,69505.57,direct,,BTC
2024-06-11,69550.65,66054.78,69505.57,31800.9,2141818771.53,67319.41,direct,,BTC
2024-06-12,70021.47,66896.79,67319.41,31159.85,2139401386.85,68247.0,direct,,BTC
2024-06-13,68428.43,66224.61,68247.0,23051.5,1550737143.4,66742.54,direct,,BTC
2024-06-14,67317.79,65026.62,66742.54,24684.72,1633598669.38,66006.13,direct,,BTC
2024-06-15,66419.48,65832.26,66006.13,6139.62,406250537.71,66188.81,direct,,BTC
2024-06-16,66916.83,66012.05,66188.81,6512.06,433017008.55,66631.59,direct,,BTC
2024-06-17,67264.71,65062.53,66631.59,28974.78,1917243316.16,66481.73,direct,,BTC
2024-06-18,66570.67,64033.69,66481.73,35263.17,2293594296.72,65158.02,direct,,BTC
2024-06-19,65708.56,64656.84,65158.02,13478.88,878187235.08,64950.82,direct,,BTC
2024-06-20,66462.52,64527.9,64950.82,22559.77,1473091625.51,64847.89,direct,,BTC
2024-06-21,65018.39,63350.87,64847.89,22310.94,1427909531.59,64119.34,direct,,BTC
2024-06-22,64500.0,63924.68,64119.34,5570.5,358155105.44,64250.18,direct,,BTC
2024-06-23,64504.84,63154.88,64250.18,6504.7,416250575.81,63181.02,direct,,BTC
2024-06-24,63335.53,58443.98,63181.02,48177.24,2938115761.51,60270.95,direct,,BTC
2024-06-25,62385.37,60232.04,60270.95,31697.13,1946492862.08,61796.56,direct,,BTC
2024-06-26,62471.55,60684.69,61796.56,23423.63,1436803387.64,60824.43,direct,,BTC
2024-06-27,62341.3,60562.27,60824.43,22562.67,1385461549.94,61630.1,direct,,BTC
2024-06-28,62168.03,59907.92,61630.1,24288.31,1481619028.88,60324.3,direct,,BTC
2024-06-29,61129.31,60294.22,60324.3,9214.26,560710968.57,60905.3,direct,,BTC
2024-06-30,62949.76,60637.5,60905.3,12626.61,778765578.43,62685.88,direct,,BTC
2024-07-01,63800.98,62462.2,62685.88,25708.72,1623104957.15,62841.27,direct,,BTC
2024-07-02,63219.74,61453.08,62841.27,20510.77,1278702453.96,62044.48,direct,,BTC
2024-07-03,62198.73,59373.07,62044.48,27365.92,1653064013.62,60157.2,direct,,BTC
2024-07-04,60428.43,56728.63,60157.2,40351.82,2342236881.51,57041.11,direct,,BTC
2024-07-05,57494.97,53528.09,57041.11,57490.15,3198812323.21,56646.24,direct,,BTC
2024-07-06,58495.08,56035.03,56646.24,18766.95,1072779742.28,58255.65,direct,,BTC
2024-07-07,58452.39,55734.13,58255.65,18402.28,1053256457.42,55866.6,direct,,BTC
2024-07-08,58166.93,54305.08,55866.6,43439.51,2441024283.07,56709.76,direct,,BTC
2024-07-09,58289.53,56296.1,56709.76,29452.6,1692558128.7,58047.2,direct,,BTC
2024-07-10,59463.57,57165.19,58047.2,28064.27,1631984559.89,57725.78,direct,,BTC
2024-07-11,59494.11,57072.63,57725.78,29764.17,1729366992.27,57348.75,direct,,BTC
2024-07-12,58543.78,56554.34,57348.75,27242.71,1567843358.24,57913.68,direct,,BTC
2024-07-13,59866.89,57784.15,57913.68,13963.3,819172857.7,59231.06,direct,,BTC
2024-07-14,61424.95,59222.6,59231.06,20080.87,1207899406.9,60818.77,direct,,BTC
2024-07-15,64936.75,60688.12,60818.77,43679.34,2752990856.54,64765.55,direct,,BTC
2024-07-16,65399.48,62434.72,64765.55,38850.8,2492930912.34,65087.61,direct,,BTC
2024-07-17,66131.67,63872.53,65087.61,28170.64,1830962929.69,64096.64,direct,,BTC
2024-07-18,65118.55,63235.08,64096.64,21904.27,1405605268.54,63981.43,direct,,BTC
2024-07-19,67468.45,63305.25,63981.43,33756.81,2214983951.52,66708.49,direct,,BTC
2024-07-20,67626.82,66291.51,66708.49,12566.25,840850489.36,67163.86,direct,,BTC
2024-07-21,68370.58,65840.58,67163.86,18123.31,1219084237.52,68176.98,direct,,BTC
2024-07-22,68490.59,66594.51,68176.98,26712.99,1805561349.3,67567.71,direct,,BTC
2024-07-23,67774.86,65465.88,67567.71,29465.67,1958486045.34,65939.83,direct,,BTC
2024-07-24,67120.99,65112.45,65939.83,21576.01,1426727978.64,65375.53,direct,,BTC
2024-07-25,66154.31,63429.11,65375.53,29473.48,1902596712.12,65794.0,direct,,BTC
2024-07-26,68219.43,65734.24,65794.0,24567.97,1654021251.63,67925.17,direct,,BTC
2024-07-27,69416.52,66675.48,67925.17,26420.73,1801405015.15,67904.55,direct,,BTC
2024-07-28,68306.74,67054.94,67904.55,11980.7,812380984.29,68252.75,direct,,BTC
2024-07-29,70027.05,66436.99,68252.75,33524.03,2292001706.95,66782.78,direct,,BTC
2024-07-30,66989.18,65293.95,66782.78,24376.6,1614525200.12,66180.04,direct,,BTC
2024-07-31,66826.66,64508.96,66180.04,24304.84,1601329476.94,64617.83,direct,,BTC
2024-08-01,65590.04,62238.44,64617.83,37045.09,2364449721.14,65300.21,direct,,BTC
2024-08-02,65548.28,61165.12,65300.21,40943.43,2601345982.92,61422.3,direct,,BTC
2024-08-03,62154.66,59838.49,61422.3,26176.07,1596127875.28,60679.28,direct,,BTC
2024-08-04,61075.03,57174.97,60679.28,28092.97,1665780997.48,58135.89,direct,,BTC
2024-08-05,58275.19,49202.81,58135.89,117153.32,6220425122.88,54031.82,direct,,BTC
2024-08-06,57077.92,53987.77,54031.82,44255.76,2473716223.17,56057.67,direct,,BTC
2024-08-07,57753.96,54580.16,56057.67,39691.91,2232435439.52,55130.45,direct,,BTC
2024-08-08,62717.23,54751.57,55130.45,48215.66,2834182014.44,61708.53,direct,,BTC
2024-08-09,61752.64,59573.13,61708.53,32998.38,2000603963.46,60868.88,direct,,BTC
2024-08-10,61478.08,60270.33,60868.88,11935.68,725371248.47,60940.82,direct,,BTC
2024-08-11,61842.63,58331.17,60940.82,18214.18,1093722861.0,58725.0,direct,,BTC
2024-08-12,60708.39,57677.54,58725.0,33285.38,1967504137.76,59360.89,direct,,BTC
2024-08-13,61603.92,58440.76,59360.89,28787.92,1727785105.35,60609.73,direct,,BTC
2024-08-14,61788.76,58461.76,60609.73,30973.89,1858459018.71,58698.05,direct,,BTC
2024-08-15,59869.57,56132.98,58698.05,34692.53,2023439063.25,57552.92,direct,,BTC
2024-08-16,59851.62,57106.84,57552.92,29186.89,1708248208.47,58893.67,direct,,BTC
2024-08-17,59708.69,58815.46,58893.67,9691.68,574723583.6,59497.94,direct,,BTC
2024-08-18,60280.79,58433.69,59497.94,13915.75,830090221.14,58439.22,direct,,BTC
2024-08-19,59632.55,57828.14,58439.22,24222.4,1420739617.67,59464.41,direct,,BTC
2024-08-20,61442.89,58588.82,59464.41,31292.98,1877438049.21,59027.55,direct,,BTC
2024-08-21,61851.26,58806.66,59027.55,38408.34,2311932103.1,61170.8,direct,,BTC
2024-08-22,61426.96,59756.43,61170.8,28924.51,1754742660.96,60387.29,direct,,BTC
2024-08-23,64982.66,60351.28,60387.29,42020.68,2623908332.37,64087.8,direct,,BTC
2024-08-24,64523.11,63591.53,64087.8,15286.56,979836005.58,64180.77,direct,,BTC
2024-08-25,65058.66,63828.67,64180.77,12753.39,819671993.67,64264.62,direct,,BTC
2024-08-26,64504.12,62816.08,64264.62,27037.83,1719932426.98,62850.27,direct,,BTC
2024-08-27,63220.85,58045.32,62850.27,39241.27,2403744129.11,59441.73,direct,,BTC
2024-08-28,60232.58,57868.47,59441.73,38043.04,2251640371.44,59043.5,direct,,BTC
2024-08-29,61191.57,58735.81,59043.5,34345.83,2058113286.38,59369.85,direct,,BTC
2024-08-30,59926.33,57725.72,59369.85,35023.22,2063630420.49,59129.05,direct,,BTC
2024-08-31,59456.66,58759.04,59129.05,8035.77,474924657.65,58989.17,direct,,BTC
2024-09-01,59085.64,57217.94,58989.17,22352.53,1298154355.3,57313.44,direct,,BTC
2024-09-02,59431.04,57135.27,57313.44,23766.29,1383666270.94,59147.8,direct,,BTC
2024-09-03,59825.44,57411.84,59147.8,26568.4,1548986994.4,57481.84,direct,,BTC
2024-09-04,58532.47,55625.58,57481.84,43027.18,2458579314.87,57975.52,direct,,BTC
2024-09-05,58329.93,55651.61,57975.52,38784.5,2198240196.62,56167.4,direct,,BTC
2024-09-06,57004.28,52552.05,56167.4,69521.39,3807917186.59,53954.33,direct,,BTC
2024-09-07,54852.05,53742.58,53954.33,17050.67,925092003.79,54167.82,direct,,BTC
2024-09-08,55321.44,53631.93,54167.82,19159.79,1042880564.27,54879.33,direct,,BTC
2024-09-09,58005.33,54591.28,54879.33,42637.41,2385673385.77,57056.31,direct,,BTC
2024-09-10,58050.66,56397.36,57056.31,33391.45,1908344975.36,57642.43,direct,,BTC
2024-09-11,58002.86,55554.25,57642.43,55576.26,3160608627.55,57354.27,direct,,BTC
2024-09-12,58573.29,57330.99,57354.27,40914.83,2373500502.95,58140.61,direct,,BTC
2024-09-13,60666.01,57637.58,58140.61,40546.37,2401277043.91,60548.12,direct,,BTC
2024-09-14,60653.12,59433.38,60548.12,15042.25,903199598.39,60013.26,direct,,BTC
2024-09-15,60409.32,58697.69,60013.26,19176.34,1146142289.52,59139.21,direct,,BTC
2024-09-16,59215.73,57486.82,59139.21,33106.34,1927790314.93,58210.01,direct,,BTC
2024-09-17,61356.68,57624.63,58210.01,40712.51,2440680770.1,60321.59,direct,,BTC
2024-09-18,61794.54,59185.2,60321.59,48151.29,2902628124.61,61775.68,direct,,BTC
2024-09-19,63881.87,61582.28,61775.68,46829.96,2939807292.07,62963.41,direct,,BTC
2024-09-20,64131.22,62345.57,62963.41,34617.55,2188110863.96,63211.47,direct,,BTC
2024-09-21,63548.08,62767.25,63211.47,12142.67,766364347.61,63363.17,direct,,BTC
2024-09-22,64015.58,62394.47,63363.17,18884.06,1190921326.46,63587.45,direct,,BTC
2024-09-23,64749.32,62584.5,63587.45,27280.27,1734107185.41,63341.97,direct,,BTC
2024-09-24,64698.02,62710.48,63341.97,32160.64,2045185242.06,64276.65,direct,,BTC
2024-09-25,64823.35,62938.97,64276.65,23967.21,1526541478.78,63144.83,direct,,BTC
2024-09-26,65861.15,62660.36,63144.83,43302.56,2800234985.9,65183.68,direct,,BTC
2024-09-27,66547.69,64839.11,65183.68,36162.6,2378877920.32,65790.28,direct,,BTC
2024-09-28,66267.41,65442.19,65790.28,10383.49,682765288.62,65868.67,direct,,BTC
2024-09-29,66081.97,65440.3,65868.67,11532.92,758322138.61,65611.98,direct,,BTC
2024-09-30,65627.43,62846.03,65611.98,42396.01,2712227231.34,63314.81,direct,,BTC
2024-10-01,64112.99,60156.13,63314.81,67326.52,4189744833.01,60790.06,direct,,BTC
2024-10-02,62383.28,59976.82,60790.06,55652.18,3402156876.74,60641.8,direct,,BTC
2024-10-03,61478.71,59846.16,60641.8,50457.09,3058499959.35,60746.35,direct,,BTC
2024-10-04,62480.52,60458.33,60746.35,38904.7,2395319327.7,62094.06,direct,,BTC
2024-10-05,62377.77,61689.84,62094.06,10082.43,625465514.89,62059.19,direct,,BTC
2024-10-06,62976.08,61815.61,62059.19,13418.93,838451338.95,62821.76,direct,,BTC
2024-10-07,64458.38,62129.23,62821.76,41062.64,2602786910.05,62209.84,direct,,BTC
2024-10-08,63185.68,61832.71,62209.84,33506.88,2090901005.09,62129.17,direct,,BTC
2024-10-09,62513.84,60252.65,62129.17,37528.72,2311387233.46,60585.22,direct,,BTC
2024-10-10,61251.26,58869.24,60585.22,42405.42,2553922274.06,60280.38,direct,,BTC
2024-10-11,63418.56,60039.18,60280.38,36112.65,2236421715.94,62517.42,direct,,BTC
2024-10-12,63469.71,62473.78,62517.42,15673.6,987509499.19,63197.03,direct,,BTC
2024-10-13,63276.36,62036.49,63197.03,16786.01,1051974824.5,62854.48,direct,,BTC
2024-10-14,66494.04,62438.82,62854.48,50393.51,3279898050.67,66068.25,direct,,BTC
2024-10-15,67938.85,64791.36,66068.25,51909.81,3442311150.59,67064.69,direct,,BTC
2024-10-16,68401.67,66752.45,67064.69,42024.2,2841013476.69,67614.71,direct,,BTC
2024-10-17,67931.28,66643.91,67614.71,32062.99,2154293295.5,67408.87,direct,,BTC
2024-10-18,69016.74,67167.07,67408.87,36869.58,2516405877.34,68425.63,direct,,BTC
2024-10-19,68681.33,68009.42,68425.63,7712.36,526753638.72,68370.04,direct,,BTC
2024-10-20,69385.31,68094.66,68370.04,11999.25,824334290.12,69020.94,direct,,BTC
2024-10-21,69501.44,66811.42,69020.94,36536.85,2480399716.7,67358.14,direct,,BTC
2024-10-22,67800.62,66540.7,67358.14,32484.74,2184452853.61,67390.32,direct,,BTC
2024-10-23,67436.29,65171.54,67390.32,32488.79,2154644447.87,66612.97,direct,,BTC
2024-10-24,68812.4,66456.7,66612.97,31715.51,2144280257.66,68163.56,direct,,BTC
2024-10-25,68745.57,65510.53,68163.56,43824.41,2952724943.71,66577.77,direct,,BTC
2024-10-26,67366.46,66343.25,66577.77,14159.11,946447393.67,67014.72,direct,,BTC
2024-10-27,68254.55,66852.5,67014.72,12105.31,818581011.16,67945.14,direct,,BTC
2024-10-28,70241.74,67541.0,67945.14,42091.94,2902994091.1,69925.83,direct,,BTC
2024-10-29,73612.24,69725.05,69925.83,58289.36,4194343293.57,72723.67,direct,,BTC
2024-10-30,72945.06,71408.4,72723.67,38392.15,2769522546.26,72331.96,direct,,BTC
2024-10-31,72675.24,69585.02,72331.96,39358.14,2794856636.84,70207.54,direct,,BTC
2024-11-01,71616.01,68755.75,70207.54,49030.12,3429441961.46,69473.41,direct,,BTC
2024-11-02,69884.38,69006.88,69473.41,10811.2,750733288.76,69354.01,direct,,BTC
2024-11-03,69364.8,67457.91,69354.01,29674.18,2028670648.54,68747.04,direct,,BTC
2024-11-04,69453.56,66793.64,68747.04,43141.35,2939056973.62,67811.95,direct,,BTC
2024-11-05,70540.03,67432.99,67811.95,47211.37,3274519976.93,69378.09,direct,,BTC
2024-11-06,76482.2,69295.92,69378.09,116207.84,8601347745.99,75643.57,direct,,BTC
2024-11-07,76963.92,74472.09,75643.57,58490.52,4433063855.56,75922.41,direct,,BTC
2024-11-08,77289.29,75656.7,75922.41,48629.32,3714364388.44,76562.31,direct,,BTC
2024-11-09,76949.29,75763.57,76562.31,15808.47,1208160963.89,76716.41,direct,,BTC
2024-11-10,81520.53,76545.66,76716.41,57715.18,4582398468.87,80429.43,direct,,BTC
2024-11-11,89644.7,80283.65,80429.43,104407.32,8845679630.06,88758.31,direct,,BTC
2024-11-12,90006.57,85125.04,88758.31,117605.91,10326697667.45,88040.54,direct,,BTC
2024-11-13,93479.86,86252.86,88040.54,124766.84,11250681620.25,90498.51,direct,,BTC
2024-11-14,91817.29,86679.1,90498.51,81846.21,7309565757.27,87334.19,direct,,BTC
2024-11-15,91897.76,87118.43,87334.19,71049.87,6353615968.72,91058.92,direct,,BTC
2024-11-16,91810.87,90092.82,91058.92,27488.76,2501576427.85,90630.94,direct,,BTC
2024-11-17,91436.45,88728.28,90630.94,30966.65,2791320512.2,89877.16,direct,,BTC
2024-11-18,92649.98,87547.97,89877.16,66007.84,6006522738.03,90514.83,direct,,BTC
2024-11-19,94056.9,90414.27,90514.83,64909.54,5995386487.48,92418.48,direct,,BTC
2024-11-20,95056.1,91612.46,92418.48,70180.2,6579886464.89,94379.92,direct,,BTC
2024-11-21,99056.4,94152.97,94379.92,89243.49,8678686263.5,98436.25,direct,,BTC
2024-11-22,99772.99,97207.77,98436.25,74286.51,7337283037.5,99010.89,direct,,BTC
2024-11-23,99023.88,97219.23,99010.89,29017.14,2853544178.0,97765.04,direct,,BTC
2024-11-24,98670.34,95781.2,97765.04,30269.68,2940396079.61,98018.2,direct,,BTC
2024-11-25,98974.51,92592.66,98018.2,68259.16,6533804395.53,93019.38,direct,,BTC
2024-11-26,95007.52,90730.54,93019.38,77087.79,7150066318.55,91903.89,direct,,BTC
2024-11-27,97373.56,91757.22,91903.89,47765.92,4533983270.73,95957.51,direct,,BTC
2024-11-28,96672.28,94677.17,95957.51,24214.5,2311939499.68,95670.41,direct,,BTC
2024-11-29,98735.69,95391.39,95670.41,39884.8,3883366949.57,97510.92,direct,,BTC
2024-11-30,97514.26,96137.13,97510.92,12565.01,1215861238.63,96473.51,direct,,BTC
2024-12-01,97896.77,95752.22,96473.51,17120.23,1659820134.72,97276.47,direct,,BTC
2024-12-02,98219.29,94419.96,97276.47,52454.21,5040855658.82,95859.75,direct,,BTC
2024-12-03,96304.02,93590.91,95859.75,52781.2,5033493735.21,95928.37,direct,,BTC
2024-12-04,99226.36,94663.42,95928.37,59092.55,5727735676.06,98751.87,direct,,BTC
2024-12-05,104028.51,91741.97,98751.87,119875.78,12041439286.7,97053.82,direct,,BTC
2024-12-06,102088.57,96427.0,97053.82,56899.66,5653979066.29,99897.97,direct,,BTC
2024-12-07,100578.8,99025.63,99897.97,17306.94,1728102575.48,99926.38,direct,,BTC
2024-12-08,101430.6,98730.22,99926.38,17851.82,1785051035.31,101189.81,direct,,BTC
2024-12-09,101290.02,94567.01,101189.81,69981.57,6847958219.35,97338.34,direct,,BTC
2024-12-10,98316.66,94284.0,97338.34,68661.05,6621616095.14,96657.88,direct,,BTC
2024-12-11,101979.09,95730.76,96657.88,55047.48,5482015399.12,101203.07,direct,,BTC
2024-12-12,102598.04,99311.56,101203.07,47200.64,4765401240.36,100041.98,direct,,BTC
2024-12-13,101947.1,99232.64,100041.98,34639.86,3492131954.88,101429.78,direct,,BTC
2024-12-14,102653.76,100606.28,101429.78,16577.72,1683710017.37,101402.95,direct,,BTC
2024-12-15,105140.47,101228.16,101402.95,24799.66,2557994217.64,104424.54,direct,,BTC
2024-12-16,107829.08,103299.75,104424.54,60439.19,6398449052.08,106089.2,direct,,BTC
2024-12-17,108369.13,105308.99,106089.2,40879.26,4365460605.55,106140.14,direct,,BTC
2024-12-18,106502.15,99946.11,106140.14,75094.41,7727995790.43,100147.26,direct,,BTC
2024-12-19,102767.84,95555.55,100147.26,80969.49,8011759334.63,97381.1,direct,,BTC
2024-12-20,98131.87,92144.03,97381.1,84967.2,8141536426.69,97769.49,direct,,BTC
2024-12-21,99529.45,96379.46,97769.49,29797.52,2907358271.75,97223.39,direct,,BTC
2024-12-22,97387.01,94186.04,97223.39,29661.75,2842280143.72,95098.66,direct,,BTC
2024-12-23,96428.13,92378.53,95098.66,57639.3,5422281368.55,94771.64,direct,,BTC
2024-12-24,99439.54,93437.9,94771.64,40945.61,3967574825.79,98606.93,direct,,BTC
2024-12-25,99484.75,97568.85,98606.93,21801.56,2147049998.69,99356.06,direct,,BTC
2024-12-26,99888.75,95098.08,99356.06,38437.52,3704007593.19,95680.19,direct,,BTC
2024-12-27,97351.17,93270.34,95680.19,47149.3,4479654695.05,94170.09,direct,,BTC
2024-12-28,95542.25,94008.53,94170.09,14159.69,1339743546.48,95140.15,direct,,BTC
2024-12-29,95175.67,92850.44,95140.15,17921.9,1684134735.83,93564.85,direct,,BTC
2024-12-30,94910.24,91310.52,93564.85,56846.06,5287498462.5,92646.21,direct,,BTC
2024-12-31,96139.7,91894.97,92646.21,38897.74,3659994868.24,93391.98,direct,,BTC
2025-01-01,94953.5,92728.81,93391.98,19153.02,1798161467.81,94392.51,direct,,BTC
2025-01-02,97766.59,94197.85,94392.51,38283.3,3693985155.25,96900.96,direct,,BTC
2025-01-03,98963.23,96021.74,96900.96,28427.3,2773288955.93,98135.8,direct,,BTC
2025-01-04,98757.16,97522.47,98135.8,9919.49,972181437.3,98213.69,direct,,BTC
2025-01-05,98818.4,97248.4,98213.69,9872.68,967941540.09,98346.97,direct,,BTC
2025-01-06,102530.34,97908.09,98346.97,46146.96,4654078182.67,102282.2,direct,,BTC
2025-01-07,102747.54,96112.95,102282.2,54319.14,5348079997.25,96942.47,direct,,BTC
2025-01-08,97251.53,92488.45,96942.47,57721.92,5480363249.42,95051.06,direct,,BTC
2025-01-09,95345.44,91197.56,95051.06,50519.28,4696698492.32,92548.12,direct,,BTC
2025-01-10,95845.36,92206.53,92548.12,55479.83,5217667771.49,94710.29,direct,,BTC
2025-01-11,94985.54,93826.56,94710.29,9594.23,905586720.06,94569.95,direct,,BTC
2025-01-12,95388.08,93675.7,94569.95,10865.93,1027482279.92,94505.67,direct,,BTC
2025-01-13,95894.16,89153.4,94505.67,67978.59,6274787648.38,94517.66,direct,,BTC
2025-01-14,97357.87,94324.09,94517.66,44347.27,4263471095.02,96526.87,direct,,BTC
2025-01-15,100719.11,96466.75,96526.87,43167.2,4261664752.23,100510.84,direct,,BTC
2025-01-16,100867.35,97275.38,100510.84,43426.87,4314930790.39,99979.43,direct,,BTC
2025-01-17,105926.06,99941.15,99979.43,54200.85,5613810480.0,104111.13,direct,,BTC
2025-01-18,104927.11,102234.37,104111.13,25366.61,2633222970.99,104431.52,direct,,BTC
2025-01-19,106317.18,99537.53,104431.52,41597.34,4325905602.1,101212.56,direct,,BTC
2025-01-20,109340.21,99449.75,101212.56,68840.35,7208305685.37,102148.74,direct,,BTC
2025-01-21,107252.77,100069.04,102148.74,84552.76,8798621119.3,106155.61,direct,,BTC
2025-01-22,106398.57,103321.48,106155.61,43996.49,4603973397.2,103669.08,direct,,BTC
2025-01-23,106865.3,101221.0,103669.08,94063.64,9801561614.73,103933.88,direct,,BTC
2025-01-24,107170.86,102751.09,103933.88,40201.93,4233037157.97,104854.78,direct,,BTC
2025-01-25,105282.15,104107.08,104854.78,11835.64,1239370331.55,104733.15,direct,,BTC
2025-01-26,105475.33,102487.8,104733.15,14118.63,1469434497.98,102576.93,direct,,BTC
2025-01-27,103230.24,97712.77,102576.93,94472.14,9486896779.23,102065.72,direct,,BTC
2025-01-28,103787.72,100221.08,102065.72,44096.37,4510250877.49,101284.47,direct,,BTC
2025-01-29,104796.98,101279.83,101284.47,47080.07,4842279589.43,103742.97,direct,,BTC
2025-01-30,106472.04,103297.81,103742.97,36659.17,3857857706.34,104739.58,direct,,BTC
2025-01-31,106101.91,101514.21,104739.58,42222.31,4378171064.39,102412.41,direct,,BTC
2025-02-01,102768.26,100270.22,102412.41,15691.73,1595801666.26,100619.87,direct,,BTC
2025-02-02,101436.9,96158.45,100619.87,56620.33,5562003741.78,97665.06,direct,,BTC
2025-02-03,102575.82,91142.87,97665.06,119095.77,11504010038.06,101451.28,direct,,BTC
2025-02-04,101800.32,95090.81,101451.28,63348.17,6271562966.61,97794.88,direct,,BTC
2025-02-05,99208.65,96175.47,97794.88,42695.62,4171560523.14,96633.71,direct,,BTC
2025-02-06,99180.75,95691.57,96633.71,44725.1,4349625340.99,96564.27,direct,,BTC
2025-02-07,100202.29,95630.04,96564.27,51939.12,5075285222.44,96532.73,direct,,BTC
2025-02-08,96906.35,95685.31,96532.73,12529.37,1207354073.88,96475.59,direct,,BTC
2025-02-09,97340.86,94752.27,96475.59,18638.48,1791686347.07,96485.6,direct,,BTC
2025-02-10,98363.35,95276.7,96485.6,28119.4,2731410651.57,97458.59,direct,,BTC
2025-02-11,98499.44,94852.37,97458.59,29002.62,2800036234.45,95781.05,direct,,BTC
2025-02-12,98127.45,94087.33,95781.05,40118.73,3853980407.7,97874.61,direct,,BTC
2025-02-13,98104.11,95225.08,97874.61,23246.76,2236344585.75,96632.78,direct,,BTC
2025-02-14,98869.28,96282.72,96632.78,20187.22,1966704817.61,97508.71,direct,,BTC
2025-02-15,97979.54,97245.24,97508.71,5831.48,569120592.04,97596.21,direct,,BTC
2025-02-16,97728.27,96069.15,97596.21,6632.76,643146269.46,96132.69,direct,,BTC
2025-02-17,97046.2,95226.61,96132.69,14565.31,1398128550.67,95790.31,direct,,BTC
2025-02-18,96736.69,93361.47,95790.31,26359.54,2502902525.93,95630.67,direct,,BTC
2025-02-19,96885.35,95032.61,95630.67,17048.51,1637124692.48,96640.99,direct,,BTC
2025-02-20,98763.14,96430.11,96640.99,21068.47,2057024374.7,98345.66,direct,,BTC
2025-02-21,99519.21,94775.25,98345.66,40404.88,3928905117.72,96150.27,direct,,BTC
2025-02-22,96973.86,95771.79,96150.27,11673.75,1126120706.18,96580.46,direct,,BTC
2025-02-23,96674.04,95255.75,96580.46,7473.29,718043733.58,96274.12,direct,,BTC
2025-02-24,96514.26,91349.77,96274.12,31216.13,2945422583.03,91536.97,direct,,BTC
2025-02-25,92540.35,85944.14,91536.97,73085.74,6473414678.86,88609.26,direct,,BTC
2025-02-26,89320.19,82199.13,88609.26,59111.39,5069737664.07,84128.38,direct,,BTC
2025-02-27,87008.08,82601.58,84128.38,46301.47,3929681159.63,84657.34,direct,,BTC
2025-02-28,85114.25,78203.72,84657.34,79539.18,6502539275.13,84322.57,direct,,BTC
2025-03-01,86537.62,83798.96,84322.57,18530.02,1577375765.18,86050.58,direct,,BTC
2025-03-02,95106.04,85047.82,86050.58,48038.07,4350642164.47,94275.76,direct,,BTC
2025-03-03,94415.65,85071.66,94275.76,65233.7,5844734403.0,86158.95,direct,,BTC
2025-03-04,88941.97,81449.43,86158.95,67017.22,5671376306.72,87255.42,direct,,BTC
2025-03-05,91001.98,86341.87,87255.42,38856.74,3457722668.91,90610.8,direct,,BTC
2025-03-06,92808.83,87818.33,90610.8,38977.52,3512025157.48,89931.91,direct,,BTC
2025-03-07,91275.25,84649.25,89931.91,70464.28,6196139350.73,86766.61,direct,,BTC
2025-03-08,86860.89,85206.97,86766.61,10574.16,910862167.44,86225.0,direct,,BTC
2025-03-09,86509.85,80006.76,86225.0,23565.36,1952362587.51,80719.05,direct,,BTC
2025-03-10,84037.25,77420.92,80719.05,54996.98,4414695361.63,78561.62,direct,,BTC
2025-03-11,83608.26,76581.52,78561.62,46456.32,3744822903.84,82919.47,direct,,BTC
2025-03-12,84410.29,80596.11,82919.47,33320.8,2750448405.11,83665.14,direct,,BTC
2025-03-13,84307.29,79915.4,83665.14,25813.81,2112762232.49,81081.43,direct,,BTC
2025-03-14,85315.9,80787.81,81081.43,27692.23,2317052000.16,83995.47,direct,,BTC
2025-03-15,84688.82,83628.73,83995.47,6081.09,512466916.19,84355.92,direct,,BTC
2025-03-16,85083.1,81992.19,84355.92,13119.21,1094031604.62,82572.37,direct,,BTC
2025-03-17,84760.98,82442.95,82572.37,19966.07,1667911609.42,84025.12,direct,,BTC
2025-03-18,84039.3,81137.39,84025.12,20939.97,1721702159.89,82716.74,direct,,BTC
2025-03-19,87036.45,82562.03,82716.74,30764.1,2600942940.47,86878.5,direct,,BTC
2025-03-20,87483.4,83611.66,86878.5,25040.14,2135028136.81,84178.31,direct,,BTC
2025-03-21,84798.7,83129.17,84178.31,15799.47,1326866772.29,84060.48,direct,,BTC
2025-03-22,84503.68,83661.65,84060.48,4784.27,402548876.3,83837.39,direct,,BTC
2025-03-23,86126.45,83807.2,83837.39,7450.59,632787991.66,86091.67,direct,,BTC
2025-03-24,88782.52,85546.71,86091.67,26225.71,2301262365.85,87520.48,direct,,BTC
2025-03-25,88575.0,86325.18,87520.48,23097.19,2023574450.81,87439.7,direct,,BTC
2025-03-26,88297.12,85867.66,87439.7,19657.36,1711822847.59,86923.95,direct,,BTC
2025-03-27,87779.02,85817.84,86923.95,16968.52,1476492894.46,87218.89,direct,,BTC
2025-03-28,87492.39,83544.63,87218.89,25383.93,2152567384.16,84387.01,direct,,BTC
2025-03-29,84583.02,81634.23,84387.01,11328.65,938834818.34,82625.65,direct,,BTC
2025-03-30,83516.72,81563.47,82625.65,10151.57,839590269.08,82379.51,direct,,BTC
2025-03-31,83917.4,81290.13,82379.51,22937.49,1894666416.64,82539.52,direct,,BTC
2025-04-01,85554.98,82419.98,82539.52,23296.36,1962356062.59,85174.96,direct,,BTC
2025-04-02,88505.24,82299.2,85174.96,41160.08,3519914220.4,82490.58,direct,,BTC
2025-04-03,83928.41,81178.57,82490.58,28340.47,2335462308.44,83158.8,direct,,BTC
2025-04-04,84716.02,81648.68,83158.8,37104.6,3085885741.07,83860.21,direct,,BTC
2025-04-05,84230.44,82357.52,83860.21,7478.68,622496989.4,83503.37,direct,,BTC
2025-04-06,83756.1,77079.93,83503.37,29753.86,2374631982.2,78365.57,direct,,BTC
2025-04-07,81172.27,74426.93,78365.57,71279.71,5546499783.12,79143.06,direct,,BTC
2025-04-08,80835.83,76181.24,79143.06,39397.81,3084760820.88,76255.1,direct,,BTC
2025-04-09,83574.06,74569.86,76255.1,62853.19,4963132858.37,82587.03,direct,,BTC
2025-04-10,82710.13,78405.82,82587.03,31362.13,2526317821.03,79554.96,direct,,BTC
2025-04-11,84266.51,78924.27,79554.96,29349.5,2412186958.4,83386.0,direct,,BTC
2025-04-12,85899.74,82766.93,83386.0,14180.76,1196895442.75,85272.12,direct,,BTC
2025-04-13,86079.47,83019.76,85272.12,16310.95,1375187409.37,83730.92,direct,,BTC
2025-04-14,85796.21,83667.03,83730.92,24118.6,2042899221.49,84575.75,direct,,BTC
2025-04-15,86473.18,83596.04,84575.75,18210.0,1548187876.56,83638.17,direct,,BTC
2025-04-16,85485.35,83094.96,83638.17,22244.37,1871983984.29,84029.4,direct,,BTC
2025-04-17,85472.23,83725.98,84029.4,15229.6,1288802970.79,84943.42,direct,,BTC
2025-04-18,85132.75,84287.73,84943.42,5504.81,465771169.06,84459.96,direct,,BTC
2025-04-19,85614.27,84355.7,84459.96,5342.18,454642234.58,85061.54,direct,,BTC
2025-04-20,85302.3,83954.54,85061.54,5694.47,482671707.92,85167.14,direct,,BTC
2025-04-21,88526.3,85132.52,85167.14,30403.0,2657452654.45,87515.57,direct,,BTC
2025-04-22,93937.07,87084.84,87515.57,42804.67,3880446944.47,93483.3,direct,,BTC
2025-04-23,94656.65,91943.03,93483.3,32977.9,3081124602.45,93729.23,direct,,BTC
2025-04-24,94047.54,91693.21,93729.23,21490.53,2000861098.9,94022.48,direct,,BTC
2025-04-25,95924.19,92883.11,94022.48,32483.13,3078073390.5,94711.24,direct,,BTC
2025-04-26,95258.03,93916.48,94711.24,7391.42,698471645.53,94663.66,direct,,BTC
2025-04-27,95346.43,93671.22,94663.66,7713.95,726739226.7,93777.44,direct,,BTC
2025-04-28,95636.66,92864.35,93777.44,20417.05,1925071151.02,95035.06,direct,,BTC
2025-04-29,95487.2,93780.51,95035.06,16856.75,1599631635.46,94274.16,direct,,BTC
2025-04-30,95250.77,92968.85,94274.16,21486.05,2024539251.94,94186.14,direct,,BTC
2025-05-01,97505.38,94150.92,94186.14,23665.14,2278228402.24,96519.31,direct,,BTC
2025-05-02,97939.99,96386.78,96519.31,16175.06,1571644595.63,96925.07,direct,,BTC
2025-05-03,96963.89,95826.0,96925.07,7082.92,682121711.48,95903.14,direct,,BTC
2025-05-04,96326.95,94313.27,95903.14,10960.75,1046015845.6,94394.09,direct,,BTC
2025-05-05,95224.21,93694.42,94394.09,17619.91,1661608010.46,94767.95,direct,,BTC
2025-05-06,96911.52,93382.91,94767.95,18330.26,1735613081.89,96835.87,direct,,BTC
2025-05-07,97720.02,95816.56,96835.87,20000.95,1936285634.4,97052.27,direct,,BTC
2025-05-08,104147.97,96905.18,97052.27,40299.96,4054486165.35,103259.0,direct,,BTC
2025-05-09,104353.74,102332.43,103259.0,22760.45,2345592246.87,102982.3,direct,,BTC
2025-05-10,104980.23,102830.2,102982.3,9107.42,944047262.42,104814.08,direct,,BTC
2025-05-11,104958.29,103353.87,104814.08,10980.95,1144137614.49,104124.02,direct,,BTC
2025-05-12,105783.35,100723.18,104124.02,27678.93,2862364942.19,102802.44,direct,,BTC
2025-05-13,105015.14,101466.16,102802.44,20326.97,2105889171.38,104136.59,direct,,BTC
2025-05-14,104357.47,102615.68,104136.59,16577.27,1716689620.72,103543.76,direct,,BTC
2025-05-15,104197.65,101407.14,103543.76,17867.52,1837798016.09,103787.64,direct,,BTC
2025-05-16,104594.19,103138.18,103787.64,14498.25,1506289579.07,103499.6,direct,,BTC
2025-05-17,103729.29,102642.39,103499.6,5830.13,601366594.09,103159.32,direct,,BTC
2025-05-18,106670.63,103144.58,103159.32,12986.86,1361010736.04,106488.62,direct,,BTC
2025-05-19,107117.46,102104.37,106488.62,23756.73,2480463388.93,105618.19,direct,,BTC
2025-05-20,107339.72,104220.59,105618.19,19460.7,2062199314.32,106875.88,direct,,BTC
2025-05-21,110778.49,106133.62,106875.88,38005.12,4104199576.95,109699.86,direct,,BTC
2025-05-22,111998.96,109250.4,109699.86,25391.66,2820234493.39,111722.11,direct,,BTC
2025-05-23,111810.26,106807.62,111722.11,25390.32,2775108378.21,107332.91,direct,,BTC
2025-05-24,109512.56,106896.28,107332.91,8974.86,972112098.0,107779.46,direct,,BTC
2025-05-25,109349.07,106643.02,107779.46,10033.32,1080850082.19,109041.44,direct,,BTC
2025-05-26,110459.23,108718.82,109041.44,14310.31,1568531304.43,109461.24,direct,,BTC
2025-05-27,110802.2,107543.83,109461.24,22990.09,2520257081.13,108975.95,direct,,BTC
2025-05-28,109328.61,106799.94,108975.95,18610.56,2010518282.08,107821.11,direct,,BTC
2025-05-29,108929.95,105327.79,107821.11,24372.04,2610280801.53,105586.78,direct,,BTC
2025-05-30,106348.19,103650.43,105586.78,23541.73,2473658024.71,104039.27,direct,,BTC
2025-05-31,104959.61,103127.75,104039.27,8552.6,890138427.14,104654.65,direct,,BTC
2025-06-01,105924.77,103823.88,104654.65,7524.76,788781340.28,105702.19,direct,,BTC
2025-06-02,105988.22,103708.71,105702.19,15178.71,1589665625.81,105908.79,direct,,BTC
2025-06-03,106888.12,104926.88,105908.79,15596.95,1652394373.05,105447.66,direct,,BTC
2025-06-04,106044.55,104206.69,105447.66,12621.93,1327155925.5,104746.0,direct,,BTC
2025-06-05,105975.11,100418.61,104746.0,27489.96,2835254363.62,101580.61,direct,,BTC
2025-06-06,105426.24,101174.97,101580.61,23040.48,2391698461.05,104392.54,direct,,BTC
2025-06-07,105974.42,103976.29,104392.54,8589.54,903776492.08,105625.23,direct,,BTC
2025-06-08,106537.25,105042.03,105625.23,5871.71,621667329.31,105779.28,direct,,BTC
2025-06-09,110543.89,105372.62,105779.28,17851.91,1927020528.87,110302.12,direct,,BTC
2025-06-10,110403.6,108373.44,110302.12,15646.83,1712252251.27,110296.2,direct,,BTC
2025-06-11,110425.64,108096.82,110296.2,14497.2,1585492756.74,108676.78,direct,,BTC
2025-06-12,108843.81,105721.73,108676.78,18051.35,1937273976.29,105726.04,direct,,BTC
2025-06-13,106224.76,102773.14,105726.04,27266.37,2853509529.91,106121.08,direct,,BTC
2025-06-14,106260.08,104386.29,106121.08,7543.44,792948934.46,105481.13,direct,,BTC
2025-06-15,106189.63,104546.11,105481.13,6583.09,693686973.05,105625.23,direct,,BTC
2025-06-16,109014.33,105016.81,105625.23,17191.01,1846109491.24,106855.39,direct,,BTC
2025-06-17,107795.31,103378.64,106855.39,22652.14,2383744168.87,104598.68,direct,,BTC
2025-06-18,105579.84,103547.15,104598.68,18605.58,1945024806.28,104927.87,direct,,BTC
2025-06-19,105264.38,103951.44,104927.87,9905.95,1036540458.21,104699.72,direct,,BTC
2025-06-20,106559.45,102367.77,104699.72,17700.79,1845670588.12,103313.31,direct,,BTC
2025-06-21,104021.01,100925.53,103313.31,11217.17,1151399558.13,102165.68,direct,,BTC
2025-06-22,103430.09,98264.46,102165.68,30700.21,3086806069.73,101015.42,direct,,BTC
2025-06-23,106134.09,99685.07,101015.42,35198.88,3606601777.41,105423.73,direct,,BTC
2025-06-24,106358.78,104710.65,105423.73,19908.29,2099787246.67,106133.25,direct,,BTC
2025-06-25,108196.78,105880.48,106133.25,19838.91,2128340951.52,107399.88,direct,,BTC
2025-06-26,108330.6,106605.5,107399.88,14664.25,1575810932.89,107012.17,direct,,BTC
2025-06-27,107793.99,106421.82,107012.17,16821.31,1799885723.45,107105.16,direct,,BTC
2025-06-28,107591.48,106884.15,107105.16,3472.45,372614444.73,107346.44,direct,,BTC
2025-06-29,108538.36,107233.58,107346.44,6094.35,657403121.35,108391.87,direct,,BTC
2025-06-30,108815.66,106756.38,108391.87,14220.51,1530756559.33,107169.82,direct,,BTC
2025-07-01,107574.08,105295.02,107169.82,15730.48,1673173144.76,105724.18,direct,,BTC
2025-07-02,109818.47,105143.1,105724.18,19611.45,2124516059.08,108886.62,direct,,BTC
2025-07-03,110584.4,108579.56,108886.62,16647.63,1825182141.8,109638.97,direct,,BTC
2025-07-04,109810.02,107283.92,109638.97,10440.09,1130647600.78,108027.71,direct,,BTC
2025-07-05,108444.73,107798.16,108027.71,3465.16,374668091.72,108244.51,direct,,BTC
2025-07-06,109728.96,107846.02,108244.51,5651.56,614763572.9,109233.93,direct,,BTC
2025-07-07,109737.83,107513.97,109233.93,13350.41,1447160434.07,108277.16,direct,,BTC
2025-07-08,109248.31,107445.04,108277.16,12122.12,1316408874.89,108955.05,direct,,BTC
2025-07-09,109156.07,108341.92,108955.05,1526.89,166009085.71,108746.31,direct,,BTC
