time,high,low,open,volumefrom,volumeto,close,conversionType,conversionSymbol,symbol
2020-01-17,0.002506,0.002301,0.002388,11943432.95,28339.54,0.002464,direct,,DOGE
2020-01-18,0.002602,0.002425,0.002464,17376001.62,42977.48,0.002532,direct,,DOGE
2020-01-19,0.002618,0.002366,0.002532,17112671.16,42467.45,0.002439,direct,,DOGE
2020-01-20,0.002525,0.00234,0.002439,14105899.39,33740.16,0.002445,direct,,DOGE
2020-01-21,0.002491,0.002366,0.002445,12646917.84,30240.51,0.002399,direct,,DOGE
2020-01-22,0.002489,0.002355,0.002399,7440909.13,17865.65,0.002433,direct,,DOGE
2020-01-23,0.002673,0.002307,0.002433,14313903.71,34430.36,0.002334,direct,,DOGE
2020-01-24,0.002366,0.002298,0.002334,15938297.72,37236.47,0.002342,direct,,DOGE
2020-01-25,0.002362,0.002296,0.002342,14336397.77,33360.59,0.002335,direct,,DOGE
2020-01-26,0.002356,0.002255,0.002335,7913705.89,18335.2,0.002301,direct,,DOGE
2020-01-27,0.002435,0.002297,0.002301,14790797.08,34989.63,0.002394,direct,,DOGE
2020-01-28,0.002457,0.002162,0.002394,18082340.12,42994.45,0.002387,direct,,DOGE
2020-01-29,0.002507,0.002382,0.002387,21278242.22,51748.26,0.002434,direct,,DOGE
2020-01-30,0.00247,0.002373,0.002434,16071647.89,38743.1,0.002412,direct,,DOGE
2020-01-31,0.002647,0.002365,0.002412,10749915.16,26066.91,0.002411,direct,,DOGE
2020-02-01,0.00249,0.002372,0.002411,9649439.9,23285.67,0.002428,direct,,DOGE
2020-02-02,0.00251,0.002363,0.002428,16045635.14,39116.42,0.002474,direct,,DOGE
2020-02-03,0.002496,0.002434,0.002474,13153093.62,32395.33,0.002475,direct,,DOGE
2020-02-04,0.002512,0.002404,0.002475,16567888.54,40529.15,0.002512,direct,,DOGE
2020-02-05,0.002641,0.002512,0.002512,27683942.02,71454.47,0.002601,direct,,DOGE
2020-02-06,0.002734,0.002549,0.002601,13344845.75,35341.04,0.002706,direct,,DOGE
2020-02-07,0.002766,0.002637,0.002706,22371805.35,60407.91,0.002763,direct,,DOGE
2020-02-08,0.00333,0.002609,0.002763,36012891.99,108745.74,0.003157,direct,,DOGE
2020-02-09,0.003556,0.003047,0.003157,58819208.82,197785.69,0.003225,direct,,DOGE
2020-02-10,0.003387,0.002856,0.003225,20323995.68,62139.71,0.002958,direct,,DOGE
2020-02-11,0.003104,0.002781,0.002958,11970563.39,35401.99,0.003029,direct,,DOGE
2020-02-12,0.003374,0.003003,0.003029,25027914.93,77019.0,0.003039,direct,,DOGE
2020-02-13,0.003228,0.002869,0.003039,57708118.21,179934.08,0.002988,direct,,DOGE
2020-02-14,0.003291,0.002964,0.002988,31410170.57,97828.99,0.003095,direct,,DOGE
2020-02-15,0.003179,0.002858,0.003095,37769075.9,112769.67,0.002895,direct,,DOGE
2020-02-16,0.002975,0.002415,0.002895,19954405.74,55341.38,0.002727,direct,,DOGE
2020-02-17,0.002784,0.002438,0.002727,24068645.15,63985.34,0.002724,direct,,DOGE
2020-02-18,0.002887,0.002639,0.002724,8878450.64,24405.77,0.002868,direct,,DOGE
2020-02-19,0.002889,0.002624,0.002868,12567037.74,35282.29,0.002624,direct,,DOGE
2020-02-20,0.002766,0.002501,0.002624,19183492.41,51248.4,0.002661,direct,,DOGE
2020-02-21,0.002887,0.002644,0.002661,13158248.32,35359.74,0.002699,direct,,DOGE
2020-02-22,0.002719,0.00254,0.002699,16743880.12,44390.99,0.002622,direct,,DOGE
2020-02-23,0.002768,0.002603,0.002622,10985648.36,29306.64,0.002677,direct,,DOGE
2020-02-24,0.002698,0.002596,0.002677,14285600.92,37797.21,0.002667,direct,,DOGE
2020-02-25,0.002684,0.002494,0.002667,14155729.84,36879.19,0.002597,direct,,DOGE
2020-02-26,0.002618,0.00227,0.002597,12684918.06,30810.07,0.002388,direct,,DOGE
2020-02-27,0.002554,0.002274,0.002388,15910851.23,38884.59,0.002502,direct,,DOGE
2020-02-28,0.002679,0.002334,0.002502,17166679.77,41614.28,0.002486,direct,,DOGE
2020-02-29,0.002509,0.00227,0.002486,9460010.31,22683.97,0.00227,direct,,DOGE
2020-03-01,0.00247,0.002244,0.00227,9537848.41,22591.27,0.002404,direct,,DOGE
2020-03-02,0.002457,0.002309,0.002404,16284562.68,39392.85,0.002443,direct,,DOGE
2020-03-03,0.002809,0.002351,0.002443,19217936.0,47930.5,0.002525,direct,,DOGE
2020-03-04,0.002602,0.002402,0.002525,11512315.34,29092.88,0.002552,direct,,DOGE
2020-03-05,0.002588,0.002471,0.002552,18297302.87,46743.84,0.002561,direct,,DOGE
2020-03-06,0.002635,0.002366,0.002561,13831766.43,35240.6,0.002551,direct,,DOGE
2020-03-07,0.002612,0.002448,0.002551,12828615.79,32283.51,0.002478,direct,,DOGE
2020-03-08,0.002599,0.002167,0.002478,20093318.25,48462.72,0.002229,direct,,DOGE
2020-03-09,0.002378,0.002159,0.002229,20107996.84,45903.98,0.002208,direct,,DOGE
2020-03-10,0.002392,0.002208,0.002208,10098843.79,23099.57,0.002314,direct,,DOGE
2020-03-11,0.002371,0.002158,0.002314,16341350.85,37750.41,0.00229,direct,,DOGE
2020-03-12,0.002329,0.001508,0.00229,47437445.61,90552.71,0.001541,direct,,DOGE
2020-03-13,0.00193,0.001251,0.001541,44201561.75,70593.14,0.00177,direct,,DOGE
2020-03-14,0.002022,0.001657,0.00177,23258201.17,42863.19,0.00181,direct,,DOGE
2020-03-15,0.00201,0.001672,0.00181,15855665.67,29316.76,0.001967,direct,,DOGE
2020-03-16,0.001997,0.001187,0.001967,44705363.41,72842.46,0.001575,direct,,DOGE
2020-03-17,0.001869,0.001569,0.001575,20811897.71,34678.05,0.001636,direct,,DOGE
2020-03-18,0.001829,0.001551,0.001636,9998882.5,16609.27,0.001806,direct,,DOGE
2020-03-19,0.002028,0.001629,0.001806,20292478.62,35874.1,0.001877,direct,,DOGE
2020-03-20,0.002063,0.001482,0.001877,21463840.04,40806.69,0.001909,direct,,DOGE
2020-03-21,0.001946,0.001739,0.001909,7499506.42,14181.96,0.001922,direct,,DOGE
2020-03-22,0.001955,0.001772,0.001922,20207376.96,37928.26,0.001913,direct,,DOGE
2020-03-23,0.002065,0.001791,0.001913,13400571.24,25623.16,0.001955,direct,,DOGE
2020-03-24,0.002081,0.001866,0.001955,10043049.1,19621.05,0.002074,direct,,DOGE
2020-03-25,0.002074,0.001799,0.002074,17887923.95,35654.49,0.001987,direct,,DOGE
2020-03-26,0.001999,0.001836,0.001987,13440203.77,26516.46,0.001963,direct,,DOGE
2020-03-27,0.001985,0.001822,0.001963,21688203.48,41740.04,0.001822,direct,,DOGE
2020-03-28,0.001964,0.001751,0.001822,17010281.29,31887.28,0.001926,direct,,DOGE
2020-03-29,0.001955,0.001729,0.001926,13388476.78,25360.62,0.001729,direct,,DOGE
2020-03-30,0.001937,0.001725,0.001729,17779531.77,33112.75,0.001894,direct,,DOGE
2020-03-31,0.00196,0.001838,0.001894,27150086.76,51605.15,0.001838,direct,,DOGE
2020-04-01,0.001953,0.001779,0.001838,13876391.87,26651.93,0.001902,direct,,DOGE
2020-04-02,0.00196,0.001866,0.001902,8177884.99,15643.48,0.001927,direct,,DOGE
2020-04-03,0.001955,0.00187,0.001927,14927366.25,28738.62,0.001923,direct,,DOGE
2020-04-04,0.001942,0.00187,0.001923,11569027.5,22179.1,0.001886,direct,,DOGE
2020-04-05,0.001947,0.001873,0.001886,14490150.58,27807.29,0.001932,direct,,DOGE
2020-04-06,0.001997,0.001902,0.001932,15533258.15,30331.27,0.00197,direct,,DOGE
2020-04-07,0.002048,0.001955,0.00197,20682265.93,41448.04,0.001995,direct,,DOGE
2020-04-08,0.002186,0.001985,0.001995,12172302.01,24600.33,0.002022,direct,,DOGE
2020-04-09,0.00208,0.001934,0.002022,9674567.95,19512.12,0.002012,direct,,DOGE
2020-04-10,0.002043,0.001136,0.002012,9147903.92,17950.62,0.002,direct,,DOGE
2020-04-11,0.00201,0.001956,0.002,14283674.69,28306.16,0.001976,direct,,DOGE
2020-04-12,0.00206,0.001963,0.001976,7278367.17,14571.29,0.002033,direct,,DOGE
2020-04-13,0.002059,0.001922,0.002033,7422837.28,14790.56,0.001962,direct,,DOGE
2020-04-14,0.002031,0.001952,0.001962,5762462.29,11461.14,0.00201,direct,,DOGE
2020-04-15,0.002029,0.001908,0.00201,16926719.98,33822.13,0.001979,direct,,DOGE
2020-04-16,0.00206,0.001918,0.001979,13177743.05,26489.61,0.002036,direct,,DOGE
2020-04-17,0.002061,0.001991,0.002036,12323409.57,25185.19,0.002058,direct,,DOGE
2020-04-18,0.00209,0.002,0.002058,17563059.0,35898.02,0.00209,direct,,DOGE
2020-04-19,0.002157,0.001969,0.00209,26166818.3,54092.77,0.002077,direct,,DOGE
2020-04-20,0.002098,0.001989,0.002077,8130795.83,16702.79,0.002049,direct,,DOGE
2020-04-21,0.002069,0.00198,0.002049,9449947.54,19091.9,0.002027,direct,,DOGE
2020-04-22,0.002039,0.001995,0.002027,16602021.85,33523.85,0.002038,direct,,DOGE
2020-04-23,0.002159,0.001997,0.002038,16318784.52,33535.39,0.002062,direct,,DOGE
2020-04-24,0.002197,0.00198,0.002062,8820179.53,18245.97,0.002067,direct,,DOGE
2020-04-25,0.002174,0.002067,0.002067,1096882.52,2322.32,0.002118,direct,,DOGE
2020-04-26,0.002486,0.002118,0.002118,32108887.31,74525.83,0.002416,direct,,DOGE
2020-04-27,0.002416,0.00225,0.002416,27183581.09,63610.03,0.002349,direct,,DOGE
2020-04-28,0.002371,0.002054,0.002349,27421840.36,63862.1,0.002295,direct,,DOGE
2020-04-29,0.002564,0.002254,0.002295,54449050.13,129826.02,0.002429,direct,,DOGE
2020-04-30,0.002667,0.002286,0.002429,27255307.34,68438.84,0.002464,direct,,DOGE
2020-05-01,0.00252,0.002408,0.002464,16319986.36,40358.07,0.002492,direct,,DOGE
2020-05-02,0.002547,0.00245,0.002492,34110521.2,84512.05,0.002521,direct,,DOGE
2020-05-03,0.0026,0.002487,0.002521,9725398.98,24547.41,0.002544,direct,,DOGE
2020-05-04,0.002546,0.00239,0.002544,12908878.95,31679.68,0.002445,direct,,DOGE
2020-05-05,0.002495,0.002436,0.002445,17365042.31,42785.87,0.00245,direct,,DOGE
2020-05-06,0.002579,0.002436,0.00245,20979161.49,52570.44,0.002511,direct,,DOGE
2020-05-07,0.002718,0.002458,0.002511,30321987.53,78329.51,0.002612,direct,,DOGE
2020-05-08,0.002725,0.002551,0.002612,20908123.04,54641.38,0.002603,direct,,DOGE
2020-05-09,0.002648,0.002551,0.002603,18755859.63,48418.23,0.00257,direct,,DOGE
2020-05-10,0.002573,0.002032,0.00257,15253407.34,37668.05,0.00252,direct,,DOGE
2020-05-11,0.002551,0.002366,0.00252,21813724.15,53825.43,0.002438,direct,,DOGE
2020-05-12,0.002555,0.002438,0.002438,16016104.63,39764.17,0.002506,direct,,DOGE
2020-05-13,0.002549,0.00246,0.002506,13595961.35,34200.31,0.002515,direct,,DOGE
2020-05-14,0.002624,0.002493,0.002515,12803569.25,32986.89,0.002593,direct,,DOGE
2020-05-15,0.002597,0.002484,0.002593,13803835.01,35325.82,0.002513,direct,,DOGE
2020-05-16,0.002568,0.002411,0.002513,16168593.73,40602.86,0.002469,direct,,DOGE
2020-05-17,0.002569,0.0024,0.002469,8092741.81,20282.96,0.002539,direct,,DOGE
2020-05-18,0.002559,0.002511,0.002539,14328557.27,36270.27,0.00255,direct,,DOGE
2020-05-19,0.002579,0.002502,0.00255,7879576.74,19946.8,0.002522,direct,,DOGE
2020-05-20,0.002568,0.002482,0.002522,10426962.61,26358.18,0.002528,direct,,DOGE
2020-05-21,0.002598,0.002457,0.002528,11378190.65,28552.81,0.00251,direct,,DOGE
2020-05-22,0.002566,0.002339,0.00251,12977812.28,32661.5,0.002524,direct,,DOGE
2020-05-23,0.002576,0.002491,0.002524,12173337.4,30900.31,0.002549,direct,,DOGE
2020-05-24,0.0026,0.002479,0.002549,13988233.59,35519.88,0.002522,direct,,DOGE
2020-05-25,0.002566,0.002446,0.002522,11174180.81,28390.43,0.002539,direct,,DOGE
2020-05-26,0.002624,0.002492,0.002539,18341558.67,46554.71,0.00255,direct,,DOGE
2020-05-27,0.002648,0.002457,0.00255,40339291.54,101265.83,0.002515,direct,,DOGE
2020-05-28,0.00256,0.002457,0.002515,18666963.65,46843.17,0.002521,direct,,DOGE
2020-05-29,0.002535,0.002471,0.002521,18593270.52,46465.21,0.002493,direct,,DOGE
2020-05-30,0.002638,0.002419,0.002493,16978517.43,43333.0,0.002629,direct,,DOGE
2020-05-31,0.002629,0.002533,0.002629,6666562.66,17131.66,0.002544,direct,,DOGE
2020-06-01,0.002653,0.002492,0.002544,11093391.49,28456.48,0.00264,direct,,DOGE
2020-06-02,0.002663,0.002498,0.00264,30776526.63,78952.31,0.002552,direct,,DOGE
2020-06-03,0.002589,0.002504,0.002552,19580026.26,49971.26,0.002573,direct,,DOGE
2020-06-04,0.00267,0.002502,0.002573,22120578.01,57856.46,0.00267,direct,,DOGE
2020-06-05,0.00267,0.002561,0.00267,18793978.06,48858.08,0.002601,direct,,DOGE
2020-06-06,0.002606,0.002551,0.002601,13594345.12,35069.23,0.002591,direct,,DOGE
2020-06-07,0.00263,0.002536,0.002591,14728761.48,38095.91,0.002599,direct,,DOGE
2020-06-08,0.002629,0.002531,0.002599,11147829.53,28730.03,0.002556,direct,,DOGE
2020-06-09,0.002579,0.002499,0.002556,10700545.91,27276.25,0.002504,direct,,DOGE
2020-06-10,0.002609,0.002469,0.002504,8019892.22,20318.57,0.002555,direct,,DOGE
2020-06-11,0.002631,0.002438,0.002555,16307314.46,41003.01,0.00247,direct,,DOGE
2020-06-12,0.002618,0.002456,0.00247,10853643.13,27214.59,0.002527,direct,,DOGE
2020-06-13,0.00258,0.002442,0.002527,17561112.79,44085.11,0.002478,direct,,DOGE
2020-06-14,0.002517,0.002442,0.002478,5654044.27,14060.93,0.002493,direct,,DOGE
2020-06-15,0.002502,0.00241,0.002493,13027670.06,31901.87,0.002456,direct,,DOGE
2020-06-16,0.002536,0.002426,0.002456,31255696.09,77143.39,0.002479,direct,,DOGE
2020-06-17,0.002545,0.002416,0.002479,36828953.21,91492.1,0.002476,direct,,DOGE
2020-06-18,0.002516,0.002417,0.002476,7747460.91,19050.02,0.002447,direct,,DOGE
2020-06-19,0.002511,0.002432,0.002447,4627484.67,11405.9,0.002458,direct,,DOGE
2020-06-20,0.002512,0.002428,0.002458,4753706.58,11593.85,0.002448,direct,,DOGE
2020-06-21,0.002515,0.002436,0.002448,3182186.06,7812.5,0.002436,direct,,DOGE
2020-06-22,0.002514,0.002436,0.002436,6217860.41,15419.27,0.002477,direct,,DOGE
2020-06-23,0.00253,0.002414,0.002477,4157785.82,10268.47,0.002474,direct,,DOGE
2020-06-24,0.002508,0.002386,0.002474,4546874.08,10988.66,0.002423,direct,,DOGE
2020-06-25,0.002461,0.00237,0.002423,3835976.93,9220.75,0.002429,direct,,DOGE
2020-06-26,0.00246,0.002342,0.002429,1849808.01,4394.32,0.002398,direct,,DOGE
2020-06-27,0.002429,0.002304,0.002398,1077919.25,2555.37,0.002379,direct,,DOGE
2020-06-28,0.002423,0.002292,0.002379,1391135.38,3226.32,0.002389,direct,,DOGE
2020-06-29,0.002499,0.002284,0.002389,3384570.85,7924.8,0.00233,direct,,DOGE
2020-06-30,0.002386,0.002286,0.00233,3418673.56,7957.59,0.002379,direct,,DOGE
2020-07-01,0.002436,0.002252,0.002379,5075498.66,11855.41,0.002353,direct,,DOGE
2020-07-02,0.002385,0.002201,0.002353,2153832.32,5023.01,0.00233,direct,,DOGE
2020-07-03,0.002381,0.002285,0.00233,7109120.73,16347.74,0.002337,direct,,DOGE
2020-07-04,0.002371,0.002291,0.002337,1390942.21,3242.7,0.002344,direct,,DOGE
2020-07-05,0.00237,0.002287,0.002344,4416633.12,10184.15,0.002323,direct,,DOGE
2020-07-06,0.002632,0.002315,0.002323,14617280.67,35926.68,0.002632,direct,,DOGE
2020-07-07,0.003302,0.002598,0.002632,138833339.84,400924.74,0.003103,direct,,DOGE
2020-07-08,0.005948,0.00305,0.003103,928362053.74,4000702.8,0.004748,direct,,DOGE
2020-07-09,0.005062,0.004046,0.004748,294009263.76,1338960.67,0.004317,direct,,DOGE
2020-07-10,0.004352,0.002348,0.004317,582963712.9,2140287.89,0.003521,direct,,DOGE
2020-07-11,0.003997,0.003458,0.003521,128999011.92,478203.21,0.003806,direct,,DOGE
2020-07-12,0.003847,0.003602,0.003806,80645347.32,300134.61,0.003648,direct,,DOGE
2020-07-13,0.003648,0.002595,0.003648,284309621.77,922656.6,0.003164,direct,,DOGE
2020-07-14,0.003376,0.003,0.003164,108419044.37,345745.35,0.003301,direct,,DOGE
2020-07-15,0.003363,0.003052,0.003301,64721402.33,202928.85,0.003093,direct,,DOGE
2020-07-16,0.003093,0.002862,0.003093,81643843.0,241109.05,0.002993,direct,,DOGE
2020-07-17,0.003085,0.002901,0.002993,44460661.45,133788.6,0.003056,direct,,DOGE
2020-07-18,0.003678,0.003021,0.003056,223126899.94,784787.0,0.003486,direct,,DOGE
2020-07-19,0.003795,0.003313,0.003486,99211449.55,347167.83,0.003384,direct,,DOGE
2020-07-20,0.003494,0.003152,0.003384,99489430.33,324502.66,0.003228,direct,,DOGE
2020-07-21,0.00331,0.003195,0.003228,46646154.75,152241.79,0.0033,direct,,DOGE
2020-07-22,0.0033,0.003201,0.0033,27678186.59,89626.34,0.003292,direct,,DOGE
2020-07-23,0.003397,0.003201,0.003292,98313041.15,324085.49,0.003303,direct,,DOGE
2020-07-24,0.003381,0.003115,0.003303,64333923.35,206907.39,0.003201,direct,,DOGE
2020-07-25,0.003308,0.003128,0.003201,70891843.98,229095.03,0.003284,direct,,DOGE
2020-07-26,0.003322,0.003133,0.003284,68853438.28,221694.68,0.003254,direct,,DOGE
2020-07-27,0.003286,0.003026,0.003254,117635171.22,368769.62,0.003172,direct,,DOGE
2020-07-28,0.003241,0.003101,0.003172,42095031.45,133726.65,0.003191,direct,,DOGE
2020-07-29,0.003298,0.003124,0.003191,43559324.07,139864.18,0.003216,direct,,DOGE
2020-07-30,0.003263,0.003101,0.003216,27674726.9,88109.83,0.003231,direct,,DOGE
2020-07-31,0.003299,0.003103,0.003231,68150957.04,217964.69,0.003206,direct,,DOGE
2020-08-01,0.003813,0.003199,0.003206,215418307.9,777314.05,0.003706,direct,,DOGE
2020-08-02,0.003774,0.003254,0.003706,104540245.93,362598.65,0.003334,direct,,DOGE
2020-08-03,0.003492,0.003302,0.003334,64253135.52,217392.61,0.0034,direct,,DOGE
2020-08-04,0.003576,0.003339,0.0034,58297152.97,201850.21,0.003533,direct,,DOGE
2020-08-05,0.003599,0.003401,0.003533,48454173.17,171260.01,0.003504,direct,,DOGE
2020-08-06,0.003674,0.003403,0.003504,65918318.84,233462.75,0.003563,direct,,DOGE
2020-08-07,0.003694,0.003372,0.003563,39268981.69,138235.69,0.003461,direct,,DOGE
2020-08-08,0.003595,0.003402,0.003461,36103216.77,125703.58,0.003503,direct,,DOGE
2020-08-09,0.00358,0.0034,0.003503,44040659.28,152183.68,0.003431,direct,,DOGE
2020-08-10,0.003575,0.003401,0.003431,59004674.92,206438.16,0.003497,direct,,DOGE
2020-08-11,0.003572,0.003303,0.003497,90274925.7,309206.55,0.003396,direct,,DOGE
2020-08-12,0.003498,0.003301,0.003396,28782046.71,99250.97,0.00347,direct,,DOGE
2020-08-13,0.003509,0.003302,0.00347,65091946.96,222926.48,0.003491,direct,,DOGE
2020-08-14,0.003663,0.003402,0.003491,50074615.31,175386.88,0.00356,direct,,DOGE
2020-08-15,0.003654,0.003402,0.00356,46077499.65,163354.0,0.003541,direct,,DOGE
2020-08-16,0.003599,0.003411,0.003541,43334306.09,151935.44,0.003523,direct,,DOGE
2020-08-17,0.003767,0.003411,0.003523,79680739.2,287670.72,0.003588,direct,,DOGE
2020-08-18,0.00375,0.003403,0.003588,59675219.13,212905.98,0.003506,direct,,DOGE
2020-08-19,0.003569,0.003292,0.003506,65324835.2,221488.47,0.003397,direct,,DOGE
2020-08-20,0.0035,0.003309,0.003397,47633458.62,163549.44,0.003492,direct,,DOGE
2020-08-21,0.003596,0.003331,0.003492,68005607.35,234988.37,0.003378,direct,,DOGE
2020-08-22,0.003499,0.0033,0.003378,35178610.3,119159.34,0.003401,direct,,DOGE
2020-08-23,0.003499,0.003322,0.003401,37133632.58,126537.06,0.003405,direct,,DOGE
2020-08-24,0.003498,0.003232,0.003405,71661738.84,243469.22,0.003403,direct,,DOGE
2020-08-25,0.003498,0.003204,0.003403,71063482.42,236120.31,0.0033,direct,,DOGE
2020-08-26,0.003375,0.003067,0.0033,40273496.87,131721.12,0.00328,direct,,DOGE
2020-08-27,0.003326,0.003115,0.00328,44276033.66,142343.79,0.0032,direct,,DOGE
2020-08-28,0.003299,0.00316,0.0032,19281286.19,62173.22,0.003241,direct,,DOGE
2020-08-29,0.003339,0.00321,0.003241,15668573.27,51229.89,0.0033,direct,,DOGE
2020-08-30,0.003396,0.003201,0.0033,29109963.88,95803.38,0.003308,direct,,DOGE
2020-08-31,0.003372,0.003143,0.003308,23408889.02,75456.05,0.003286,direct,,DOGE
2020-09-01,0.003333,0.003122,0.003286,32328434.47,104819.04,0.003306,direct,,DOGE
2020-09-02,0.003312,0.003004,0.003306,48927094.75,154116.97,0.0031,direct,,DOGE
2020-09-03,0.0032,0.002801,0.0031,118696617.08,350962.0,0.002864,direct,,DOGE
2020-09-04,0.002932,0.002702,0.002864,48225196.48,135620.24,0.002816,direct,,DOGE
2020-09-05,0.002928,0.002663,0.002816,60113179.93,167575.32,0.002755,direct,,DOGE
2020-09-06,0.002802,0.002657,0.002755,97811980.31,267461.89,0.002787,direct,,DOGE
2020-09-07,0.002899,0.00267,0.002787,86564524.41,239401.14,0.0028,direct,,DOGE
2020-09-08,0.002807,0.002643,0.0028,62962334.33,172782.0,0.002721,direct,,DOGE
2020-09-09,0.002803,0.002689,0.002721,26871549.76,73320.84,0.002774,direct,,DOGE
2020-09-10,0.002899,0.002702,0.002774,75554361.77,211362.58,0.002802,direct,,DOGE
2020-09-11,0.002838,0.002702,0.002802,30117645.6,83755.29,0.002799,direct,,DOGE
2020-09-12,0.0029,0.002702,0.002799,67121088.52,187799.43,0.002801,direct,,DOGE
2020-09-13,0.002822,0.0027,0.002801,29495782.46,81959.04,0.002774,direct,,DOGE
2020-09-14,0.002837,0.002705,0.002774,18592237.28,51596.25,0.002791,direct,,DOGE
2020-09-15,0.0029,0.002703,0.002791,145901250.93,408920.87,0.002894,direct,,DOGE
2020-09-16,0.002903,0.002724,0.002894,22233314.95,62623.05,0.002803,direct,,DOGE
2020-09-17,0.002894,0.002709,0.002803,14969793.63,42012.93,0.002806,direct,,DOGE
2020-09-18,0.002939,0.002706,0.002806,17838967.64,49696.56,0.002785,direct,,DOGE
2020-09-19,0.002888,0.002773,0.002785,19540765.11,54650.6,0.002782,direct,,DOGE
2020-09-20,0.002863,0.002728,0.002782,13221829.79,36734.9,0.002774,direct,,DOGE
2020-09-21,0.002832,0.002579,0.002774,27223469.22,72649.05,0.002608,direct,,DOGE
2020-09-22,0.002717,0.002538,0.002608,11979969.37,31368.24,0.002696,direct,,DOGE
2020-09-23,0.00272,0.002512,0.002696,24702629.15,64350.39,0.002545,direct,,DOGE
2020-09-24,0.002802,0.0025,0.002545,20624579.31,53931.46,0.002682,direct,,DOGE
2020-09-25,0.002719,0.002602,0.002682,52150946.37,139231.93,0.002699,direct,,DOGE
2020-09-26,0.002771,0.002673,0.002699,9084075.81,24690.32,0.002693,direct,,DOGE
2020-09-27,0.002795,0.002596,0.002693,13559463.99,36514.75,0.002712,direct,,DOGE
2020-09-28,0.002795,0.002613,0.002712,30666051.35,82501.1,0.002653,direct,,DOGE
2020-09-29,0.002709,0.002617,0.002653,31180786.66,83105.12,0.002697,direct,,DOGE
2020-09-30,0.002697,0.002602,0.002697,31926262.07,84397.33,0.00263,direct,,DOGE
2020-10-01,0.002697,0.002589,0.00263,44124595.15,116192.05,0.002619,direct,,DOGE
2020-10-02,0.002677,0.002514,0.002619,34001579.55,87717.13,0.002588,direct,,DOGE
2020-10-03,0.002673,0.002512,0.002588,20537846.04,53621.5,0.002599,direct,,DOGE
2020-10-04,0.002691,0.002584,0.002599,26779398.56,70558.41,0.002652,direct,,DOGE
2020-10-05,0.002688,0.002605,0.002652,10211790.42,26802.73,0.002617,direct,,DOGE
2020-10-06,0.002681,0.002505,0.002617,9629002.48,25082.07,0.002602,direct,,DOGE
2020-10-07,0.002687,0.002514,0.002602,14312056.53,37082.87,0.002651,direct,,DOGE
2020-10-08,0.002683,0.002523,0.002651,13029987.25,33894.57,0.002599,direct,,DOGE
2020-10-09,0.002698,0.002599,0.002599,14137681.8,37183.74,0.002602,direct,,DOGE
2020-10-10,0.002756,0.002601,0.002602,8310878.1,22384.2,0.002602,direct,,DOGE
2020-10-11,0.002766,0.002602,0.002602,5664489.93,15211.23,0.002672,direct,,DOGE
2020-10-12,0.002717,0.002553,0.002672,13988722.35,37523.84,0.002681,direct,,DOGE
2020-10-13,0.002699,0.002636,0.002681,5963309.34,15826.73,0.002638,direct,,DOGE
2020-10-14,0.002693,0.002608,0.002638,9741918.29,25719.87,0.002653,direct,,DOGE
2020-10-15,0.002694,0.002526,0.002653,9781068.85,25475.4,0.00269,direct,,DOGE
2020-10-16,0.002698,0.002501,0.00269,18473740.64,47605.12,0.002609,direct,,DOGE
2020-10-17,0.002667,0.002502,0.002609,13794440.82,35704.32,0.00261,direct,,DOGE
2020-10-18,0.002688,0.002512,0.00261,10720181.5,27775.69,0.002604,direct,,DOGE
2020-10-19,0.00269,0.002504,0.002604,23973538.76,62287.55,0.002594,direct,,DOGE
2020-10-20,0.002696,0.002503,0.002594,33062928.25,85788.84,0.002597,direct,,DOGE
2020-10-21,0.003196,0.002594,0.002597,20023298.89,53165.78,0.00264,direct,,DOGE
2020-10-22,0.002696,0.002608,0.00264,40870483.75,108883.38,0.002647,direct,,DOGE
2020-10-23,0.002696,0.002616,0.002647,10745018.49,28615.02,0.00265,direct,,DOGE
2020-10-24,0.002684,0.002622,0.00265,15318605.56,40460.65,0.002662,direct,,DOGE
2020-10-25,0.002694,0.002615,0.002662,36978815.49,97479.38,0.002651,direct,,DOGE
2020-10-26,0.002894,0.00261,0.002651,88142225.15,243822.08,0.002673,direct,,DOGE
2020-10-27,0.002778,0.002611,0.002673,20270607.35,54194.45,0.002712,direct,,DOGE
2020-10-28,0.002766,0.002505,0.002712,2591780.94,6848.74,0.002646,direct,,DOGE
2020-10-29,0.002669,0.002511,0.002646,8779305.65,22601.17,0.002598,direct,,DOGE
2020-10-30,0.002628,0.002506,0.002598,9619132.22,24499.33,0.002598,direct,,DOGE
2020-10-31,0.002647,0.002507,0.002598,13704711.62,35233.68,0.002603,direct,,DOGE
2020-11-01,0.002616,0.002522,0.002603,13678524.59,35195.9,0.002579,direct,,DOGE
2020-11-02,0.002607,0.002511,0.002579,6615434.81,16884.48,0.002517,direct,,DOGE
2020-11-03,0.002596,0.00245,0.002517,7185778.39,18150.04,0.002558,direct,,DOGE
2020-11-04,0.002597,0.002504,0.002558,2301599.47,5844.68,0.002552,direct,,DOGE
2020-11-05,0.002699,0.002534,0.002552,19285383.99,50025.48,0.002695,direct,,DOGE
2020-11-06,0.002846,0.00264,0.002695,13704622.95,37452.49,0.002759,direct,,DOGE
2020-11-07,0.002847,0.002615,0.002759,10688120.14,28892.22,0.002679,direct,,DOGE
2020-11-08,0.002771,0.002642,0.002679,3448387.98,9315.07,0.002735,direct,,DOGE
2020-11-09,0.002776,0.002642,0.002735,6569610.21,17780.45,0.002703,direct,,DOGE
2020-11-10,0.002908,0.002622,0.002703,14720416.42,41180.25,0.002774,direct,,DOGE
2020-11-11,0.002871,0.002711,0.002774,16355130.68,46013.73,0.002778,direct,,DOGE
2020-11-12,0.002827,0.002715,0.002778,14789659.22,41029.03,0.002778,direct,,DOGE
2020-11-13,0.002897,0.002759,0.002778,24817225.55,70104.53,0.002897,direct,,DOGE
2020-11-14,0.002897,0.002702,0.002897,12870456.25,35743.92,0.002702,direct,,DOGE
2020-11-15,0.002808,0.002701,0.002702,9390003.0,25823.99,0.002759,direct,,DOGE
2020-11-16,0.003024,0.002701,0.002759,43885976.54,127471.56,0.002902,direct,,DOGE
2020-11-17,0.003017,0.002875,0.002902,25919599.86,76058.77,0.002945,direct,,DOGE
2020-11-18,0.003018,0.002832,0.002945,11553356.82,33622.31,0.002907,direct,,DOGE
2020-11-19,0.00314,0.002808,0.002907,11774674.96,35173.92,0.003055,direct,,DOGE
2020-11-20,0.003373,0.002886,0.003055,82693891.52,250035.87,0.002996,direct,,DOGE
2020-11-21,0.003598,0.002926,0.002996,138761307.12,468396.47,0.003561,direct,,DOGE
2020-11-22,0.003681,0.003197,0.003561,89010202.83,298617.4,0.003401,direct,,DOGE
2020-11-23,0.003678,0.003207,0.003401,66334870.43,227252.36,0.00365,direct,,DOGE
2020-11-24,0.004305,0.003566,0.00365,152892260.51,597036.59,0.004271,direct,,DOGE
2020-11-25,0.004293,0.003624,0.004271,81612411.32,324309.82,0.003708,direct,,DOGE
2020-11-26,0.00395,0.002928,0.003708,75492496.17,249188.81,0.003218,direct,,DOGE
2020-11-27,0.003432,0.00307,0.003218,40852627.75,131574.31,0.003296,direct,,DOGE
2020-11-28,0.003497,0.003218,0.003296,33441293.21,113639.68,0.00345,direct,,DOGE
2020-11-29,0.003591,0.003306,0.00345,14353076.47,49356.26,0.003443,direct,,DOGE
2020-11-30,0.003742,0.003411,0.003443,38762630.55,137070.37,0.003541,direct,,DOGE
2020-12-01,0.003602,0.003252,0.003541,37731526.17,129314.07,0.003336,direct,,DOGE
2020-12-02,0.003487,0.003221,0.003336,20456098.32,68739.15,0.003356,direct,,DOGE
2020-12-03,0.003499,0.003304,0.003356,21067029.61,72247.16,0.003494,direct,,DOGE
2020-12-04,0.003498,0.003279,0.003494,19610105.94,65539.12,0.003294,direct,,DOGE
2020-12-05,0.003488,0.003252,0.003294,12630850.85,42302.05,0.00334,direct,,DOGE
2020-12-06,0.003497,0.003304,0.00334,10544764.77,36103.3,0.003403,direct,,DOGE
2020-12-07,0.003429,0.003301,0.003403,8442114.07,28304.06,0.003376,direct,,DOGE
2020-12-08,0.0034,0.003118,0.003376,24415734.42,79153.38,0.003163,direct,,DOGE
2020-12-09,0.003248,0.003009,0.003163,33227724.99,103699.41,0.003153,direct,,DOGE
2020-12-10,0.003222,0.00306,0.003153,5382049.7,16843.98,0.00316,direct,,DOGE
2020-12-11,0.003186,0.002999,0.00316,17116960.75,52377.39,0.003083,direct,,DOGE
2020-12-12,0.003379,0.003074,0.003083,10768135.85,34108.22,0.003173,direct,,DOGE
2020-12-13,0.003327,0.003101,0.003173,13653439.48,43772.62,0.003225,direct,,DOGE
2020-12-14,0.003305,0.003202,0.003225,6985524.75,22742.61,0.003227,direct,,DOGE
2020-12-15,0.003298,0.003103,0.003227,13042105.6,41469.64,0.00319,direct,,DOGE
2020-12-16,0.003457,0.003123,0.00319,29754091.19,99006.05,0.003423,direct,,DOGE
2020-12-17,0.004289,0.0034,0.003423,250467699.31,952358.6,0.00371,direct,,DOGE
2020-12-18,0.004081,0.003638,0.00371,119287311.37,456625.06,0.003863,direct,,DOGE
2020-12-19,0.004317,0.00383,0.003863,156090301.33,618294.53,0.00393,direct,,DOGE
2020-12-20,0.004749,0.003844,0.00393,742192654.84,3296192.96,0.004613,direct,,DOGE
2020-12-21,0.005437,0.004322,0.004613,1042593351.46,5150418.48,0.00479,direct,,DOGE
2020-12-22,0.004894,0.00434,0.00479,175576281.75,805782.6,0.004511,direct,,DOGE
2020-12-23,0.00476,0.003692,0.004511,162035440.25,682719.81,0.003771,direct,,DOGE
2020-12-24,0.004589,0.003704,0.003771,80830329.56,337387.92,0.004552,direct,,DOGE
2020-12-25,0.004654,0.004392,0.004552,52358048.72,236344.36,0.004605,direct,,DOGE
2020-12-26,0.004657,0.00404,0.004605,51979954.63,229099.75,0.004501,direct,,DOGE
2020-12-27,0.004795,0.004417,0.004501,345040078.62,1596859.56,0.00454,direct,,DOGE
2020-12-28,0.004728,0.004489,0.00454,212860632.17,976505.56,0.004572,direct,,DOGE
2020-12-29,0.004597,0.004241,0.004572,118014076.62,529126.91,0.004442,direct,,DOGE
2020-12-30,0.004699,0.004403,0.004442,98486520.08,451139.1,0.00462,direct,,DOGE
2020-12-31,0.004773,0.004514,0.00462,75931282.13,353195.26,0.004619,direct,,DOGE
2021-01-01,0.005741,0.004606,0.004619,317964411.82,1639311.25,0.005699,direct,,DOGE
2021-01-02,0.01408,0.005597,0.005699,3708310837.38,34174268.9,0.01058,direct,,DOGE
2021-01-03,0.01386,0.009254,0.01058,2050835415.5,23319659.14,0.009826,direct,,DOGE
2021-01-04,0.01151,0.007388,0.009826,1490012658.9,14197090.74,0.009776,direct,,DOGE
2021-01-05,0.0103,0.008825,0.009776,394986883.85,3784489.68,0.009994,direct,,DOGE
2021-01-06,0.01107,0.009632,0.009994,617792911.84,6323902.29,0.01043,direct,,DOGE
2021-01-07,0.01059,0.009159,0.01043,592026237.69,5961410.33,0.009725,direct,,DOGE
2021-01-08,0.01028,0.007872,0.009725,341685818.34,3250811.0,0.009796,direct,,DOGE
2021-01-09,0.01074,0.009707,0.009796,374153714.59,3833792.8,0.01023,direct,,DOGE
2021-01-10,0.01089,0.008978,0.01023,199234859.14,2000381.07,0.009887,direct,,DOGE
2021-01-11,0.009887,0.006703,0.009887,520467774.52,4225867.99,0.008784,direct,,DOGE
2021-01-12,0.009148,0.007841,0.008784,548742561.65,4523363.17,0.008064,direct,,DOGE
2021-01-13,0.008709,0.007725,0.008064,144626981.04,1188205.23,0.008698,direct,,DOGE
2021-01-14,0.01002,0.008286,0.008698,437482345.43,4087395.34,0.009395,direct,,DOGE
2021-01-15,0.009819,0.008325,0.009395,254896008.95,2359542.93,0.00938,direct,,DOGE
2021-01-16,0.009546,0.009098,0.00938,190456573.71,1775272.09,0.00927,direct,,DOGE
2021-01-17,0.009373,0.008788,0.00927,119103244.23,1089205.35,0.009131,direct,,DOGE
2021-01-18,0.009307,0.008901,0.009131,107609300.96,980417.96,0.009187,direct,,DOGE
2021-01-19,0.009599,0.008995,0.009187,148070987.03,1366438.41,0.009078,direct,,DOGE
2021-01-20,0.009146,0.008526,0.009078,72244690.57,644076.85,0.009066,direct,,DOGE
2021-01-21,0.009102,0.008028,0.009066,94236813.35,799667.57,0.008119,direct,,DOGE
2021-01-22,0.008783,0.007602,0.008119,165891863.77,1360376.69,0.008488,direct,,DOGE
2021-01-23,0.008823,0.008367,0.008488,66620814.05,574796.44,0.008572,direct,,DOGE
2021-01-24,0.008902,0.008515,0.008572,56354260.31,490094.42,0.008713,direct,,DOGE
2021-01-25,0.008894,0.008245,0.008713,73941283.07,634680.32,0.008338,direct,,DOGE
2021-01-26,0.008477,0.00797,0.008338,66760859.19,549983.22,0.008269,direct,,DOGE
2021-01-27,0.008274,0.007243,0.008269,85831893.93,660510.79,0.007471,direct,,DOGE
2021-01-28,0.03721,0.007357,0.007471,7852534860.22,154704536.67,0.03678,direct,,DOGE
2021-01-29,0.08524,0.03199,0.03678,11534581763.32,601075244.73,0.0458,direct,,DOGE
2021-01-30,0.05075,0.02221,0.0458,5586745417.35,180472709.87,0.02833,direct,,DOGE
2021-01-31,0.04865,0.02685,0.02833,4855901205.3,175970478.9,0.03705,direct,,DOGE
2021-02-01,0.04383,0.03281,0.03705,2992523920.02,114373553.76,0.03476,direct,,DOGE
2021-02-02,0.03526,0.02882,0.03476,1689293906.3,54060366.37,0.03129,direct,,DOGE
2021-02-03,0.03993,0.03103,0.03129,1622937372.51,56904169.87,0.03735,direct,,DOGE
2021-02-04,0.05965,0.03593,0.03735,5303258124.39,256386286.76,0.05309,direct,,DOGE
2021-02-05,0.05456,0.04284,0.05309,2473755039.28,117021750.47,0.04682,direct,,DOGE
2021-02-06,0.05886,0.0445,0.04682,2247273573.16,115818503.33,0.05767,direct,,DOGE
2021-02-07,0.08769,0.05314,0.05767,5203837741.03,355244272.73,0.07812,direct,,DOGE
2021-02-08,0.0854,0.06265,0.07812,3834412412.55,288286558.59,0.07881,direct,,DOGE
2021-02-09,0.08379,0.06273,0.07881,2223478798.44,165231945.63,0.07005,direct,,DOGE
2021-02-10,0.08136,0.06745,0.07005,1513547792.76,111836979.28,0.0727,direct,,DOGE
2021-02-11,0.07508,0.06806,0.0727,766434972.01,54869541.16,0.06975,direct,,DOGE
2021-02-12,0.07312,0.06084,0.06975,932149402.02,62699452.0,0.07006,direct,,DOGE
2021-02-13,0.0719,0.06577,0.07006,389575145.1,26762522.93,0.06633,direct,,DOGE
2021-02-14,0.06649,0.05564,0.06633,910548356.64,55855238.31,0.0627,direct,,DOGE
2021-02-15,0.06405,0.04755,0.0627,1228204491.88,69368792.24,0.05655,direct,,DOGE
2021-02-16,0.05982,0.0508,0.05655,679295832.74,37679370.06,0.05352,direct,,DOGE
2021-02-17,0.05519,0.04791,0.05352,582131021.62,30060612.73,0.0495,direct,,DOGE
2021-02-18,0.06514,0.04894,0.0495,1314498090.62,74178998.06,0.05897,direct,,DOGE
2021-02-19,0.05969,0.05389,0.05897,636731837.87,35669482.69,0.0551,direct,,DOGE
2021-02-20,0.06064,0.05215,0.0551,646756845.91,35998251.28,0.05422,direct,,DOGE
2021-02-21,0.05979,0.05344,0.05422,460877381.11,25996757.55,0.05613,direct,,DOGE
2021-02-22,0.06077,0.04803,0.05613,762947824.81,42094653.95,0.0536,direct,,DOGE
2021-02-23,0.05384,0.04262,0.0536,667214408.95,31605648.99,0.04769,direct,,DOGE
2021-02-24,0.06047,0.04595,0.04769,857064268.81,47482411.37,0.05685,direct,,DOGE
2021-02-25,0.05807,0.04966,0.05685,436882917.14,23652826.79,0.04993,direct,,DOGE
2021-02-26,0.05265,0.04851,0.04993,307134820.72,15466818.86,0.05057,direct,,DOGE
2021-02-27,0.05199,0.04921,0.05057,212601217.75,10734725.3,0.05014,direct,,DOGE
2021-02-28,0.05017,0.04481,0.05014,260029708.34,12441277.92,0.04825,direct,,DOGE
2021-03-01,0.05247,0.04795,0.04825,251034232.44,12556945.09,0.05064,direct,,DOGE
2021-03-02,0.05253,0.04922,0.05064,219515276.7,11186186.2,0.05041,direct,,DOGE
2021-03-03,0.0522,0.05005,0.05041,179947407.37,9185621.77,0.05064,direct,,DOGE
2021-03-04,0.05124,0.04773,0.05064,222410609.17,11091362.16,0.04999,direct,,DOGE
2021-03-05,0.05096,0.04804,0.04999,177777378.21,8777548.26,0.04963,direct,,DOGE
2021-03-06,0.05257,0.0492,0.04963,268171766.57,13707677.34,0.0511,direct,,DOGE
2021-03-07,0.05237,0.05052,0.0511,139064013.48,7147365.42,0.0521,direct,,DOGE
2021-03-08,0.06325,0.05161,0.0521,803426018.43,45579884.26,0.06316,direct,,DOGE
2021-03-09,0.06316,0.05597,0.06316,461743966.58,27086967.68,0.05805,direct,,DOGE
2021-03-10,0.05876,0.05462,0.05805,251636506.62,14147262.08,0.05593,direct,,DOGE
2021-03-11,0.05694,0.05437,0.05593,154429172.65,8582596.7,0.05597,direct,,DOGE
2021-03-12,0.05699,0.05444,0.05597,188456510.57,10448185.53,0.05526,direct,,DOGE
2021-03-13,0.06284,0.05464,0.05526,423489172.81,24857690.66,0.06268,direct,,DOGE
2021-03-14,0.06349,0.05844,0.06268,546164446.67,33334771.95,0.05844,direct,,DOGE
2021-03-15,0.05977,0.05504,0.05844,286598348.96,16439410.21,0.05701,direct,,DOGE
2021-03-16,0.05909,0.05534,0.05701,287010333.76,16508332.93,0.05864,direct,,DOGE
2021-03-17,0.05894,0.05659,0.05864,198378387.22,11481925.26,0.05797,direct,,DOGE
2021-03-18,0.05927,0.05698,0.05797,188719822.38,10964062.73,0.05734,direct,,DOGE
2021-03-19,0.05984,0.05654,0.05734,157894645.53,9208562.24,0.05829,direct,,DOGE
2021-03-20,0.06067,0.05795,0.05829,221182907.8,13140895.88,0.05887,direct,,DOGE
2021-03-21,0.05955,0.05678,0.05887,129925810.42,7540299.45,0.0575,direct,,DOGE
2021-03-22,0.05797,0.05455,0.0575,175785160.67,9924014.01,0.05499,direct,,DOGE
2021-03-23,0.05612,0.05273,0.05499,172082694.88,9394492.69,0.05345,direct,,DOGE
2021-03-24,0.05671,0.05084,0.05345,182887367.51,9864885.61,0.0516,direct,,DOGE
2021-03-25,0.05248,0.04964,0.0516,182600019.67,9301920.29,0.05138,direct,,DOGE
2021-03-26,0.05409,0.05126,0.05138,98778319.08,5211362.7,0.05392,direct,,DOGE
2021-03-27,0.05544,0.05341,0.05392,124328986.58,6749960.32,0.0544,direct,,DOGE
2021-03-28,0.05487,0.05301,0.0544,75266805.44,4061411.53,0.05368,direct,,DOGE
2021-03-29,0.05475,0.05323,0.05368,78802453.0,4254592.63,0.05415,direct,,DOGE
2021-03-30,0.05562,0.05369,0.05415,115963596.01,6315139.29,0.05404,direct,,DOGE
2021-03-31,0.05456,0.05171,0.05404,105650577.41,5647296.24,0.05376,direct,,DOGE
2021-04-01,0.07046,0.05367,0.05376,982312372.56,61129199.25,0.06221,direct,,DOGE
2021-04-02,0.06292,0.05728,0.06221,251342276.36,14844157.9,0.05763,direct,,DOGE
2021-04-03,0.0595,0.05559,0.05763,142633081.59,8249865.12,0.05561,direct,,DOGE
2021-04-04,0.05817,0.05513,0.05561,92832237.93,5266658.24,0.05748,direct,,DOGE
2021-04-05,0.06062,0.05631,0.05748,191195366.2,11130309.49,0.05992,direct,,DOGE
2021-04-06,0.06513,0.05804,0.05992,380612643.26,23450720.54,0.06436,direct,,DOGE
2021-04-07,0.06739,0.05715,0.06436,449142021.17,27948311.74,0.05877,direct,,DOGE
2021-04-08,0.06223,0.05869,0.05877,142048884.51,8668999.18,0.06184,direct,,DOGE
2021-04-09,0.06425,0.06055,0.06184,147082314.05,9097603.28,0.06159,direct,,DOGE
2021-04-10,0.06508,0.06099,0.06159,192157751.24,12173663.87,0.06385,direct,,DOGE
2021-04-11,0.07992,0.0634,0.06385,996394159.61,72198383.66,0.07418,direct,,DOGE
2021-04-12,0.07533,0.06877,0.07418,329373788.25,23635958.99,0.07076,direct,,DOGE
2021-04-13,0.09598,0.07064,0.07076,1452636416.28,124244357.92,0.09406,direct,,DOGE
2021-04-14,0.145,0.0923,0.09406,3786099684.92,460578650.21,0.1211,direct,,DOGE
2021-04-15,0.1932,0.1201,0.1211,2597718261.99,408281168.38,0.1828,direct,,DOGE
2021-04-16,0.4592,0.1801,0.1828,6158494298.52,1892948148.0,0.3659,direct,,DOGE
2021-04-17,0.3804,0.2306,0.3659,2901879157.3,860357983.27,0.2829,direct,,DOGE
2021-04-18,0.354,0.2404,0.2829,1944575567.8,594633128.61,0.3229,direct,,DOGE
2021-04-19,0.4346,0.3094,0.3229,2153290287.22,823669647.42,0.4098,direct,,DOGE
2021-04-20,0.4233,0.2705,0.4098,3158313447.35,1127569488.18,0.3171,direct,,DOGE
2021-04-21,0.3474,0.2962,0.3171,1296451039.05,410729671.04,0.306,direct,,DOGE
2021-04-22,0.3091,0.2537,0.306,1633600805.38,457750302.83,0.2611,direct,,DOGE
2021-04-23,0.2691,0.1611,0.2611,2423094729.66,531826797.64,0.2498,direct,,DOGE
2021-04-24,0.2901,0.2287,0.2498,1229692254.14,326412027.6,0.2705,direct,,DOGE
2021-04-25,0.2894,0.225,0.2705,893863851.08,232466120.44,0.2516,direct,,DOGE
2021-04-26,0.2808,0.2477,0.2516,654532285.49,174640976.09,0.2713,direct,,DOGE
2021-04-27,0.2798,0.265,0.2713,386468691.29,105050881.49,0.2724,direct,,DOGE
2021-04-28,0.3447,0.2565,0.2724,1593869708.8,489311347.68,0.3237,direct,,DOGE
2021-04-29,0.3248,0.2962,0.3237,514243822.56,159822914.51,0.3051,direct,,DOGE
2021-04-30,0.3401,0.3028,0.3051,544245717.6,175987022.81,0.3384,direct,,DOGE
2021-05-01,0.3974,0.3285,0.3384,1022700596.38,372566388.21,0.3913,direct,,DOGE
2021-05-02,0.4,0.362,0.3913,818347298.34,313202777.12,0.3738,direct,,DOGE
2021-05-03,0.4472,0.3738,0.3738,1054746521.02,434002614.59,0.4413,direct,,DOGE
2021-05-04,0.6097,0.3969,0.4413,2828958099.46,1457951635.88,0.5387,direct,,DOGE
2021-05-05,0.6946,0.525,0.5387,2843205275.15,1784009086.28,0.6543,direct,,DOGE
2021-05-06,0.6657,0.5414,0.6543,1253293877.5,753592674.38,0.5812,direct,,DOGE
2021-05-07,0.7324,0.5172,0.5812,2068016334.15,1297647066.64,0.6894,direct,,DOGE
2021-05-08,0.7398,0.6022,0.6894,1849007938.96,1255189218.79,0.6368,direct,,DOGE
2021-05-09,0.7015,0.4215,0.6368,3963026738.35,2122374522.34,0.5704,direct,,DOGE
2021-05-10,0.5711,0.4231,0.5704,1349596839.6,668195006.47,0.4506,direct,,DOGE
2021-05-11,0.5459,0.4438,0.4506,1081218404.74,536043908.4,0.4945,direct,,DOGE
2021-05-12,0.5275,0.3829,0.4945,884154547.06,415228786.47,0.3924,direct,,DOGE
2021-05-13,0.5362,0.3522,0.3924,1800852984.14,772683531.01,0.4918,direct,,DOGE
2021-05-14,0.5912,0.4653,0.4918,1387852266.11,742288762.56,0.5603,direct,,DOGE
2021-05-15,0.564,0.4915,0.5603,619038193.39,323544767.07,0.5081,direct,,DOGE
2021-05-16,0.5485,0.4505,0.5081,827611752.07,426093342.21,0.5151,direct,,DOGE
2021-05-17,0.5165,0.4563,0.5151,541664163.81,264583449.19,0.4877,direct,,DOGE
2021-05-18,0.5143,0.4699,0.4877,380196397.9,185409005.46,0.4762,direct,,DOGE
2021-05-19,0.4794,0.2339,0.4762,1621167155.93,609922809.85,0.3313,direct,,DOGE
2021-05-20,0.4348,0.2962,0.3313,1094310846.67,410833750.44,0.3993,direct,,DOGE
2021-05-21,0.4121,0.3143,0.3993,724101534.47,262661591.29,0.3588,direct,,DOGE
2021-05-22,0.3615,0.3173,0.3588,426320660.04,145803807.25,0.3421,direct,,DOGE
2021-05-23,0.3506,0.2487,0.3421,849149443.69,252781342.72,0.3068,direct,,DOGE
2021-05-24,0.3728,0.2959,0.3068,710621941.49,238114404.09,0.3659,direct,,DOGE
2021-05-25,0.3804,0.3235,0.3659,543707790.07,188892831.73,0.3463,direct,,DOGE
2021-05-26,0.3666,0.3376,0.3463,371004584.65,130129133.21,0.3531,direct,,DOGE
2021-05-27,0.3533,0.3275,0.3531,267579895.28,90251496.98,0.3337,direct,,DOGE
2021-05-28,0.3465,0.3013,0.3337,396963158.91,126623321.43,0.3113,direct,,DOGE
2021-05-29,0.3179,0.281,0.3113,300591422.81,89803706.98,0.303,direct,,DOGE
2021-05-30,0.3105,0.2872,0.303,204266947.48,61625108.34,0.3021,direct,,DOGE
2021-05-31,0.3292,0.2944,0.3021,321191029.24,99734680.27,0.3257,direct,,DOGE
2021-06-01,0.3838,0.3121,0.3257,889514715.34,308066083.79,0.3701,direct,,DOGE
2021-06-02,0.4445,0.3521,0.3701,1464295805.5,594621920.45,0.4235,direct,,DOGE
2021-06-03,0.4404,0.3777,0.4235,972376953.89,397834666.89,0.4005,direct,,DOGE
2021-06-04,0.402,0.3511,0.4005,792832792.31,297839838.58,0.3762,direct,,DOGE
2021-06-05,0.3939,0.3602,0.3762,394257304.15,148813006.71,0.3717,direct,,DOGE
2021-06-06,0.3766,0.3668,0.3717,180430158.36,66941822.99,0.3713,direct,,DOGE
2021-06-07,0.3798,0.3285,0.3713,434783634.13,154883935.6,0.3316,direct,,DOGE
2021-06-08,0.3416,0.2988,0.3316,599610120.77,193430892.76,0.3265,direct,,DOGE
2021-06-09,0.3533,0.3127,0.3265,479164693.34,158820721.14,0.3431,direct,,DOGE
2021-06-10,0.3503,0.323,0.3431,303030598.94,101500408.79,0.3261,direct,,DOGE
2021-06-11,0.333,0.3114,0.3261,226631125.75,72822195.41,0.3189,direct,,DOGE
2021-06-12,0.3191,0.3015,0.3189,205825642.43,63731009.69,0.3119,direct,,DOGE
2021-06-13,0.33,0.3078,0.3119,185900579.68,58924654.4,0.3242,direct,,DOGE
2021-06-14,0.3374,0.32,0.3242,244491008.67,79815994.44,0.3276,direct,,DOGE
2021-06-15,0.3305,0.3169,0.3276,172760165.24,55917669.34,0.3203,direct,,DOGE
2021-06-16,0.3213,0.3057,0.3203,154450498.39,48238542.94,0.3077,direct,,DOGE
2021-06-17,0.3139,0.3027,0.3077,128638770.31,39582198.01,0.306,direct,,DOGE
2021-06-18,0.3075,0.28,0.306,304466077.12,89451425.0,0.2931,direct,,DOGE
2021-06-19,0.2974,0.286,0.2931,136680631.28,39832132.99,0.286,direct,,DOGE
2021-06-20,0.289,0.256,0.286,328798494.46,89857019.13,0.2802,direct,,DOGE
2021-06-21,0.281,0.1664,0.2802,1508529687.26,324102737.4,0.1783,direct,,DOGE
2021-06-22,0.2161,0.1652,0.1783,1432293389.76,267269872.96,0.1905,direct,,DOGE
2021-06-23,0.2471,0.1817,0.1905,1097527688.34,243138293.09,0.235,direct,,DOGE
2021-06-24,0.2688,0.2223,0.235,650903019.91,156995077.85,0.2634,direct,,DOGE
2021-06-25,0.289,0.2296,0.2634,880142917.38,226861388.01,0.238,direct,,DOGE
2021-06-26,0.255,0.231,0.238,342893174.38,82608167.5,0.2453,direct,,DOGE
2021-06-27,0.2665,0.2406,0.2453,263359708.82,65448880.28,0.2648,direct,,DOGE
2021-06-28,0.2662,0.2509,0.2648,225615787.21,58025448.74,0.257,direct,,DOGE
2021-06-29,0.275,0.2529,0.257,275472017.34,72835851.94,0.2631,direct,,DOGE
2021-06-30,0.2635,0.2384,0.2631,197115739.18,49449281.49,0.2541,direct,,DOGE
2021-07-01,0.2591,0.2387,0.2541,269054279.28,67184655.34,0.2443,direct,,DOGE
2021-07-02,0.2482,0.2386,0.2443,125340352.49,30430571.55,0.2452,direct,,DOGE
2021-07-03,0.25,0.2422,0.2452,100341962.9,24773084.83,0.2464,direct,,DOGE
2021-07-04,0.2525,0.2436,0.2464,95609511.23,23755010.06,0.2466,direct,,DOGE
2021-07-05,0.2466,0.2267,0.2466,157621646.86,37185852.16,0.2313,direct,,DOGE
2021-07-06,0.2419,0.2296,0.2313,126807408.75,29797249.99,0.2343,direct,,DOGE
2021-07-07,0.2381,0.2224,0.2343,135052805.99,31266610.86,0.2241,direct,,DOGE
2021-07-08,0.2246,0.203,0.2241,236744446.19,50525633.55,0.2071,direct,,DOGE
2021-07-09,0.2294,0.1963,0.2071,275526835.36,59237401.14,0.2198,direct,,DOGE
2021-07-10,0.2276,0.2101,0.2198,191207199.84,41592310.22,0.2137,direct,,DOGE
2021-07-11,0.2187,0.2108,0.2137,115763704.7,24851965.15,0.2158,direct,,DOGE
2021-07-12,0.2188,0.2043,0.2158,185884323.11,39367170.54,0.2081,direct,,DOGE
2021-07-13,0.2083,0.198,0.2081,200092449.49,40542243.5,0.1999,direct,,DOGE
2021-07-14,0.2044,0.1878,0.1999,260777186.03,50978657.55,0.1975,direct,,DOGE
2021-07-15,0.2007,0.1807,0.1975,205969759.77,38905273.16,0.1851,direct,,DOGE
2021-07-16,0.1882,0.1713,0.1851,277269264.06,49845757.94,0.172,direct,,DOGE
2021-07-17,0.2172,0.1691,0.172,663423504.74,125003970.91,0.187,direct,,DOGE
2021-07-18,0.1959,0.1806,0.187,275660349.43,51854983.36,0.1818,direct,,DOGE
2021-07-19,0.1839,0.1707,0.1818,256310214.6,45033034.44,0.1735,direct,,DOGE
2021-07-20,0.1795,0.1592,0.1735,561830265.12,93906399.18,0.1705,direct,,DOGE
2021-07-21,0.2139,0.1686,0.1705,1088087182.15,209742902.14,0.1903,direct,,DOGE
2021-07-22,0.1963,0.1865,0.1903,318877510.11,61047986.06,0.1912,direct,,DOGE
2021-07-23,0.1996,0.1835,0.1912,260215776.08,49671623.99,0.1948,direct,,DOGE
2021-07-24,0.2043,0.1913,0.1948,336468250.47,65966662.33,0.1971,direct,,DOGE
2021-07-25,0.2005,0.1914,0.1971,239258240.41,46942364.39,0.198,direct,,DOGE
2021-07-26,0.2329,0.197,0.198,1025487627.11,222006665.04,0.2039,direct,,DOGE
2021-07-27,0.2094,0.1953,0.2039,390029158.18,78745746.16,0.206,direct,,DOGE
2021-07-28,0.2136,0.2019,0.206,385950595.36,79805211.21,0.2056,direct,,DOGE
2021-07-29,0.2065,0.2005,0.2056,185193823.66,37747882.58,0.2048,direct,,DOGE
2021-07-30,0.2105,0.196,0.2048,313938248.37,63951780.78,0.2088,direct,,DOGE
2021-07-31,0.2143,0.205,0.2088,229179579.24,47790583.84,0.2079,direct,,DOGE
2021-08-01,0.2178,0.2021,0.2079,295695176.5,62356674.53,0.2045,direct,,DOGE
2021-08-02,0.2097,0.202,0.2045,165648709.06,33950171.85,0.2034,direct,,DOGE
2021-08-03,0.2049,0.1936,0.2034,193243660.61,38224247.52,0.196,direct,,DOGE
2021-08-04,0.2032,0.1943,0.196,219469198.98,43748919.45,0.2014,direct,,DOGE
2021-08-05,0.2023,0.1945,0.2014,202079626.17,40211575.1,0.2009,direct,,DOGE
2021-08-06,0.2119,0.1985,0.2009,301399278.03,61411712.83,0.2047,direct,,DOGE
2021-08-07,0.2628,0.2038,0.2047,1392264807.73,324866736.71,0.2618,direct,,DOGE
2021-08-08,0.2819,0.2351,0.2618,1631800123.31,420824771.11,0.2401,direct,,DOGE
2021-08-09,0.2665,0.2312,0.2401,1066473078.04,266773907.71,0.2564,direct,,DOGE
2021-08-10,0.2631,0.2453,0.2564,813596092.83,207296321.78,0.2574,direct,,DOGE
2021-08-11,0.2827,0.2565,0.2574,1105689907.53,298969011.72,0.2648,direct,,DOGE
2021-08-12,0.2942,0.2524,0.2648,1173638077.72,319561067.44,0.2642,direct,,DOGE
2021-08-13,0.2875,0.2619,0.2642,748848999.87,206410328.08,0.2869,direct,,DOGE
2021-08-14,0.2986,0.2763,0.2869,907316416.36,260906424.89,0.2941,direct,,DOGE
2021-08-15,0.3497,0.2872,0.2941,1493831375.37,465059980.83,0.3403,direct,,DOGE
2021-08-16,0.3514,0.3104,0.3403,1313937629.21,436856880.92,0.3196,direct,,DOGE
2021-08-17,0.3397,0.2951,0.3196,1078481843.71,345099181.77,0.2993,direct,,DOGE
2021-08-18,0.3246,0.2795,0.2993,1314061326.08,396963032.99,0.3031,direct,,DOGE
2021-08-19,0.3192,0.2939,0.3031,769417945.95,235098095.35,0.3178,direct,,DOGE
2021-08-20,0.3335,0.314,0.3178,656943800.26,212504157.88,0.3274,direct,,DOGE
2021-08-21,0.3296,0.3158,0.3274,454010299.76,146641684.13,0.3169,direct,,DOGE
2021-08-22,0.3216,0.3056,0.3169,375830606.54,117986549.47,0.3149,direct,,DOGE
2021-08-23,0.3278,0.3133,0.3149,505888344.97,161857279.96,0.3179,direct,,DOGE
2021-08-24,0.3195,0.2805,0.3179,557813385.31,167174545.78,0.2888,direct,,DOGE
2021-08-25,0.2967,0.2799,0.2888,465396828.22,134492981.48,0.2926,direct,,DOGE
2021-08-26,0.296,0.2645,0.2926,493638595.97,136542550.04,0.2684,direct,,DOGE
2021-08-27,0.295,0.2653,0.2684,417241434.89,116948362.01,0.2945,direct,,DOGE
2021-08-28,0.2995,0.2832,0.2945,257841339.6,74635735.53,0.2858,direct,,DOGE
2021-08-29,0.2918,0.2768,0.2858,269273174.49,76061355.59,0.281,direct,,DOGE
2021-08-30,0.2901,0.27,0.281,400607782.64,111876743.63,0.272,direct,,DOGE
2021-08-31,0.2859,0.2699,0.272,364429822.54,101124514.0,0.2783,direct,,DOGE
2021-09-01,0.2952,0.2732,0.2783,426478425.42,121493360.06,0.2946,direct,,DOGE
2021-09-02,0.3096,0.2921,0.2946,677958565.65,204131730.55,0.2947,direct,,DOGE
2021-09-03,0.3047,0.2874,0.2947,570794921.49,169313704.92,0.2962,direct,,DOGE
2021-09-04,0.3088,0.2934,0.2962,420450504.63,126198821.33,0.2994,direct,,DOGE
2021-09-05,0.3156,0.2965,0.2994,367585559.55,112263216.57,0.3145,direct,,DOGE
2021-09-06,0.3199,0.3003,0.3145,406367882.38,126025095.95,0.3092,direct,,DOGE
2021-09-07,0.3113,0.2151,0.3092,1482995625.66,390592327.36,0.2547,direct,,DOGE
2021-09-08,0.2632,0.2337,0.2547,681830668.98,171327854.63,0.2568,direct,,DOGE
2021-09-09,0.2596,0.2489,0.2568,404856525.99,102990009.49,0.2525,direct,,DOGE
2021-09-10,0.2619,0.2355,0.2525,381131467.81,93759172.14,0.2397,direct,,DOGE
2021-09-11,0.2479,0.2379,0.2397,222698972.15,54144337.35,0.2411,direct,,DOGE
2021-09-12,0.255,0.2389,0.2411,264784903.9,65371353.83,0.2504,direct,,DOGE
2021-09-13,0.2521,0.2285,0.2504,398961433.26,94648809.93,0.2359,direct,,DOGE
2021-09-14,0.2416,0.2338,0.2359,165828228.46,39457925.54,0.2406,direct,,DOGE
2021-09-15,0.2482,0.2391,0.2406,166620252.49,40540820.99,0.2477,direct,,DOGE
2021-09-16,0.2479,0.2331,0.2477,207662530.49,50214079.82,0.2421,direct,,DOGE
2021-09-17,0.2597,0.2376,0.2421,488994040.82,120826082.23,0.2398,direct,,DOGE
2021-09-18,0.2474,0.2381,0.2398,206419032.56,50123191.89,0.2414,direct,,DOGE
2021-09-19,0.2417,0.2309,0.2414,178285767.52,42176019.92,0.2329,direct,,DOGE
2021-09-20,0.2334,0.1994,0.2329,778268935.17,166574704.04,0.2084,direct,,DOGE
2021-09-21,0.2183,0.1979,0.2084,471106501.33,97287278.06,0.2007,direct,,DOGE
2021-09-22,0.2303,0.2,0.2007,419220557.43,90234551.46,0.2246,direct,,DOGE
2021-09-23,0.2271,0.2179,0.2246,235113942.87,52393090.7,0.2246,direct,,DOGE
2021-09-24,0.2289,0.1969,0.2246,517040860.84,108842909.36,0.2094,direct,,DOGE
2021-09-25,0.2126,0.2046,0.2094,261210303.15,54602835.03,0.2085,direct,,DOGE
2021-09-26,0.2089,0.1942,0.2085,251375334.06,51044219.15,0.2052,direct,,DOGE
2021-09-27,0.2094,0.1997,0.2052,152205290.93,31110020.15,0.1998,direct,,DOGE
2021-09-28,0.2026,0.1962,0.1998,220740571.12,44105812.66,0.1967,direct,,DOGE
2021-09-29,0.2041,0.1948,0.1967,181735722.64,36212067.59,0.1986,direct,,DOGE
2021-09-30,0.2058,0.1977,0.1986,195202867.7,39449941.19,0.2042,direct,,DOGE
2021-10-01,0.2252,0.2018,0.2042,301172609.19,64343384.33,0.2229,direct,,DOGE
2021-10-02,0.225,0.2153,0.2229,218837087.94,48275082.13,0.2187,direct,,DOGE
2021-10-03,0.2266,0.2157,0.2187,201265764.54,44462927.36,0.2218,direct,,DOGE
2021-10-04,0.2487,0.2125,0.2218,749400472.93,172038225.51,0.2414,direct,,DOGE
2021-10-05,0.268,0.233,0.2414,790671826.41,198015523.47,0.2519,direct,,DOGE
2021-10-06,0.2714,0.2423,0.2519,979861895.2,248963736.68,0.2544,direct,,DOGE
2021-10-07,0.2569,0.2355,0.2543,675953166.65,166016073.49,0.2429,direct,,DOGE
2021-10-08,0.2549,0.2415,0.2429,251614069.53,62090443.91,0.2439,direct,,DOGE
2021-10-09,0.2525,0.2408,0.2439,174941289.4,43165136.91,0.2467,direct,,DOGE
2021-10-10,0.2487,0.2254,0.2467,187709959.71,45027227.15,0.2289,direct,,DOGE
2021-10-11,0.2395,0.2251,0.2289,192879282.23,44855392.77,0.2313,direct,,DOGE
2021-10-12,0.2316,0.216,0.2313,282885459.37,63174218.28,0.2261,direct,,DOGE
2021-10-13,0.2341,0.2208,0.2261,240705286.33,54500460.82,0.2326,direct,,DOGE
2021-10-14,0.2402,0.2313,0.2326,206613424.84,48695129.57,0.2326,direct,,DOGE
2021-10-15,0.2434,0.2244,0.2326,355598530.96,82859106.76,0.2341,direct,,DOGE
2021-10-16,0.2454,0.2338,0.2341,248964299.06,59570370.42,0.2373,direct,,DOGE
2021-10-17,0.2419,0.226,0.2373,240876167.1,56757257.48,0.2378,direct,,DOGE
2021-10-18,0.2723,0.2371,0.2378,843568398.44,215396355.91,0.2472,direct,,DOGE
2021-10-19,0.2548,0.2404,0.2472,311643925.78,76673361.64,0.2455,direct,,DOGE
2021-10-20,0.2618,0.2421,0.2455,312184209.28,78781534.74,0.2547,direct,,DOGE
2021-10-21,0.2584,0.2006,0.2547,417850132.2,103108203.98,0.2424,direct,,DOGE
2021-10-22,0.2527,0.2353,0.2424,421149738.1,103017605.43,0.2444,direct,,DOGE
2021-10-23,0.2536,0.2411,0.2444,241334263.04,59712292.25,0.2511,direct,,DOGE
2021-10-24,0.2827,0.2459,0.2511,817638400.41,213989954.59,0.2758,direct,,DOGE
2021-10-25,0.2802,0.2593,0.2758,629194156.29,168504148.04,0.2649,direct,,DOGE
2021-10-26,0.2741,0.2523,0.2649,451963293.38,119811216.48,0.2557,direct,,DOGE
2021-10-27,0.2635,0.2199,0.2557,1308351761.48,317941053.81,0.2375,direct,,DOGE
2021-10-28,0.3402,0.2326,0.2375,3426697649.16,1029111803.49,0.2998,direct,,DOGE
2021-10-29,0.3069,0.2768,0.2998,1105671034.23,321913257.99,0.288,direct,,DOGE
2021-10-30,0.2948,0.2581,0.288,663106328.67,184072859.09,0.269,direct,,DOGE
2021-10-31,0.285,0.2524,0.269,746936540.55,200835275.49,0.2802,direct,,DOGE
2021-11-01,0.2864,0.2638,0.2802,519585249.52,141770603.09,0.2717,direct,,DOGE
2021-11-02,0.281,0.2672,0.2717,378121759.37,103494575.66,0.2741,direct,,DOGE
2021-11-03,0.2775,0.263,0.2741,375183654.22,101277605.2,0.269,direct,,DOGE
2021-11-04,0.2709,0.2542,0.269,329293022.68,86450045.36,0.2633,direct,,DOGE
2021-11-05,0.2708,0.257,0.2633,312585610.17,81892479.29,0.2611,direct,,DOGE
2021-11-06,0.2676,0.2499,0.2611,219543283.02,56990091.6,0.2619,direct,,DOGE
2021-11-07,0.2699,0.2588,0.2619,208191654.15,54980019.6,0.2666,direct,,DOGE
2021-11-08,0.297,0.2647,0.2666,700174172.75,196095193.92,0.2822,direct,,DOGE
2021-11-09,0.2904,0.267,0.2822,401715901.95,112078108.07,0.2735,direct,,DOGE
2021-11-10,0.2773,0.2405,0.2735,609123557.31,159827432.48,0.2557,direct,,DOGE
2021-11-11,0.2712,0.2534,0.2557,322800496.51,84382538.64,0.2607,direct,,DOGE
2021-11-12,0.2685,0.2492,0.2607,336321949.5,86773296.32,0.2597,direct,,DOGE
2021-11-13,0.2623,0.2545,0.2597,167336760.84,43244172.14,0.2614,direct,,DOGE
2021-11-14,0.2718,0.2601,0.2614,245291171.86,64534009.7,0.2628,direct,,DOGE
2021-11-15,0.2652,0.2555,0.2628,208836211.57,54383122.55,0.2568,direct,,DOGE
2021-11-16,0.2569,0.2246,0.2568,755483304.06,182522731.46,0.2369,direct,,DOGE
2021-11-17,0.2414,0.2299,0.2369,653173450.55,154476687.1,0.2378,direct,,DOGE
2021-11-18,0.2416,0.2154,0.2378,731574172.83,168126941.41,0.2216,direct,,DOGE
2021-11-19,0.2372,0.2164,0.2216,413338242.14,93687522.22,0.2333,direct,,DOGE
2021-11-20,0.236,0.2255,0.2333,265980202.76,61623930.09,0.2333,direct,,DOGE
2021-11-21,0.2337,0.2256,0.2333,255228797.07,58515591.75,0.2261,direct,,DOGE
2021-11-22,0.2276,0.2168,0.2261,297390746.75,65940027.45,0.2197,direct,,DOGE
2021-11-23,0.2369,0.2138,0.2197,500291790.34,113615294.96,0.2269,direct,,DOGE
2021-11-24,0.2307,0.2111,0.2269,501303490.58,109011252.58,0.2174,direct,,DOGE
2021-11-25,0.2295,0.2143,0.2174,378034282.81,83386773.78,0.2214,direct,,DOGE
2021-11-26,0.2222,0.1904,0.2214,1199866485.13,243383601.52,0.2021,direct,,DOGE
2021-11-27,0.2095,0.2012,0.2021,269398892.79,55490525.21,0.2052,direct,,DOGE
2021-11-28,0.2078,0.1916,0.2052,327011139.64,65367746.24,0.2078,direct,,DOGE
2021-11-29,0.2252,0.2029,0.2078,494070678.74,105817865.7,0.2151,direct,,DOGE
2021-11-30,0.2276,0.2128,0.2151,488356865.58,107059648.19,0.2145,direct,,DOGE
2021-12-01,0.2188,0.2059,0.2145,274788968.08,58631122.29,0.2093,direct,,DOGE
2021-12-02,0.2232,0.2017,0.2093,415073871.46,88039648.39,0.2095,direct,,DOGE
2021-12-03,0.2123,0.1916,0.2095,355133899.04,72067629.75,0.2,direct,,DOGE
2021-12-04,0.2005,0.1315,0.2,1454355330.8,243098791.84,0.179,direct,,DOGE
2021-12-05,0.1814,0.1625,0.179,388920118.71,66865283.11,0.1717,direct,,DOGE
2021-12-06,0.1807,0.1594,0.1717,516308739.77,87530638.26,0.1783,direct,,DOGE
2021-12-07,0.1845,0.175,0.1783,359578900.01,64629798.69,0.1765,direct,,DOGE
2021-12-08,0.1823,0.1724,0.1765,237901719.72,42344068.4,0.1792,direct,,DOGE
2021-12-09,0.183,0.1688,0.1792,235565600.22,41419598.92,0.1692,direct,,DOGE
2021-12-10,0.1747,0.1636,0.1692,189969971.9,32094483.13,0.1642,direct,,DOGE
2021-12-11,0.1701,0.1614,0.1642,164589443.98,27460921.83,0.1689,direct,,DOGE
2021-12-12,0.1736,0.1657,0.1689,142685341.12,24179780.35,0.1698,direct,,DOGE
2021-12-13,0.1704,0.1516,0.1698,285311994.58,45654183.57,0.1574,direct,,DOGE
2021-12-14,0.2201,0.155,0.1574,1789413165.15,345024658.56,0.1911,direct,,DOGE
2021-12-15,0.1912,0.1707,0.1911,608867178.57,109418691.59,0.1811,direct,,DOGE
2021-12-16,0.1853,0.1724,0.1811,316467990.24,56792037.2,0.1731,direct,,DOGE
2021-12-17,0.1766,0.1617,0.1731,324011587.74,54975607.62,0.1687,direct,,DOGE
2021-12-18,0.1759,0.166,0.1687,168839059.75,28949293.15,0.1724,direct,,DOGE
2021-12-19,0.1748,0.1691,0.1724,119137182.1,20476829.25,0.1695,direct,,DOGE
2021-12-20,0.1708,0.1612,0.1695,222663931.41,36876253.75,0.1672,direct,,DOGE
2021-12-21,0.1724,0.1658,0.1672,157947448.41,26799726.78,0.1709,direct,,DOGE
2021-12-22,0.18,0.1698,0.1709,266348064.4,46464548.6,0.1731,direct,,DOGE
2021-12-23,0.1849,0.1713,0.1731,279749013.71,50018100.82,0.1849,direct,,DOGE
2021-12-24,0.1955,0.1794,0.1849,383656112.38,71785148.42,0.1864,direct,,DOGE
2021-12-25,0.1962,0.185,0.1864,202702332.68,38606717.35,0.1908,direct,,DOGE
2021-12-26,0.1925,0.1852,0.1908,146303635.78,27685283.6,0.1899,direct,,DOGE
2021-12-27,0.1929,0.1866,0.1899,148642881.6,28329957.37,0.1879,direct,,DOGE
2021-12-28,0.188,0.172,0.1879,213447887.63,38247813.58,0.1738,direct,,DOGE
2021-12-29,0.1773,0.1661,0.1738,331413130.57,57245655.33,0.1679,direct,,DOGE
2021-12-30,0.1757,0.1651,0.1679,137212831.5,23519362.42,0.1711,direct,,DOGE
2021-12-31,0.1757,0.1662,0.1711,205469048.95,35221443.8,0.1703,direct,,DOGE
2022-01-01,0.1736,0.1696,0.1703,117508992.35,20165331.72,0.1731,direct,,DOGE
2022-01-02,0.1763,0.1706,0.1731,91218453.95,15826388.04,0.1744,direct,,DOGE
2022-01-03,0.1744,0.1675,0.1744,127287951.62,21732681.51,0.1701,direct,,DOGE
2022-01-04,0.1725,0.1667,0.1701,129992360.8,22119873.9,0.1684,direct,,DOGE
2022-01-05,0.1709,0.1475,0.1684,292391028.7,47464793.18,0.1589,direct,,DOGE
2022-01-06,0.1621,0.1539,0.1589,349609403.14,55224257.59,0.16,direct,,DOGE
2022-01-07,0.1603,0.1493,0.16,618768814.6,95318987.62,0.155,direct,,DOGE
2022-01-08,0.1579,0.1455,0.155,441405064.24,67048315.61,0.151,direct,,DOGE
2022-01-09,0.1538,0.1487,0.151,273158279.11,41361522.56,0.1504,direct,,DOGE
2022-01-10,0.1522,0.137,0.1504,530890613.55,76666195.84,0.1432,direct,,DOGE
2022-01-11,0.167,0.1417,0.1432,892668126.88,137357689.8,0.1538,direct,,DOGE
2022-01-12,0.1637,0.1513,0.1538,567936071.19,89473436.66,0.163,direct,,DOGE
2022-01-13,0.1768,0.1614,0.163,1373391520.34,231938155.04,0.1717,direct,,DOGE
2022-01-14,0.2118,0.1705,0.1717,3047980430.83,582173884.73,0.1834,direct,,DOGE
2022-01-15,0.1947,0.1817,0.1834,975613555.42,183989853.42,0.1846,direct,,DOGE
2022-01-16,0.1848,0.1735,0.1846,614367477.25,110108904.04,0.1767,direct,,DOGE
2022-01-17,0.1783,0.1658,0.1767,663395977.43,113009814.75,0.171,direct,,DOGE
2022-01-18,0.1743,0.1617,0.171,625426349.68,104171986.38,0.1651,direct,,DOGE
2022-01-19,0.1696,0.1592,0.1651,566535463.35,92799464.24,0.1616,direct,,DOGE
2022-01-20,0.1694,0.1542,0.1616,502972701.06,81715216.08,0.1555,direct,,DOGE
2022-01-21,0.1577,0.14,0.1555,978885121.06,146348293.88,0.1421,direct,,DOGE
2022-01-22,0.1453,0.1203,0.1421,1490302252.4,196793334.83,0.1332,direct,,DOGE
2022-01-23,0.1446,0.1321,0.1332,853814969.1,118257121.37,0.1418,direct,,DOGE
2022-01-24,0.1419,0.126,0.1418,1104850443.78,146926314.76,0.1375,direct,,DOGE
2022-01-25,0.1513,0.1325,0.1375,927120515.54,130357396.71,0.1429,direct,,DOGE
2022-01-26,0.1534,0.141,0.1429,815671845.24,120050414.09,0.1431,direct,,DOGE
2022-01-27,0.146,0.1361,0.1431,439349672.0,61848575.83,0.1415,direct,,DOGE
2022-01-28,0.1427,0.1378,0.1415,291589898.06,40896705.6,0.1415,direct,,DOGE
2022-01-29,0.1443,0.1405,0.1415,271802134.63,38745560.85,0.143,direct,,DOGE
2022-01-30,0.1438,0.1382,0.143,249577396.2,35221240.97,0.1394,direct,,DOGE
2022-01-31,0.1425,0.1364,0.1394,378022592.35,52793596.85,0.1417,direct,,DOGE
2022-02-01,0.1444,0.1409,0.1417,354325133.35,50511441.3,0.1425,direct,,DOGE
2022-02-02,0.1464,0.1358,0.1425,349590792.25,49369138.51,0.1371,direct,,DOGE
2022-02-03,0.1389,0.1348,0.1371,240860785.59,32970444.77,0.138,direct,,DOGE
2022-02-04,0.1482,0.137,0.138,419360338.82,59461922.72,0.148,direct,,DOGE
2022-02-05,0.1507,0.1448,0.148,339090954.91,50291903.6,0.1469,direct,,DOGE
2022-02-06,0.1558,0.1447,0.1469,399472042.94,60153772.26,0.1541,direct,,DOGE
2022-02-07,0.1733,0.1515,0.1541,1149229400.94,187364322.74,0.1653,direct,,DOGE
2022-02-08,0.17,0.1531,0.1653,593490725.51,95333993.66,0.1583,direct,,DOGE
2022-02-09,0.1624,0.1544,0.1583,498133577.99,79088322.68,0.1595,direct,,DOGE
2022-02-10,0.1609,0.1502,0.1595,475767047.31,74285546.91,0.1516,direct,,DOGE
2022-02-11,0.1544,0.1424,0.1516,395020222.91,58939094.25,0.1448,direct,,DOGE
2022-02-12,0.1476,0.1407,0.1448,263075304.07,37790416.84,0.1445,direct,,DOGE
2022-02-13,0.1579,0.1437,0.1445,842802660.31,128412062.78,0.1482,direct,,DOGE
2022-02-14,0.1507,0.1429,0.1482,448427024.01,65470644.43,0.1458,direct,,DOGE
2022-02-15,0.1525,0.1448,0.1458,272575437.86,40714630.26,0.1518,direct,,DOGE
2022-02-16,0.1518,0.1463,0.1518,207785873.94,30970171.87,0.1488,direct,,DOGE
2022-02-17,0.1501,0.137,0.1488,357037852.55,51169853.73,0.1385,direct,,DOGE
2022-02-18,0.1423,0.1361,0.1385,247740501.34,34513485.33,0.1386,direct,,DOGE
2022-02-19,0.1465,0.1385,0.1386,301814830.13,42825259.59,0.141,direct,,DOGE
2022-02-20,0.1412,0.1352,0.141,253331167.05,34826321.28,0.1368,direct,,DOGE
2022-02-21,0.1419,0.1272,0.1368,459296538.35,61851602.48,0.1282,direct,,DOGE
2022-02-22,0.1319,0.124,0.1282,353125324.47,45368069.83,0.1314,direct,,DOGE
2022-02-23,0.1356,0.1272,0.1314,262404788.36,34536273.62,0.1274,direct,,DOGE
2022-02-24,0.1277,0.1069,0.1274,1121661308.11,130579362.08,0.1241,direct,,DOGE
2022-02-25,0.1284,0.1206,0.1241,390138776.68,48552064.04,0.1278,direct,,DOGE
2022-02-26,0.1305,0.1257,0.1278,282495905.52,36170947.34,0.1277,direct,,DOGE
2022-02-27,0.1285,0.1212,0.1277,310680973.92,38757321.44,0.1229,direct,,DOGE
2022-02-28,0.1349,0.1214,0.1229,403971610.6,51509142.53,0.1334,direct,,DOGE
2022-03-01,0.1389,0.1299,0.1334,419942125.9,56222309.87,0.134,direct,,DOGE
2022-03-02,0.137,0.1307,0.134,260598968.57,34819085.06,0.1332,direct,,DOGE
2022-03-03,0.1339,0.1274,0.1332,201544333.0,26325584.48,0.1297,direct,,DOGE
2022-03-04,0.1302,0.1202,0.1297,349021706.15,43799859.75,0.1225,direct,,DOGE
2022-03-05,0.1255,0.1209,0.1225,132236057.95,16338645.25,0.125,direct,,DOGE
2022-03-06,0.1256,0.1195,0.125,210444236.36,25780295.02,0.1207,direct,,DOGE
2022-03-07,0.1226,0.1136,0.1207,278942923.32,33041580.19,0.1169,direct,,DOGE
2022-03-08,0.12,0.1153,0.1169,275270383.38,32405570.69,0.1171,direct,,DOGE
2022-03-09,0.1243,0.1164,0.1171,298363951.25,36270931.34,0.1214,direct,,DOGE
2022-03-10,0.1218,0.1147,0.1214,327166694.0,38280140.19,0.1168,direct,,DOGE
2022-03-11,0.1185,0.1139,0.1168,198535113.33,23025156.55,0.1154,direct,,DOGE
2022-03-12,0.1173,0.1147,0.1154,99242891.48,11523466.35,0.1149,direct,,DOGE
2022-03-13,0.1163,0.1099,0.1149,252398420.95,28645334.5,0.1116,direct,,DOGE
2022-03-14,0.121,0.1103,0.1116,513008296.16,58959443.9,0.114,direct,,DOGE
2022-03-15,0.1143,0.1103,0.114,248800266.68,27977025.74,0.1126,direct,,DOGE
2022-03-16,0.1171,0.1122,0.1126,371649414.18,42536845.4,0.1171,direct,,DOGE
2022-03-17,0.1192,0.116,0.1171,258448075.51,30305842.3,0.1164,direct,,DOGE
2022-03-18,0.1196,0.1143,0.1164,251761839.03,29323350.52,0.1192,direct,,DOGE
2022-03-19,0.1251,0.1184,0.1192,407217112.01,49826293.13,0.1237,direct,,DOGE
2022-03-20,0.1241,0.1175,0.1237,220222234.88,26540176.29,0.1193,direct,,DOGE
2022-03-21,0.1217,0.1178,0.1193,294934975.63,35213249.22,0.1193,direct,,DOGE
2022-03-22,0.1257,0.1187,0.1193,319130884.42,39280125.51,0.1225,direct,,DOGE
2022-03-23,0.1317,0.1211,0.1225,608929291.01,77376043.37,0.1299,direct,,DOGE
2022-03-24,0.1412,0.1278,0.1299,1061153457.36,144143568.92,0.1368,direct,,DOGE
2022-03-25,0.1377,0.1281,0.1368,511253225.44,68255621.05,0.1309,direct,,DOGE
2022-03-26,0.137,0.1291,0.1309,384002636.57,51323091.34,0.1361,direct,,DOGE
2022-03-27,0.1456,0.1355,0.1361,761454236.76,107296153.01,0.1448,direct,,DOGE
2022-03-28,0.1536,0.141,0.1448,1084537898.56,161159085.93,0.1424,direct,,DOGE
2022-03-29,0.1489,0.141,0.1424,517013960.96,74856380.69,0.1444,direct,,DOGE
2022-03-30,0.1454,0.1384,0.1444,412911233.41,58853321.39,0.143,direct,,DOGE
2022-03-31,0.1478,0.1361,0.143,490546548.82,69790345.2,0.1381,direct,,DOGE
2022-04-01,0.1429,0.1323,0.1381,426555504.17,58620162.85,0.1413,direct,,DOGE
2022-04-02,0.1444,0.1381,0.1413,308398249.91,43701164.24,0.1388,direct,,DOGE
2022-04-03,0.1495,0.1363,0.1388,501870988.99,72241704.83,0.1465,direct,,DOGE
2022-04-04,0.1565,0.1415,0.1465,979129245.62,145020648.33,0.1484,direct,,DOGE
2022-04-05,0.1796,0.1473,0.1484,2208560592.79,360845489.02,0.1724,direct,,DOGE
2022-04-06,0.1743,0.1418,0.1724,1610204826.72,249486895.94,0.1434,direct,,DOGE
2022-04-07,0.1483,0.1401,0.1434,620965632.38,89534198.51,0.146,direct,,DOGE
2022-04-08,0.1534,0.1406,0.146,707184620.29,104388190.54,0.1426,direct,,DOGE
2022-04-09,0.1446,0.1406,0.1426,187377738.43,26788090.23,0.1442,direct,,DOGE
2022-04-10,0.1576,0.1436,0.1442,884281791.41,134244472.46,0.1482,direct,,DOGE
2022-04-11,0.1514,0.133,0.1482,797942732.33,113055874.82,0.1342,direct,,DOGE
2022-04-12,0.1445,0.1332,0.1342,771960882.77,106759122.74,0.1381,direct,,DOGE
2022-04-13,0.1434,0.1363,0.1381,335397796.53,46893720.11,0.1399,direct,,DOGE
2022-04-14,0.1476,0.1366,0.1399,822863674.94,117331861.37,0.1441,direct,,DOGE
2022-04-15,0.1497,0.1418,0.1441,441790193.14,64454434.97,0.146,direct,,DOGE
2022-04-16,0.148,0.1414,0.146,226599408.21,32736009.63,0.1436,direct,,DOGE
2022-04-17,0.1449,0.1384,0.1436,240250976.8,34240352.44,0.1393,direct,,DOGE
2022-04-18,0.1405,0.1333,0.1393,385360732.41,52732652.48,0.1402,direct,,DOGE
2022-04-19,0.1446,0.1391,0.1402,259802476.18,36778111.78,0.1427,direct,,DOGE
2022-04-20,0.1467,0.1391,0.1427,425285545.65,60814579.54,0.1407,direct,,DOGE
2022-04-21,0.143,0.1343,0.1407,273661580.45,38156486.23,0.1364,direct,,DOGE
2022-04-22,0.1382,0.1347,0.1364,159285837.75,21711965.05,0.1363,direct,,DOGE
2022-04-23,0.1367,0.1332,0.1363,130471952.45,17596162.82,0.1339,direct,,DOGE
2022-04-24,0.1347,0.131,0.1339,178304970.47,23681716.47,0.1319,direct,,DOGE
2022-04-25,0.1711,0.1226,0.1319,2337778917.49,351764331.79,0.1581,direct,,DOGE
2022-04-26,0.1665,0.1356,0.1581,1805598811.69,273734258.45,0.1377,direct,,DOGE
2022-04-27,0.1457,0.1352,0.1377,729531608.23,102164182.19,0.14,direct,,DOGE
2022-04-28,0.1433,0.1353,0.14,493060569.76,68454573.6,0.1376,direct,,DOGE
2022-04-29,0.1449,0.1332,0.1376,758210109.31,104870422.46,0.135,direct,,DOGE
2022-04-30,0.1368,0.1243,0.135,448398075.56,58871508.69,0.1274,direct,,DOGE
2022-05-01,0.1365,0.1262,0.1274,496938830.63,65127596.38,0.1328,direct,,DOGE
2022-05-02,0.134,0.1276,0.1328,278364250.15,36462717.87,0.1307,direct,,DOGE
2022-05-03,0.132,0.1264,0.1307,223483691.0,29001279.7,0.1294,direct,,DOGE
2022-05-04,0.1362,0.129,0.1294,385831067.32,50956200.6,0.136,direct,,DOGE
2022-05-05,0.1377,0.1262,0.136,526034970.87,69070964.09,0.1281,direct,,DOGE
2022-05-06,0.1298,0.1233,0.1281,351961949.67,44691935.8,0.1277,direct,,DOGE
2022-05-07,0.1322,0.1246,0.1277,396754812.76,50817386.96,0.1275,direct,,DOGE
2022-05-08,0.1282,0.1227,0.1275,276199030.91,34614573.03,0.1241,direct,,DOGE
2022-05-09,0.1253,0.1004,0.1241,985001075.58,111200799.5,0.1017,direct,,DOGE
2022-05-10,0.1182,0.09949,0.1017,1032307543.69,113247105.76,0.108,direct,,DOGE
2022-05-11,0.1108,0.07482,0.108,1825230366.03,169954166.14,0.08476,direct,,DOGE
2022-05-12,0.08954,0.06542,0.08476,1864258449.3,147582028.08,0.08239,direct,,DOGE
2022-05-13,0.09594,0.08183,0.08239,1106910999.51,100149815.54,0.08798,direct,,DOGE
2022-05-14,0.09182,0.08344,0.08798,480167318.34,42282485.94,0.08931,direct,,DOGE
2022-05-15,0.0931,0.0864,0.08931,348652891.72,31137599.01,0.0931,direct,,DOGE
2022-05-16,0.0931,0.08576,0.0931,393667933.6,34713665.65,0.08788,direct,,DOGE
2022-05-17,0.09129,0.08683,0.08788,389463991.71,34779128.77,0.09011,direct,,DOGE
2022-05-18,0.0909,0.083,0.09011,499968441.31,43440208.72,0.08321,direct,,DOGE
2022-05-19,0.08748,0.08131,0.08321,464872268.76,39441809.23,0.08659,direct,,DOGE
2022-05-20,0.0879,0.08242,0.08659,344609901.75,29359519.24,0.08375,direct,,DOGE
2022-05-21,0.08533,0.08228,0.08375,183262764.92,15391199.85,0.08432,direct,,DOGE
2022-05-22,0.08656,0.08372,0.08432,177840604.85,15159472.47,0.0858,direct,,DOGE
2022-05-23,0.08834,0.08204,0.0858,334968249.74,28742799.63,0.08324,direct,,DOGE
2022-05-24,0.08426,0.08007,0.08324,263691006.16,21796405.56,0.08359,direct,,DOGE
2022-05-25,0.08439,0.08203,0.08359,229636358.13,19077428.84,0.08288,direct,,DOGE
2022-05-26,0.08364,0.07512,0.08288,428640844.4,33818927.23,0.07782,direct,,DOGE
2022-05-27,0.08975,0.07601,0.07782,980056724.81,79828605.84,0.08142,direct,,DOGE
2022-05-28,0.08322,0.0808,0.08142,385933810.69,31570841.07,0.08179,direct,,DOGE
2022-05-29,0.08324,0.07977,0.08179,240070614.54,19593600.99,0.08266,direct,,DOGE
2022-05-30,0.08845,0.08204,0.08266,498520897.17,42641336.68,0.08793,direct,,DOGE
2022-05-31,0.08844,0.08302,0.08793,600553956.0,51660251.37,0.08581,direct,,DOGE
2022-06-01,0.08931,0.07881,0.08581,553813699.08,46665315.12,0.08094,direct,,DOGE
2022-06-02,0.08307,0.07999,0.08094,282951450.98,23080799.56,0.0827,direct,,DOGE
2022-06-03,0.08287,0.07926,0.0827,398506069.89,32171424.45,0.0802,direct,,DOGE
2022-06-04,0.08245,0.07926,0.0802,462125062.55,37457056.64,0.08181,direct,,DOGE
2022-06-05,0.08216,0.08054,0.08181,315736710.81,25709516.5,0.08098,direct,,DOGE
2022-06-06,0.08467,0.0808,0.08098,591299889.73,49007676.85,0.08245,direct,,DOGE
2022-06-07,0.08249,0.07766,0.08245,523964389.57,41880490.13,0.08031,direct,,DOGE
2022-06-08,0.08156,0.07872,0.08031,299488505.92,23965238.46,0.07923,direct,,DOGE
2022-06-09,0.08101,0.07884,0.07923,222510770.61,17743825.87,0.07931,direct,,DOGE
2022-06-10,0.07966,0.07418,0.07931,297481824.29,22845647.89,0.0753,direct,,DOGE
2022-06-11,0.07643,0.06788,0.0753,539301890.32,38540866.26,0.0698,direct,,DOGE
2022-06-12,0.07027,0.06338,0.0698,669395731.6,44378534.91,0.06349,direct,,DOGE
2022-06-13,0.06608,0.05226,0.06349,1553283716.85,88346871.9,0.05419,direct,,DOGE
2022-06-14,0.05832,0.04974,0.05419,1069963509.41,58702963.91,0.05551,direct,,DOGE
2022-06-15,0.06386,0.05035,0.05551,1332651396.44,73711902.31,0.06269,direct,,DOGE
2022-06-16,0.06281,0.05415,0.06269,988729706.28,56838719.25,0.05514,direct,,DOGE
2022-06-17,0.05804,0.05455,0.05514,667852532.76,37789586.45,0.05679,direct,,DOGE
2022-06-18,0.05779,0.04909,0.05679,1209110964.89,64195221.25,0.05282,direct,,DOGE
2022-06-19,0.06285,0.05109,0.05282,1806950333.94,103019758.27,0.06042,direct,,DOGE
2022-06-20,0.0614,0.05738,0.06042,810862089.01,48122450.53,0.05996,direct,,DOGE
2022-06-21,0.06981,0.05895,0.05996,1540902959.83,100314559.2,0.0657,direct,,DOGE
2022-06-22,0.06576,0.06101,0.0657,1059060108.97,66628546.65,0.06162,direct,,DOGE
2022-06-23,0.06468,0.06153,0.06162,646246004.66,41011857.43,0.06395,direct,,DOGE
2022-06-24,0.06848,0.0639,0.06395,712020767.26,47094573.69,0.06689,direct,,DOGE
2022-06-25,0.06931,0.06505,0.06689,593453885.82,39953756.29,0.06848,direct,,DOGE
2022-06-26,0.07764,0.06715,0.06848,1316019976.95,95634030.59,0.07295,direct,,DOGE
2022-06-27,0.07869,0.0705,0.07295,1306954595.72,97569079.43,0.07204,direct,,DOGE
2022-06-28,0.07325,0.06533,0.07204,792900635.02,55232094.39,0.06602,direct,,DOGE
2022-06-29,0.07148,0.06404,0.06602,885986938.42,59781645.23,0.06941,direct,,DOGE
2022-06-30,0.06961,0.06225,0.06941,989287596.05,64326680.6,0.06635,direct,,DOGE
2022-07-01,0.06843,0.06381,0.06635,753756980.02,49643188.95,0.06634,direct,,DOGE
2022-07-02,0.06789,0.06545,0.06634,437377039.25,29183230.68,0.06657,direct,,DOGE
2022-07-03,0.06743,0.06476,0.06657,331546831.95,21936886.68,0.06712,direct,,DOGE
2022-07-04,0.06968,0.0656,0.06712,462329433.31,31325154.12,0.0693,direct,,DOGE
2022-07-05,0.06993,0.06543,0.0693,442323799.77,29971256.88,0.06713,direct,,DOGE
2022-07-06,0.0692,0.06611,0.06713,495383533.31,33555740.59,0.06838,direct,,DOGE
2022-07-07,0.07117,0.06783,0.06838,468461825.99,32639561.5,0.07056,direct,,DOGE
2022-07-08,0.07338,0.06821,0.07056,542891975.4,38145402.6,0.06907,direct,,DOGE
2022-07-09,0.07011,0.06881,0.06907,220388809.4,15317370.79,0.06945,direct,,DOGE
2022-07-10,0.06947,0.06625,0.06945,356572308.38,24047228.64,0.06721,direct,,DOGE
2022-07-11,0.06724,0.06114,0.06721,508072101.44,32694397.72,0.06169,direct,,DOGE
2022-07-12,0.06302,0.05967,0.06169,393180349.67,24134371.53,0.05975,direct,,DOGE
2022-07-13,0.06227,0.0576,0.05975,691018045.8,41436521.36,0.06191,direct,,DOGE
2022-07-14,0.06276,0.05945,0.06191,491627488.34,30067484.6,0.06242,direct,,DOGE
2022-07-15,0.06438,0.06158,0.06242,465714906.55,29379627.4,0.06293,direct,,DOGE
2022-07-16,0.06481,0.06173,0.06293,439203571.34,27869791.32,0.06438,direct,,DOGE
2022-07-17,0.0655,0.06289,0.06438,411158444.41,26398422.65,0.063,direct,,DOGE
2022-07-18,0.06891,0.06298,0.063,781129225.16,51950743.91,0.06754,direct,,DOGE
2022-07-19,0.07026,0.0654,0.06754,684478924.43,46519930.49,0.06906,direct,,DOGE
2022-07-20,0.0769,0.06772,0.06906,1329318352.89,96129420.32,0.07015,direct,,DOGE
2022-07-21,0.07091,0.06698,0.07015,529788531.38,36507099.23,0.07,direct,,DOGE
2022-07-22,0.07142,0.06675,0.07,458304074.88,31768579.71,0.06746,direct,,DOGE
2022-07-23,0.06949,0.06597,0.06746,332374550.09,22460296.94,0.06805,direct,,DOGE
2022-07-24,0.06893,0.06726,0.06805,291421147.69,19897213.37,0.06756,direct,,DOGE
2022-07-25,0.06801,0.06179,0.06756,478344890.16,30982691.26,0.06188,direct,,DOGE
2022-07-26,0.06267,0.06013,0.06188,371000962.16,22776497.36,0.06251,direct,,DOGE
2022-07-27,0.06723,0.0618,0.06251,517121730.11,33188918.23,0.06723,direct,,DOGE
2022-07-28,0.07087,0.06525,0.06723,770770771.42,52385442.53,0.06913,direct,,DOGE
2022-07-29,0.07246,0.06706,0.06913,838574647.05,58387583.78,0.06878,direct,,DOGE
2022-07-30,0.07448,0.06793,0.06878,939981702.82,66943480.62,0.06965,direct,,DOGE
2022-07-31,0.07222,0.06785,0.06965,522117816.52,36641772.27,0.06811,direct,,DOGE
2022-08-01,0.07131,0.06685,0.06811,516973155.02,35499538.31,0.06848,direct,,DOGE
2022-08-02,0.0691,0.06551,0.06848,325396681.36,21802866.82,0.06653,direct,,DOGE
2022-08-03,0.06841,0.06514,0.06653,279436901.26,18717628.87,0.06625,direct,,DOGE
2022-08-04,0.06761,0.06574,0.06625,208903281.07,13934715.34,0.06725,direct,,DOGE
2022-08-05,0.07029,0.0672,0.06725,330259622.44,22782791.47,0.06979,direct,,DOGE
2022-08-06,0.0713,0.06843,0.06979,263802039.5,18423825.82,0.06864,direct,,DOGE
2022-08-07,0.07002,0.06742,0.06864,183119895.41,12619543.92,0.06896,direct,,DOGE
2022-08-08,0.07254,0.06886,0.06896,425827961.86,30008386.92,0.07013,direct,,DOGE
2022-08-09,0.07422,0.06782,0.07013,644486486.11,45592332.29,0.06906,direct,,DOGE
2022-08-10,0.07148,0.06674,0.06906,482196085.25,33622144.82,0.07128,direct,,DOGE
2022-08-11,0.07546,0.0705,0.07128,482500634.71,34858776.87,0.0709,direct,,DOGE
2022-08-12,0.07275,0.06973,0.0709,274993875.07,19591934.46,0.07234,direct,,DOGE
2022-08-13,0.07536,0.07187,0.07234,430068659.9,31599258.88,0.07296,direct,,DOGE
2022-08-14,0.08462,0.07265,0.07296,1514008542.9,119670248.3,0.08168,direct,,DOGE
2022-08-15,0.08203,0.07474,0.08168,942939744.07,73437905.83,0.07665,direct,,DOGE
2022-08-16,0.08968,0.07618,0.07665,2015299107.3,170166941.1,0.08679,direct,,DOGE
2022-08-17,0.08895,0.07938,0.08679,1093452709.69,91640472.36,0.08015,direct,,DOGE
2022-08-18,0.08227,0.07351,0.08015,620477282.53,49112533.31,0.07477,direct,,DOGE
2022-08-19,0.07527,0.06705,0.07477,1060234331.46,74632298.57,0.06778,direct,,DOGE
2022-08-20,0.07117,0.06764,0.06778,588801735.86,40883455.44,0.06934,direct,,DOGE
2022-08-21,0.07075,0.06742,0.06934,415570540.69,28731119.19,0.06933,direct,,DOGE
2022-08-22,0.06941,0.0652,0.06933,469259039.66,31486479.51,0.0684,direct,,DOGE
2022-08-23,0.06922,0.06687,0.0684,302483983.81,20680095.85,0.06877,direct,,DOGE
2022-08-24,0.06962,0.06704,0.06877,307629369.62,21007454.39,0.0679,direct,,DOGE
2022-08-25,0.07177,0.06766,0.0679,366442886.82,25413694.14,0.06902,direct,,DOGE
2022-08-26,0.0699,0.06275,0.06902,647835056.36,43240858.73,0.06354,direct,,DOGE
2022-08-27,0.06413,0.06228,0.06354,363170415.19,23006490.84,0.06351,direct,,DOGE
2022-08-28,0.06432,0.06132,0.06351,278491166.31,17660218.24,0.0618,direct,,DOGE
2022-08-29,0.06468,0.06087,0.0618,291660241.26,18227997.93,0.06386,direct,,DOGE
2022-08-30,0.06448,0.06007,0.06386,311744419.89,19442836.89,0.06153,direct,,DOGE
2022-08-31,0.06347,0.06073,0.06153,312345460.22,19440626.47,0.06136,direct,,DOGE
2022-09-01,0.06261,0.0599,0.06136,330713667.05,20231799.87,0.06237,direct,,DOGE
2022-09-02,0.0628,0.06072,0.06237,263180029.05,16300584.55,0.06166,direct,,DOGE
2022-09-03,0.06403,0.06116,0.06166,287390502.75,17939220.32,0.06272,direct,,DOGE
2022-09-04,0.0639,0.06188,0.06272,221677071.36,13960409.91,0.06323,direct,,DOGE
2022-09-05,0.06374,0.06094,0.06323,231683868.23,14416692.58,0.06274,direct,,DOGE
2022-09-06,0.06524,0.05812,0.06274,510946474.27,31523951.16,0.05889,direct,,DOGE
2022-09-07,0.06154,0.05741,0.05889,325686530.52,19408156.88,0.06098,direct,,DOGE
2022-09-08,0.06142,0.05965,0.06098,237283795.85,14378400.27,0.06096,direct,,DOGE
2022-09-09,0.06487,0.0609,0.06096,480994506.99,30393815.34,0.06389,direct,,DOGE
2022-09-10,0.06547,0.06319,0.06389,431869333.95,27708493.28,0.06471,direct,,DOGE
2022-09-11,0.06533,0.06265,0.06471,303196115.24,19417407.88,0.06372,direct,,DOGE
2022-09-12,0.06544,0.06262,0.06372,326569765.2,20870311.89,0.06397,direct,,DOGE
2022-09-13,0.06413,0.05924,0.06397,490964144.69,30143465.78,0.05966,direct,,DOGE
2022-09-14,0.06149,0.05923,0.05966,436793160.33,26496317.6,0.06116,direct,,DOGE
2022-09-15,0.06122,0.0585,0.06116,510313954.9,30637423.56,0.05863,direct,,DOGE
2022-09-16,0.06053,0.05812,0.05863,334829534.75,19910297.87,0.06048,direct,,DOGE
2022-09-17,0.0624,0.06025,0.06048,279055486.4,17094379.89,0.06219,direct,,DOGE
2022-09-18,0.06224,0.05685,0.06219,246488364.87,14685120.72,0.05743,direct,,DOGE
2022-09-19,0.05884,0.05591,0.05743,327625080.39,18821482.38,0.05857,direct,,DOGE
2022-09-20,0.06062,0.0576,0.05857,414188164.32,24320612.97,0.05842,direct,,DOGE
2022-09-21,0.06089,0.05609,0.05842,553816516.54,32499115.35,0.05718,direct,,DOGE
2022-09-22,0.06007,0.05685,0.05718,333782703.09,19565798.66,0.0596,direct,,DOGE
2022-09-23,0.06426,0.05912,0.0596,783998093.94,48408089.25,0.06335,direct,,DOGE
2022-09-24,0.06822,0.06267,0.06335,891079762.41,58545863.38,0.0631,direct,,DOGE
2022-09-25,0.06389,0.06008,0.0631,351751903.88,21920766.19,0.06119,direct,,DOGE
2022-09-26,0.06187,0.05978,0.06119,353319374.22,21524887.41,0.06113,direct,,DOGE
2022-09-27,0.06307,0.05977,0.06113,453846451.84,28036330.69,0.06051,direct,,DOGE
2022-09-28,0.06112,0.05854,0.06051,331648052.94,19895275.82,0.06051,direct,,DOGE
2022-09-29,0.06106,0.05929,0.06051,199083972.06,11990646.85,0.06083,direct,,DOGE
2022-09-30,0.06223,0.05964,0.06083,419473938.41,25503068.48,0.06167,direct,,DOGE
2022-10-01,0.06312,0.06027,0.06167,420181371.01,25835769.12,0.0606,direct,,DOGE
2022-10-02,0.06095,0.05891,0.0606,216762665.22,12997766.76,0.05927,direct,,DOGE
2022-10-03,0.06056,0.05886,0.05927,248377920.49,14883847.99,0.06035,direct,,DOGE
2022-10-04,0.0664,0.05995,0.06035,1235633033.24,79114837.73,0.06585,direct,,DOGE
2022-10-05,0.0666,0.06271,0.06585,867800754.42,56096228.96,0.06479,direct,,DOGE
2022-10-06,0.06685,0.06297,0.06479,611636391.77,39555664.77,0.06343,direct,,DOGE
2022-10-07,0.06383,0.06145,0.06343,450668397.09,28194082.31,0.06237,direct,,DOGE
2022-10-08,0.06266,0.06121,0.06237,179323654.47,11138291.46,0.06165,direct,,DOGE
2022-10-09,0.06239,0.06118,0.06165,160379620.2,9916196.96,0.06212,direct,,DOGE
2022-10-10,0.06251,0.05935,0.06212,329310367.4,19969389.92,0.0594,direct,,DOGE
2022-10-11,0.06086,0.05752,0.0594,393132831.77,23342393.79,0.06023,direct,,DOGE
2022-10-12,0.06098,0.05933,0.06023,216493353.03,13009317.34,0.05982,direct,,DOGE
2022-10-13,0.06025,0.0551,0.05982,659877647.18,38166881.07,0.05967,direct,,DOGE
2022-10-14,0.06102,0.05806,0.05967,379157333.74,22661742.2,0.05866,direct,,DOGE
2022-10-15,0.05978,0.05799,0.05866,213997927.44,12593917.69,0.05858,direct,,DOGE
2022-10-16,0.05946,0.05848,0.05858,143621100.91,8473331.03,0.05891,direct,,DOGE
2022-10-17,0.06018,0.05856,0.05891,161455417.18,9608800.99,0.05997,direct,,DOGE
2022-10-18,0.0611,0.05853,0.05997,260286041.34,15503844.2,0.05976,direct,,DOGE
2022-10-19,0.06078,0.05824,0.05976,352752315.65,20950422.68,0.05869,direct,,DOGE
2022-10-20,0.06037,0.05825,0.05869,411146552.06,24504229.78,0.05943,direct,,DOGE
2022-10-21,0.0595,0.05716,0.05943,290930686.64,17028792.67,0.05933,direct,,DOGE
2022-10-22,0.05991,0.05912,0.05933,184597872.79,10987170.62,0.05971,direct,,DOGE
2022-10-23,0.06048,0.05871,0.05971,238762194.76,14244169.25,0.06038,direct,,DOGE
2022-10-24,0.06091,0.05869,0.06038,334814093.28,19943976.32,0.05947,direct,,DOGE
2022-10-25,0.06436,0.05917,0.05947,674207034.59,41620390.27,0.06303,direct,,DOGE
2022-10-26,0.07364,0.06264,0.06303,1201766290.9,82437208.3,0.07276,direct,,DOGE
2022-10-27,0.08546,0.07176,0.07276,2113722158.73,164742647.61,0.07689,direct,,DOGE
2022-10-28,0.08853,0.07252,0.07689,3073390477.98,251905202.97,0.08387,direct,,DOGE
2022-10-29,0.151,0.0828,0.08387,6061750364.91,699016914.63,0.1218,direct,,DOGE
2022-10-30,0.1436,0.1114,0.1218,3235687990.36,402077018.94,0.1177,direct,,DOGE
2022-10-31,0.1314,0.1139,0.1177,2975860370.29,365212175.43,0.1269,direct,,DOGE
2022-11-01,0.1587,0.1245,0.1269,4003642400.73,564562589.04,0.1422,direct,,DOGE
2022-11-02,0.1479,0.1221,0.1422,3086182162.68,415555616.41,0.1277,direct,,DOGE
2022-11-03,0.137,0.1197,0.1277,1838228695.19,239217835.34,0.1226,direct,,DOGE
2022-11-04,0.1291,0.1155,0.1226,2263474492.08,276436082.52,0.1262,direct,,DOGE
2022-11-05,0.1359,0.1206,0.1262,1215251292.58,155848051.75,0.1245,direct,,DOGE
2022-11-06,0.1276,0.1121,0.1245,911663193.11,110545154.3,0.1149,direct,,DOGE
2022-11-07,0.119,0.1075,0.1149,1171483597.32,134765452.24,0.1112,direct,,DOGE
2022-11-08,0.1127,0.07755,0.1112,2651640493.51,258919745.43,0.08824,direct,,DOGE
2022-11-09,0.09219,0.07035,0.08824,2056929551.54,170242810.42,0.07421,direct,,DOGE
2022-11-10,0.09387,0.07294,0.07421,1537508152.41,130091313.36,0.08957,direct,,DOGE
2022-11-11,0.093,0.07986,0.08957,949304030.6,80639828.5,0.08488,direct,,DOGE
2022-11-12,0.09484,0.0783,0.08488,1188394209.52,104842226.86,0.08803,direct,,DOGE
2022-11-13,0.09138,0.08263,0.08803,730886537.67,63584409.92,0.08488,direct,,DOGE
2022-11-14,0.09117,0.07911,0.08488,867359139.15,73614428.65,0.0858,direct,,DOGE
2022-11-15,0.08948,0.08475,0.0858,571743512.5,49699027.21,0.08694,direct,,DOGE
2022-11-16,0.09102,0.0833,0.08694,439756984.16,38115216.42,0.08544,direct,,DOGE
2022-11-17,0.08722,0.08242,0.08544,365788562.11,31011770.14,0.08458,direct,,DOGE
2022-11-18,0.08669,0.0835,0.08458,258181876.62,21918610.78,0.08461,direct,,DOGE
2022-11-19,0.08488,0.08296,0.08461,163757327.12,13757812.32,0.08441,direct,,DOGE
2022-11-20,0.08573,0.07624,0.08441,430860317.15,34865111.22,0.07692,direct,,DOGE
2022-11-21,0.07728,0.0712,0.07692,627092345.13,46945097.04,0.0746,direct,,DOGE
2022-11-22,0.07942,0.07301,0.0746,580203633.99,44285946.66,0.07856,direct,,DOGE
2022-11-23,0.08339,0.07771,0.07856,500148169.06,40383121.14,0.08186,direct,,DOGE
2022-11-24,0.08414,0.08045,0.08186,261550463.44,21418581.7,0.08142,direct,,DOGE
2022-11-25,0.09168,0.08048,0.08142,842443810.35,73124444.29,0.08941,direct,,DOGE
2022-11-26,0.09545,0.08713,0.08941,750580531.94,69118663.66,0.08885,direct,,DOGE
2022-11-27,0.1077,0.08878,0.08885,1445682500.83,145501701.44,0.09856,direct,,DOGE
2022-11-28,0.09959,0.09059,0.09856,1093297031.92,103920530.43,0.09511,direct,,DOGE
2022-11-29,0.1055,0.09359,0.09511,1072212027.98,108858100.99,0.1014,direct,,DOGE
2022-11-30,0.1099,0.09943,0.1014,1189338345.26,125536961.14,0.1068,direct,,DOGE
2022-12-01,0.1077,0.1003,0.1068,633536945.58,65430642.06,0.1017,direct,,DOGE
2022-12-02,0.1036,0.09656,0.1017,574152441.42,57150513.43,0.1022,direct,,DOGE
2022-12-03,0.1031,0.09811,0.1022,509947274.65,51375767.07,0.0996,direct,,DOGE
2022-12-04,0.1057,0.09955,0.0996,496377346.33,51267719.69,0.1041,direct,,DOGE
2022-12-05,0.1117,0.09929,0.1041,694160929.01,72484124.91,0.1015,direct,,DOGE
2022-12-06,0.1028,0.09816,0.1015,432817980.31,43435849.05,0.1002,direct,,DOGE
2022-12-07,0.1012,0.093,0.1002,466856954.51,45117415.16,0.09576,direct,,DOGE
2022-12-08,0.09916,0.09475,0.09576,341673366.45,33092112.48,0.09851,direct,,DOGE
2022-12-09,0.09939,0.09564,0.09851,305694707.63,29754857.25,0.09669,direct,,DOGE
2022-12-10,0.09739,0.09604,0.09669,202163352.83,19557365.96,0.09629,direct,,DOGE
2022-12-11,0.09714,0.09181,0.09629,248008305.16,23604630.27,0.0927,direct,,DOGE
2022-12-12,0.09298,0.08515,0.0927,833250653.16,73847168.17,0.09029,direct,,DOGE
2022-12-13,0.09541,0.08706,0.09029,735889906.37,66912417.46,0.09102,direct,,DOGE
2022-12-14,0.09245,0.0874,0.09102,577000670.89,51985074.43,0.0883,direct,,DOGE
2022-12-15,0.08883,0.08407,0.0883,436095314.59,37751138.07,0.08484,direct,,DOGE
2022-12-16,0.08682,0.07408,0.08484,996363091.14,80376849.79,0.07555,direct,,DOGE
2022-12-17,0.0795,0.07546,0.07555,701225109.02,54231517.29,0.07923,direct,,DOGE
2022-12-18,0.08006,0.07758,0.07923,355799692.66,28038539.35,0.07847,direct,,DOGE
2022-12-19,0.07951,0.06987,0.07847,991357700.84,74364743.28,0.07135,direct,,DOGE
2022-12-20,0.0756,0.07108,0.07135,553481230.82,40957784.98,0.07485,direct,,DOGE
2022-12-21,0.07503,0.07137,0.07485,551383459.69,40348324.62,0.07375,direct,,DOGE
2022-12-22,0.07772,0.07328,0.07375,725437301.88,54815191.99,0.07686,direct,,DOGE
2022-12-23,0.07898,0.07642,0.07686,515607446.92,40006692.47,0.0772,direct,,DOGE
2022-12-24,0.07815,0.07664,0.0772,209713124.39,16221880.66,0.07753,direct,,DOGE
2022-12-25,0.07765,0.07327,0.07753,502315529.32,37904802.64,0.07596,direct,,DOGE
2022-12-26,0.07659,0.07432,0.07596,237731012.28,17961773.2,0.07568,direct,,DOGE
2022-12-27,0.07611,0.07266,0.07568,351009490.21,26068565.24,0.07369,direct,,DOGE
2022-12-28,0.07384,0.06929,0.07369,790907911.99,56358892.01,0.07036,direct,,DOGE
2022-12-29,0.07158,0.06929,0.07036,392571492.29,27702877.39,0.07092,direct,,DOGE
2022-12-30,0.07139,0.06593,0.07092,654737914.43,44677728.34,0.06836,direct,,DOGE
2022-12-31,0.07128,0.06791,0.06836,456861723.04,31965867.18,0.07013,direct,,DOGE
2023-01-01,0.0708,0.06901,0.07013,342837755.84,23885541.86,0.0702,direct,,DOGE
2023-01-02,0.07368,0.06902,0.0702,499329618.6,35709997.74,0.07135,direct,,DOGE
2023-01-03,0.07228,0.06946,0.07135,367285594.8,26031794.71,0.07045,direct,,DOGE
2023-01-04,0.07353,0.07017,0.07045,492764163.84,35520434.99,0.07312,direct,,DOGE
2023-01-05,0.07527,0.07056,0.07312,570706430.37,41689056.06,0.07148,direct,,DOGE
2023-01-06,0.07274,0.06961,0.07148,414792106.32,29543617.71,0.07243,direct,,DOGE
2023-01-07,0.07299,0.07167,0.07243,158352576.19,11443607.91,0.07217,direct,,DOGE
2023-01-08,0.07393,0.07124,0.07217,299800949.76,21678727.8,0.07358,direct,,DOGE
2023-01-09,0.07956,0.07296,0.07358,1022957427.94,78383821.44,0.07562,direct,,DOGE
2023-01-10,0.07788,0.07389,0.07562,615279266.36,46975606.61,0.0778,direct,,DOGE
2023-01-11,0.07855,0.07474,0.0778,472880242.31,36269939.49,0.07813,direct,,DOGE
2023-01-12,0.08125,0.07542,0.07813,845497041.77,66723562.4,0.08028,direct,,DOGE
2023-01-13,0.08521,0.07865,0.08028,626010012.42,50793148.18,0.08452,direct,,DOGE
2023-01-14,0.09254,0.08346,0.08452,1197883803.64,104687276.49,0.0873,direct,,DOGE
2023-01-15,0.08794,0.08283,0.0873,540632457.74,45980071.54,0.0861,direct,,DOGE
2023-01-16,0.08827,0.08151,0.0861,597367080.8,50778484.99,0.08366,direct,,DOGE
2023-01-17,0.08502,0.08202,0.08366,337912496.55,28264267.16,0.08285,direct,,DOGE
2023-01-18,0.08965,0.07756,0.08285,1004144895.42,84781021.28,0.08004,direct,,DOGE
2023-01-19,0.08216,0.07976,0.08004,371477008.69,30066348.25,0.08159,direct,,DOGE
2023-01-20,0.08701,0.08061,0.08159,513605634.06,42749132.31,0.08621,direct,,DOGE
2023-01-21,0.08908,0.08427,0.08621,689015644.13,59763935.75,0.08463,direct,,DOGE
2023-01-22,0.09336,0.08441,0.08463,831443270.96,73510675.01,0.08823,direct,,DOGE
2023-01-23,0.09147,0.08637,0.08823,693785522.57,61707441.95,0.08848,direct,,DOGE
2023-01-24,0.09079,0.08237,0.08848,587908760.46,51563623.23,0.08389,direct,,DOGE
2023-01-25,0.08815,0.08176,0.08389,589026699.92,49863625.78,0.08653,direct,,DOGE
2023-01-26,0.08771,0.08464,0.08653,396818234.72,34222036.2,0.08637,direct,,DOGE
2023-01-27,0.08801,0.08367,0.08637,449287275.42,38603375.23,0.08723,direct,,DOGE
2023-01-28,0.09356,0.08685,0.08723,520902145.56,46604765.07,0.08777,direct,,DOGE
2023-01-29,0.09099,0.08733,0.08777,412204472.98,36931039.5,0.09012,direct,,DOGE
2023-01-30,0.09311,0.08486,0.09012,709338459.84,62260239.38,0.08837,direct,,DOGE
2023-01-31,0.09779,0.08827,0.08837,1422537345.61,132923020.83,0.09614,direct,,DOGE
2023-02-01,0.09709,0.08826,0.09614,996202143.13,91726833.86,0.094,direct,,DOGE
2023-02-02,0.09595,0.09015,0.094,678228077.23,63398825.93,0.09093,direct,,DOGE
2023-02-03,0.09333,0.09035,0.09093,419871171.32,38590182.49,0.09292,direct,,DOGE
2023-02-04,0.09979,0.09253,0.09292,884686251.51,84866638.43,0.09568,direct,,DOGE
2023-02-05,0.0969,0.0905,0.09568,669685772.44,62571546.42,0.0921,direct,,DOGE
2023-02-06,0.09323,0.08851,0.0921,394506716.32,36004812.75,0.08954,direct,,DOGE
2023-02-07,0.09277,0.08946,0.08954,393460678.98,35895417.31,0.0926,direct,,DOGE
2023-02-08,0.09334,0.08854,0.0926,365052699.77,33189186.91,0.09015,direct,,DOGE
2023-02-09,0.0909,0.07897,0.09015,817316331.42,69946246.76,0.08145,direct,,DOGE
2023-02-10,0.08301,0.07945,0.08145,477439586.49,38993620.27,0.08093,direct,,DOGE
2023-02-11,0.08258,0.0807,0.08093,166391034.79,13608288.04,0.08227,direct,,DOGE
2023-02-12,0.08579,0.0812,0.08227,387453056.88,32365956.58,0.08218,direct,,DOGE
2023-02-13,0.08639,0.07955,0.08218,608855022.22,50018445.5,0.08213,direct,,DOGE
2023-02-14,0.08371,0.08026,0.08213,410785448.89,33857340.93,0.0836,direct,,DOGE
2023-02-15,0.08957,0.08268,0.0836,793922600.84,68795144.08,0.08926,direct,,DOGE
2023-02-16,0.09192,0.08472,0.08926,787008328.47,69771547.36,0.08488,direct,,DOGE
2023-02-17,0.08851,0.08433,0.08488,382497590.47,33199101.37,0.08774,direct,,DOGE
2023-02-18,0.09045,0.0868,0.08774,284444095.23,25154753.91,0.08884,direct,,DOGE
2023-02-19,0.09002,0.08567,0.08884,426377793.31,37530996.62,0.08706,direct,,DOGE
2023-02-20,0.08872,0.0853,0.08706,447559150.98,39289424.8,0.0883,direct,,DOGE
2023-02-21,0.08884,0.0843,0.0883,417771926.8,36198763.07,0.08544,direct,,DOGE
2023-02-22,0.08844,0.08289,0.08544,622658412.25,53007221.86,0.08548,direct,,DOGE
2023-02-23,0.08641,0.08351,0.08548,310278492.84,26345970.96,0.08422,direct,,DOGE
2023-02-24,0.08498,0.07929,0.08422,366604180.11,30009835.98,0.08091,direct,,DOGE
2023-02-25,0.08206,0.07861,0.08091,266639557.98,21456554.63,0.08076,direct,,DOGE
2023-02-26,0.08259,0.0804,0.08076,168692635.2,13740140.65,0.08218,direct,,DOGE
2023-02-27,0.08227,0.07996,0.08218,230110613.72,18709826.06,0.08135,direct,,DOGE
2023-02-28,0.08305,0.0799,0.08135,368204665.23,30046022.21,0.08084,direct,,DOGE
2023-03-01,0.08285,0.08028,0.08084,214646637.76,17574443.67,0.08193,direct,,DOGE
2023-03-02,0.08223,0.07963,0.08193,207278878.43,16705551.52,0.08053,direct,,DOGE
2023-03-03,0.08059,0.07312,0.08053,543329179.75,41178267.22,0.07683,direct,,DOGE
2023-03-04,0.07726,0.0726,0.07683,148038955.42,11138231.02,0.07463,direct,,DOGE
2023-03-05,0.07604,0.0743,0.07463,164110282.55,12355150.3,0.07477,direct,,DOGE
2023-03-06,0.07512,0.07323,0.07477,241104352.25,17885715.93,0.07478,direct,,DOGE
2023-03-07,0.07595,0.07238,0.07478,318002322.34,23596178.12,0.07406,direct,,DOGE
2023-03-08,0.07427,0.07011,0.07406,430433783.77,31206345.73,0.07112,direct,,DOGE
2023-03-09,0.07226,0.06406,0.07112,758811833.48,52223035.44,0.06603,direct,,DOGE
2023-03-10,0.06619,0.06256,0.06603,523299011.55,33989871.44,0.06597,direct,,DOGE
2023-03-11,0.06903,0.06377,0.06597,440394692.88,29048168.32,0.06659,direct,,DOGE
2023-03-12,0.07142,0.06594,0.06659,360355126.7,24508176.68,0.07099,direct,,DOGE
2023-03-13,0.07395,0.06833,0.07099,496451771.33,35519048.47,0.07309,direct,,DOGE
2023-03-14,0.07789,0.07153,0.07309,531975333.54,39796939.48,0.0748,direct,,DOGE
2023-03-15,0.07629,0.06758,0.0748,615039864.93,44096245.19,0.06995,direct,,DOGE
2023-03-16,0.0742,0.069,0.06995,435500309.28,30825277.94,0.07269,direct,,DOGE
2023-03-17,0.07739,0.07164,0.07269,423467177.47,31505124.69,0.07657,direct,,DOGE
2023-03-18,0.07896,0.07268,0.07657,488864271.41,37226619.81,0.07311,direct,,DOGE
2023-03-19,0.07672,0.07311,0.07311,207434015.73,15591693.67,0.07471,direct,,DOGE
2023-03-20,0.07576,0.07058,0.07471,284831995.87,20835835.64,0.0716,direct,,DOGE
2023-03-21,0.07804,0.07062,0.0716,451226558.42,33855478.41,0.07683,direct,,DOGE
2023-03-22,0.0782,0.0717,0.07683,624740181.24,47035076.93,0.07406,direct,,DOGE
2023-03-23,0.07926,0.07313,0.07406,480220391.2,36913487.87,0.07747,direct,,DOGE
2023-03-24,0.07759,0.07301,0.07747,337454123.49,25309863.26,0.07465,direct,,DOGE
2023-03-25,0.07602,0.07264,0.07465,162421191.07,12084226.75,0.0741,direct,,DOGE
2023-03-26,0.07545,0.07344,0.0741,144765263.6,10783193.27,0.07442,direct,,DOGE
2023-03-27,0.07615,0.07135,0.07442,305296635.37,22472384.92,0.07291,direct,,DOGE
2023-03-28,0.07403,0.07172,0.07291,187642546.41,13673781.74,0.07384,direct,,DOGE
2023-03-29,0.07683,0.07352,0.07384,255030167.44,19260991.3,0.07559,direct,,DOGE
2023-03-30,0.07684,0.07339,0.07559,249805952.2,18700272.16,0.07422,direct,,DOGE
2023-03-31,0.07789,0.07349,0.07422,205386481.17,15560724.72,0.07696,direct,,DOGE
2023-04-01,0.08335,0.07594,0.07696,465912572.33,37128526.49,0.08186,direct,,DOGE
2023-04-02,0.08559,0.07738,0.08186,500482442.1,41004914.2,0.07908,direct,,DOGE
2023-04-03,0.1043,0.07614,0.07908,2296435033.43,213386992.33,0.09608,direct,,DOGE
2023-04-04,0.1034,0.0924,0.09608,1937631278.69,189168706.94,0.09516,direct,,DOGE
2023-04-05,0.09913,0.09084,0.09516,1067547982.43,101964922.89,0.0927,direct,,DOGE
2023-04-06,0.09277,0.0843,0.0927,1085128949.17,96721701.3,0.08544,direct,,DOGE
2023-04-07,0.08622,0.08139,0.08544,653754055.65,54400919.02,0.08229,direct,,DOGE
2023-04-08,0.08388,0.08065,0.08229,306404585.64,25275528.8,0.08139,direct,,DOGE
2023-04-09,0.08387,0.08117,0.08139,261166571.69,21556041.62,0.08325,direct,,DOGE
2023-04-10,0.08543,0.08233,0.08325,349351732.1,29216761.19,0.08481,direct,,DOGE
2023-04-11,0.08586,0.08371,0.08481,333438496.54,28277862.28,0.08416,direct,,DOGE
2023-04-12,0.0846,0.08101,0.08416,508204951.68,41914419.03,0.0835,direct,,DOGE
2023-04-13,0.08887,0.08292,0.0835,626577080.57,54164377.88,0.08741,direct,,DOGE
2023-04-14,0.0914,0.08542,0.08741,885944018.73,78792971.75,0.08873,direct,,DOGE
2023-04-15,0.09059,0.08727,0.08873,271915049.19,24187166.01,0.08897,direct,,DOGE
2023-04-16,0.09186,0.08778,0.08897,359421552.27,32393800.49,0.09048,direct,,DOGE
2023-04-17,0.09485,0.08821,0.09048,836679862.46,77137825.55,0.09143,direct,,DOGE
2023-04-18,0.09485,0.08983,0.09143,578916259.78,53792588.24,0.09411,direct,,DOGE
2023-04-19,0.09411,0.0854,0.09411,1078598173.57,96746888.92,0.08793,direct,,DOGE
2023-04-20,0.09345,0.08257,0.08793,1361098536.07,120021359.71,0.08391,direct,,DOGE
2023-04-21,0.08468,0.07669,0.08391,611950446.81,50077418.07,0.07848,direct,,DOGE
2023-04-22,0.08099,0.07819,0.07848,192369826.17,15305489.85,0.08033,direct,,DOGE
2023-04-23,0.08076,0.07676,0.08033,198420268.74,15669798.22,0.07883,direct,,DOGE
2023-04-24,0.08006,0.07726,0.07883,226569834.23,17881568.57,0.07879,direct,,DOGE
2023-04-25,0.07996,0.0776,0.07879,202241798.4,15918621.1,0.07977,direct,,DOGE
2023-04-26,0.08359,0.07504,0.07977,551745408.29,44049041.05,0.07864,direct,,DOGE
2023-04-27,0.081,0.07844,0.07864,386376609.74,30868349.67,0.08016,direct,,DOGE
2023-04-28,0.08066,0.07916,0.08016,167094972.82,13378938.03,0.08038,direct,,DOGE
2023-04-29,0.08196,0.08026,0.08038,118345575.35,9613257.12,0.0816,direct,,DOGE
2023-04-30,0.08176,0.07934,0.0816,121463742.58,9803039.32,0.07953,direct,,DOGE
2023-05-01,0.08006,0.07737,0.07953,260429809.49,20418420.45,0.07884,direct,,DOGE
2023-05-02,0.07909,0.0776,0.07884,194115051.48,15264346.07,0.0788,direct,,DOGE
2023-05-03,0.08064,0.07717,0.0788,226185571.99,17740538.46,0.07964,direct,,DOGE
2023-05-04,0.0798,0.078,0.07964,225344332.39,17760317.04,0.07841,direct,,DOGE
2023-05-05,0.08153,0.07754,0.07841,298087928.55,23629136.87,0.08033,direct,,DOGE
2023-05-06,0.08056,0.07598,0.08033,279985476.22,21780546.22,0.07692,direct,,DOGE
2023-05-07,0.07762,0.07635,0.07692,132437093.96,10212212.22,0.07669,direct,,DOGE
2023-05-08,0.07725,0.07015,0.07669,448895697.68,32994066.16,0.07255,direct,,DOGE
2023-05-09,0.0735,0.07224,0.07255,183378702.73,13354489.31,0.07318,direct,,DOGE
2023-05-10,0.07479,0.07059,0.07318,376341097.18,27474447.25,0.07318,direct,,DOGE
2023-05-11,0.07323,0.06928,0.07318,403724986.33,28763914.69,0.07197,direct,,DOGE
2023-05-12,0.07274,0.0694,0.07197,310547347.31,22084456.84,0.07238,direct,,DOGE
2023-05-13,0.07243,0.07137,0.07238,84337408.96,6064520.15,0.0717,direct,,DOGE
2023-05-14,0.07265,0.07125,0.0717,114728879.37,8254926.39,0.07197,direct,,DOGE
2023-05-15,0.07363,0.07093,0.07197,259637756.68,18783066.21,0.07194,direct,,DOGE
2023-05-16,0.07322,0.07091,0.07194,240088047.03,17272785.7,0.07275,direct,,DOGE
2023-05-17,0.07543,0.07231,0.07275,343957901.6,25398587.24,0.07483,direct,,DOGE
2023-05-18,0.0749,0.07167,0.07483,284334564.28,20945142.29,0.07341,direct,,DOGE
2023-05-19,0.07405,0.07302,0.07341,131217636.47,9652170.18,0.07353,direct,,DOGE
2023-05-20,0.07388,0.07309,0.07353,62520212.58,4591249.88,0.07364,direct,,DOGE
2023-05-21,0.07401,0.07198,0.07364,77439314.35,5641471.07,0.07214,direct,,DOGE
2023-05-22,0.074,0.07078,0.07214,186886707.2,13553758.08,0.07291,direct,,DOGE
2023-05-23,0.07393,0.07245,0.07291,119426001.93,8722278.6,0.0729,direct,,DOGE
2023-05-24,0.0729,0.06948,0.0729,186205285.96,13200051.39,0.07063,direct,,DOGE
2023-05-25,0.07104,0.06872,0.07063,171209381.7,12010798.78,0.07088,direct,,DOGE
2023-05-26,0.07138,0.07038,0.07088,134268004.94,9516436.6,0.07099,direct,,DOGE
2023-05-27,0.07342,0.07085,0.07099,94765090.64,6806603.02,0.0726,direct,,DOGE
2023-05-28,0.07398,0.07188,0.0726,143872612.88,10484193.4,0.07355,direct,,DOGE
2023-05-29,0.07401,0.0727,0.07355,104028742.71,7626143.45,0.07315,direct,,DOGE
2023-05-30,0.07346,0.07201,0.07315,203438670.05,14779311.12,0.07232,direct,,DOGE
2023-05-31,0.07269,0.07058,0.07232,182655147.44,13059039.69,0.07166,direct,,DOGE
2023-06-01,0.07218,0.07074,0.07166,139118887.25,9961316.1,0.07145,direct,,DOGE
2023-06-02,0.0733,0.07095,0.07145,121165584.15,8740691.11,0.07257,direct,,DOGE
2023-06-03,0.073,0.07222,0.07257,60681394.2,4402568.58,0.07271,direct,,DOGE
2023-06-04,0.07331,0.07238,0.07271,72801653.14,5302192.55,0.07249,direct,,DOGE
2023-06-05,0.0727,0.06371,0.07249,405445422.87,27403024.22,0.0665,direct,,DOGE
2023-06-06,0.07198,0.06594,0.0665,364620769.55,25023201.25,0.07029,direct,,DOGE
2023-06-07,0.07036,0.06671,0.07029,212783695.12,14598705.09,0.06731,direct,,DOGE
2023-06-08,0.06848,0.06703,0.06731,112176704.09,7612802.94,0.06796,direct,,DOGE
2023-06-09,0.07115,0.06735,0.06796,212135977.61,14665593.21,0.06948,direct,,DOGE
2023-06-10,0.07122,0.05581,0.06948,951414761.68,59339580.1,0.0618,direct,,DOGE
2023-06-11,0.06291,0.06099,0.0618,260478456.31,16121351.91,0.06154,direct,,DOGE
2023-06-12,0.0617,0.05991,0.06154,259427636.95,15813200.84,0.06144,direct,,DOGE
2023-06-13,0.06276,0.06053,0.06144,205011660.21,12631891.54,0.06174,direct,,DOGE
2023-06-14,0.06217,0.05826,0.06174,319145305.94,19285691.25,0.0604,direct,,DOGE
2023-06-15,0.06192,0.05963,0.0604,191782633.5,11651747.69,0.06148,direct,,DOGE
2023-06-16,0.06272,0.06074,0.06148,185034106.79,11410634.04,0.06214,direct,,DOGE
2023-06-17,0.06292,0.06169,0.06214,124636577.61,7765882.63,0.06217,direct,,DOGE
2023-06-18,0.06395,0.06111,0.06217,278744473.29,17392907.48,0.0621,direct,,DOGE
2023-06-19,0.06279,0.06153,0.0621,168859188.96,10478872.43,0.06241,direct,,DOGE
2023-06-20,0.06316,0.06071,0.06241,196043596.37,12174708.93,0.06315,direct,,DOGE
2023-06-21,0.06678,0.06285,0.06315,435152114.02,28160863.7,0.06561,direct,,DOGE
2023-06-22,0.06937,0.06514,0.06561,468730605.5,31443559.82,0.06557,direct,,DOGE
2023-06-23,0.07013,0.06526,0.06557,454988959.51,30800534.15,0.06827,direct,,DOGE
2023-06-24,0.06844,0.06521,0.06827,415666739.76,27938610.08,0.06673,direct,,DOGE
2023-06-25,0.06804,0.06642,0.06673,268709881.86,18060801.54,0.06674,direct,,DOGE
2023-06-26,0.06685,0.06329,0.06674,428926254.37,28043627.55,0.06479,direct,,DOGE
2023-06-27,0.06579,0.06438,0.06479,332861083.98,21722836.26,0.06559,direct,,DOGE
2023-06-28,0.06595,0.0601,0.06559,369617145.33,23517467.69,0.06255,direct,,DOGE
2023-06-29,0.06408,0.06241,0.06255,236834725.91,14978624.2,0.0634,direct,,DOGE
2023-06-30,0.06694,0.061,0.0634,836875197.53,54469082.05,0.06644,direct,,DOGE
2023-07-01,0.07136,0.06638,0.06644,552685679.26,38035035.86,0.06852,direct,,DOGE
2023-07-02,0.06921,0.066,0.06852,331731118.91,22427680.53,0.068,direct,,DOGE
2023-07-03,0.0688,0.06728,0.068,290518188.65,19764977.68,0.06845,direct,,DOGE
2023-07-04,0.07186,0.06766,0.06845,603360679.34,41835796.35,0.06895,direct,,DOGE
2023-07-05,0.06927,0.06559,0.06895,353430577.37,23701259.9,0.067,direct,,DOGE
2023-07-06,0.06856,0.06469,0.067,326542191.6,21699493.97,0.06487,direct,,DOGE
2023-07-07,0.06588,0.0641,0.06487,230952113.62,15085732.56,0.06543,direct,,DOGE
2023-07-08,0.06609,0.06475,0.06543,144777091.52,9465231.6,0.06575,direct,,DOGE
2023-07-09,0.06639,0.06516,0.06575,113688876.24,7480430.9,0.06538,direct,,DOGE
2023-07-10,0.0662,0.06339,0.06538,303159821.3,19670627.98,0.06523,direct,,DOGE
2023-07-11,0.06548,0.06441,0.06523,140637259.49,9134911.3,0.06529,direct,,DOGE
2023-07-12,0.06571,0.06369,0.06529,172626996.48,11203929.85,0.06505,direct,,DOGE
2023-07-13,0.07168,0.06457,0.06505,709515651.36,48733470.7,0.07044,direct,,DOGE
2023-07-14,0.07311,0.06623,0.07044,853354492.7,59909414.39,0.06852,direct,,DOGE
2023-07-15,0.07513,0.06774,0.06852,983462435.22,71387102.19,0.07195,direct,,DOGE
2023-07-16,0.07224,0.06896,0.07195,468765345.77,33127833.09,0.06954,direct,,DOGE
2023-07-17,0.07315,0.06785,0.06954,553304138.07,38659676.72,0.06987,direct,,DOGE
2023-07-18,0.07033,0.0671,0.06987,279949099.9,19195692.18,0.06868,direct,,DOGE
2023-07-19,0.07228,0.06832,0.06868,567913222.11,39710300.26,0.07003,direct,,DOGE
2023-07-20,0.07387,0.06931,0.07003,803418820.5,57289457.13,0.0706,direct,,DOGE
2023-07-21,0.07688,0.07031,0.0706,905828381.9,66181271.62,0.07325,direct,,DOGE
2023-07-22,0.07332,0.06968,0.07325,320296917.64,22974660.05,0.07053,direct,,DOGE
2023-07-23,0.07292,0.07002,0.07053,201905738.53,14503410.94,0.07181,direct,,DOGE
2023-07-24,0.07782,0.0702,0.07181,1096212444.2,81935936.75,0.07419,direct,,DOGE
2023-07-25,0.08378,0.07362,0.07419,1302675200.71,102972062.14,0.08185,direct,,DOGE
2023-07-26,0.08225,0.07654,0.08185,750287323.59,59436019.15,0.07797,direct,,DOGE
2023-07-27,0.07995,0.07668,0.07797,399831084.96,31320376.59,0.07758,direct,,DOGE
2023-07-28,0.07788,0.07606,0.07758,259188571.16,19961681.03,0.07715,direct,,DOGE
2023-07-29,0.08228,0.07688,0.07715,364088070.07,29003584.18,0.08024,direct,,DOGE
2023-07-30,0.08054,0.0764,0.08024,294894497.03,23322826.45,0.07808,direct,,DOGE
2023-07-31,0.07976,0.07677,0.07808,252086102.22,19724720.89,0.07784,direct,,DOGE
2023-08-01,0.07826,0.07534,0.07784,266992044.86,20510031.1,0.0781,direct,,DOGE
2023-08-02,0.07829,0.07379,0.0781,302747016.18,22895652.8,0.0742,direct,,DOGE
2023-08-03,0.07497,0.07249,0.0742,269780820.03,19957016.38,0.07354,direct,,DOGE
2023-08-04,0.07487,0.07246,0.07354,244432200.42,18054513.61,0.07339,direct,,DOGE
2023-08-05,0.07694,0.07281,0.07339,307893067.37,23212198.21,0.07565,direct,,DOGE
2023-08-06,0.07641,0.07402,0.07565,173191116.77,13003192.46,0.07416,direct,,DOGE
2023-08-07,0.07555,0.07167,0.07416,222176981.85,16353059.1,0.07347,direct,,DOGE
2023-08-08,0.07545,0.07314,0.07347,225212837.24,16769882.19,0.07494,direct,,DOGE
2023-08-09,0.07621,0.07414,0.07494,239860206.26,18043854.37,0.07536,direct,,DOGE
2023-08-10,0.07687,0.07508,0.07536,247934656.17,18796000.77,0.0758,direct,,DOGE
2023-08-11,0.07604,0.07478,0.0758,132780698.7,10019119.97,0.07567,direct,,DOGE
2023-08-12,0.07735,0.07555,0.07567,211885160.22,16215195.64,0.07667,direct,,DOGE
2023-08-13,0.07682,0.07421,0.07667,179566918.54,13588022.09,0.07471,direct,,DOGE
2023-08-14,0.07698,0.07359,0.07471,261309287.98,19556358.26,0.07463,direct,,DOGE
2023-08-15,0.07488,0.06827,0.07463,327191359.46,23435932.79,0.07086,direct,,DOGE
2023-08-16,0.07118,0.0661,0.07086,359903376.56,24672556.89,0.06712,direct,,DOGE
2023-08-17,0.06833,0.0579,0.06712,696059092.14,44230088.34,0.06104,direct,,DOGE
2023-08-18,0.06384,0.05993,0.06104,461694209.52,28730401.51,0.06323,direct,,DOGE
2023-08-19,0.06447,0.0631,0.06323,122268227.77,7777608.53,0.0638,direct,,DOGE
2023-08-20,0.06467,0.06338,0.0638,105825004.45,6774828.8,0.06384,direct,,DOGE
2023-08-21,0.0641,0.06046,0.06384,195229512.74,12186408.96,0.06252,direct,,DOGE
2023-08-22,0.06326,0.06033,0.06252,234694376.34,14581550.65,0.06254,direct,,DOGE
2023-08-23,0.06488,0.06244,0.06254,275550899.85,17549347.65,0.06378,direct,,DOGE
2023-08-24,0.06404,0.06191,0.06378,132432173.86,8353721.36,0.06305,direct,,DOGE
2023-08-25,0.06312,0.0617,0.06305,104538712.95,6527180.82,0.06309,direct,,DOGE
2023-08-26,0.06335,0.06259,0.06309,44487390.12,2801473.24,0.06287,direct,,DOGE
2023-08-27,0.06375,0.06267,0.06287,63285353.32,3993976.12,0.06315,direct,,DOGE
2023-08-28,0.06361,0.06188,0.06315,110164401.66,6917612.59,0.06342,direct,,DOGE
2023-08-29,0.06853,0.06239,0.06342,473251501.3,31166604.48,0.06639,direct,,DOGE
2023-08-30,0.06645,0.0644,0.06639,179018252.33,11708563.77,0.06588,direct,,DOGE
2023-08-31,0.067,0.06287,0.06588,325049107.74,21115435.8,0.06376,direct,,DOGE
2023-09-01,0.06419,0.06235,0.06376,167853281.38,10656029.45,0.06385,direct,,DOGE
2023-09-02,0.06494,0.06266,0.06385,154974044.52,9870505.22,0.06349,direct,,DOGE
2023-09-03,0.06376,0.06276,0.06349,70727158.05,4479336.94,0.06316,direct,,DOGE
2023-09-04,0.06383,0.06208,0.06316,101270868.18,6388578.63,0.06324,direct,,DOGE
2023-09-05,0.06434,0.06284,0.06324,139533474.52,8895525.21,0.06399,direct,,DOGE
2023-09-06,0.06456,0.06246,0.06399,139207831.41,8860898.78,0.06361,direct,,DOGE
2023-09-07,0.06381,0.06274,0.06361,102436957.96,6487019.09,0.06363,direct,,DOGE
2023-09-08,0.06398,0.06238,0.06363,98135707.75,6207944.28,0.06368,direct,,DOGE
2023-09-09,0.0639,0.06321,0.06368,63476516.87,4031541.94,0.06337,direct,,DOGE
2023-09-10,0.0634,0.0595,0.06337,185015981.66,11357932.03,0.06129,direct,,DOGE
2023-09-11,0.06196,0.05921,0.06129,217286216.93,13129766.58,0.06046,direct,,DOGE
2023-09-12,0.06237,0.06042,0.06046,244309532.08,14997747.64,0.06088,direct,,DOGE
2023-09-13,0.06179,0.06049,0.06088,175412238.29,10719476.39,0.06125,direct,,DOGE
2023-09-14,0.06257,0.06109,0.06125,246318994.46,15231884.19,0.06211,direct,,DOGE
2023-09-15,0.06293,0.06138,0.06211,122243392.82,7587480.29,0.06251,direct,,DOGE
2023-09-16,0.06297,0.0618,0.06251,96371755.72,6009230.56,0.06216,direct,,DOGE
2023-09-17,0.06255,0.061,0.06216,112092373.81,6924219.37,0.06148,direct,,DOGE
2023-09-18,0.06282,0.061,0.06148,179943123.57,11162447.15,0.062,direct,,DOGE
2023-09-19,0.06323,0.06192,0.062,142289741.29,8905310.81,0.06268,direct,,DOGE
2023-09-20,0.06304,0.06152,0.06268,144267226.33,8988326.38,0.06263,direct,,DOGE
2023-09-21,0.06345,0.06103,0.06263,149840782.26,9303586.84,0.0613,direct,,DOGE
2023-09-22,0.06187,0.06061,0.0613,90262619.38,5548910.65,0.06152,direct,,DOGE
2023-09-23,0.06198,0.06128,0.06152,51378652.34,3163350.71,0.06151,direct,,DOGE
2023-09-24,0.06175,0.06034,0.06151,61386133.1,3757779.76,0.0607,direct,,DOGE
2023-09-25,0.0612,0.06014,0.0607,76743330.74,4665657.0,0.06093,direct,,DOGE
2023-09-26,0.06114,0.05932,0.06093,136561877.82,8244904.04,0.06059,direct,,DOGE
2023-09-27,0.06136,0.06013,0.06059,111122400.53,6745119.06,0.06048,direct,,DOGE
2023-09-28,0.06166,0.06034,0.06048,113942634.87,6958821.33,0.0615,direct,,DOGE
2023-09-29,0.06242,0.06131,0.0615,114357010.21,7076583.52,0.06215,direct,,DOGE
2023-09-30,0.06269,0.06174,0.06215,129317157.47,8031482.27,0.06208,direct,,DOGE
2023-10-01,0.06356,0.06173,0.06208,131558251.44,8232962.12,0.06317,direct,,DOGE
2023-10-02,0.06417,0.06104,0.06317,243648101.46,15298979.66,0.06203,direct,,DOGE
2023-10-03,0.06229,0.06109,0.06203,67310942.62,4150690.03,0.06139,direct,,DOGE
2023-10-04,0.06159,0.06009,0.06139,92903851.8,5658851.93,0.06146,direct,,DOGE
2023-10-05,0.06165,0.06065,0.06146,78916785.88,4820508.95,0.06086,direct,,DOGE
2023-10-06,0.06159,0.06073,0.06086,71541129.4,4376812.76,0.0614,direct,,DOGE
2023-10-07,0.06168,0.06107,0.0614,39438766.97,2422143.7,0.06146,direct,,DOGE
2023-10-08,0.06164,0.06075,0.06146,50091447.42,3063692.92,0.06098,direct,,DOGE
2023-10-09,0.06103,0.0569,0.06098,211424925.52,12485513.29,0.05876,direct,,DOGE
2023-10-10,0.05925,0.05849,0.05876,80121254.4,4716976.58,0.05913,direct,,DOGE
2023-10-11,0.05949,0.05766,0.05913,107994622.15,6313503.85,0.05851,direct,,DOGE
2023-10-12,0.05853,0.0573,0.05851,76608865.83,4429199.13,0.05788,direct,,DOGE
2023-10-13,0.05886,0.05777,0.05788,103989006.61,6061617.95,0.05839,direct,,DOGE
2023-10-14,0.05997,0.05834,0.05839,61534595.45,3641684.5,0.05984,direct,,DOGE
2023-10-15,0.05985,0.05901,0.05984,76350378.12,4535605.67,0.05931,direct,,DOGE
2023-10-16,0.06173,0.05912,0.05931,253350118.19,15246071.17,0.06002,direct,,DOGE
2023-10-17,0.06019,0.05822,0.06002,100997000.46,5989143.71,0.05906,direct,,DOGE
2023-10-18,0.05936,0.05827,0.05906,71482013.67,4203112.89,0.05861,direct,,DOGE
2023-10-19,0.05892,0.05751,0.05861,79903870.23,4663821.25,0.05887,direct,,DOGE
2023-10-20,0.06051,0.05867,0.05887,118399810.0,7076953.78,0.05993,direct,,DOGE
2023-10-21,0.06147,0.05945,0.05993,108059547.61,6572140.75,0.0612,direct,,DOGE
2023-10-22,0.06173,0.0598,0.0612,105549360.31,6437838.83,0.06171,direct,,DOGE
2023-10-23,0.06792,0.06134,0.06171,643362096.56,41525243.18,0.06744,direct,,DOGE
2023-10-24,0.07005,0.06422,0.06744,809448889.6,54566478.78,0.06656,direct,,DOGE
2023-10-25,0.06979,0.06469,0.06656,788571592.66,52909947.69,0.06835,direct,,DOGE
2023-10-26,0.07515,0.06784,0.06835,1114765785.7,80022858.44,0.07187,direct,,DOGE
2023-10-27,0.0724,0.06729,0.07187,480532604.71,33590177.25,0.06779,direct,,DOGE
2023-10-28,0.06979,0.06753,0.06779,216973099.27,14926843.77,0.06904,direct,,DOGE
2023-10-29,0.07019,0.06728,0.06904,215964837.51,14893026.12,0.06937,direct,,DOGE
2023-10-30,0.07041,0.06786,0.06937,233473832.97,16160086.24,0.06963,direct,,DOGE
2023-10-31,0.07085,0.06575,0.06963,397348468.28,27256841.3,0.06828,direct,,DOGE
2023-11-01,0.06978,0.06573,0.06828,566968163.35,38541857.72,0.06896,direct,,DOGE
2023-11-02,0.07089,0.06664,0.06896,443150874.96,30548722.63,0.06791,direct,,DOGE
2023-11-03,0.06828,0.06629,0.06791,262708542.76,17692050.5,0.06811,direct,,DOGE
2023-11-04,0.06931,0.06795,0.06811,193648088.15,13287679.63,0.06911,direct,,DOGE
2023-11-05,0.07178,0.06889,0.06911,369865883.26,26027587.07,0.07111,direct,,DOGE
2023-11-06,0.07663,0.07032,0.07111,732626930.65,54183402.64,0.07641,direct,,DOGE
2023-11-07,0.07652,0.07155,0.07641,765905028.48,56476343.25,0.0734,direct,,DOGE
2023-11-08,0.07706,0.07283,0.0734,467201978.28,34930411.89,0.07535,direct,,DOGE
2023-11-09,0.07795,0.06934,0.07535,788141649.04,58448736.12,0.07357,direct,,DOGE
2023-11-10,0.07563,0.07247,0.07357,478974490.26,35518551.89,0.07544,direct,,DOGE
2023-11-11,0.08196,0.07456,0.07544,1261497196.18,99454844.95,0.07853,direct,,DOGE
2023-11-12,0.08036,0.07518,0.07853,521260483.3,40696588.59,0.07798,direct,,DOGE
2023-11-13,0.07961,0.07353,0.07798,775302513.15,59472409.87,0.07456,direct,,DOGE
2023-11-14,0.07555,0.06905,0.07456,604442196.81,44223658.26,0.07244,direct,,DOGE
2023-11-15,0.07656,0.07229,0.07244,402779564.74,29961274.77,0.07627,direct,,DOGE
2023-11-16,0.08339,0.07599,0.07627,1287584021.54,101612148.77,0.07956,direct,,DOGE
2023-11-17,0.08752,0.07914,0.07956,1923026826.42,159525567.1,0.08673,direct,,DOGE
2023-11-18,0.08686,0.07927,0.08673,1112963192.93,92150210.78,0.08031,direct,,DOGE
2023-11-19,0.08071,0.07751,0.08031,534953138.31,42288098.0,0.08052,direct,,DOGE
2023-11-20,0.08224,0.07709,0.08052,615550695.58,49116934.19,0.07772,direct,,DOGE
2023-11-21,0.07878,0.07083,0.07772,832031428.15,62517561.23,0.07179,direct,,DOGE
2023-11-22,0.07663,0.07159,0.07179,461677581.66,34567519.74,0.07576,direct,,DOGE
2023-11-23,0.07639,0.07498,0.07576,232887504.0,17669253.55,0.07621,direct,,DOGE
2023-11-24,0.07871,0.07607,0.07621,333979704.41,25892476.69,0.07823,direct,,DOGE
2023-11-25,0.07921,0.07758,0.07823,181843794.16,14289365.46,0.07898,direct,,DOGE
2023-11-26,0.07902,0.07565,0.07898,243210153.01,18842010.75,0.0787,direct,,DOGE
2023-11-27,0.08148,0.07682,0.0787,564475108.24,44723453.61,0.07882,direct,,DOGE
2023-11-28,0.0812,0.07674,0.07882,454645695.19,36161031.5,0.08087,direct,,DOGE
2023-11-29,0.08315,0.07965,0.08087,426789318.2,34606931.5,0.08051,direct,,DOGE
2023-11-30,0.0844,0.08041,0.08051,526411210.29,43473020.32,0.08343,direct,,DOGE
2023-12-01,0.08508,0.08228,0.08343,458974859.75,38407344.43,0.08388,direct,,DOGE
2023-12-02,0.08665,0.0833,0.08388,304862290.61,25864238.39,0.08623,direct,,DOGE
2023-12-03,0.08741,0.08366,0.08623,397244927.08,33900850.13,0.08575,direct,,DOGE
2023-12-04,0.09254,0.08534,0.08575,1092787917.81,96957496.74,0.09189,direct,,DOGE
2023-12-05,0.09578,0.0875,0.09189,1022870149.0,93826679.7,0.09435,direct,,DOGE
2023-12-06,0.1064,0.09344,0.09435,2055013663.92,205376782.35,0.09488,direct,,DOGE
2023-12-07,0.09829,0.09275,0.09488,862155701.62,82436028.71,0.09593,direct,,DOGE
2023-12-08,0.1041,0.0956,0.09593,715798249.21,70890138.12,0.1017,direct,,DOGE
2023-12-09,0.1049,0.09758,0.1017,623981789.73,63273094.38,0.0985,direct,,DOGE
2023-12-10,0.1028,0.09671,0.0985,404449074.35,40587392.64,0.1019,direct,,DOGE
2023-12-11,0.1072,0.09099,0.1019,1237337130.96,120528274.26,0.09414,direct,,DOGE
2023-12-12,0.098,0.09114,0.09414,555254836.81,52455434.59,0.09377,direct,,DOGE
2023-12-13,0.09757,0.08985,0.09377,544813309.93,50915916.09,0.09642,direct,,DOGE
2023-12-14,0.09875,0.09352,0.09642,554280888.51,53743526.67,0.09836,direct,,DOGE
2023-12-15,0.09882,0.09251,0.09836,398995888.19,38189673.05,0.09299,direct,,DOGE
2023-12-16,0.0972,0.09159,0.09299,276701414.02,26144689.87,0.0971,direct,,DOGE
2023-12-17,0.09777,0.09235,0.0971,290322256.38,27573560.95,0.09287,direct,,DOGE
2023-12-18,0.0937,0.08645,0.09287,450594033.22,40621215.58,0.09212,direct,,DOGE
2023-12-19,0.0935,0.08922,0.09212,333031362.36,30534253.15,0.09019,direct,,DOGE
2023-12-20,0.09333,0.08944,0.09019,367023180.56,33571168.73,0.09149,direct,,DOGE
2023-12-21,0.09792,0.09063,0.09149,589611669.05,55786342.64,0.09499,direct,,DOGE
2023-12-22,0.09562,0.09195,0.09499,396127098.81,37156480.08,0.09504,direct,,DOGE
2023-12-23,0.09505,0.09213,0.09504,192847000.44,18007041.91,0.09348,direct,,DOGE
2023-12-24,0.09491,0.09052,0.09348,304112953.28,28340618.23,0.09178,direct,,DOGE
2023-12-25,0.09538,0.0913,0.09178,210421200.0,19665752.18,0.09437,direct,,DOGE
2023-12-26,0.09446,0.08701,0.09437,357939240.43,32774113.12,0.09137,direct,,DOGE
2023-12-27,0.09391,0.08959,0.09137,242633908.57,22467976.05,0.09367,direct,,DOGE
2023-12-28,0.09498,0.09109,0.09367,283726009.86,26380373.41,0.09177,direct,,DOGE
2023-12-29,0.09303,0.08864,0.09177,262004441.07,23925609.04,0.09101,direct,,DOGE
2023-12-30,0.0914,0.08926,0.09101,125811366.33,11394202.03,0.09001,direct,,DOGE
2023-12-31,0.09085,0.08804,0.09001,113788834.1,10237464.1,0.0895,direct,,DOGE
2024-01-01,0.09208,0.0885,0.0895,158364883.86,14363090.41,0.092,direct,,DOGE
2024-01-02,0.09441,0.09042,0.092,356260589.08,33026702.48,0.0911,direct,,DOGE
2024-01-03,0.09213,0.07702,0.0911,713125339.46,59961786.12,0.08203,direct,,DOGE
2024-01-04,0.08475,0.08112,0.08203,336469143.11,27993882.62,0.08408,direct,,DOGE
2024-01-05,0.0849,0.08041,0.08408,496644483.05,40946885.6,0.08272,direct,,DOGE
2024-01-06,0.08274,0.07845,0.08272,201373297.82,16266205.52,0.08063,direct,,DOGE
2024-01-07,0.08148,0.0771,0.08063,201949846.81,16083010.69,0.07828,direct,,DOGE
2024-01-08,0.08182,0.07429,0.07828,442578443.57,34856849.15,0.08137,direct,,DOGE
2024-01-09,0.08395,0.07676,0.08137,971186854.27,76960515.9,0.07923,direct,,DOGE
2024-01-10,0.08508,0.07629,0.07923,613135016.68,48888679.69,0.08306,direct,,DOGE
2024-01-11,0.08797,0.08207,0.08306,563241213.41,47817865.95,0.08458,direct,,DOGE
2024-01-12,0.08543,0.07776,0.08458,420299899.23,34563255.36,0.08008,direct,,DOGE
2024-01-13,0.08133,0.0786,0.08008,186191547.12,14944554.54,0.08093,direct,,DOGE
2024-01-14,0.08388,0.07964,0.08093,260415117.83,21293541.83,0.07998,direct,,DOGE
2024-01-15,0.08169,0.07982,0.07998,124415542.29,10069291.06,0.08103,direct,,DOGE
2024-01-16,0.08247,0.07984,0.08103,220636574.94,17940119.81,0.08131,direct,,DOGE
2024-01-17,0.08156,0.07932,0.08131,139971745.49,11274429.09,0.08053,direct,,DOGE
2024-01-18,0.0807,0.07683,0.08053,204994822.75,16150382.94,0.07802,direct,,DOGE
2024-01-19,0.07875,0.07478,0.07802,285616970.03,22063808.02,0.0785,direct,,DOGE
2024-01-20,0.09616,0.07816,0.0785,604066195.01,51835982.45,0.09054,direct,,DOGE
2024-01-21,0.09507,0.08466,0.09054,809449138.63,71048374.57,0.08537,direct,,DOGE
2024-01-22,0.0855,0.08004,0.08537,726946815.34,60367615.91,0.08045,direct,,DOGE
2024-01-23,0.08176,0.07597,0.08045,531663850.81,41447863.11,0.07816,direct,,DOGE
2024-01-24,0.08062,0.0776,0.07816,345691878.04,27290474.75,0.07901,direct,,DOGE
2024-01-25,0.07921,0.07709,0.07901,225482570.57,17565301.73,0.07786,direct,,DOGE
2024-01-26,0.08033,0.07749,0.07786,224285587.14,17749617.06,0.07983,direct,,DOGE
2024-01-27,0.08073,0.07901,0.07983,137422968.81,10977215.28,0.08014,direct,,DOGE
2024-01-28,0.08144,0.0782,0.08014,146439592.51,11707335.73,0.07882,direct,,DOGE
2024-01-29,0.08302,0.07819,0.07882,443437863.1,35969143.19,0.08135,direct,,DOGE
2024-01-30,0.08216,0.0794,0.08135,204199925.05,16575635.83,0.07973,direct,,DOGE
2024-01-31,0.08024,0.07796,0.07973,186935396.95,14826301.94,0.07873,direct,,DOGE
2024-02-01,0.07982,0.07732,0.07873,131266866.99,10357342.24,0.07932,direct,,DOGE
2024-02-02,0.07992,0.07855,0.07932,117837838.19,9341281.0,0.07923,direct,,DOGE
2024-02-03,0.07948,0.07853,0.07923,51874785.08,4102266.03,0.0787,direct,,DOGE
2024-02-04,0.07991,0.07782,0.0787,68194309.39,5376991.86,0.07828,direct,,DOGE
2024-02-05,0.08021,0.07732,0.07828,201409395.06,15864042.45,0.07825,direct,,DOGE
2024-02-06,0.07919,0.07765,0.07825,85892781.92,6740411.22,0.07847,direct,,DOGE
2024-02-07,0.08029,0.07809,0.07847,121749328.89,9650041.28,0.08011,direct,,DOGE
2024-02-08,0.08083,0.07958,0.08011,133557102.45,10706609.35,0.07987,direct,,DOGE
2024-02-09,0.08216,0.07987,0.07987,269178883.37,21893586.34,0.0816,direct,,DOGE
2024-02-10,0.08219,0.08037,0.0816,154913618.17,12586206.01,0.08145,direct,,DOGE
2024-02-11,0.08356,0.08078,0.08145,230578656.54,18922050.23,0.08125,direct,,DOGE
2024-02-12,0.08286,0.07946,0.08125,279519183.65,22710294.24,0.08226,direct,,DOGE
2024-02-13,0.08302,0.07968,0.08226,264827007.8,21617257.31,0.0811,direct,,DOGE
2024-02-14,0.08706,0.08053,0.0811,463615771.38,39128628.75,0.08556,direct,,DOGE
2024-02-15,0.08828,0.08399,0.08556,424472152.9,36518415.66,0.08538,direct,,DOGE
2024-02-16,0.08801,0.08402,0.08538,290414222.84,24915371.34,0.08598,direct,,DOGE
2024-02-17,0.08613,0.08193,0.08598,243761001.43,20389790.55,0.08359,direct,,DOGE
2024-02-18,0.08574,0.08288,0.08359,212175457.15,17864979.91,0.0852,direct,,DOGE
2024-02-19,0.09079,0.08505,0.0852,460464799.4,40417981.44,0.08943,direct,,DOGE
2024-02-20,0.09152,0.08309,0.08943,571454407.49,49722195.24,0.08617,direct,,DOGE
2024-02-21,0.08628,0.08198,0.08617,280563088.96,23524090.76,0.0846,direct,,DOGE
2024-02-22,0.08547,0.08302,0.0846,212047917.95,17923606.53,0.08404,direct,,DOGE
2024-02-23,0.08552,0.08286,0.08404,284499171.1,23936750.33,0.0845,direct,,DOGE
2024-02-24,0.08644,0.08383,0.0845,198084461.75,16931853.55,0.08615,direct,,DOGE
2024-02-25,0.08678,0.08522,0.08615,196389726.9,16922255.42,0.08616,direct,,DOGE
2024-02-26,0.09015,0.08418,0.08616,414436718.95,36160558.24,0.08935,direct,,DOGE
2024-02-27,0.1007,0.08851,0.08935,1378778409.78,131823689.62,0.09764,direct,,DOGE
2024-02-28,0.1234,0.0943,0.09764,2561228408.11,276910698.63,0.1162,direct,,DOGE
2024-02-29,0.1351,0.1113,0.1162,3125764704.73,392864093.73,0.1174,direct,,DOGE
2024-03-01,0.1462,0.1172,0.1174,2203095485.77,288332438.07,0.1395,direct,,DOGE
2024-03-02,0.1511,0.136,0.1395,1813945141.02,259309477.42,0.1421,direct,,DOGE
2024-03-03,0.1567,0.1236,0.1421,1883077253.27,270921696.48,0.1536,direct,,DOGE
2024-03-04,0.1863,0.1452,0.1536,2979340880.51,501084775.02,0.1824,direct,,DOGE
2024-03-05,0.2076,0.1261,0.1824,4398575321.64,754515674.32,0.1537,direct,,DOGE
2024-03-06,0.1797,0.1464,0.1537,2073535647.91,334264586.05,0.1579,direct,,DOGE
2024-03-07,0.1625,0.1466,0.1579,1331590743.58,205896252.67,0.1578,direct,,DOGE
2024-03-08,0.1762,0.1553,0.1578,1480291262.53,246583887.66,0.1649,direct,,DOGE
2024-03-09,0.1856,0.1634,0.1649,1145949844.95,200739335.91,0.1792,direct,,DOGE
2024-03-10,0.18,0.1655,0.1792,717988404.12,124543074.17,0.1703,direct,,DOGE
2024-03-11,0.1831,0.16,0.1703,1122261066.73,194775869.13,0.182,direct,,DOGE
2024-03-12,0.1835,0.1557,0.182,841611717.16,142322815.43,0.1682,direct,,DOGE
2024-03-13,0.1745,0.165,0.1682,646031105.08,109741692.35,0.1691,direct,,DOGE
2024-03-14,0.193,0.1651,0.1691,2073654604.67,372987027.49,0.1772,direct,,DOGE
2024-03-15,0.1813,0.1513,0.1772,1573447587.82,258700101.03,0.1635,direct,,DOGE
2024-03-16,0.1652,0.138,0.1635,1017102376.25,153687569.94,0.1424,direct,,DOGE
2024-03-17,0.159,0.1367,0.1424,886857243.55,132273329.34,0.1542,direct,,DOGE
2024-03-18,0.1542,0.14,0.1542,703508992.5,102886254.01,0.1435,direct,,DOGE
2024-03-19,0.1452,0.1252,0.1435,1482706299.05,195674707.18,0.1287,direct,,DOGE
2024-03-20,0.1533,0.1228,0.1287,1661269016.53,227846920.04,0.1521,direct,,DOGE
2024-03-21,0.1598,0.1466,0.1521,1255024360.52,191752590.86,0.1554,direct,,DOGE
2024-03-22,0.165,0.1453,0.1554,1201006500.08,185339092.84,0.1529,direct,,DOGE
2024-03-23,0.1751,0.1517,0.1529,1284929065.8,211549847.01,0.1619,direct,,DOGE
2024-03-24,0.18,0.1612,0.1619,1221220828.38,210552410.1,0.1765,direct,,DOGE
2024-03-25,0.1869,0.1701,0.1765,1208031481.41,214369873.07,0.1753,direct,,DOGE
2024-03-26,0.1871,0.1743,0.1753,1095219257.08,197456157.76,0.1823,direct,,DOGE
2024-03-27,0.1915,0.1789,0.1823,1837321662.43,341407524.3,0.1903,direct,,DOGE
2024-03-28,0.2288,0.1891,0.1903,2535750781.39,533190621.4,0.22,direct,,DOGE
2024-03-29,0.2248,0.2079,0.22,1172288237.57,251667003.85,0.2131,direct,,DOGE
2024-03-30,0.2169,0.1967,0.2131,866880350.31,178844850.87,0.1992,direct,,DOGE
2024-03-31,0.2243,0.1992,0.1992,875921100.85,186642519.87,0.22,direct,,DOGE
2024-04-01,0.22,0.1972,0.22,1282096508.85,263979561.65,0.2052,direct,,DOGE
2024-04-02,0.2052,0.1801,0.2052,1699676823.5,319240558.71,0.1825,direct,,DOGE
2024-04-03,0.1875,0.1701,0.1825,1255932486.24,226050902.1,0.1753,direct,,DOGE
2024-04-04,0.1884,0.172,0.1753,952027699.92,172075444.41,0.1801,direct,,DOGE
2024-04-05,0.1808,0.1675,0.1801,908340612.73,158289528.24,0.1773,direct,,DOGE
2024-04-06,0.1879,0.1765,0.1773,636631641.96,116376530.6,0.1858,direct,,DOGE
2024-04-07,0.2053,0.1855,0.1858,1037003728.87,204664849.21,0.1988,direct,,DOGE
2024-04-08,0.2089,0.1955,0.1988,788978788.77,160229236.09,0.2026,direct,,DOGE
2024-04-09,0.2034,0.1857,0.2026,857062803.07,166404099.42,0.1891,direct,,DOGE
2024-04-10,0.2021,0.1799,0.1891,922294519.72,177521244.53,0.1998,direct,,DOGE
2024-04-11,0.2036,0.1897,0.1998,680892298.47,133004909.41,0.1938,direct,,DOGE
2024-04-12,0.2013,0.1608,0.1938,1504706919.33,273900581.05,0.1744,direct,,DOGE
2024-04-13,0.1759,0.1301,0.1744,2367551009.73,369505028.37,0.1527,direct,,DOGE
2024-04-14,0.165,0.1444,0.1527,1506182605.91,231392255.87,0.1623,direct,,DOGE
2024-04-15,0.1691,0.1505,0.1623,1386602041.22,220552913.04,0.1612,direct,,DOGE
2024-04-16,0.1625,0.1463,0.1612,866720177.05,133665685.03,0.1561,direct,,DOGE
2024-04-17,0.1587,0.1443,0.1561,748532843.87,112637647.63,0.1476,direct,,DOGE
2024-04-18,0.1575,0.141,0.1476,761535622.96,113486418.68,0.1523,direct,,DOGE
2024-04-19,0.1572,0.139,0.1523,955620522.97,142805611.8,0.1564,direct,,DOGE
2024-04-20,0.1651,0.1507,0.1564,736758507.54,116686637.57,0.1627,direct,,DOGE
2024-04-21,0.1659,0.1551,0.1627,517415570.23,82990034.06,0.1582,direct,,DOGE
2024-04-22,0.1635,0.1565,0.1582,481796003.25,77228210.27,0.1613,direct,,DOGE
2024-04-23,0.163,0.1569,0.1613,389015858.93,62435643.43,0.1598,direct,,DOGE
2024-04-24,0.1644,0.1493,0.1598,736261326.32,116252757.87,0.1513,direct,,DOGE
2024-04-25,0.1544,0.1475,0.1513,363390659.27,54809036.14,0.1513,direct,,DOGE
2024-04-26,0.1518,0.1468,0.1513,340876777.84,50897878.79,0.1479,direct,,DOGE
2024-04-27,0.1496,0.1427,0.1479,317518426.72,46360059.94,0.1477,direct,,DOGE
2024-04-28,0.151,0.146,0.1477,158144192.74,23560922.41,0.1467,direct,,DOGE
2024-04-29,0.148,0.1397,0.1467,425829077.98,60593620.97,0.1434,direct,,DOGE
2024-04-30,0.1459,0.1291,0.1434,660348573.78,89725061.07,0.1333,direct,,DOGE
2024-05-01,0.1338,0.1199,0.1333,1154685131.2,145888997.88,0.1301,direct,,DOGE
2024-05-02,0.1344,0.124,0.1301,638180405.3,83360772.69,0.1319,direct,,DOGE
2024-05-03,0.1481,0.1312,0.1319,641341113.21,89107101.82,0.1461,direct,,DOGE
2024-05-04,0.1699,0.1458,0.1461,1229653524.63,195320111.5,0.1601,direct,,DOGE
2024-05-05,0.1635,0.1546,0.1601,545181524.94,87196329.2,0.161,direct,,DOGE
2024-05-06,0.169,0.1541,0.161,719358251.49,115724357.94,0.1565,direct,,DOGE
2024-05-07,0.1599,0.1493,0.1565,502180853.15,78076107.52,0.15,direct,,DOGE
2024-05-08,0.1519,0.142,0.15,492794946.53,72559151.05,0.1432,direct,,DOGE
2024-05-09,0.1542,0.1431,0.1432,463375698.33,68650459.64,0.1522,direct,,DOGE
2024-05-10,0.1539,0.1423,0.1522,500204686.06,73583889.19,0.1439,direct,,DOGE
2024-05-11,0.1462,0.1425,0.1439,141042120.2,20334316.35,0.143,direct,,DOGE
2024-05-12,0.1444,0.1396,0.143,222383874.32,31541279.67,0.1412,direct,,DOGE
2024-05-13,0.1573,0.1358,0.1412,964436752.43,143034521.68,0.1486,direct,,DOGE
2024-05-14,0.1551,0.1442,0.1486,799098095.33,119353242.59,0.1454,direct,,DOGE
2024-05-15,0.157,0.1452,0.1454,740810478.61,112411731.74,0.1554,direct,,DOGE
2024-05-16,0.1593,0.1487,0.1554,473534135.05,72711410.55,0.1497,direct,,DOGE
2024-05-17,0.1567,0.1493,0.1497,418823745.91,64149055.47,0.1556,direct,,DOGE
2024-05-18,0.157,0.1514,0.1556,205236467.77,31621218.4,0.1531,direct,,DOGE
2024-05-19,0.156,0.1474,0.1531,235349739.67,35626881.13,0.1491,direct,,DOGE
2024-05-20,0.1663,0.1478,0.1491,635158589.25,99492399.05,0.1658,direct,,DOGE
2024-05-21,0.1737,0.1607,0.1658,970213629.9,161792759.86,0.1702,direct,,DOGE
2024-05-22,0.1746,0.1617,0.1702,661938330.76,111372940.84,0.1662,direct,,DOGE
2024-05-23,0.1693,0.152,0.1662,720087377.23,115731886.3,0.1596,direct,,DOGE
2024-05-24,0.1732,0.1551,0.1596,960898927.06,157937168.83,0.1638,direct,,DOGE
2024-05-25,0.1742,0.1627,0.1638,452654506.79,75982764.91,0.1739,direct,,DOGE
2024-05-26,0.1749,0.1654,0.1739,448647169.29,76289604.77,0.1661,direct,,DOGE
2024-05-27,0.1735,0.1641,0.1661,481264237.88,81116298.74,0.1689,direct,,DOGE
2024-05-28,0.1696,0.1614,0.1689,435160912.31,71726170.42,0.1648,direct,,DOGE
2024-05-29,0.1707,0.1621,0.1648,490890595.22,81547594.11,0.1637,direct,,DOGE
2024-05-30,0.1655,0.1563,0.1637,507558156.42,81853141.41,0.1594,direct,,DOGE
2024-05-31,0.1625,0.1543,0.1594,300264519.4,47604648.84,0.1589,direct,,DOGE
2024-06-01,0.1616,0.1583,0.1589,134705909.94,21551170.12,0.1602,direct,,DOGE
2024-06-02,0.1612,0.1546,0.1602,150324233.06,23699717.6,0.1571,direct,,DOGE
2024-06-03,0.1635,0.1557,0.1571,338407420.12,54309215.19,0.1583,direct,,DOGE
2024-06-04,0.1619,0.157,0.1583,191437905.19,30591459.72,0.1614,direct,,DOGE
2024-06-05,0.1648,0.1613,0.1614,219000571.88,35689124.85,0.1632,direct,,DOGE
2024-06-06,0.1656,0.1583,0.1632,230631444.77,37386842.45,0.1601,direct,,DOGE
2024-06-07,0.1621,0.1402,0.1601,573037576.72,86818750.04,0.1482,direct,,DOGE
2024-06-08,0.1487,0.1435,0.1482,256522528.63,37561807.15,0.1459,direct,,DOGE
2024-06-09,0.1491,0.145,0.1459,153047221.24,22449720.16,0.1468,direct,,DOGE
2024-06-10,0.1479,0.1433,0.1468,247278559.46,35913647.74,0.1447,direct,,DOGE
2024-06-11,0.1451,0.1337,0.1447,502779405.21,70047942.99,0.1381,direct,,DOGE
2024-06-12,0.1507,0.1346,0.1381,625038004.15,90361315.59,0.1462,direct,,DOGE
2024-06-13,0.1464,0.1401,0.1462,361524494.64,51696959.03,0.141,direct,,DOGE
2024-06-14,0.1433,0.1319,0.141,429405147.2,58838405.36,0.1349,direct,,DOGE
2024-06-15,0.1374,0.1341,0.1349,178962816.12,24360757.57,0.1367,direct,,DOGE
2024-06-16,0.1375,0.1347,0.1367,135092549.27,18405181.55,0.137,direct,,DOGE
2024-06-17,0.1381,0.1261,0.137,452121282.45,59642865.9,0.1288,direct,,DOGE
2024-06-18,0.1292,0.1141,0.1288,699699447.78,84415334.02,0.1222,direct,,DOGE
2024-06-19,0.1268,0.1214,0.1222,397625178.57,49218533.96,0.1225,direct,,DOGE
2024-06-20,0.1287,0.1213,0.1225,326013443.92,40491839.46,0.1245,direct,,DOGE
2024-06-21,0.1256,0.1213,0.1245,245544421.94,30357542.7,0.1241,direct,,DOGE
2024-06-22,0.1255,0.1229,0.1241,146235637.65,18181774.58,0.1237,direct,,DOGE
2024-06-23,0.1263,0.1212,0.1237,173274153.07,21440847.93,0.1221,direct,,DOGE
2024-06-24,0.1238,0.1136,0.1221,431129306.19,50932000.97,0.1189,direct,,DOGE
2024-06-25,0.1285,0.1188,0.1189,490561691.43,61185515.51,0.1261,direct,,DOGE
2024-06-26,0.1286,0.1216,0.1261,317571751.54,39331879.55,0.1227,direct,,DOGE
2024-06-27,0.1283,0.1205,0.1227,345885265.64,42984174.16,0.1269,direct,,DOGE
2024-06-28,0.1283,0.122,0.1269,288797355.78,36196652.43,0.1228,direct,,DOGE
2024-06-29,0.1242,0.1212,0.1228,88520445.28,10886784.39,0.1217,direct,,DOGE
2024-06-30,0.1255,0.1203,0.1217,113022157.0,13871257.06,0.1243,direct,,DOGE
2024-07-01,0.1273,0.1231,0.1243,187000945.46,23394472.25,0.1234,direct,,DOGE
2024-07-02,0.1252,0.1223,0.1234,143844756.59,17782684.44,0.1251,direct,,DOGE
2024-07-03,0.1253,0.1167,0.1251,266447679.96,31851828.64,0.1184,direct,,DOGE
2024-07-04,0.119,0.104,0.1184,606982391.33,66970080.95,0.1049,direct,,DOGE
2024-07-05,0.1068,0.09166,0.1049,1057761602.33,105302810.65,0.1056,direct,,DOGE
2024-07-06,0.1142,0.1047,0.1056,379141943.11,41368563.66,0.1135,direct,,DOGE
2024-07-07,0.1135,0.1036,0.1135,258615609.56,28102535.92,0.1041,direct,,DOGE
2024-07-08,0.1114,0.09879,0.1041,431662984.89,45520469.24,0.1076,direct,,DOGE
2024-07-09,0.1095,0.1058,0.1076,279268420.96,30117746.82,0.1075,direct,,DOGE
2024-07-10,0.1105,0.1058,0.1075,292776963.75,31830402.8,0.108,direct,,DOGE
2024-07-11,0.1125,0.1062,0.108,197395628.99,21440343.73,0.1066,direct,,DOGE
2024-07-12,0.1084,0.1048,0.1066,172960773.55,18463995.26,0.1077,direct,,DOGE
2024-07-13,0.113,0.1073,0.1077,238462594.34,26357122.3,0.1123,direct,,DOGE
2024-07-14,0.1169,0.1112,0.1123,207494671.67,23583582.76,0.1154,direct,,DOGE
2024-07-15,0.1256,0.1146,0.1154,347674712.44,41635443.67,0.125,direct,,DOGE
2024-07-16,0.1279,0.119,0.125,372089262.49,46279459.02,0.1248,direct,,DOGE
2024-07-17,0.1278,0.1202,0.1248,298911232.64,37041799.59,0.1218,direct,,DOGE
2024-07-18,0.1239,0.1172,0.1218,234752703.12,28349934.6,0.1195,direct,,DOGE
2024-07-19,0.1261,0.1174,0.1195,292361110.83,35909982.33,0.1255,direct,,DOGE
2024-07-20,0.1358,0.1244,0.1255,486133117.99,63919328.47,0.1343,direct,,DOGE
2024-07-21,0.1437,0.1258,0.1343,517535481.02,70186727.28,0.1402,direct,,DOGE
2024-07-22,0.1426,0.1359,0.1402,545325369.81,75960490.92,0.1378,direct,,DOGE
2024-07-23,0.1393,0.1281,0.1378,388572384.98,51541485.49,0.1303,direct,,DOGE
2024-07-24,0.1348,0.1269,0.1303,222980817.56,29231028.86,0.1279,direct,,DOGE
2024-07-25,0.1287,0.1201,0.1279,353671091.46,43790272.15,0.1252,direct,,DOGE
2024-07-26,0.1349,0.1251,0.1252,352976029.81,46221135.33,0.1342,direct,,DOGE
2024-07-27,0.1387,0.1302,0.1342,435710122.18,58509287.42,0.1314,direct,,DOGE
2024-07-28,0.1319,0.1282,0.1314,177334846.79,23065150.46,0.13,direct,,DOGE
2024-07-29,0.135,0.1277,0.13,361758080.08,47638593.55,0.1284,direct,,DOGE
2024-07-30,0.1306,0.1233,0.1284,246540280.52,31467589.84,0.1255,direct,,DOGE
2024-07-31,0.1273,0.1212,0.1255,220119941.93,27369437.59,0.1219,direct,,DOGE
2024-08-01,0.123,0.112,0.1219,316524433.1,37279609.15,0.119,direct,,DOGE
2024-08-02,0.1196,0.1101,0.119,295977345.1,33762727.76,0.1114,direct,,DOGE
2024-08-03,0.1146,0.1052,0.1114,356113840.89,39003583.11,0.1081,direct,,DOGE
2024-08-04,0.1093,0.09904,0.1081,338136835.1,35261091.45,0.1037,direct,,DOGE
2024-08-05,0.1042,0.08051,0.1037,1485328120.47,135136244.37,0.09435,direct,,DOGE
2024-08-06,0.1015,0.09411,0.09435,461169812.24,45153729.73,0.09652,direct,,DOGE
2024-08-07,0.1021,0.09433,0.09652,472886939.94,46336380.83,0.09557,direct,,DOGE
2024-08-08,0.108,0.09357,0.09557,442811372.21,45247515.5,0.1075,direct,,DOGE
2024-08-09,0.1078,0.1016,0.1075,292318844.18,30433737.54,0.1039,direct,,DOGE
2024-08-10,0.1059,0.1029,0.1039,138385390.74,14478871.87,0.1052,direct,,DOGE
2024-08-11,0.111,0.1001,0.1052,374995744.45,39886633.13,0.1006,direct,,DOGE
2024-08-12,0.1086,0.1002,0.1006,425296731.37,44744044.97,0.1079,direct,,DOGE
2024-08-13,0.1091,0.1034,0.1079,237836793.63,25181368.31,0.1064,direct,,DOGE
2024-08-14,0.1071,0.1015,0.1064,181435401.67,18923496.57,0.1024,direct,,DOGE
2024-08-15,0.1049,0.09798,0.1024,271657458.45,27470711.39,0.1002,direct,,DOGE
2024-08-16,0.1021,0.09748,0.1002,195274752.6,19549200.97,0.1004,direct,,DOGE
2024-08-17,0.1037,0.1001,0.1004,91965246.08,9393393.88,0.1028,direct,,DOGE
2024-08-18,0.1044,0.1,0.1028,124483746.93,12772958.17,0.1001,direct,,DOGE
2024-08-19,0.1019,0.0986,0.1001,183463148.18,18340683.32,0.1014,direct,,DOGE
2024-08-20,0.1057,0.1011,0.1014,414196589.51,43045787.34,0.1029,direct,,DOGE
2024-08-21,0.108,0.1021,0.1029,228675245.34,24009082.46,0.1062,direct,,DOGE
2024-08-22,0.1069,0.104,0.1062,138813976.75,14645525.08,0.1053,direct,,DOGE
2024-08-23,0.1155,0.1053,0.1053,470540765.54,52039551.51,0.113,direct,,DOGE
2024-08-24,0.115,0.1108,0.113,307405778.65,34716410.58,0.1126,direct,,DOGE
2024-08-25,0.1129,0.1079,0.1126,225925727.36,24890006.11,0.1097,direct,,DOGE
2024-08-26,0.1103,0.1045,0.1097,226295223.83,24287206.94,0.1052,direct,,DOGE
2024-08-27,0.1065,0.09647,0.1052,343558010.14,35163552.73,0.09892,direct,,DOGE
2024-08-28,0.1019,0.09684,0.09892,323378845.96,32192998.85,0.09968,direct,,DOGE
2024-08-29,0.1026,0.09829,0.09968,196609909.87,19749311.06,0.1004,direct,,DOGE
2024-08-30,0.1029,0.09703,0.1004,286078432.66,28746541.76,0.1018,direct,,DOGE
2024-08-31,0.1023,0.1004,0.1018,135998454.7,13793466.63,0.1013,direct,,DOGE
2024-09-01,0.1015,0.09399,0.1013,193513199.97,18929887.95,0.09512,direct,,DOGE
2024-09-02,0.09984,0.0941,0.09512,197172954.71,19140134.95,0.0991,direct,,DOGE
2024-09-03,0.1008,0.09649,0.0991,189163233.74,18628226.14,0.09677,direct,,DOGE
2024-09-04,0.0995,0.09196,0.09677,333093334.57,32121197.31,0.09799,direct,,DOGE
2024-09-05,0.09916,0.09601,0.09799,225842585.46,22074773.0,0.09839,direct,,DOGE
2024-09-06,0.09941,0.08893,0.09839,392986407.68,36846762.33,0.09254,direct,,DOGE
2024-09-07,0.0957,0.09174,0.09254,232509435.48,21913401.4,0.0954,direct,,DOGE
2024-09-08,0.09695,0.09385,0.0954,144170057.09,13784463.78,0.09615,direct,,DOGE
2024-09-09,0.1049,0.09576,0.09615,391893256.1,39484360.55,0.1038,direct,,DOGE
2024-09-10,0.1046,0.1015,0.1038,198845968.16,20463973.21,0.1028,direct,,DOGE
2024-09-11,0.103,0.09786,0.1028,248317126.4,24997271.05,0.1013,direct,,DOGE
2024-09-12,0.1033,0.1005,0.1013,213782254.67,21826146.14,0.1027,direct,,DOGE
2024-09-13,0.1085,0.1018,0.1027,418495427.4,44342951.4,0.1071,direct,,DOGE
2024-09-14,0.1078,0.1044,0.1071,190926102.69,20254008.85,0.1054,direct,,DOGE
2024-09-15,0.1064,0.1022,0.1054,178709489.11,18778646.49,0.1028,direct,,DOGE
2024-09-16,0.1032,0.09834,0.1028,226156784.07,22750797.45,0.09965,direct,,DOGE
2024-09-17,0.1026,0.09869,0.09965,324990634.3,32843972.29,0.1011,direct,,DOGE
2024-09-18,0.1039,0.09937,0.1011,243565502.12,24674878.44,0.1039,direct,,DOGE
2024-09-19,0.1071,0.1035,0.1039,287684909.58,30238304.37,0.105,direct,,DOGE
2024-09-20,0.1075,0.1036,0.105,284691242.61,30053392.34,0.1055,direct,,DOGE
2024-09-21,0.1105,0.1041,0.1055,250625229.21,27028744.23,0.11,direct,,DOGE
2024-09-22,0.11,0.1038,0.11,189827994.89,20275100.43,0.1063,direct,,DOGE
2024-09-23,0.1092,0.1041,0.1063,273001593.9,29308946.49,0.1081,direct,,DOGE
2024-09-24,0.1106,0.1068,0.1081,267925696.13,29092698.7,0.1098,direct,,DOGE
2024-09-25,0.1111,0.108,0.1098,247347358.77,27112912.15,0.1085,direct,,DOGE
2024-09-26,0.1206,0.107,0.1085,621431232.68,71720210.21,0.1182,direct,,DOGE
2024-09-27,0.1288,0.117,0.1182,682299246.62,84405016.52,0.1235,direct,,DOGE
2024-09-28,0.1321,0.1201,0.1235,574664546.26,73157264.54,0.1281,direct,,DOGE
2024-09-29,0.1304,0.1243,0.1281,331880370.14,42187321.65,0.1243,direct,,DOGE
2024-09-30,0.1246,0.1132,0.1243,444641435.97,53185872.67,0.1142,direct,,DOGE
2024-10-01,0.1193,0.1026,0.1142,628965917.69,69631786.35,0.1069,direct,,DOGE
2024-10-02,0.1095,0.1023,0.1069,421514964.19,44667998.39,0.1046,direct,,DOGE
2024-10-03,0.1068,0.1011,0.1046,337194913.75,35075617.77,0.1051,direct,,DOGE
2024-10-04,0.1106,0.1048,0.1051,365672872.2,39567594.35,0.1092,direct,,DOGE
2024-10-05,0.1102,0.1075,0.1092,178094455.65,19428493.25,0.1094,direct,,DOGE
2024-10-06,0.1129,0.1084,0.1094,171360359.31,18979792.18,0.1115,direct,,DOGE
2024-10-07,0.1155,0.1082,0.1115,460690590.57,51827215.13,0.1084,direct,,DOGE
2024-10-08,0.1098,0.1052,0.1084,253922393.78,27283950.32,0.1071,direct,,DOGE
2024-10-09,0.1114,0.106,0.1071,307191547.46,33454016.15,0.1079,direct,,DOGE
2024-10-10,0.1085,0.103,0.1079,320973854.97,33878063.41,0.1059,direct,,DOGE
2024-10-11,0.1114,0.1056,0.1059,264663357.67,28892658.94,0.1107,direct,,DOGE
2024-10-12,0.1121,0.1093,0.1107,169402973.26,18822390.16,0.1114,direct,,DOGE
2024-10-13,0.1121,0.1086,0.1114,151030576.42,16705597.71,0.1113,direct,,DOGE
2024-10-14,0.1177,0.1093,0.1113,431969794.51,49203580.83,0.1166,direct,,DOGE
2024-10-15,0.1192,0.1102,0.1166,487205463.98,56106759.2,0.1174,direct,,DOGE
2024-10-16,0.1298,0.1158,0.1174,1073694786.08,133771550.52,0.1257,direct,,DOGE
2024-10-17,0.1309,0.1204,0.1257,768528832.85,95966264.87,0.1296,direct,,DOGE
2024-10-18,0.1408,0.1296,0.1296,1031428219.15,139898677.13,0.1372,direct,,DOGE
2024-10-19,0.1469,0.137,0.1372,713610111.22,102410885.26,0.1441,direct,,DOGE
2024-10-20,0.1456,0.1372,0.1441,465746595.17,65690285.87,0.1421,direct,,DOGE
2024-10-21,0.1497,0.1381,0.1421,792047930.68,114311427.61,0.1436,direct,,DOGE
2024-10-22,0.1484,0.1364,0.1436,691798170.51,98024539.78,0.1396,direct,,DOGE
2024-10-23,0.1408,0.133,0.1396,551179100.62,75828419.28,0.1399,direct,,DOGE
2024-10-24,0.1437,0.1362,0.1399,458834748.84,64523716.73,0.1418,direct,,DOGE
2024-10-25,0.1426,0.1276,0.1418,581619834.36,78957768.85,0.1314,direct,,DOGE
2024-10-26,0.1379,0.1305,0.1314,279161405.1,37495242.6,0.1373,direct,,DOGE
2024-10-27,0.1461,0.1359,0.1373,457241671.18,64652440.68,0.1441,direct,,DOGE
2024-10-28,0.1624,0.141,0.1441,1254764906.08,190028546.82,0.1614,direct,,DOGE
2024-10-29,0.1797,0.1604,0.1614,1349764091.08,229652737.34,0.1758,direct,,DOGE
2024-10-30,0.1778,0.1644,0.1758,677281406.51,115811665.84,0.1683,direct,,DOGE
2024-10-31,0.1735,0.1562,0.1683,722769764.93,119882500.28,0.1614,direct,,DOGE
2024-11-01,0.1689,0.1541,0.1614,775672348.78,124792132.56,0.1591,direct,,DOGE
2024-11-02,0.1636,0.1555,0.1591,371644855.04,59223047.02,0.1595,direct,,DOGE
2024-11-03,0.1598,0.1422,0.1595,838290856.08,125033028.48,0.1513,direct,,DOGE
2024-11-04,0.1601,0.1481,0.1513,936419199.44,145676164.3,0.1582,direct,,DOGE
2024-11-05,0.1794,0.1579,0.1582,1453732821.66,247118934.03,0.17,direct,,DOGE
2024-11-06,0.2191,0.1691,0.17,3500094223.17,689878544.04,0.1967,direct,,DOGE
2024-11-07,0.2044,0.1856,0.1967,1209771344.23,234630268.6,0.1934,direct,,DOGE
2024-11-08,0.2075,0.1906,0.1934,1203468014.49,238251374.53,0.2021,direct,,DOGE
2024-11-09,0.22,0.1976,0.2021,1066626855.44,222636994.85,0.2191,direct,,DOGE
2024-11-10,0.2984,0.2168,0.2191,3512464598.36,897508411.54,0.2779,direct,,DOGE
2024-11-11,0.3519,0.2729,0.2779,3572032324.62,1103586089.1,0.3519,direct,,DOGE
2024-11-12,0.4393,0.3274,0.3519,5495694628.49,2090190899.44,0.3804,direct,,DOGE
2024-11-13,0.4344,0.353,0.3804,4169316482.57,1642064656.81,0.3997,direct,,DOGE
2024-11-14,0.4162,0.352,0.3997,2268352245.3,884490409.98,0.3626,direct,,DOGE
2024-11-15,0.3849,0.3519,0.3626,1686642104.45,620660020.85,0.3816,direct,,DOGE
2024-11-16,0.3916,0.3601,0.3816,997033835.65,373551282.44,0.3643,direct,,DOGE
2024-11-17,0.3754,0.3394,0.3643,966061401.36,345897081.84,0.3671,direct,,DOGE
2024-11-18,0.3821,0.3577,0.3671,1317975910.18,489747878.76,0.3715,direct,,DOGE
2024-11-19,0.4204,0.3667,0.3715,1737520079.09,684714985.97,0.3912,direct,,DOGE
2024-11-20,0.3971,0.3653,0.3912,1045672453.03,400762683.29,0.378,direct,,DOGE
2024-11-21,0.3955,0.3694,0.378,1036812228.63,398512320.16,0.387,direct,,DOGE
2024-11-22,0.4201,0.3811,0.387,1772003018.26,711953818.2,0.4132,direct,,DOGE
2024-11-23,0.4806,0.4046,0.4132,2665295095.25,1184073546.04,0.4306,direct,,DOGE
2024-11-24,0.4549,0.4,0.4306,1496339948.08,636945476.62,0.4307,direct,,DOGE
2024-11-25,0.4378,0.3803,0.4307,1458309067.74,599111584.42,0.3927,direct,,DOGE
2024-11-26,0.4088,0.3647,0.3927,1213943108.28,467375812.53,0.387,direct,,DOGE
2024-11-27,0.4084,0.3802,0.387,751367623.55,297514879.05,0.4014,direct,,DOGE
2024-11-28,0.4293,0.3912,0.4014,681347052.73,276615441.73,0.4017,direct,,DOGE
2024-11-29,0.4378,0.3995,0.4017,939084586.92,394160558.29,0.4264,direct,,DOGE
2024-11-30,0.4358,0.4137,0.4264,803170430.13,341047483.81,0.4218,direct,,DOGE
2024-12-01,0.45,0.4167,0.4218,998182049.58,432804817.66,0.4406,direct,,DOGE
2024-12-02,0.4638,0.4005,0.4406,1430723258.11,615305827.73,0.4247,direct,,DOGE
2024-12-03,0.4297,0.3882,0.4247,1020962829.04,419284263.44,0.4066,direct,,DOGE
2024-12-04,0.4378,0.4003,0.4066,907018023.8,380024302.55,0.4333,direct,,DOGE
2024-12-05,0.4658,0.4079,0.4333,2064370606.37,907198597.31,0.4274,direct,,DOGE
2024-12-06,0.4423,0.4204,0.4274,796187833.69,344843994.57,0.4354,direct,,DOGE
2024-12-07,0.4665,0.4313,0.4354,959119416.21,433944365.88,0.4534,direct,,DOGE
2024-12-08,0.4845,0.4466,0.4534,924273641.74,429447703.65,0.4668,direct,,DOGE
2024-12-09,0.4678,0.382,0.4668,1443219856.16,618528952.0,0.4142,direct,,DOGE
2024-12-10,0.423,0.3653,0.4142,1495292624.18,588656151.51,0.394,direct,,DOGE
2024-12-11,0.4194,0.3754,0.394,901504018.74,362649953.97,0.4143,direct,,DOGE
2024-12-12,0.4241,0.4011,0.4143,587889893.6,242623120.66,0.4062,direct,,DOGE
2024-12-13,0.4122,0.3993,0.4062,728829203.98,294433964.04,0.4091,direct,,DOGE
2024-12-14,0.4141,0.3874,0.4091,358934777.33,143175192.89,0.3982,direct,,DOGE
2024-12-15,0.4111,0.3923,0.3982,299264038.98,120007812.39,0.4064,direct,,DOGE
2024-12-16,0.4149,0.3923,0.4064,498599245.19,201906885.94,0.402,direct,,DOGE
2024-12-17,0.4102,0.3912,0.402,325943575.68,130592397.81,0.3942,direct,,DOGE
2024-12-18,0.3963,0.3495,0.3942,679131272.01,253576243.57,0.3581,direct,,DOGE
2024-12-19,0.3671,0.3,0.3581,1608885292.26,530735051.67,0.314,direct,,DOGE
2024-12-20,0.3287,0.262,0.314,2048052135.85,613896691.68,0.3177,direct,,DOGE
2024-12-21,0.3499,0.314,0.3177,861434715.35,283734353.26,0.3202,direct,,DOGE
2024-12-22,0.3243,0.3046,0.3202,497554761.6,156798947.21,0.3123,direct,,DOGE
2024-12-23,0.3284,0.3027,0.3123,700083108.51,220234103.79,0.3245,direct,,DOGE
2024-12-24,0.3402,0.3158,0.3245,444744399.63,146626027.24,0.3369,direct,,DOGE
2024-12-25,0.3419,0.3263,0.3369,302122555.62,100551671.92,0.3341,direct,,DOGE
2024-12-26,0.3377,0.3082,0.3341,335337990.15,107090222.96,0.3124,direct,,DOGE
2024-12-27,0.3244,0.3085,0.3124,315016855.61,99072532.88,0.3114,direct,,DOGE
2024-12-28,0.3268,0.311,0.3114,163560598.24,52056957.42,0.3238,direct,,DOGE
2024-12-29,0.3291,0.3113,0.3238,221540761.0,70731718.22,0.3137,direct,,DOGE
2024-12-30,0.3227,0.306,0.3137,371611006.75,117394930.0,0.3134,direct,,DOGE
2024-12-31,0.3286,0.3088,0.3134,351202841.49,111968664.98,0.3154,direct,,DOGE
2025-01-01,0.3268,0.3114,0.3154,251131350.84,80142446.71,0.3244,direct,,DOGE
2025-01-02,0.3446,0.324,0.3244,411786898.63,138179812.59,0.3386,direct,,DOGE
2025-01-03,0.3893,0.3357,0.3386,577801313.69,211226011.64,0.3797,direct,,DOGE
2025-01-04,0.3987,0.3766,0.3797,453685224.4,175664000.93,0.3948,direct,,DOGE
2025-01-05,0.3978,0.3752,0.3948,223566831.64,86063718.54,0.3822,direct,,DOGE
2025-01-06,0.3954,0.376,0.3822,310208389.87,120108994.22,0.388,direct,,DOGE
2025-01-07,0.3984,0.3471,0.388,688049008.33,253883930.44,0.348,direct,,DOGE
2025-01-08,0.3555,0.3246,0.348,702486903.87,239880478.93,0.3422,direct,,DOGE
2025-01-09,0.3467,0.3143,0.3422,619769638.08,202443603.97,0.321,direct,,DOGE
2025-01-10,0.3396,0.321,0.321,501241926.9,165479864.12,0.3338,direct,,DOGE
2025-01-11,0.348,0.3296,0.3338,198205709.98,66933482.23,0.341,direct,,DOGE
2025-01-12,0.3434,0.3309,0.341,201533696.14,68162361.18,0.3358,direct,,DOGE
2025-01-13,0.3458,0.3099,0.3358,607036434.84,197470185.21,0.338,direct,,DOGE
2025-01-14,0.362,0.3357,0.338,532628409.42,186279618.24,0.3558,direct,,DOGE
2025-01-15,0.3878,0.3482,0.3558,692272318.59,254620126.4,0.3853,direct,,DOGE
2025-01-16,0.3901,0.3677,0.3853,731147399.02,277548243.73,0.3765,direct,,DOGE
2025-01-17,0.422,0.3756,0.3765,936137290.6,381660776.36,0.4155,direct,,DOGE
2025-01-18,0.4342,0.3841,0.4155,1073314082.24,433062775.99,0.396,direct,,DOGE
2025-01-19,0.4096,0.3465,0.396,1470661682.93,559003479.9,0.358,direct,,DOGE
2025-01-20,0.3859,0.3448,0.358,1492839070.67,543335649.69,0.3542,direct,,DOGE
2025-01-21,0.4011,0.3353,0.3542,1472998384.72,541573813.06,0.372,direct,,DOGE
2025-01-22,0.3738,0.3553,0.372,438340124.79,159423517.86,0.3625,direct,,DOGE
2025-01-23,0.3644,0.3415,0.3625,538245424.91,189647986.1,0.3522,direct,,DOGE
2025-01-24,0.3646,0.3429,0.3522,273907622.42,97425765.13,0.3508,direct,,DOGE
2025-01-25,0.3611,0.3455,0.3508,182684697.01,64537893.01,0.3535,direct,,DOGE
2025-01-26,0.3573,0.335,0.3535,207059824.72,72178460.95,0.3359,direct,,DOGE
2025-01-27,0.337,0.3051,0.3359,758049663.96,244313842.41,0.3339,direct,,DOGE
2025-01-28,0.339,0.3149,0.3339,344228881.1,113037832.75,0.3185,direct,,DOGE
2025-01-29,0.3345,0.3168,0.3185,350368848.95,114215705.9,0.324,direct,,DOGE
2025-01-30,0.3389,0.3221,0.324,251075279.2,83521267.99,0.3315,direct,,DOGE
2025-01-31,0.3417,0.3234,0.3315,295570767.48,98005746.43,0.3289,direct,,DOGE
2025-02-01,0.3321,0.3035,0.3289,262393491.84,83317162.43,0.3078,direct,,DOGE
2025-02-02,0.3147,0.25,0.3078,1079261333.86,302368605.99,0.268,direct,,DOGE
2025-02-03,0.2933,0.2012,0.268,2269946386.4,570416005.1,0.2852,direct,,DOGE
2025-02-04,0.2892,0.2553,0.2852,891094184.01,239647602.08,0.2636,direct,,DOGE
2025-02-05,0.2692,0.2534,0.2636,371420450.21,97245326.4,0.2561,direct,,DOGE
2025-02-06,0.266,0.243,0.2561,381218748.12,96575623.29,0.2479,direct,,DOGE
2025-02-07,0.2618,0.2387,0.2479,384091110.44,96575483.94,0.2466,direct,,DOGE
2025-02-08,0.2542,0.2446,0.2466,151007051.36,37641835.43,0.253,direct,,DOGE
2025-02-09,0.26,0.2398,0.253,276661627.73,69409659.97,0.249,direct,,DOGE
2025-02-10,0.2565,0.2417,0.249,276002468.87,69254351.63,0.2554,direct,,DOGE
2025-02-11,0.2701,0.2484,0.2554,357672949.42,92566548.11,0.2531,direct,,DOGE
2025-02-12,0.2673,0.2468,0.2531,478104864.7,122817404.31,0.2642,direct,,DOGE
2025-02-13,0.2672,0.2534,0.2642,315833970.69,81965651.63,0.2625,direct,,DOGE
2025-02-14,0.2865,0.2608,0.2625,482783133.7,131407089.6,0.2718,direct,,DOGE
2025-02-15,0.2832,0.2683,0.2718,319035379.93,88006532.57,0.2717,direct,,DOGE
2025-02-16,0.2743,0.2637,0.2717,167884546.7,45063992.77,0.2656,direct,,DOGE
2025-02-17,0.2688,0.2538,0.2656,268932630.68,70267564.28,0.2582,direct,,DOGE
2025-02-18,0.2598,0.242,0.2582,409085847.6,102032144.47,0.2512,direct,,DOGE
2025-02-19,0.2554,0.2488,0.2512,173311715.34,43788372.37,0.2548,direct,,DOGE
2025-02-20,0.2576,0.2499,0.2548,165056690.44,41944888.46,0.2548,direct,,DOGE
2025-02-21,0.2612,0.2342,0.2548,313942279.02,77924102.05,0.2395,direct,,DOGE
2025-02-22,0.2478,0.238,0.2395,146117674.78,35646164.11,0.2466,direct,,DOGE
2025-02-23,0.2476,0.2405,0.2466,98997585.9,24125448.63,0.2429,direct,,DOGE
2025-02-24,0.244,0.2061,0.2429,518543075.0,115816311.88,0.2104,direct,,DOGE
2025-02-25,0.2145,0.1954,0.2104,796368858.13,163758134.42,0.2113,direct,,DOGE
2025-02-26,0.2138,0.1958,0.2113,437489706.55,89697245.57,0.2032,direct,,DOGE
2025-02-27,0.2113,0.2007,0.2032,283807875.94,58637231.83,0.2067,direct,,DOGE
2025-02-28,0.207,0.1814,0.2067,697833251.93,134347863.61,0.2017,direct,,DOGE
2025-03-01,0.2089,0.1993,0.2017,212009176.4,43241595.41,0.2067,direct,,DOGE
2025-03-02,0.2422,0.2016,0.2067,692691749.44,155180157.85,0.2394,direct,,DOGE
2025-03-03,0.2405,0.1932,0.2394,706715709.34,150546782.79,0.199,direct,,DOGE
2025-03-04,0.2022,0.1829,0.199,636401633.33,123181741.34,0.1991,direct,,DOGE
2025-03-05,0.2066,0.1964,0.1991,319286461.68,64347122.15,0.2048,direct,,DOGE
2025-03-06,0.22,0.199,0.2048,405471136.6,84050069.92,0.2015,direct,,DOGE
2025-03-07,0.2087,0.1903,0.2015,452707772.3,90937317.53,0.1983,direct,,DOGE
2025-03-08,0.2008,0.191,0.1983,183504171.83,35823782.33,0.1922,direct,,DOGE
2025-03-09,0.1942,0.1654,0.1922,504700228.68,88601819.18,0.168,direct,,DOGE
2025-03-10,0.1809,0.1504,0.168,736348822.55,120717140.52,0.1539,direct,,DOGE
2025-03-11,0.1686,0.1428,0.1539,895678373.34,141106574.47,0.1645,direct,,DOGE
2025-03-12,0.1739,0.1595,0.1645,535565456.22,89315760.19,0.1724,direct,,DOGE
2025-03-13,0.173,0.1617,0.1724,401877294.45,67426156.74,0.1651,direct,,DOGE
2025-03-14,0.1762,0.1646,0.1651,285960770.74,48803533.46,0.1719,direct,,DOGE
2025-03-15,0.1778,0.1712,0.1719,155377810.63,27162543.51,0.176,direct,,DOGE
2025-03-16,0.1768,0.1658,0.176,229854552.58,39189719.56,0.1682,direct,,DOGE
2025-03-17,0.1762,0.168,0.1682,222032146.72,38360942.18,0.1734,direct,,DOGE
2025-03-18,0.1735,0.1627,0.1734,223614327.24,37279047.46,0.168,direct,,DOGE
2025-03-19,0.1788,0.1668,0.168,316976281.64,54467687.29,0.1781,direct,,DOGE
2025-03-20,0.1792,0.1666,0.1781,229382316.5,39536781.44,0.1693,direct,,DOGE
2025-03-21,0.1715,0.1646,0.1693,187904271.12,31525320.71,0.1672,direct,,DOGE
2025-03-22,0.1697,0.1666,0.1672,87623997.93,14759432.07,0.1674,direct,,DOGE
2025-03-23,0.1726,0.1671,0.1674,125212899.27,21317409.63,0.1726,direct,,DOGE
2025-03-24,0.1891,0.1707,0.1726,394679642.27,71467541.86,0.183,direct,,DOGE
2025-03-25,0.1936,0.1808,0.183,501316479.06,94616697.13,0.1907,direct,,DOGE
2025-03-26,0.2058,0.1894,0.1907,565740775.27,111541303.84,0.1949,direct,,DOGE
2025-03-27,0.2006,0.1877,0.1949,366227882.42,70833617.02,0.1904,direct,,DOGE
2025-03-28,0.1928,0.1772,0.1904,485937107.56,88434080.26,0.1801,direct,,DOGE
2025-03-29,0.1825,0.1658,0.1801,345387540.99,59435484.82,0.1695,direct,,DOGE
2025-03-30,0.1725,0.1644,0.1695,256177509.26,43372966.2,0.1665,direct,,DOGE
2025-03-31,0.1683,0.1601,0.1665,408098457.0,67319953.02,0.1666,direct,,DOGE
2025-04-01,0.1757,0.166,0.1666,357602976.39,61251565.58,0.174,direct,,DOGE
2025-04-02,0.1798,0.162,0.174,550398639.31,94439782.98,0.1638,direct,,DOGE
2025-04-03,0.1674,0.1553,0.1638,356615980.97,57295011.93,0.1622,direct,,DOGE
2025-04-04,0.1727,0.16,0.1622,485058795.78,80846706.35,0.1712,direct,,DOGE
2025-04-05,0.1716,0.1661,0.1712,136756995.08,23091373.09,0.1689,direct,,DOGE
2025-04-06,0.1699,0.1458,0.1689,492144255.82,76227121.49,0.1492,direct,,DOGE
2025-04-07,0.1539,0.1298,0.1492,1357890945.22,194748176.07,0.1495,direct,,DOGE
2025-04-08,0.157,0.141,0.1495,565606756.66,84385356.32,0.1421,direct,,DOGE
2025-04-09,0.1643,0.1364,0.1421,756669990.88,113143291.93,0.1603,direct,,DOGE
2025-04-10,0.1604,0.1488,0.1603,426304805.6,65926992.49,0.1535,direct,,DOGE
2025-04-11,0.1624,0.1532,0.1535,270581112.82,42774257.89,0.16,direct,,DOGE
2025-04-12,0.1695,0.1577,0.16,241430472.05,39778004.25,0.1676,direct,,DOGE
2025-04-13,0.1686,0.161,0.1676,236088815.16,38842722.19,0.1625,direct,,DOGE
2025-04-14,0.1694,0.1574,0.1625,269334775.24,44014998.59,0.1585,direct,,DOGE
2025-04-15,0.1613,0.1531,0.1585,223792726.86,35212545.36,0.1536,direct,,DOGE
2025-04-16,0.1573,0.1503,0.1536,236994388.61,36545589.62,0.1547,direct,,DOGE
2025-04-17,0.1594,0.153,0.1547,129901783.83,20305509.58,0.1559,direct,,DOGE
2025-04-18,0.1589,0.1536,0.1559,108516075.04,16965782.87,0.1576,direct,,DOGE
2025-04-19,0.1608,0.1563,0.1576,98711442.36,15613368.45,0.1573,direct,,DOGE
2025-04-20,0.1595,0.1525,0.1573,142064522.51,22049005.49,0.1553,direct,,DOGE
2025-04-21,0.1636,0.155,0.1553,264458114.96,42285215.36,0.1594,direct,,DOGE
2025-04-22,0.18,0.1573,0.1594,481767705.82,81947701.38,0.1787,direct,,DOGE
2025-04-23,0.1855,0.1749,0.1787,454829079.25,82058494.45,0.1787,direct,,DOGE
2025-04-24,0.1838,0.1699,0.1787,398255438.26,70610678.74,0.1826,direct,,DOGE
2025-04-25,0.1863,0.1775,0.1826,453932546.48,82676515.71,0.1818,direct,,DOGE
2025-04-26,0.1931,0.1803,0.1818,278919288.24,51706680.02,0.182,direct,,DOGE
2025-04-27,0.1836,0.1766,0.182,169760820.35,30609275.46,0.1794,direct,,DOGE
2025-04-28,0.1828,0.1739,0.1794,270059774.2,48088063.84,0.1791,direct,,DOGE
2025-04-29,0.1808,0.1725,0.1791,207876083.88,36969635.91,0.1747,direct,,DOGE
2025-04-30,0.1767,0.1668,0.1747,270377126.61,46590908.12,0.1723,direct,,DOGE
2025-05-01,0.1834,0.1721,0.1723,314524100.13,56456715.25,0.1807,direct,,DOGE
2025-05-02,0.1844,0.1793,0.1807,200062587.09,36353103.96,0.1816,direct,,DOGE
2025-05-03,0.1822,0.1751,0.1816,157314636.55,28013920.58,0.1758,direct,,DOGE
2025-05-04,0.1774,0.17,0.1758,144075911.81,25006635.26,0.1705,direct,,DOGE
2025-05-05,0.1746,0.1683,0.1705,160189507.8,27388082.72,0.1706,direct,,DOGE
2025-05-06,0.1726,0.1642,0.1706,203135136.94,34159129.45,0.1722,direct,,DOGE
2025-05-07,0.1744,0.1691,0.1722,175107551.94,30088385.57,0.172,direct,,DOGE
2025-05-08,0.1984,0.1717,0.172,506770889.98,94389884.15,0.1982,direct,,DOGE
2025-05-09,0.2144,0.193,0.1982,645388667.76,131674329.55,0.2053,direct,,DOGE
2025-05-10,0.2509,0.2034,0.2053,666099622.88,152414275.65,0.2507,direct,,DOGE
2025-05-11,0.2596,0.2222,0.2507,779131133.75,185085613.48,0.2318,direct,,DOGE
2025-05-12,0.2531,0.2205,0.2318,893557850.69,212142052.48,0.231,direct,,DOGE
2025-05-13,0.2432,0.2173,0.231,541756406.92,124750693.76,0.2408,direct,,DOGE
2025-05-14,0.2475,0.2282,0.2408,409509110.45,96746080.83,0.2328,direct,,DOGE
2025-05-15,0.2368,0.2138,0.2328,651649068.22,145928311.67,0.2194,direct,,DOGE
2025-05-16,0.2309,0.2181,0.2194,384075758.24,86556617.91,0.2212,direct,,DOGE
2025-05-17,0.2223,0.2109,0.2212,267931629.27,57847918.74,0.2146,direct,,DOGE
2025-05-18,0.2378,0.2141,0.2146,434483543.43,98466105.23,0.2332,direct,,DOGE
2025-05-19,0.2358,0.2139,0.2332,387354099.42,85984320.58,0.2245,direct,,DOGE
2025-05-20,0.2308,0.2178,0.2245,340680662.1,76223312.57,0.2264,direct,,DOGE
2025-05-21,0.2381,0.2229,0.2264,625479667.0,143726674.74,0.2341,direct,,DOGE
2025-05-22,0.2458,0.234,0.2341,644288539.76,155142736.62,0.2456,direct,,DOGE
2025-05-23,0.2543,0.2231,0.2456,711751546.95,170942525.36,0.2252,direct,,DOGE
2025-05-24,0.2304,0.2237,0.2252,172747345.53,39328600.62,0.2252,direct,,DOGE
2025-05-25,0.2265,0.2158,0.2252,242457867.81,53565854.64,0.225,direct,,DOGE
2025-05-26,0.2305,0.2226,0.225,204573872.81,46335751.34,0.2261,direct,,DOGE
2025-05-27,0.2322,0.2198,0.2261,269409558.58,61203961.47,0.2261,direct,,DOGE
2025-05-28,0.2279,0.2169,0.2261,223833100.69,49710533.29,0.2209,direct,,DOGE
2025-05-29,0.228,0.2141,0.2209,249571183.78,55357905.01,0.2149,direct,,DOGE
2025-05-30,0.2164,0.1907,0.2149,543456428.85,109412417.26,0.1936,direct,,DOGE
2025-05-31,0.1956,0.1856,0.1936,398174654.93,76087224.82,0.1926,direct,,DOGE
2025-06-01,0.1949,0.1866,0.1926,308767076.06,58934984.32,0.1938,direct,,DOGE
2025-06-02,0.1964,0.1886,0.1938,279676528.46,53620917.76,0.1952,direct,,DOGE
2025-06-03,0.2006,0.1915,0.1952,331322075.15,65021606.8,0.1932,direct,,DOGE
2025-06-04,0.1972,0.1872,0.1932,180066037.88,34687704.79,0.1882,direct,,DOGE
2025-06-05,0.1925,0.1682,0.1882,484444163.81,86438144.32,0.1712,direct,,DOGE
2025-06-06,0.1845,0.1696,0.1712,302334565.51,53734549.2,0.1789,direct,,DOGE
2025-06-07,0.1887,0.1779,0.1789,253298291.33,46697542.85,0.1852,direct,,DOGE
2025-06-08,0.1871,0.1809,0.1852,199696993.48,36750744.49,0.1842,direct,,DOGE
2025-06-09,0.196,0.1803,0.1842,366650688.99,69190915.04,0.1949,direct,,DOGE
2025-06-10,0.1986,0.189,0.1949,494055830.65,95709174.68,0.1985,direct,,DOGE
2025-06-11,0.2066,0.1913,0.1985,398797256.68,79211486.44,0.193,direct,,DOGE
2025-06-12,0.1937,0.1801,0.193,251439762.47,46983983.73,0.1812,direct,,DOGE
2025-06-13,0.1815,0.17,0.1812,446930706.05,78295416.95,0.1805,direct,,DOGE
2025-06-14,0.1805,0.1747,0.1805,179422046.92,31840454.75,0.1784,direct,,DOGE
2025-06-15,0.1787,0.1715,0.1784,172404808.27,30265327.0,0.1756,direct,,DOGE
2025-06-16,0.1812,0.1722,0.1756,288474915.5,51144412.48,0.1728,direct,,DOGE
2025-06-17,0.1761,0.164,0.1728,353467387.81,60278219.6,0.1694,direct,,DOGE
2025-06-18,0.1722,0.1642,0.1694,208216455.05,35060390.74,0.1707,direct,,DOGE
2025-06-19,0.1721,0.1678,0.1707,158951910.74,27008520.96,0.171,direct,,DOGE
2025-06-20,0.172,0.1585,0.171,287605662.83,47455067.08,0.1624,direct,,DOGE
2025-06-21,0.1644,0.1505,0.1624,232714294.69,36630194.79,0.1546,direct,,DOGE
2025-06-22,0.1577,0.1428,0.1546,617155683.42,92700250.27,0.1513,direct,,DOGE
2025-06-23,0.1654,0.1487,0.1513,491485369.91,76632516.03,0.1639,direct,,DOGE
2025-06-24,0.1677,0.1618,0.1639,302929432.31,49696634.37,0.1658,direct,,DOGE
2025-06-25,0.1678,0.1627,0.1658,275609369.65,45592339.64,0.1647,direct,,DOGE
2025-06-26,0.1681,0.158,0.1647,332563845.57,53790566.6,0.1601,direct,,DOGE
2025-06-27,0.1632,0.1572,0.1601,292548436.24,47012170.58,0.1611,direct,,DOGE
2025-06-28,0.1651,0.1606,0.1611,85431270.42,13917096.43,0.1637,direct,,DOGE
2025-06-29,0.17,0.1627,0.1637,137337852.42,22816093.4,0.1695,direct,,DOGE
2025-06-30,0.1698,0.1623,0.1695,278521143.14,46243080.54,0.1652,direct,,DOGE
2025-07-01,0.1663,0.1569,0.1652,240252065.07,38750355.55,0.1578,direct,,DOGE
2025-07-02,0.1727,0.1566,0.1578,389443460.35,65153186.34,0.1688,direct,,DOGE
2025-07-03,0.1754,0.1676,0.1688,289226765.97,49812270.62,0.1721,direct,,DOGE
2025-07-04,0.173,0.1613,0.1721,275683548.92,45417997.32,0.1629,direct,,DOGE
2025-07-05,0.1651,0.162,0.1629,171280652.71,28047540.25,0.1642,direct,,DOGE
2025-07-06,0.1751,0.1632,0.1642,316142753.86,53687412.35,0.172,direct,,DOGE
2025-07-07,0.1772,0.1658,0.172,459046973.09,78676014.74,0.168,direct,,DOGE
2025-07-08,0.1719,0.166,0.168,220960540.07,37452481.16,0.171,direct,,DOGE
2025-07-09,0.1736,0.17,0.171,113792551.73,19532496.02,0.1723,direct,,DOGE
