time,high,low,open,volumefrom,volumeto,close,conversionType,conversionSymbol,symbol
2020-01-17,0.0,0.0,0.0,0.0,0.0,0.0,direct,,DOT
2020-01-18,0.0,0.0,0.0,0.0,0.0,0.0,direct,,DOT
2020-01-19,0.0,0.0,0.0,0.0,0.0,0.0,direct,,DOT
2020-01-20,0.0,0.0,0.0,0.0,0.0,0.0,direct,,DOT
2020-01-21,0.0,0.0,0.0,0.0,0.0,0.0,direct,,DOT
2020-01-22,0.0,0.0,0.0,0.0,0.0,0.0,direct,,DOT
2020-01-23,0.0,0.0,0.0,0.0,0.0,0.0,direct,,DOT
2020-01-24,0.0,0.0,0.0,0.0,0.0,0.0,direct,,DOT
2020-01-25,0.0,0.0,0.0,0.0,0.0,0.0,direct,,DOT
2020-01-26,0.0,0.0,0.0,0.0,0.0,0.0,direct,,DOT
2020-01-27,0.0,0.0,0.0,0.0,0.0,0.0,direct,,DOT
2020-01-28,0.0,0.0,0.0,0.0,0.0,0.0,direct,,DOT
2020-01-29,0.0,0.0,0.0,0.0,0.0,0.0,direct,,DOT
2020-01-30,0.0,0.0,0.0,0.0,0.0,0.0,direct,,DOT
2020-01-31,0.0,0.0,0.0,0.0,0.0,0.0,direct,,DOT
2020-02-01,0.0,0.0,0.0,0.0,0.0,0.0,direct,,DOT
2020-02-02,0.0,0.0,0.0,0.0,0.0,0.0,direct,,DOT
2020-02-03,0.0,0.0,0.0,0.0,0.0,0.0,direct,,DOT
2020-02-04,0.0,0.0,0.0,0.0,0.0,0.0,direct,,DOT
2020-02-05,0.0,0.0,0.0,0.0,0.0,0.0,direct,,DOT
2020-02-06,0.0,0.0,0.0,0.0,0.0,0.0,direct,,DOT
2020-02-07,0.0,0.0,0.0,0.0,0.0,0.0,direct,,DOT
2020-02-08,0.0,0.0,0.0,0.0,0.0,0.0,direct,,DOT
2020-02-09,0.0,0.0,0.0,0.0,0.0,0.0,direct,,DOT
2020-02-10,0.0,0.0,0.0,0.0,0.0,0.0,direct,,DOT
2020-02-11,0.0,0.0,0.0,0.0,0.0,0.0,direct,,DOT
2020-02-12,0.0,0.0,0.0,0.0,0.0,0.0,direct,,DOT
2020-02-13,0.0,0.0,0.0,0.0,0.0,0.0,direct,,DOT
2020-02-14,0.0,0.0,0.0,0.0,0.0,0.0,direct,,DOT
2020-02-15,0.0,0.0,0.0,0.0,0.0,0.0,direct,,DOT
2020-02-16,0.0,0.0,0.0,0.0,0.0,0.0,direct,,DOT
2020-02-17,0.0,0.0,0.0,0.0,0.0,0.0,direct,,DOT
2020-02-18,0.0,0.0,0.0,0.0,0.0,0.0,direct,,DOT
2020-02-19,0.0,0.0,0.0,0.0,0.0,0.0,direct,,DOT
2020-02-20,0.0,0.0,0.0,0.0,0.0,0.0,direct,,DOT
2020-02-21,0.0,0.0,0.0,0.0,0.0,0.0,direct,,DOT
2020-02-22,0.0,0.0,0.0,0.0,0.0,0.0,direct,,DOT
2020-02-23,0.0,0.0,0.0,0.0,0.0,0.0,direct,,DOT
2020-02-24,0.0,0.0,0.0,0.0,0.0,0.0,direct,,DOT
2020-02-25,0.0,0.0,0.0,0.0,0.0,0.0,direct,,DOT
2020-02-26,0.0,0.0,0.0,0.0,0.0,0.0,direct,,DOT
2020-02-27,0.0,0.0,0.0,0.0,0.0,0.0,direct,,DOT
2020-02-28,0.0,0.0,0.0,0.0,0.0,0.0,direct,,DOT
2020-02-29,0.0,0.0,0.0,0.0,0.0,0.0,direct,,DOT
2020-03-01,0.0,0.0,0.0,0.0,0.0,0.0,direct,,DOT
2020-03-02,0.0,0.0,0.0,0.0,0.0,0.0,direct,,DOT
2020-03-03,0.0,0.0,0.0,0.0,0.0,0.0,direct,,DOT
2020-03-04,0.0,0.0,0.0,0.0,0.0,0.0,direct,,DOT
2020-03-05,0.0,0.0,0.0,0.0,0.0,0.0,direct,,DOT
2020-03-06,0.0,0.0,0.0,0.0,0.0,0.0,direct,,DOT
2020-03-07,0.0,0.0,0.0,0.0,0.0,0.0,direct,,DOT
2020-03-08,0.0,0.0,0.0,0.0,0.0,0.0,direct,,DOT
2020-03-09,0.0,0.0,0.0,0.0,0.0,0.0,direct,,DOT
2020-03-10,0.0,0.0,0.0,0.0,0.0,0.0,direct,,DOT
2020-03-11,0.0,0.0,0.0,0.0,0.0,0.0,direct,,DOT
2020-03-12,0.0,0.0,0.0,0.0,0.0,0.0,direct,,DOT
2020-03-13,0.0,0.0,0.0,0.0,0.0,0.0,direct,,DOT
2020-03-14,0.0,0.0,0.0,0.0,0.0,0.0,direct,,DOT
2020-03-15,0.0,0.0,0.0,0.0,0.0,0.0,direct,,DOT
2020-03-16,0.0,0.0,0.0,0.0,0.0,0.0,direct,,DOT
2020-03-17,0.0,0.0,0.0,0.0,0.0,0.0,direct,,DOT
2020-03-18,0.0,0.0,0.0,0.0,0.0,0.0,direct,,DOT
2020-03-19,0.0,0.0,0.0,0.0,0.0,0.0,direct,,DOT
2020-03-20,0.0,0.0,0.0,0.0,0.0,0.0,direct,,DOT
2020-03-21,0.0,0.0,0.0,0.0,0.0,0.0,direct,,DOT
2020-03-22,0.0,0.0,0.0,0.0,0.0,0.0,direct,,DOT
2020-03-23,0.0,0.0,0.0,0.0,0.0,0.0,direct,,DOT
2020-03-24,0.0,0.0,0.0,0.0,0.0,0.0,direct,,DOT
2020-03-25,0.0,0.0,0.0,0.0,0.0,0.0,direct,,DOT
2020-03-26,0.0,0.0,0.0,0.0,0.0,0.0,direct,,DOT
2020-03-27,0.0,0.0,0.0,0.0,0.0,0.0,direct,,DOT
2020-03-28,0.0,0.0,0.0,0.0,0.0,0.0,direct,,DOT
2020-03-29,0.0,0.0,0.0,0.0,0.0,0.0,direct,,DOT
2020-03-30,0.0,0.0,0.0,0.0,0.0,0.0,direct,,DOT
2020-03-31,0.0,0.0,0.0,0.0,0.0,0.0,direct,,DOT
2020-04-01,0.0,0.0,0.0,0.0,0.0,0.0,direct,,DOT
2020-04-02,0.0,0.0,0.0,0.0,0.0,0.0,direct,,DOT
2020-04-03,0.0,0.0,0.0,0.0,0.0,0.0,direct,,DOT
2020-04-04,0.0,0.0,0.0,0.0,0.0,0.0,direct,,DOT
2020-04-05,0.0,0.0,0.0,0.0,0.0,0.0,direct,,DOT
2020-04-06,0.0,0.0,0.0,0.0,0.0,0.0,direct,,DOT
2020-04-07,0.0,0.0,0.0,0.0,0.0,0.0,direct,,DOT
2020-04-08,0.0,0.0,0.0,0.0,0.0,0.0,direct,,DOT
2020-04-09,0.0,0.0,0.0,0.0,0.0,0.0,direct,,DOT
2020-04-10,0.0,0.0,0.0,0.0,0.0,0.0,direct,,DOT
2020-04-11,0.0,0.0,0.0,0.0,0.0,0.0,direct,,DOT
2020-04-12,0.0,0.0,0.0,0.0,0.0,0.0,direct,,DOT
2020-04-13,0.0,0.0,0.0,0.0,0.0,0.0,direct,,DOT
2020-04-14,0.0,0.0,0.0,0.0,0.0,0.0,direct,,DOT
2020-04-15,0.0,0.0,0.0,0.0,0.0,0.0,direct,,DOT
2020-04-16,0.0,0.0,0.0,0.0,0.0,0.0,direct,,DOT
2020-04-17,0.0,0.0,0.0,0.0,0.0,0.0,direct,,DOT
2020-04-18,0.0,0.0,0.0,0.0,0.0,0.0,direct,,DOT
2020-04-19,0.0,0.0,0.0,0.0,0.0,0.0,direct,,DOT
2020-04-20,0.0,0.0,0.0,0.0,0.0,0.0,direct,,DOT
2020-04-21,0.0,0.0,0.0,0.0,0.0,0.0,direct,,DOT
2020-04-22,0.0,0.0,0.0,0.0,0.0,0.0,direct,,DOT
2020-04-23,0.0,0.0,0.0,0.0,0.0,0.0,direct,,DOT
2020-04-24,0.0,0.0,0.0,0.0,0.0,0.0,direct,,DOT
2020-04-25,0.0,0.0,0.0,0.0,0.0,0.0,direct,,DOT
2020-04-26,0.0,0.0,0.0,0.0,0.0,0.0,direct,,DOT
2020-04-27,0.0,0.0,0.0,0.0,0.0,0.0,direct,,DOT
2020-04-28,0.0,0.0,0.0,0.0,0.0,0.0,direct,,DOT
2020-04-29,0.0,0.0,0.0,0.0,0.0,0.0,direct,,DOT
2020-04-30,0.0,0.0,0.0,0.0,0.0,0.0,direct,,DOT
2020-05-01,0.0,0.0,0.0,0.0,0.0,0.0,direct,,DOT
2020-05-02,0.0,0.0,0.0,0.0,0.0,0.0,direct,,DOT
2020-05-03,0.0,0.0,0.0,0.0,0.0,0.0,direct,,DOT
2020-05-04,0.0,0.0,0.0,0.0,0.0,0.0,direct,,DOT
2020-05-05,0.0,0.0,0.0,0.0,0.0,0.0,direct,,DOT
2020-05-06,0.0,0.0,0.0,0.0,0.0,0.0,direct,,DOT
2020-05-07,0.0,0.0,0.0,0.0,0.0,0.0,direct,,DOT
2020-05-08,0.0,0.0,0.0,0.0,0.0,0.0,direct,,DOT
2020-05-09,0.0,0.0,0.0,0.0,0.0,0.0,direct,,DOT
2020-05-10,0.0,0.0,0.0,0.0,0.0,0.0,direct,,DOT
2020-05-11,0.0,0.0,0.0,0.0,0.0,0.0,direct,,DOT
2020-05-12,0.0,0.0,0.0,0.0,0.0,0.0,direct,,DOT
2020-05-13,0.0,0.0,0.0,0.0,0.0,0.0,direct,,DOT
2020-05-14,0.0,0.0,0.0,0.0,0.0,0.0,direct,,DOT
2020-05-15,0.0,0.0,0.0,0.0,0.0,0.0,direct,,DOT
2020-05-16,0.0,0.0,0.0,0.0,0.0,0.0,direct,,DOT
2020-05-17,0.0,0.0,0.0,0.0,0.0,0.0,direct,,DOT
2020-05-18,0.0,0.0,0.0,0.0,0.0,0.0,direct,,DOT
2020-05-19,0.0,0.0,0.0,0.0,0.0,0.0,direct,,DOT
2020-05-20,0.0,0.0,0.0,0.0,0.0,0.0,direct,,DOT
2020-05-21,0.0,0.0,0.0,0.0,0.0,0.0,direct,,DOT
2020-05-22,0.0,0.0,0.0,0.0,0.0,0.0,direct,,DOT
2020-05-23,0.0,0.0,0.0,0.0,0.0,0.0,direct,,DOT
2020-05-24,0.0,0.0,0.0,0.0,0.0,0.0,direct,,DOT
2020-05-25,0.0,0.0,0.0,0.0,0.0,0.0,direct,,DOT
2020-05-26,0.0,0.0,0.0,0.0,0.0,0.0,direct,,DOT
2020-05-27,0.0,0.0,0.0,0.0,0.0,0.0,direct,,DOT
2020-05-28,0.0,0.0,0.0,0.0,0.0,0.0,direct,,DOT
2020-05-29,0.0,0.0,0.0,0.0,0.0,0.0,direct,,DOT
2020-05-30,0.0,0.0,0.0,0.0,0.0,0.0,direct,,DOT
2020-05-31,0.0,0.0,0.0,0.0,0.0,0.0,direct,,DOT
2020-06-01,0.0,0.0,0.0,0.0,0.0,0.0,direct,,DOT
2020-06-02,0.0,0.0,0.0,0.0,0.0,0.0,direct,,DOT
2020-06-03,0.0,0.0,0.0,0.0,0.0,0.0,direct,,DOT
2020-06-04,0.0,0.0,0.0,0.0,0.0,0.0,direct,,DOT
2020-06-05,0.0,0.0,0.0,0.0,0.0,0.0,direct,,DOT
2020-06-06,0.0,0.0,0.0,0.0,0.0,0.0,direct,,DOT
2020-06-07,0.0,0.0,0.0,0.0,0.0,0.0,direct,,DOT
2020-06-08,0.0,0.0,0.0,0.0,0.0,0.0,direct,,DOT
2020-06-09,0.0,0.0,0.0,0.0,0.0,0.0,direct,,DOT
2020-06-10,0.0,0.0,0.0,0.0,0.0,0.0,direct,,DOT
2020-06-11,0.0,0.0,0.0,0.0,0.0,0.0,direct,,DOT
2020-06-12,0.0,0.0,0.0,0.0,0.0,0.0,direct,,DOT
2020-06-13,0.0,0.0,0.0,0.0,0.0,0.0,direct,,DOT
2020-06-14,0.0,0.0,0.0,0.0,0.0,0.0,direct,,DOT
2020-06-15,0.0,0.0,0.0,0.0,0.0,0.0,direct,,DOT
2020-06-16,0.0,0.0,0.0,0.0,0.0,0.0,direct,,DOT
2020-06-17,0.0,0.0,0.0,0.0,0.0,0.0,direct,,DOT
2020-06-18,0.0,0.0,0.0,0.0,0.0,0.0,direct,,DOT
2020-06-19,0.0,0.0,0.0,0.0,0.0,0.0,direct,,DOT
2020-06-20,0.0,0.0,0.0,0.0,0.0,0.0,direct,,DOT
2020-06-21,0.0,0.0,0.0,0.0,0.0,0.0,direct,,DOT
2020-06-22,0.0,0.0,0.0,0.0,0.0,0.0,direct,,DOT
2020-06-23,0.0,0.0,0.0,0.0,0.0,0.0,direct,,DOT
2020-06-24,0.0,0.0,0.0,0.0,0.0,0.0,direct,,DOT
2020-06-25,0.0,0.0,0.0,0.0,0.0,0.0,direct,,DOT
2020-06-26,0.0,0.0,0.0,0.0,0.0,0.0,direct,,DOT
2020-06-27,0.0,0.0,0.0,0.0,0.0,0.0,direct,,DOT
2020-06-28,0.0,0.0,0.0,0.0,0.0,0.0,direct,,DOT
2020-06-29,0.0,0.0,0.0,0.0,0.0,0.0,direct,,DOT
2020-06-30,0.0,0.0,0.0,0.0,0.0,0.0,direct,,DOT
2020-07-01,0.0,0.0,0.0,0.0,0.0,0.0,direct,,DOT
2020-07-02,0.0,0.0,0.0,0.0,0.0,0.0,direct,,DOT
2020-07-03,0.0,0.0,0.0,0.0,0.0,0.0,direct,,DOT
2020-07-04,0.0,0.0,0.0,0.0,0.0,0.0,direct,,DOT
2020-07-05,0.0,0.0,0.0,0.0,0.0,0.0,direct,,DOT
2020-07-06,0.0,0.0,0.0,0.0,0.0,0.0,direct,,DOT
2020-07-07,0.0,0.0,0.0,0.0,0.0,0.0,direct,,DOT
2020-07-08,0.0,0.0,0.0,0.0,0.0,0.0,direct,,DOT
2020-07-09,0.0,0.0,0.0,0.0,0.0,0.0,direct,,DOT
2020-07-10,0.0,0.0,0.0,0.0,0.0,0.0,direct,,DOT
2020-07-11,0.0,0.0,0.0,0.0,0.0,0.0,direct,,DOT
2020-07-12,0.0,0.0,0.0,0.0,0.0,0.0,direct,,DOT
2020-07-13,0.0,0.0,0.0,0.0,0.0,0.0,direct,,DOT
2020-07-14,0.0,0.0,0.0,0.0,0.0,0.0,direct,,DOT
2020-07-15,0.0,0.0,0.0,0.0,0.0,0.0,direct,,DOT
2020-07-16,0.0,0.0,0.0,0.0,0.0,0.0,direct,,DOT
2020-07-17,0.0,0.0,0.0,0.0,0.0,0.0,direct,,DOT
2020-07-18,0.0,0.0,0.0,0.0,0.0,0.0,direct,,DOT
2020-07-19,0.0,0.0,0.0,0.0,0.0,0.0,direct,,DOT
2020-07-20,0.0,0.0,0.0,0.0,0.0,0.0,direct,,DOT
2020-07-21,0.0,0.0,0.0,0.0,0.0,0.0,direct,,DOT
2020-07-22,0.0,0.0,0.0,0.0,0.0,0.0,direct,,DOT
2020-07-23,0.0,0.0,0.0,0.0,0.0,0.0,direct,,DOT
2020-07-24,0.0,0.0,0.0,0.0,0.0,0.0,direct,,DOT
2020-07-25,0.0,0.0,0.0,0.0,0.0,0.0,direct,,DOT
2020-07-26,0.0,0.0,0.0,0.0,0.0,0.0,direct,,DOT
2020-07-27,0.0,0.0,0.0,0.0,0.0,0.0,direct,,DOT
2020-07-28,0.0,0.0,0.0,0.0,0.0,0.0,direct,,DOT
2020-07-29,0.0,0.0,0.0,0.0,0.0,0.0,direct,,DOT
2020-07-30,0.0,0.0,0.0,0.0,0.0,0.0,direct,,DOT
2020-07-31,0.0,0.0,0.0,0.0,0.0,0.0,direct,,DOT
2020-08-01,0.0,0.0,0.0,0.0,0.0,0.0,direct,,DOT
2020-08-02,0.0,0.0,0.0,0.0,0.0,0.0,direct,,DOT
2020-08-03,0.0,0.0,0.0,0.0,0.0,0.0,direct,,DOT
2020-08-04,0.0,0.0,0.0,0.0,0.0,0.0,direct,,DOT
2020-08-05,0.0,0.0,0.0,0.0,0.0,0.0,direct,,DOT
2020-08-06,0.0,0.0,0.0,0.0,0.0,0.0,direct,,DOT
2020-08-07,0.0,0.0,0.0,0.0,0.0,0.0,direct,,DOT
2020-08-08,0.0,0.0,0.0,0.0,0.0,0.0,direct,,DOT
2020-08-09,0.0,0.0,0.0,0.0,0.0,0.0,direct,,DOT
2020-08-10,0.0,0.0,0.0,0.0,0.0,0.0,direct,,DOT
2020-08-11,0.0,0.0,0.0,0.0,0.0,0.0,direct,,DOT
2020-08-12,0.0,0.0,0.0,0.0,0.0,0.0,direct,,DOT
2020-08-13,0.0,0.0,0.0,0.0,0.0,0.0,direct,,DOT
2020-08-14,0.0,0.0,0.0,0.0,0.0,0.0,direct,,DOT
2020-08-15,0.0,0.0,0.0,0.0,0.0,0.0,direct,,DOT
2020-08-16,0.0,0.0,0.0,0.0,0.0,0.0,direct,,DOT
2020-08-17,0.0,0.0,0.0,0.0,0.0,0.0,direct,,DOT
2020-08-18,0.0,0.0,0.0,0.0,0.0,0.0,direct,,DOT
2020-08-19,0.0,0.0,0.0,0.0,0.0,0.0,direct,,DOT
2020-08-20,0.0,0.0,0.0,0.0,0.0,0.0,direct,,DOT
2020-08-21,3.218,2.848,2.869,44664.81,206111.81,2.848,direct,,DOT
2020-08-22,4.524,2.8,2.848,412163.59,1564976.41,4.512,direct,,DOT
2020-08-23,4.512,3.73,4.512,72324.75,295346.26,4.053,direct,,DOT
2020-08-24,4.807,3.85,4.053,155436.25,672466.57,4.562,direct,,DOT
2020-08-25,5.775,4.533,4.562,172598.24,891296.29,5.566,direct,,DOT
2020-08-26,6.553,5.125,5.566,693382.68,4123483.16,6.093,direct,,DOT
2020-08-27,6.797,5.245,6.093,393736.69,2325682.07,5.656,direct,,DOT
2020-08-28,6.35,5.52,5.656,1609961.67,9746485.64,6.17,direct,,DOT
2020-08-29,6.566,6.02,6.17,1183643.98,7526399.84,6.148,direct,,DOT
2020-08-30,6.218,5.269,6.148,1005329.49,5985353.59,5.86,direct,,DOT
2020-08-31,6.477,5.759,5.86,962334.19,5953036.21,6.293,direct,,DOT
2020-09-01,6.861,6.144,6.293,1277798.72,8262846.76,6.255,direct,,DOT
2020-09-02,6.44,5.599,6.255,1097196.13,6611614.72,6.128,direct,,DOT
2020-09-03,6.366,5.605,6.128,1313509.4,7937978.45,5.717,direct,,DOT
2020-09-04,5.984,4.571,5.717,1250630.31,6504986.68,5.127,direct,,DOT
2020-09-05,5.304,3.576,5.127,3095552.76,13619253.64,4.136,direct,,DOT
2020-09-06,4.91,3.742,4.136,1596989.44,7068395.91,4.784,direct,,DOT
2020-09-07,4.825,4.022,4.784,1478749.8,6524917.06,4.59,direct,,DOT
2020-09-08,4.623,4.119,4.59,866043.27,3743432.2,4.272,direct,,DOT
2020-09-09,4.791,4.139,4.272,952095.97,4327914.11,4.697,direct,,DOT
2020-09-10,4.892,4.447,4.697,969541.68,4510647.87,4.582,direct,,DOT
2020-09-11,4.732,4.323,4.582,714122.5,3219497.24,4.653,direct,,DOT
2020-09-12,5.299,4.506,4.653,859992.15,4243582.65,5.157,direct,,DOT
2020-09-13,5.479,4.788,5.157,963290.46,4974461.6,5.311,direct,,DOT
2020-09-14,5.609,5.089,5.311,1223223.79,6593945.48,5.362,direct,,DOT
2020-09-15,5.445,5.056,5.362,961102.03,5054563.43,5.059,direct,,DOT
2020-09-16,5.281,4.969,5.059,562683.69,3086350.68,5.074,direct,,DOT
2020-09-17,5.421,5.054,5.074,789689.25,4148194.41,5.348,direct,,DOT
2020-09-18,5.453,5.104,5.348,618776.66,3235953.12,5.254,direct,,DOT
2020-09-19,5.255,4.81,5.254,586930.39,2948011.15,4.932,direct,,DOT
2020-09-20,4.975,4.413,4.932,705466.13,3279490.65,4.679,direct,,DOT
2020-09-21,4.702,3.937,4.679,1385633.51,5730393.19,4.062,direct,,DOT
2020-09-22,4.213,3.903,4.062,741756.37,3020252.26,4.171,direct,,DOT
2020-09-23,4.323,3.946,4.171,819417.8,3367696.48,4.003,direct,,DOT
2020-09-24,4.473,3.969,4.003,721979.45,3074665.14,4.391,direct,,DOT
2020-09-25,4.536,4.249,4.391,698420.37,3075035.43,4.424,direct,,DOT
2020-09-26,4.468,4.225,4.424,441138.05,1923990.9,4.334,direct,,DOT
2020-09-27,4.365,4.127,4.334,358805.19,1524178.92,4.301,direct,,DOT
2020-09-28,4.585,4.256,4.301,790501.68,3497885.3,4.405,direct,,DOT
2020-09-29,4.6,4.354,4.405,517520.28,2328779.09,4.495,direct,,DOT
2020-09-30,4.495,4.25,4.495,417783.66,1818566.07,4.35,direct,,DOT
2020-10-01,4.582,4.239,4.35,745297.28,3273188.11,4.35,direct,,DOT
2020-10-02,4.359,3.907,4.35,986676.7,4026892.62,4.121,direct,,DOT
2020-10-03,4.13,4.036,4.121,294634.39,1205043.56,4.07,direct,,DOT
2020-10-04,4.194,4.021,4.07,519446.08,2133813.97,4.18,direct,,DOT
2020-10-05,4.242,4.111,4.18,343983.72,1438116.78,4.166,direct,,DOT
2020-10-06,4.182,3.605,4.166,1251374.8,4822801.82,3.753,direct,,DOT
2020-10-07,3.884,3.601,3.753,598386.4,2252215.41,3.859,direct,,DOT
2020-10-08,4.171,3.648,3.859,843340.7,3311579.81,4.122,direct,,DOT
2020-10-09,4.349,4.015,4.122,790964.03,3322881.66,4.263,direct,,DOT
2020-10-10,4.483,4.236,4.263,564260.45,2460754.13,4.246,direct,,DOT
2020-10-11,4.331,4.171,4.246,341087.58,1449530.81,4.249,direct,,DOT
2020-10-12,4.448,4.188,4.249,708012.69,3077504.29,4.31,direct,,DOT
2020-10-13,4.346,4.13,4.31,329423.91,1400077.81,4.256,direct,,DOT
2020-10-14,4.372,4.077,4.256,524458.45,2234392.8,4.197,direct,,DOT
2020-10-15,4.197,4.022,4.197,415421.2,1712300.54,4.097,direct,,DOT
2020-10-16,4.152,3.824,4.097,410940.2,1621933.09,3.914,direct,,DOT
2020-10-17,3.984,3.869,3.914,127966.06,504261.26,3.969,direct,,DOT
2020-10-18,4.122,3.959,3.969,231971.24,943618.5,4.111,direct,,DOT
2020-10-19,4.117,3.96,4.111,297778.45,1203310.98,3.989,direct,,DOT
2020-10-20,4.145,3.869,3.989,591625.82,2348018.45,3.914,direct,,DOT
2020-10-21,4.249,3.901,3.914,642567.53,2628790.73,4.143,direct,,DOT
2020-10-22,4.337,4.128,4.143,661939.49,2826053.69,4.27,direct,,DOT
2020-10-23,4.478,4.192,4.27,444682.58,1922405.15,4.266,direct,,DOT
2020-10-24,4.432,4.24,4.266,315063.3,1373024.22,4.36,direct,,DOT
2020-10-25,4.446,4.261,4.36,305267.03,1327153.41,4.332,direct,,DOT
2020-10-26,4.749,4.293,4.332,906323.73,4136629.65,4.707,direct,,DOT
2020-10-27,4.937,4.655,4.707,607883.53,2916451.0,4.68,direct,,DOT
2020-10-28,4.768,4.258,4.68,218266.9,977321.13,4.367,direct,,DOT
2020-10-29,4.398,3.899,4.367,447375.09,1840596.95,4.057,direct,,DOT
2020-10-30,4.158,3.921,4.057,515247.45,2087270.35,4.086,direct,,DOT
2020-10-31,4.272,4.067,4.086,219549.3,920496.11,4.183,direct,,DOT
2020-11-01,4.222,4.113,4.183,140526.43,585992.26,4.222,direct,,DOT
2020-11-02,4.264,3.97,4.222,368720.47,1517243.65,4.037,direct,,DOT
2020-11-03,4.066,3.898,4.037,244601.53,966553.87,4.029,direct,,DOT
2020-11-04,4.15,3.9,4.029,212893.72,851391.38,4.102,direct,,DOT
2020-11-05,4.301,4.027,4.102,216471.15,911823.6,4.23,direct,,DOT
2020-11-06,4.644,4.213,4.23,263426.15,1179126.9,4.584,direct,,DOT
2020-11-07,4.858,4.103,4.584,399077.1,1762229.97,4.239,direct,,DOT
2020-11-08,4.431,4.143,4.239,262628.33,1135970.73,4.375,direct,,DOT
2020-11-09,4.456,4.253,4.375,157181.07,684420.04,4.34,direct,,DOT
2020-11-10,4.499,4.307,4.34,218222.85,961537.84,4.42,direct,,DOT
2020-11-11,4.627,4.42,4.42,560487.09,2524316.24,4.454,direct,,DOT
2020-11-12,4.472,4.326,4.454,402547.95,1764690.59,4.409,direct,,DOT
2020-11-13,4.59,4.383,4.409,332721.08,1491012.51,4.545,direct,,DOT
2020-11-14,4.547,4.364,4.545,182320.08,813839.68,4.47,direct,,DOT
2020-11-15,4.499,4.312,4.47,202281.8,893146.21,4.371,direct,,DOT
2020-11-16,4.591,4.348,4.371,460970.86,2071778.27,4.489,direct,,DOT
2020-11-17,4.933,4.489,4.489,1141143.39,5484329.31,4.855,direct,,DOT
2020-11-18,4.947,4.525,4.855,548040.08,2587333.05,4.688,direct,,DOT
2020-11-19,4.85,4.548,4.688,431893.15,2036900.96,4.757,direct,,DOT
2020-11-20,5.476,4.753,4.757,1678072.59,8817210.64,5.238,direct,,DOT
2020-11-21,5.82,5.139,5.238,1113974.32,6110674.68,5.781,direct,,DOT
2020-11-22,5.838,5.211,5.781,899268.73,4980503.78,5.515,direct,,DOT
2020-11-23,5.949,5.425,5.515,1165071.63,6697489.79,5.914,direct,,DOT
2020-11-24,6.086,5.605,5.914,1583394.03,9308443.58,5.734,direct,,DOT
2020-11-25,5.838,5.125,5.734,1103029.86,6103444.21,5.31,direct,,DOT
2020-11-26,5.378,4.452,5.31,2050170.85,9824853.31,4.808,direct,,DOT
2020-11-27,5.073,4.516,4.808,360408.17,1731073.59,4.815,direct,,DOT
2020-11-28,4.954,4.678,4.815,385238.44,1869955.11,4.903,direct,,DOT
2020-11-29,5.204,4.814,4.903,577725.52,2891437.49,5.191,direct,,DOT
2020-11-30,5.447,5.142,5.191,618330.5,3283838.42,5.377,direct,,DOT
2020-12-01,5.539,4.994,5.377,904045.7,4718349.9,5.091,direct,,DOT
2020-12-02,5.55,5.011,5.091,504203.3,2694519.76,5.465,direct,,DOT
2020-12-03,5.574,5.333,5.465,469664.14,2563534.17,5.407,direct,,DOT
2020-12-04,5.433,4.965,5.407,545783.23,2839676.22,5.025,direct,,DOT
2020-12-05,5.191,4.885,5.025,330129.18,1670944.13,5.188,direct,,DOT
2020-12-06,5.201,5.011,5.188,180353.85,918907.0,5.135,direct,,DOT
2020-12-07,5.152,5.015,5.135,122762.71,623511.54,5.059,direct,,DOT
2020-12-08,5.069,4.704,5.059,696625.22,3362304.21,4.734,direct,,DOT
2020-12-09,4.939,4.623,4.734,599604.16,2871091.54,4.876,direct,,DOT
2020-12-10,4.911,4.751,4.876,324895.39,1570221.15,4.802,direct,,DOT
2020-12-11,4.802,4.547,4.802,256783.2,1192348.82,4.617,direct,,DOT
2020-12-12,4.797,4.617,4.617,211777.28,1001229.08,4.735,direct,,DOT
2020-12-13,5.842,4.735,4.735,513856.4,2560737.02,4.885,direct,,DOT
2020-12-14,5.011,4.836,4.885,289271.6,1414655.0,4.897,direct,,DOT
2020-12-15,5.293,4.849,4.897,502478.16,2561954.11,5.25,direct,,DOT
2020-12-16,5.373,5.127,5.25,547783.53,2873776.89,5.369,direct,,DOT
2020-12-17,5.738,5.271,5.369,1290812.04,7052635.34,5.346,direct,,DOT
2020-12-18,5.577,5.253,5.346,809008.2,4329637.79,5.363,direct,,DOT
2020-12-19,5.573,5.29,5.363,411818.71,2239359.93,5.343,direct,,DOT
2020-12-20,5.437,5.074,5.343,467387.09,2451861.07,5.19,direct,,DOT
2020-12-21,5.439,4.781,5.19,1281602.86,6484817.85,4.879,direct,,DOT
2020-12-22,5.171,4.802,4.879,784618.96,3950199.01,5.155,direct,,DOT
2020-12-23,5.187,4.595,5.155,555847.67,2705112.1,4.72,direct,,DOT
2020-12-24,5.197,4.642,4.72,673809.23,3360425.43,5.131,direct,,DOT
2020-12-25,5.272,5.045,5.131,739452.99,3835417.79,5.217,direct,,DOT
2020-12-26,5.282,5.087,5.217,444859.61,2308325.86,5.187,direct,,DOT
2020-12-27,5.41,4.925,5.187,1444002.45,7564376.34,5.143,direct,,DOT
2020-12-28,6.677,5.112,5.143,3472851.01,21064050.96,6.586,direct,,DOT
2020-12-29,7.678,6.177,6.586,4585961.46,31090517.43,7.534,direct,,DOT
2020-12-30,7.661,7.054,7.534,2609067.97,19197043.64,7.236,direct,,DOT
2020-12-31,9.517,7.154,7.236,4446072.77,36731355.71,9.268,direct,,DOT
2021-01-01,9.435,8.103,9.268,3264947.44,28445476.78,8.294,direct,,DOT
2021-01-02,9.831,7.918,8.294,4307596.99,38331200.26,9.218,direct,,DOT
2021-01-03,10.5,8.854,9.218,3734346.74,35777130.35,10.15,direct,,DOT
2021-01-04,10.53,8.722,10.15,3301504.16,31811034.74,9.513,direct,,DOT
2021-01-05,10.08,9.04,9.513,1982150.57,19151881.65,9.743,direct,,DOT
2021-01-06,10.45,9.478,9.743,2081164.76,20802639.95,10.1,direct,,DOT
2021-01-07,10.69,9.433,10.1,3854410.07,38689711.1,9.657,direct,,DOT
2021-01-08,9.821,8.809,9.657,2552191.53,23620493.84,9.309,direct,,DOT
2021-01-09,9.84,8.924,9.309,1363896.29,12921322.61,9.774,direct,,DOT
2021-01-10,10.0,8.631,9.774,1703353.1,16096743.9,9.307,direct,,DOT
2021-01-11,9.32,7.194,9.307,3975607.66,31474804.13,8.295,direct,,DOT
2021-01-12,8.716,7.927,8.295,1118487.65,9263668.03,8.303,direct,,DOT
2021-01-13,11.61,7.974,8.303,4512553.62,44993136.25,10.94,direct,,DOT
2021-01-14,14.65,10.89,10.94,4894426.04,59902486.24,14.47,direct,,DOT
2021-01-15,14.92,11.78,14.47,5088115.43,69419655.77,13.2,direct,,DOT
2021-01-16,19.43,13.18,13.2,7409774.4,122644664.73,18.0,direct,,DOT
2021-01-17,18.39,16.32,18.0,3983196.86,68986691.14,17.1,direct,,DOT
2021-01-18,18.19,12.59,17.1,2666032.79,45042566.98,16.58,direct,,DOT
2021-01-19,17.5,15.93,16.58,2241573.28,37678193.6,16.42,direct,,DOT
2021-01-20,18.21,14.77,16.42,4055014.36,66791927.51,18.0,direct,,DOT
2021-01-21,18.14,14.98,18.0,3845919.96,63167947.76,15.95,direct,,DOT
2021-01-22,18.04,14.79,15.95,3056030.21,50587092.46,17.22,direct,,DOT
2021-01-23,18.79,16.84,17.22,2215467.04,39768799.41,18.75,direct,,DOT
2021-01-24,18.75,17.31,18.75,1444666.38,25875777.47,17.99,direct,,DOT
2021-01-25,19.11,17.08,17.99,1823309.94,33031579.31,17.23,direct,,DOT
2021-01-26,17.79,16.03,17.23,1519207.51,25722158.59,17.13,direct,,DOT
2021-01-27,17.13,15.06,17.13,2143485.47,33822997.17,15.51,direct,,DOT
2021-01-28,17.49,15.29,15.51,1709570.56,28826567.54,16.9,direct,,DOT
2021-01-29,17.78,16.01,16.9,1726571.52,29023887.45,16.82,direct,,DOT
2021-01-30,17.08,16.15,16.82,1014219.09,16758417.85,16.56,direct,,DOT
2021-01-31,17.51,15.68,16.56,1141986.09,18811421.25,16.13,direct,,DOT
2021-02-01,16.56,15.68,16.13,953818.19,15356999.6,16.46,direct,,DOT
2021-02-02,17.61,16.06,16.46,1746696.28,29567752.31,17.18,direct,,DOT
2021-02-03,20.96,16.78,17.18,3110983.67,58540246.55,20.89,direct,,DOT
2021-02-04,21.72,19.0,20.89,2321550.78,47715508.03,19.72,direct,,DOT
2021-02-05,21.4,19.39,19.72,2248458.18,46509286.6,20.87,direct,,DOT
2021-02-06,21.4,19.87,20.87,1304224.46,26602912.17,20.4,direct,,DOT
2021-02-07,20.82,18.34,20.4,1828344.28,35862150.96,19.8,direct,,DOT
2021-02-08,23.71,19.22,19.8,2916289.44,64298988.24,23.02,direct,,DOT
2021-02-09,24.13,22.28,23.02,1734653.77,40194496.65,23.12,direct,,DOT
2021-02-10,24.84,22.06,23.12,2317582.9,54349307.5,23.6,direct,,DOT
2021-02-11,25.72,23.27,23.6,2260166.51,56329950.86,25.02,direct,,DOT
2021-02-12,29.76,24.54,25.02,2312393.38,63172930.0,28.69,direct,,DOT
2021-02-13,30.23,27.29,28.69,2352783.82,67103006.76,27.98,direct,,DOT
2021-02-14,29.4,26.47,27.98,1512717.97,41975006.49,26.93,direct,,DOT
2021-02-15,29.55,23.42,26.93,2700543.24,72517914.11,27.84,direct,,DOT
2021-02-16,30.98,26.85,27.84,2681474.87,79417285.1,30.06,direct,,DOT
2021-02-17,32.4,29.65,30.06,1915882.18,59158073.26,32.0,direct,,DOT
2021-02-18,32.61,30.6,32.0,1083778.6,34071469.23,31.05,direct,,DOT
2021-02-19,35.0,29.56,31.05,1968599.06,64464534.56,34.81,direct,,DOT
2021-02-20,42.2,34.71,34.81,3562417.12,138201796.01,38.99,direct,,DOT
2021-02-21,40.54,38.07,38.99,1251848.24,48954543.55,39.58,direct,,DOT
2021-02-22,39.75,19.81,39.58,3991946.25,140192564.81,37.64,direct,,DOT
2021-02-23,37.76,26.54,37.64,4997599.59,161726713.15,34.59,direct,,DOT
2021-02-24,36.88,31.91,34.59,2357222.87,81741925.63,33.7,direct,,DOT
2021-02-25,35.27,30.9,33.7,1874336.12,62631991.56,31.19,direct,,DOT
2021-02-26,33.58,28.01,31.19,3132791.78,95855334.92,31.44,direct,,DOT
2021-02-27,35.65,31.37,31.44,2216063.09,75287931.11,33.49,direct,,DOT
2021-02-28,34.65,29.78,33.49,2172651.76,69695379.53,33.82,direct,,DOT
2021-03-01,35.69,33.11,33.82,1262144.99,43655679.42,35.68,direct,,DOT
2021-03-02,37.9,34.43,35.68,1825853.11,66030132.29,36.2,direct,,DOT
2021-03-03,38.69,36.19,36.2,1194041.0,44830023.94,37.06,direct,,DOT
2021-03-04,38.41,34.35,37.06,1248964.83,45175658.11,35.29,direct,,DOT
2021-03-05,35.29,31.44,35.29,1568379.33,52154861.63,33.63,direct,,DOT
2021-03-06,34.19,32.07,33.63,736108.62,24434456.14,33.38,direct,,DOT
2021-03-07,35.32,33.38,33.38,636522.27,21895007.26,35.11,direct,,DOT
2021-03-08,35.56,33.5,35.11,860637.1,29598482.0,34.99,direct,,DOT
2021-03-09,38.9,34.56,34.99,1451028.05,53238281.26,38.23,direct,,DOT
2021-03-10,39.53,36.32,38.23,1464243.37,55743304.5,37.6,direct,,DOT
2021-03-11,38.07,35.93,37.6,1341374.1,49225572.73,36.91,direct,,DOT
2021-03-12,37.47,34.46,36.91,1063545.42,37918934.15,35.99,direct,,DOT
2021-03-13,38.23,34.73,35.99,1157199.32,42718845.07,37.15,direct,,DOT
2021-03-14,37.96,36.29,37.15,674142.75,24949645.01,36.49,direct,,DOT
2021-03-15,35.65,33.89,36.47,4109425.25,140933612.86,34.3,multiply,BTC,DOT
2021-03-16,36.04,34.27,34.3,3325015.21,117748925.63,35.41,multiply,BTC,DOT
2021-03-17,38.52,35.96,35.41,3740968.92,135157053.48,36.13,multiply,BTC,DOT
2021-03-18,36.15,35.19,36.13,2131729.3,75325411.92,35.34,multiply,BTC,DOT
2021-03-19,38.87,34.62,35.35,1211324.28,45401377.07,38.18,direct,,DOT
2021-03-20,40.03,37.19,38.18,1013695.15,39673673.47,37.25,direct,,DOT
2021-03-21,37.84,36.41,37.24,2732927.98,100290307.33,36.7,multiply,BTC,DOT
2021-03-22,35.73,34.23,36.7,2522067.32,88871895.75,35.24,multiply,BTC,DOT
2021-03-23,36.25,33.79,35.26,892608.96,31144922.8,34.22,direct,,DOT
2021-03-24,36.1,28.42,34.22,2184599.07,71084667.45,30.27,direct,,DOT
2021-03-25,31.23,28.39,30.27,1930867.25,57564021.74,29.84,direct,,DOT
2021-03-26,33.37,29.83,29.84,970501.95,30855367.65,33.18,direct,,DOT
2021-03-27,33.49,31.13,33.18,814241.94,26560013.21,32.64,direct,,DOT
2021-03-28,33.2,31.24,32.64,618859.37,20006640.02,32.24,direct,,DOT
2021-03-29,34.92,31.71,32.24,1041556.8,35348613.44,34.37,direct,,DOT
2021-03-30,35.12,33.69,34.35,1963090.98,66778224.8,34.02,multiply,BTC,DOT
2021-03-31,38.23,33.31,33.97,1472839.78,53433355.41,37.06,direct,,DOT
2021-04-01,38.96,36.05,37.06,1099982.56,41390175.65,37.44,direct,,DOT
2021-04-02,41.33,36.64,37.44,836501.62,32718466.04,40.99,direct,,DOT
2021-04-03,46.7,40.91,40.99,1759057.32,77170065.2,41.35,direct,,DOT
2021-04-04,45.07,40.7,41.35,685417.77,29792299.09,44.31,direct,,DOT
2021-04-05,45.84,41.85,44.31,844708.77,36947337.67,45.82,direct,,DOT
2021-04-06,46.24,41.65,45.82,811311.87,35557096.98,43.31,direct,,DOT
2021-04-07,43.46,37.79,43.31,1271484.93,50784638.05,39.56,direct,,DOT
2021-04-08,41.6,39.26,39.56,558638.18,22662462.3,41.35,direct,,DOT
2021-04-09,41.95,40.23,41.35,1903255.74,77591484.57,40.77,multiply,BTC,DOT
2021-04-10,42.32,40.57,40.77,2530179.27,105251064.84,41.6,multiply,BTC,DOT
2021-04-11,41.85,40.01,41.59,434643.97,17725796.99,41.32,direct,,DOT
2021-04-12,41.27,39.52,41.3,3005800.86,121637856.22,40.47,multiply,BTC,DOT
2021-04-13,43.46,40.91,40.47,5001513.62,214797329.31,42.95,multiply,BTC,DOT
2021-04-14,43.98,40.47,42.95,4962901.03,210927672.29,42.5,multiply,BTC,DOT
2021-04-15,44.37,41.37,42.49,844162.18,36166766.13,43.48,direct,,DOT
2021-04-16,43.08,40.86,43.47,4302394.06,178386802.12,41.46,multiply,BTC,DOT
2021-04-17,48.3,41.42,41.43,1396252.53,62507405.97,42.15,direct,,DOT
2021-04-18,42.66,32.19,42.15,2762515.1,102965669.4,37.41,direct,,DOT
2021-04-19,38.73,34.02,37.41,1079407.85,39002550.24,34.8,direct,,DOT
2021-04-20,35.77,31.6,34.8,1660299.59,55984106.2,35.48,direct,,DOT
2021-04-21,36.33,33.1,35.48,1471933.49,51166616.77,33.79,direct,,DOT
2021-04-22,36.74,32.42,33.79,1768937.53,60821426.91,32.98,direct,,DOT
2021-04-23,33.45,26.59,32.98,2040150.71,61579225.39,32.26,direct,,DOT
2021-04-24,32.39,28.59,32.26,845771.29,25673042.96,29.06,direct,,DOT
2021-04-25,31.26,28.14,29.06,892783.35,26422612.67,29.83,direct,,DOT
2021-04-26,33.49,29.81,29.83,1613408.5,52117450.51,33.43,direct,,DOT
2021-04-27,34.98,33.22,33.43,972042.45,33155971.33,34.84,direct,,DOT
2021-04-28,35.37,32.59,34.84,970224.46,32798789.64,34.0,direct,,DOT
2021-04-29,35.97,33.02,34.0,877899.57,29890756.59,35.97,direct,,DOT
2021-04-30,36.8,35.11,35.97,1007349.57,36328621.5,36.54,direct,,DOT
2021-05-01,37.37,35.84,36.54,764745.65,28073100.58,36.93,direct,,DOT
2021-05-02,37.18,35.55,36.93,460639.83,16788909.28,36.66,direct,,DOT
2021-05-03,38.3,36.64,36.66,1321185.37,49555480.7,37.27,direct,,DOT
2021-05-04,37.93,34.51,37.27,1432428.48,51541215.97,34.8,direct,,DOT
2021-05-05,40.76,34.58,34.8,1780310.17,68275953.01,40.45,direct,,DOT
2021-05-06,43.88,38.09,40.45,2141074.61,87460507.74,41.57,direct,,DOT
2021-05-07,42.67,38.42,41.57,1188987.68,48734438.43,39.91,direct,,DOT
2021-05-08,41.36,38.76,39.91,3007503.22,120190180.92,39.96,multiply,BTC,DOT
2021-05-09,40.54,38.2,39.91,1480839.52,58355601.73,40.35,direct,,DOT
2021-05-10,41.85,32.61,40.35,1610557.0,61145378.02,36.54,direct,,DOT
2021-05-11,38.73,35.61,36.54,987434.94,36808954.29,38.72,direct,,DOT
2021-05-12,42.44,33.97,38.72,2270741.6,88437558.59,34.52,direct,,DOT
2021-05-13,41.89,33.09,34.52,3916476.47,150816010.74,40.04,direct,,DOT
2021-05-14,48.08,39.51,40.04,2108668.88,91955584.18,48.06,direct,,DOT
2021-05-15,49.72,42.84,48.06,2830327.08,132964949.2,43.55,direct,,DOT
2021-05-16,46.68,39.34,43.55,2310331.4,97162504.84,42.5,direct,,DOT
2021-05-17,39.85,36.98,42.54,4150668.54,160614586.89,38.7,multiply,BTC,DOT
2021-05-18,42.29,37.61,38.7,5648865.53,229441945.75,40.62,multiply,BTC,DOT
2021-05-19,41.37,20.01,40.64,7052859.26,214129215.19,25.08,direct,,DOT
2021-05-20,31.3,21.22,25.08,4401169.45,119842378.26,29.03,direct,,DOT
2021-05-21,31.01,20.05,29.03,4876956.64,120066885.71,24.46,direct,,DOT
2021-05-22,24.63,20.42,24.46,2288458.22,51282835.48,22.08,direct,,DOT
2021-05-23,23.46,13.88,22.08,5814094.8,101454969.9,17.94,direct,,DOT
2021-05-24,23.49,17.15,17.94,3322099.9,68466765.38,23.25,direct,,DOT
2021-05-25,24.21,19.67,23.25,2345633.53,50705264.54,22.18,direct,,DOT
2021-05-26,24.76,21.68,22.18,2237112.45,52382010.45,24.55,direct,,DOT
2021-05-27,24.94,21.82,24.55,1628958.65,38454974.06,23.9,direct,,DOT
2021-05-28,26.19,20.11,23.9,3701648.13,82958418.63,21.38,direct,,DOT
2021-05-29,22.27,18.81,21.38,1932457.82,39632953.42,19.85,direct,,DOT
2021-05-30,21.29,18.48,19.85,1132696.81,22966389.85,20.46,direct,,DOT
2021-05-31,23.43,19.12,20.46,1882928.91,40198744.28,23.33,direct,,DOT
2021-06-01,23.53,21.73,23.33,1231693.4,27720774.2,22.82,direct,,DOT
2021-06-02,26.84,22.68,22.82,2200182.89,55545349.62,25.95,direct,,DOT
2021-06-03,28.62,25.7,25.95,2223669.03,60283378.61,26.97,direct,,DOT
2021-06-04,27.0,23.64,26.97,2080462.56,52019940.76,25.03,direct,,DOT
2021-06-05,26.39,22.97,25.03,1076337.29,26457269.39,23.79,direct,,DOT
2021-06-06,24.47,23.59,23.79,579972.64,13942795.15,24.14,direct,,DOT
2021-06-07,25.28,21.29,24.14,1338033.21,31488678.61,21.69,direct,,DOT
2021-06-08,22.28,19.63,21.69,2028295.64,42743781.01,21.69,direct,,DOT
2021-06-09,23.43,20.41,21.69,1650410.61,36243191.18,23.2,direct,,DOT
2021-06-10,24.56,22.1,23.2,1124009.71,26342900.1,22.67,direct,,DOT
2021-06-11,23.19,20.52,22.67,741235.76,16261669.81,20.96,direct,,DOT
2021-06-12,21.24,19.57,20.96,1153196.01,23614642.91,20.76,direct,,DOT
2021-06-13,22.39,19.94,20.76,1260663.67,26525131.55,22.07,direct,,DOT
2021-06-14,26.04,21.25,22.07,2633673.45,62981165.02,25.87,direct,,DOT
2021-06-15,25.99,23.56,25.87,1265222.93,30967576.46,23.97,direct,,DOT
2021-06-16,24.55,22.53,23.97,1276109.31,29860333.11,23.02,direct,,DOT
2021-06-17,23.98,22.01,23.02,838627.58,19407898.73,22.48,direct,,DOT
2021-06-18,22.56,20.24,22.48,960545.72,20508222.2,21.38,direct,,DOT
2021-06-19,21.62,20.23,21.38,805731.51,16886324.4,20.25,direct,,DOT
2021-06-20,20.99,18.92,20.25,1213805.96,24158909.81,20.63,direct,,DOT
2021-06-21,20.78,15.3,20.63,3502455.36,61073976.66,15.74,direct,,DOT
2021-06-22,16.95,13.04,15.74,4334787.99,64363190.36,14.65,direct,,DOT
2021-06-23,16.8,14.31,14.65,1917487.69,30429173.52,15.8,direct,,DOT
2021-06-24,16.65,14.75,15.8,1143709.79,18246500.78,16.22,direct,,DOT
2021-06-25,16.71,14.42,16.22,1192119.42,18166802.14,14.44,direct,,DOT
2021-06-26,14.96,13.65,14.44,1094956.18,15531025.6,14.52,direct,,DOT
2021-06-27,15.01,14.07,14.52,1050374.32,15272557.88,15.0,direct,,DOT
2021-06-28,16.01,14.63,15.0,1075238.39,16419700.61,15.77,direct,,DOT
2021-06-29,17.05,15.75,15.77,1291929.16,21276369.96,16.26,direct,,DOT
2021-06-30,16.61,15.11,16.26,996321.45,15810584.38,16.38,direct,,DOT
2021-07-01,16.4,14.87,16.38,629063.03,9721434.44,15.21,direct,,DOT
2021-07-02,15.45,14.65,15.21,678506.05,10169924.93,15.31,direct,,DOT
2021-07-03,15.74,15.04,15.31,494434.97,7647823.6,15.52,direct,,DOT
2021-07-04,16.57,15.18,15.52,563743.47,8990493.3,15.99,direct,,DOT
2021-07-05,15.99,14.77,15.99,933252.71,14229261.82,15.24,direct,,DOT
2021-07-06,16.18,15.2,15.24,1097059.31,17211872.96,16.13,direct,,DOT
2021-07-07,17.66,16.11,16.13,1570075.95,26434254.92,16.86,direct,,DOT
2021-07-08,16.88,15.01,16.86,1107306.51,17418662.42,15.32,direct,,DOT
2021-07-09,15.89,14.84,15.32,1120562.16,17288062.56,15.68,direct,,DOT
2021-07-10,15.99,15.05,15.68,548280.99,8435075.22,15.29,direct,,DOT
2021-07-11,15.7,15.16,15.29,249783.51,3855649.1,15.48,direct,,DOT
2021-07-12,15.64,14.43,15.48,741324.32,11067548.41,14.88,direct,,DOT
2021-07-13,15.08,14.03,14.88,625757.87,9024183.4,14.18,direct,,DOT
2021-07-14,14.21,13.19,14.18,1010151.99,13883017.46,13.8,direct,,DOT
2021-07-15,14.1,12.75,13.8,1153951.44,15217318.39,13.09,direct,,DOT
2021-07-16,13.3,12.02,13.09,1125812.21,14157518.81,12.04,direct,,DOT
2021-07-17,12.73,11.74,12.04,1005115.43,12191423.94,12.29,direct,,DOT
2021-07-18,12.93,12.29,12.29,1697033.15,21516581.12,12.65,direct,,DOT
2021-07-19,12.73,11.36,12.65,963148.41,11373547.94,11.43,direct,,DOT
2021-07-20,11.54,10.38,11.43,1726025.69,18759167.45,10.97,direct,,DOT
2021-07-21,12.85,10.68,10.97,3556310.42,42779524.24,12.32,direct,,DOT
2021-07-22,13.33,11.81,12.32,2694009.04,34125127.34,13.16,direct,,DOT
2021-07-23,13.52,12.33,13.16,2387160.62,31025040.53,13.4,direct,,DOT
2021-07-24,14.07,13.14,13.4,2177325.69,29579583.9,13.78,direct,,DOT
2021-07-25,13.83,13.1,13.78,2066816.2,27769381.23,13.73,direct,,DOT
2021-07-26,15.27,13.66,13.73,4584950.5,67144577.37,13.93,direct,,DOT
2021-07-27,14.54,13.38,13.93,3414696.15,47670207.43,14.39,direct,,DOT
2021-07-28,14.76,13.95,14.39,2539196.91,36610828.71,14.54,direct,,DOT
2021-07-29,15.38,14.28,14.54,2668522.65,39701831.97,15.26,direct,,DOT
2021-07-30,15.85,14.44,15.26,2964082.54,44884150.91,15.81,direct,,DOT
2021-07-31,17.02,15.53,15.81,3214641.0,52374335.2,16.79,direct,,DOT
2021-08-01,19.88,16.58,16.79,6137799.86,115048736.5,18.42,direct,,DOT
2021-08-02,18.86,17.57,18.42,3351916.58,61160358.06,18.01,direct,,DOT
2021-08-03,18.53,16.83,18.01,2436603.09,42686530.36,17.38,direct,,DOT
2021-08-04,19.57,17.11,17.38,3426350.09,63599307.1,19.15,direct,,DOT
2021-08-05,19.44,17.88,19.15,3022073.96,57151121.17,19.13,direct,,DOT
2021-08-06,20.81,18.45,19.13,3276855.94,64869914.83,20.43,direct,,DOT
2021-08-07,21.68,20.04,20.43,2978394.29,61971041.85,20.98,direct,,DOT
2021-08-08,21.2,19.22,20.98,1840565.92,37144974.5,19.67,direct,,DOT
2021-08-09,21.27,18.74,19.67,2746861.76,56241596.5,20.58,direct,,DOT
2021-08-10,21.41,20.1,20.58,3711256.6,76669454.76,20.62,direct,,DOT
2021-08-11,22.46,20.57,20.62,5099199.91,110039248.5,21.4,direct,,DOT
2021-08-12,21.33,19.96,21.33,1399969.0,28717951.38,20.76,direct,,DOT
2021-08-13,22.75,20.54,20.76,3137661.56,68441721.19,22.74,direct,,DOT
2021-08-14,23.47,21.8,22.74,2433834.38,54935863.95,22.87,direct,,DOT
2021-08-15,23.35,21.87,22.87,1629844.87,36841230.2,23.17,direct,,DOT
2021-08-16,25.69,22.85,23.17,5120979.56,125935798.67,24.49,direct,,DOT
2021-08-17,27.36,23.11,24.49,6452527.39,164549608.17,23.56,direct,,DOT
2021-08-18,25.17,22.61,23.56,4827556.67,115908000.72,23.9,direct,,DOT
2021-08-19,26.81,23.23,23.9,4037532.02,100464384.96,26.58,direct,,DOT
2021-08-20,28.46,26.13,26.58,3703636.59,102022977.8,28.14,direct,,DOT
2021-08-21,29.35,27.54,28.14,2629169.53,74727545.52,27.89,direct,,DOT
2021-08-22,28.51,26.58,27.89,2462620.85,67674072.64,27.72,direct,,DOT
2021-08-23,28.63,27.35,27.72,2754719.6,77041331.96,27.87,direct,,DOT
2021-08-24,28.17,24.45,27.87,3890166.42,102109674.83,25.11,direct,,DOT
2021-08-25,26.55,24.53,25.11,3237268.22,83400798.58,25.98,direct,,DOT
2021-08-26,26.38,23.28,25.98,4289693.48,104948413.79,23.95,direct,,DOT
2021-08-27,26.75,23.48,23.95,3446470.26,86867799.25,26.53,direct,,DOT
2021-08-28,26.73,25.46,26.53,2467819.14,64085206.13,25.97,direct,,DOT
2021-08-29,26.47,25.3,25.97,1984861.05,51366178.65,25.73,direct,,DOT
2021-08-30,27.55,24.37,25.73,4525827.35,117324426.55,26.03,direct,,DOT
2021-08-31,31.93,25.68,26.03,10765838.17,315924766.7,31.36,direct,,DOT
2021-09-01,33.81,29.67,31.36,7671865.19,240003997.76,33.2,direct,,DOT
2021-09-02,33.2,31.37,33.2,4498182.21,145285769.89,31.82,direct,,DOT
2021-09-03,33.98,31.04,31.82,4725543.5,155351032.11,33.59,direct,,DOT
2021-09-04,34.14,32.06,33.59,2715095.91,89723099.15,32.38,direct,,DOT
2021-09-05,34.76,32.03,32.38,2931095.81,97839153.16,34.43,direct,,DOT
2021-09-06,35.02,32.53,34.43,4018149.3,137164816.95,34.35,direct,,DOT
2021-09-07,35.66,23.63,34.35,11890755.01,354088163.31,27.9,direct,,DOT
2021-09-08,28.85,25.27,27.9,7926653.71,218902257.05,27.74,direct,,DOT
2021-09-09,31.84,27.02,27.74,7226838.86,213747710.79,29.83,direct,,DOT
2021-09-10,32.65,28.02,29.83,6637958.21,201729129.97,29.19,direct,,DOT
2021-09-11,32.08,28.29,29.19,4591750.59,139229633.18,31.57,direct,,DOT
2021-09-12,36.48,30.67,31.57,7398098.94,249978803.55,35.82,direct,,DOT
2021-09-13,38.01,31.7,35.82,12617579.67,446081062.59,34.85,direct,,DOT
2021-09-14,38.77,34.09,34.85,8143317.71,300191642.47,37.37,direct,,DOT
2021-09-15,38.04,35.59,37.37,3648810.46,133405587.01,36.47,direct,,DOT
2021-09-16,36.95,34.09,36.47,4013522.62,141568139.05,35.54,direct,,DOT
2021-09-17,36.94,32.23,35.54,4240177.44,145887047.94,33.02,direct,,DOT
2021-09-18,35.89,32.54,33.02,3784197.75,131402256.85,34.88,direct,,DOT
2021-09-19,34.88,33.06,34.88,2574111.75,87368003.11,33.84,direct,,DOT
2021-09-20,33.91,26.71,33.84,8999697.15,267994778.14,28.15,direct,,DOT
2021-09-21,30.35,25.52,28.15,8689727.13,244807883.06,26.38,direct,,DOT
2021-09-22,31.99,25.94,26.38,6877684.82,203416087.39,31.61,direct,,DOT
2021-09-23,33.61,30.4,31.61,4762740.94,151610714.84,33.46,direct,,DOT
2021-09-24,33.53,28.0,33.46,7070718.13,217132527.9,30.85,direct,,DOT
2021-09-25,32.22,29.47,30.85,3642394.78,111655783.0,29.85,direct,,DOT
2021-09-26,30.01,26.78,29.85,5139119.27,147547743.61,28.86,direct,,DOT
2021-09-27,30.24,27.62,28.86,3603469.96,104271211.78,27.73,direct,,DOT
2021-09-28,28.37,26.16,27.73,3233213.37,88174590.52,26.33,direct,,DOT
2021-09-29,28.57,26.12,26.33,3585087.58,98603998.93,27.26,direct,,DOT
2021-09-30,28.97,27.13,27.26,2744124.76,77227257.2,28.6,direct,,DOT
2021-10-01,32.32,28.5,28.6,5222355.75,159639852.05,31.96,direct,,DOT
2021-10-02,33.4,31.55,31.96,2826431.66,91851280.76,32.04,direct,,DOT
2021-10-03,32.69,31.32,32.04,2556837.39,81891479.57,32.11,direct,,DOT
2021-10-04,32.12,30.08,32.11,2630294.63,81830410.82,31.17,direct,,DOT
2021-10-05,32.14,30.57,31.17,2466411.85,77357983.05,31.4,direct,,DOT
2021-10-06,33.07,29.14,31.4,4819838.59,151327826.95,32.24,direct,,DOT
2021-10-07,35.33,30.96,32.21,4035347.83,135442599.69,33.98,direct,,DOT
2021-10-08,34.49,33.05,33.98,2679733.39,90405640.68,33.32,direct,,DOT
2021-10-09,36.91,33.0,33.32,3795712.11,134006396.46,36.33,direct,,DOT
2021-10-10,37.46,34.13,36.33,3398729.61,122231307.01,34.44,direct,,DOT
2021-10-11,36.08,33.27,34.44,3231391.78,112070670.12,34.14,direct,,DOT
2021-10-12,35.42,32.09,34.14,4437371.42,149212106.16,35.16,direct,,DOT
2021-10-13,43.26,33.63,35.16,9475939.45,370389475.37,41.69,direct,,DOT
2021-10-14,42.48,39.33,41.69,5858068.0,239662297.04,40.74,direct,,DOT
2021-10-15,44.19,39.47,40.74,6702887.87,278549059.07,43.31,direct,,DOT
2021-10-16,44.74,41.28,43.31,4991361.02,215072070.91,41.69,direct,,DOT
2021-10-17,42.84,39.6,41.69,3718715.61,154760628.58,42.1,direct,,DOT
2021-10-18,43.26,40.28,42.1,3869354.97,161019099.1,41.18,direct,,DOT
2021-10-19,41.63,40.05,41.18,3264006.11,133686335.29,41.36,direct,,DOT
2021-10-20,45.2,41.1,41.36,4159150.68,180132380.39,44.41,direct,,DOT
2021-10-21,45.51,41.96,44.41,5059115.35,221167862.93,42.84,direct,,DOT
2021-10-22,46.36,42.74,42.84,4981154.7,221826302.16,43.48,direct,,DOT
2021-10-23,44.76,43.08,43.48,2359606.4,103514212.39,43.95,direct,,DOT
2021-10-24,44.16,41.33,43.95,2630708.22,112046910.88,42.3,direct,,DOT
2021-10-25,44.77,42.12,42.3,2858517.08,125116537.75,44.51,direct,,DOT
2021-10-26,46.13,43.37,44.51,4781014.98,213487089.02,44.87,direct,,DOT
2021-10-27,45.74,39.07,44.87,6231568.41,262907655.16,40.38,direct,,DOT
2021-10-28,43.11,39.89,40.38,4488453.04,188062207.67,41.83,direct,,DOT
2021-10-29,44.38,41.6,41.83,4116895.8,178115378.9,44.11,direct,,DOT
2021-10-30,44.32,42.14,44.11,2224165.23,95847031.71,42.73,direct,,DOT
2021-10-31,43.38,41.07,42.73,3392772.7,143053289.49,42.77,direct,,DOT
2021-11-01,51.62,41.79,42.77,8203938.59,389934884.95,50.03,direct,,DOT
2021-11-02,53.36,48.1,50.03,6414551.7,327353040.92,51.68,direct,,DOT
2021-11-03,54.59,49.13,51.68,5505864.0,285796547.2,53.36,direct,,DOT
2021-11-04,55.09,52.22,53.36,4361981.84,232985507.27,53.91,direct,,DOT
2021-11-05,53.95,50.63,53.91,3129319.73,162958596.59,51.85,direct,,DOT
2021-11-06,52.44,49.04,51.85,3034146.18,154293899.73,52.04,direct,,DOT
2021-11-07,53.5,51.38,52.04,2252975.06,118206177.88,52.23,direct,,DOT
2021-11-08,53.88,51.7,52.23,3528359.29,187100580.77,53.39,direct,,DOT
2021-11-09,53.4,50.53,53.39,3151815.7,163484322.13,50.77,direct,,DOT
2021-11-10,52.01,42.54,50.77,6513228.74,315421422.88,46.82,direct,,DOT
2021-11-11,49.45,45.6,46.82,3663542.28,175206377.17,47.49,direct,,DOT
2021-11-12,47.73,44.08,47.49,3922340.56,179922626.34,45.93,direct,,DOT
2021-11-13,47.54,44.9,45.93,2161531.91,100151381.43,47.1,direct,,DOT
2021-11-14,47.82,45.05,47.1,1394494.01,64483493.56,46.39,direct,,DOT
2021-11-15,47.47,44.61,46.39,2261593.12,104220911.66,44.75,direct,,DOT
2021-11-16,44.76,38.71,44.75,6789977.49,281814463.67,40.87,direct,,DOT
2021-11-17,42.78,38.68,40.87,4742953.08,192850009.84,42.78,direct,,DOT
2021-11-18,43.28,37.63,42.78,4678379.95,187124278.81,39.05,direct,,DOT
2021-11-19,42.31,38.42,39.05,3441864.67,138837654.14,41.26,direct,,DOT
2021-11-20,42.13,39.91,41.26,1868918.19,77118445.24,42.13,direct,,DOT
2021-11-21,43.63,40.67,42.13,2173924.16,91096734.3,42.0,direct,,DOT
2021-11-22,42.17,38.84,42.0,3013521.62,121210648.25,39.51,direct,,DOT
2021-11-23,41.49,38.58,39.51,2396844.75,96181666.02,40.78,direct,,DOT
2021-11-24,40.86,38.08,40.78,2753930.97,107695410.32,38.31,direct,,DOT
2021-11-25,40.95,38.07,38.31,2482623.97,98285651.91,39.46,direct,,DOT
2021-11-26,39.62,33.77,39.46,5700882.14,203952860.14,34.56,direct,,DOT
2021-11-27,35.96,34.47,34.56,2321276.78,81954177.97,35.2,direct,,DOT
2021-11-28,35.87,32.25,35.2,3581613.56,121263667.43,35.79,direct,,DOT
2021-11-29,37.56,35.45,35.79,3186484.81,116448560.83,37.14,direct,,DOT
2021-11-30,39.37,35.46,37.14,3429916.41,128062710.89,37.94,direct,,DOT
2021-12-01,38.79,36.25,37.94,4093299.6,154085599.81,36.82,direct,,DOT
2021-12-02,36.83,35.12,36.82,3195288.58,114760748.86,35.78,direct,,DOT
2021-12-03,36.87,32.68,35.78,4193461.55,145561203.07,33.69,direct,,DOT
2021-12-04,33.86,25.84,33.69,9299764.71,268144336.56,29.42,direct,,DOT
2021-12-05,29.74,26.45,29.42,5192228.43,145959523.02,28.34,direct,,DOT
2021-12-06,28.95,24.88,28.34,6746594.96,181333564.71,28.2,direct,,DOT
2021-12-07,31.49,27.76,28.2,5205823.2,153426050.24,30.53,direct,,DOT
2021-12-08,30.62,28.09,30.53,3533154.82,103705055.82,29.83,direct,,DOT
2021-12-09,30.16,26.81,29.83,3775179.52,106435919.06,26.95,direct,,DOT
2021-12-10,28.43,25.7,26.95,4516107.75,121477904.27,26.42,direct,,DOT
2021-12-11,28.18,25.83,26.42,3676383.4,101223809.01,27.8,direct,,DOT
2021-12-12,30.01,27.34,27.8,2603496.14,74642061.9,29.59,direct,,DOT
2021-12-13,29.86,25.56,29.59,5060995.61,138292077.67,25.96,direct,,DOT
2021-12-14,26.69,25.01,25.96,3844117.68,99720833.36,26.21,direct,,DOT
2021-12-15,28.04,24.28,26.21,5416589.86,141807809.59,27.16,direct,,DOT
2021-12-16,27.84,25.83,27.16,4758937.02,128229235.44,26.02,direct,,DOT
2021-12-17,26.21,24.2,26.02,4628529.94,116353447.43,24.66,direct,,DOT
2021-12-18,25.73,24.24,24.66,2921017.96,73176286.43,25.51,direct,,DOT
2021-12-19,25.87,24.64,25.51,2221329.32,55896617.96,24.79,direct,,DOT
2021-12-20,25.01,23.19,24.79,3730398.57,89869403.41,24.08,direct,,DOT
2021-12-21,25.6,23.75,24.08,3096314.18,76620903.95,25.18,direct,,DOT
2021-12-22,28.22,24.99,25.18,4178335.81,112350261.44,27.24,direct,,DOT
2021-12-23,29.83,26.76,27.24,3822899.4,107393504.8,29.16,direct,,DOT
2021-12-24,29.67,27.86,29.16,2276261.98,65873664.72,28.16,direct,,DOT
2021-12-25,29.17,27.99,28.16,1704719.01,48609050.77,28.86,direct,,DOT
2021-12-26,31.79,28.29,28.86,3504054.52,105041946.02,31.31,direct,,DOT
2021-12-27,32.81,30.84,31.31,3333095.32,106097910.81,30.96,direct,,DOT
2021-12-28,30.98,27.47,30.96,4946756.67,143442612.78,27.84,direct,,DOT
2021-12-29,28.96,26.53,27.84,3570520.26,99750323.79,26.8,direct,,DOT
2021-12-30,28.41,26.19,26.8,3388262.65,92543201.84,27.54,direct,,DOT
2021-12-31,28.12,26.23,27.54,3831683.4,103743116.39,26.64,direct,,DOT
2022-01-01,28.64,26.64,26.64,2337274.01,64407516.28,28.6,direct,,DOT
2022-01-02,30.61,27.84,28.6,2857028.22,84019090.91,29.7,direct,,DOT
2022-01-03,30.88,28.64,29.7,4906874.11,146146938.69,30.09,direct,,DOT
2022-01-04,30.59,28.69,30.09,3455966.1,102674262.44,28.69,direct,,DOT
2022-01-05,30.42,25.08,28.69,4503752.05,127602163.58,26.68,direct,,DOT
2022-01-06,27.38,25.49,26.68,3993434.04,105232225.68,26.7,direct,,DOT
2022-01-07,26.83,24.25,26.7,4886841.42,123635851.22,24.86,direct,,DOT
2022-01-08,25.53,23.14,24.86,4202980.78,102849938.42,24.0,direct,,DOT
2022-01-09,25.32,23.69,24.0,2823162.17,69188465.03,24.63,direct,,DOT
2022-01-10,25.22,22.44,24.63,3716688.08,88462192.69,23.72,direct,,DOT
2022-01-11,26.01,23.51,23.72,2739624.92,67863437.63,25.55,direct,,DOT
2022-01-12,27.6,25.47,25.55,2522602.5,67366849.07,27.32,direct,,DOT
2022-01-13,27.68,25.71,27.32,1954807.09,51921721.52,25.81,direct,,DOT
2022-01-14,27.9,25.56,25.81,2376055.24,64168663.05,27.75,direct,,DOT
2022-01-15,28.43,26.85,27.75,1270092.64,35084231.31,27.64,direct,,DOT
2022-01-16,28.46,27.29,27.64,1496132.3,41718599.83,27.69,direct,,DOT
2022-01-17,27.75,25.11,27.69,2279663.6,59780721.16,25.68,direct,,DOT
2022-01-18,26.12,24.26,25.68,2190218.26,54739134.01,25.16,direct,,DOT
2022-01-19,25.31,23.71,25.16,2431912.2,59124344.23,24.07,direct,,DOT
2022-01-20,25.6,22.85,24.07,2392668.05,58427108.34,23.02,direct,,DOT
2022-01-21,23.48,19.07,23.02,5905856.0,127174835.99,19.7,direct,,DOT
2022-01-22,20.16,16.24,19.7,8440293.98,154558729.1,18.26,direct,,DOT
2022-01-23,19.2,17.74,18.26,3905602.2,71911372.48,18.83,direct,,DOT
2022-01-24,18.83,15.85,18.83,6056939.65,103925632.85,18.06,direct,,DOT
2022-01-25,19.05,17.38,18.06,3319905.6,60596412.91,18.33,direct,,DOT
2022-01-26,20.03,17.54,18.33,4843057.96,91065329.42,18.06,direct,,DOT
2022-01-27,18.4,17.16,18.06,2890010.82,51459816.45,18.12,direct,,DOT
2022-01-28,18.49,17.37,18.12,2379094.78,42913888.03,18.34,direct,,DOT
2022-01-29,19.05,18.08,18.34,1879381.88,34928875.72,18.71,direct,,DOT
2022-01-30,19.01,17.81,18.71,1703702.64,31461759.7,18.19,direct,,DOT
2022-01-31,19.84,17.13,18.19,3667037.25,67933098.32,19.39,direct,,DOT
2022-02-01,20.01,19.17,19.39,3333041.91,65419203.76,19.58,direct,,DOT
2022-02-02,20.59,18.54,19.58,3147936.7,61901123.97,18.8,direct,,DOT
2022-02-03,18.96,17.99,18.8,2189003.6,40446722.09,18.93,direct,,DOT
2022-02-04,20.53,18.73,18.93,2516116.24,49237779.66,20.48,direct,,DOT
2022-02-05,22.3,20.33,20.48,2661521.61,57311716.35,21.36,direct,,DOT
2022-02-06,21.95,20.82,21.36,1508355.66,32267376.81,21.92,direct,,DOT
2022-02-07,22.72,21.42,21.92,2956808.9,65874885.62,22.37,direct,,DOT
2022-02-08,23.19,21.1,22.37,2585173.68,56584069.62,21.66,direct,,DOT
2022-02-09,22.26,21.07,21.66,1697497.57,36967935.12,21.97,direct,,DOT
2022-02-10,22.48,20.51,21.97,2448581.64,52543736.59,20.51,direct,,DOT
2022-02-11,20.74,18.58,20.51,2727774.67,54131858.9,18.99,direct,,DOT
2022-02-12,19.43,18.28,18.99,1950481.41,36764747.47,18.82,direct,,DOT
2022-02-13,19.29,18.39,18.82,1529425.56,28856583.44,18.75,direct,,DOT
2022-02-14,18.95,18.04,18.75,1549319.51,28693625.99,18.7,direct,,DOT
2022-02-15,20.35,18.65,18.7,1495301.25,29355375.24,20.18,direct,,DOT
2022-02-16,20.2,19.08,20.18,1751730.86,34479147.72,19.78,direct,,DOT
2022-02-17,20.02,17.81,19.78,2232514.62,41835191.42,18.17,direct,,DOT
2022-02-18,18.6,17.62,18.17,1776810.12,32149448.58,17.84,direct,,DOT
2022-02-19,18.23,17.35,17.84,1260589.52,22391054.59,17.86,direct,,DOT
2022-02-20,17.88,16.69,17.86,2211209.02,37654371.78,16.92,direct,,DOT
2022-02-21,17.74,16.04,16.92,2931535.04,49312727.4,16.19,direct,,DOT
2022-02-22,16.73,15.81,16.19,2153456.05,34948105.5,16.61,direct,,DOT
2022-02-23,17.51,15.93,16.61,2485140.48,41378058.14,15.97,direct,,DOT
2022-02-24,16.67,14.06,15.97,6835786.91,103697324.87,16.18,direct,,DOT
2022-02-25,17.54,15.81,16.18,2202264.89,36269808.88,17.28,direct,,DOT
2022-02-26,18.77,17.2,17.28,2766278.4,50014494.39,18.02,direct,,DOT
2022-02-27,18.72,17.06,18.02,2371230.85,42351709.82,17.49,direct,,DOT
2022-02-28,19.09,16.65,17.49,3423394.29,60734492.55,18.98,direct,,DOT
2022-03-01,19.61,18.35,18.98,3670997.27,69650693.93,18.9,direct,,DOT
2022-03-02,19.26,18.37,18.9,2024520.0,37946561.32,18.61,direct,,DOT
2022-03-03,18.67,17.78,18.61,1555518.13,28312430.19,18.03,direct,,DOT
2022-03-04,18.06,16.47,18.03,2231499.73,38290202.57,16.79,direct,,DOT
2022-03-05,17.79,16.2,16.79,1486735.0,25287051.91,17.32,direct,,DOT
2022-03-06,17.58,16.54,17.32,1393896.81,23772766.91,16.97,direct,,DOT
2022-03-07,17.13,16.01,16.97,2017368.78,33362482.32,16.42,direct,,DOT
2022-03-08,17.26,16.32,16.42,1499743.86,25206988.17,16.99,direct,,DOT
2022-03-09,18.08,16.89,16.99,1594001.43,28212193.55,17.87,direct,,DOT
2022-03-10,17.92,16.7,17.87,1243495.13,21250353.93,16.97,direct,,DOT
2022-03-11,18.47,16.71,16.97,2586682.83,45945844.6,17.71,direct,,DOT
2022-03-12,18.74,17.68,17.71,1820358.97,33346527.38,18.14,direct,,DOT
2022-03-13,18.39,17.14,18.14,1419239.35,25255507.82,17.2,direct,,DOT
2022-03-14,17.85,17.02,17.2,1335079.7,23267948.66,17.7,direct,,DOT
2022-03-15,18.04,17.06,17.7,1179372.33,20723442.76,17.81,direct,,DOT
2022-03-16,19.2,17.7,17.81,2238096.48,41183397.53,19.05,direct,,DOT
2022-03-17,19.33,18.64,19.05,1383350.04,26199645.22,18.75,direct,,DOT
2022-03-18,19.22,18.14,18.75,1218425.46,22774472.99,18.97,direct,,DOT
2022-03-19,19.79,18.88,18.97,1382092.39,26779816.68,19.41,direct,,DOT
2022-03-20,19.46,18.34,19.41,1343618.19,25247358.0,18.66,direct,,DOT
2022-03-21,19.07,18.43,18.66,1347071.11,25309001.51,18.78,direct,,DOT
2022-03-22,20.47,18.69,18.78,2133101.2,42253033.25,20.22,direct,,DOT
2022-03-23,21.12,19.83,20.22,2287716.34,46946759.36,21.01,direct,,DOT
2022-03-24,21.46,20.31,21.01,2131157.61,44696559.17,21.26,direct,,DOT
2022-03-25,21.38,20.23,21.26,1441380.65,30072507.98,20.54,direct,,DOT
2022-03-26,21.04,20.26,20.54,1080541.7,22426146.98,20.93,direct,,DOT
2022-03-27,22.48,20.74,20.93,1504362.79,32208977.82,22.47,direct,,DOT
2022-03-28,23.33,21.81,22.47,2319739.34,52884606.09,22.0,direct,,DOT
2022-03-29,22.94,21.87,22.0,1594532.2,35751431.11,22.47,direct,,DOT
2022-03-30,23.0,21.71,22.47,1821941.62,40692200.37,22.42,direct,,DOT
2022-03-31,23.07,21.09,22.42,2134035.78,47091028.18,21.35,direct,,DOT
2022-04-01,22.16,20.62,21.35,1699026.2,36446964.28,22.05,direct,,DOT
2022-04-02,23.85,21.98,22.05,1811231.86,41635709.46,22.59,direct,,DOT
2022-04-03,23.57,22.54,22.59,1720889.15,39713826.49,23.2,direct,,DOT
2022-04-04,23.22,21.62,23.2,1826130.99,40969084.37,22.9,direct,,DOT
2022-04-05,23.12,21.7,22.9,1381358.17,31197586.03,21.78,direct,,DOT
2022-04-06,21.82,19.72,21.78,2592247.36,53373813.24,19.85,direct,,DOT
2022-04-07,20.65,19.49,19.85,1352281.17,27253079.7,20.41,direct,,DOT
2022-04-08,20.57,19.15,20.41,988740.13,19826411.6,19.43,direct,,DOT
2022-04-09,19.82,19.3,19.43,789709.49,15459618.43,19.77,direct,,DOT
2022-04-10,20.24,19.18,19.77,951760.57,18815914.43,19.23,direct,,DOT
2022-04-11,19.28,17.0,19.23,2721948.51,48866756.78,17.2,direct,,DOT
2022-04-12,18.04,17.17,17.2,1507957.99,26567846.66,17.77,direct,,DOT
2022-04-13,18.29,17.39,17.77,950970.89,17053746.62,18.19,direct,,DOT
2022-04-14,18.48,17.47,18.19,912003.08,16402759.83,17.92,direct,,DOT
2022-04-15,18.4,17.8,17.92,890722.8,16178122.12,18.36,direct,,DOT
2022-04-16,18.7,18.18,18.36,506688.96,9335162.6,18.61,direct,,DOT
2022-04-17,18.81,17.67,18.61,866620.82,15916073.17,17.76,direct,,DOT
2022-04-18,18.35,17.11,17.76,1283265.31,22749195.38,18.16,direct,,DOT
2022-04-19,18.95,18.05,18.16,1101250.23,20355523.17,18.89,direct,,DOT
2022-04-20,19.53,18.55,18.89,2047346.68,38914408.67,19.09,direct,,DOT
2022-04-21,19.68,18.05,19.09,1934887.34,36872370.6,18.18,direct,,DOT
2022-04-22,18.53,18.08,18.18,1380979.41,25241087.28,18.28,direct,,DOT
2022-04-23,19.25,17.99,18.28,1348024.03,25143960.78,18.7,direct,,DOT
2022-04-24,19.16,18.08,18.7,996195.97,18472375.08,18.17,direct,,DOT
2022-04-25,18.24,17.13,18.17,1897421.02,33461058.56,18.11,direct,,DOT
2022-04-26,18.31,16.42,18.11,1808552.72,31336878.06,16.68,direct,,DOT
2022-04-27,17.27,16.49,16.68,1193953.92,20191265.21,16.95,direct,,DOT
2022-04-28,17.43,16.76,16.95,1275759.93,21719763.8,16.98,direct,,DOT
2022-04-29,17.06,16.0,16.98,1268376.53,20860649.06,16.18,direct,,DOT
2022-04-30,16.44,14.22,16.18,1766396.19,27318912.65,14.5,direct,,DOT
2022-05-01,15.52,14.5,14.5,1828741.77,27467936.46,15.36,direct,,DOT
2022-05-02,15.59,14.56,15.36,1875856.22,28116746.16,14.97,direct,,DOT
2022-05-03,15.23,14.51,14.97,1164069.73,17337266.38,14.73,direct,,DOT
2022-05-04,16.34,14.67,14.73,1863522.79,28746045.87,16.32,direct,,DOT
2022-05-05,16.44,14.06,16.32,2641132.42,39647829.29,14.59,direct,,DOT
2022-05-06,14.66,13.82,14.59,2705709.76,38702648.39,14.32,direct,,DOT
2022-05-07,14.36,13.39,14.32,1391526.99,19517138.9,13.75,direct,,DOT
2022-05-08,13.86,13.03,13.75,1890936.04,25371390.3,13.25,direct,,DOT
2022-05-09,13.48,10.53,13.25,6579324.51,76775127.15,10.62,direct,,DOT
2022-05-10,12.44,10.33,10.62,7430297.37,85659501.27,11.34,direct,,DOT
2022-05-11,11.64,8.148,11.34,12651188.19,122847413.58,9.05,direct,,DOT
2022-05-12,9.478,7.001,9.05,9972071.27,82580635.29,8.686,direct,,DOT
2022-05-13,11.76,8.548,8.686,9652548.53,101524530.66,10.45,direct,,DOT
2022-05-14,11.54,9.754,10.45,5539959.07,58777621.05,11.27,direct,,DOT
2022-05-15,11.84,10.57,11.27,3605327.18,40258021.36,11.78,direct,,DOT
2022-05-16,11.78,10.37,11.78,3799473.09,41237726.29,10.61,direct,,DOT
2022-05-17,11.32,10.43,10.61,3027461.31,33119205.92,11.03,direct,,DOT
2022-05-18,11.16,9.432,11.03,3794058.8,38700939.94,9.474,direct,,DOT
2022-05-19,10.39,9.216,9.474,3770935.76,37124283.77,10.02,direct,,DOT
2022-05-20,10.25,9.438,10.02,3224389.85,31631691.17,9.657,direct,,DOT
2022-05-21,10.08,9.459,9.657,2080798.52,20393226.53,9.979,direct,,DOT
2022-05-22,10.32,9.861,9.979,2405007.02,24193515.99,10.16,direct,,DOT
2022-05-23,10.72,9.796,10.16,4049892.5,41680572.89,9.872,direct,,DOT
2022-05-24,10.26,9.555,9.872,2255627.27,22294406.88,10.18,direct,,DOT
2022-05-25,10.32,9.778,10.18,2208165.23,22081026.63,9.863,direct,,DOT
2022-05-26,9.993,8.819,9.863,4605995.17,43116870.68,9.142,direct,,DOT
2022-05-27,10.14,8.567,9.142,7414367.26,69065194.58,9.098,direct,,DOT
2022-05-28,9.784,8.954,9.098,2554490.22,23928363.87,9.643,direct,,DOT
2022-05-29,10.02,9.327,9.643,2149246.97,20824962.13,9.98,direct,,DOT
2022-05-30,10.78,9.907,9.98,4115022.02,42450399.61,10.47,direct,,DOT
2022-05-31,10.64,9.954,10.47,2896270.89,29955130.99,10.35,direct,,DOT
2022-06-01,10.73,9.257,10.35,4643393.52,46487521.44,9.451,direct,,DOT
2022-06-02,10.05,9.289,9.451,3360636.57,32331695.12,9.881,direct,,DOT
2022-06-03,9.912,9.202,9.881,2641738.25,25096304.58,9.364,direct,,DOT
2022-06-04,9.546,9.142,9.364,2322473.44,21704934.73,9.436,direct,,DOT
2022-06-05,9.539,9.248,9.436,1481806.85,13901402.14,9.335,direct,,DOT
2022-06-06,9.924,9.315,9.335,2823319.2,27328198.05,9.494,direct,,DOT
2022-06-07,9.497,8.842,9.494,3651724.81,33302150.61,9.217,direct,,DOT
2022-06-08,9.383,8.897,9.217,2171010.14,19749096.04,8.994,direct,,DOT
2022-06-09,9.456,8.907,8.994,3186270.98,29405802.97,9.227,direct,,DOT
2022-06-10,9.36,8.52,9.227,3537257.45,31424098.18,8.65,direct,,DOT
2022-06-11,8.841,7.9,8.65,4053191.47,33756552.72,8.02,direct,,DOT
2022-06-12,8.097,7.382,8.02,4669213.86,36097224.63,7.39,direct,,DOT
2022-06-13,7.466,6.352,7.39,11043534.36,76138823.71,7.027,direct,,DOT
2022-06-14,7.537,6.671,7.027,7120465.82,51323493.2,7.367,direct,,DOT
2022-06-15,8.777,6.829,7.367,9075671.51,67944991.96,8.492,direct,,DOT
2022-06-16,8.539,6.968,8.492,6134938.06,46543956.31,7.11,direct,,DOT
2022-06-17,7.451,7.027,7.11,4457270.82,32379225.33,7.265,direct,,DOT
2022-06-18,7.401,6.458,7.265,7265816.74,49646538.3,7.043,direct,,DOT
2022-06-19,7.632,6.76,7.043,3771167.18,27047465.04,7.518,direct,,DOT
2022-06-20,8.009,7.164,7.518,3334036.77,25470407.24,7.868,direct,,DOT
2022-06-21,8.269,7.667,7.868,2947245.37,23571965.75,7.753,direct,,DOT
2022-06-22,7.808,7.347,7.753,3614820.06,27293846.11,7.377,direct,,DOT
2022-06-23,7.811,7.353,7.377,4359382.02,33121620.89,7.773,direct,,DOT
2022-06-24,8.328,7.72,7.773,3402810.25,27379904.19,8.18,direct,,DOT
2022-06-25,8.36,7.79,8.18,2155591.0,17407483.56,8.12,direct,,DOT
2022-06-26,8.483,7.81,8.12,2508443.94,20356629.63,7.833,direct,,DOT
2022-06-27,8.194,7.698,7.833,2567550.59,20340337.65,7.726,direct,,DOT
2022-06-28,7.986,7.25,7.726,2856335.82,21786700.31,7.3,direct,,DOT
2022-06-29,7.432,6.95,7.3,3517514.96,25166298.26,7.028,direct,,DOT
2022-06-30,7.098,6.634,7.028,3497766.43,23829330.98,7.06,direct,,DOT
2022-07-01,7.246,6.24,7.06,5421458.66,36565034.71,6.736,direct,,DOT
2022-07-02,6.898,6.614,6.736,1848769.32,12482334.28,6.815,direct,,DOT
2022-07-03,6.978,6.607,6.815,1512644.45,10227685.66,6.847,direct,,DOT
2022-07-04,7.205,6.66,6.847,2057697.24,14246829.01,7.159,direct,,DOT
2022-07-05,7.213,6.632,7.159,4270895.15,29254193.02,6.845,direct,,DOT
2022-07-06,7.0,6.69,6.845,3583288.12,24614305.84,6.917,direct,,DOT
2022-07-07,7.344,6.879,6.917,2811888.42,19950769.22,7.3,direct,,DOT
2022-07-08,7.444,6.933,7.3,2730846.42,19486418.07,7.038,direct,,DOT
2022-07-09,7.355,7.033,7.038,2134962.36,15407272.8,7.25,direct,,DOT
2022-07-10,7.262,6.76,7.25,2445804.19,16998413.31,6.849,direct,,DOT
2022-07-11,6.9,6.502,6.849,3180260.22,21401545.2,6.522,direct,,DOT
2022-07-12,6.617,6.252,6.522,4361301.46,28187998.63,6.273,direct,,DOT
2022-07-13,6.542,5.994,6.273,4465883.67,28148296.98,6.463,direct,,DOT
2022-07-14,6.759,6.284,6.463,3964689.42,25829990.89,6.719,direct,,DOT
2022-07-15,6.987,6.655,6.719,3090634.08,21088790.42,6.794,direct,,DOT
2022-07-16,7.215,6.563,6.794,3862417.07,26690233.8,7.189,direct,,DOT
2022-07-17,7.326,6.877,7.189,3160111.28,22448116.45,6.917,direct,,DOT
2022-07-18,7.721,6.904,6.917,5087039.15,37847639.02,7.659,direct,,DOT
2022-07-19,8.03,7.497,7.659,5851522.9,45704726.42,7.795,direct,,DOT
2022-07-20,8.076,7.367,7.795,5256655.07,40891237.37,7.466,direct,,DOT
2022-07-21,7.594,7.181,7.466,3654582.35,27042015.83,7.529,direct,,DOT
2022-07-22,7.854,7.263,7.529,3443305.0,26001310.26,7.291,direct,,DOT
2022-07-23,7.492,7.087,7.291,2958585.84,21566965.3,7.326,direct,,DOT
2022-07-24,7.581,7.311,7.326,2518167.67,18726924.51,7.398,direct,,DOT
2022-07-25,7.443,6.738,7.398,4312507.03,30450873.24,6.75,direct,,DOT
2022-07-26,6.794,6.526,6.75,4144720.6,27610348.54,6.783,direct,,DOT
2022-07-27,7.703,6.652,6.783,4012295.71,28154565.68,7.686,direct,,DOT
2022-07-28,8.091,7.469,7.686,5598208.69,43592490.54,7.861,direct,,DOT
2022-07-29,8.423,7.767,7.861,4577495.09,37030780.89,8.185,direct,,DOT
2022-07-30,8.836,8.163,8.185,3648158.51,31056126.3,8.211,direct,,DOT
2022-07-31,9.203,8.083,8.211,4267582.4,37126995.95,8.635,direct,,DOT
2022-08-01,8.986,8.039,8.635,4028373.51,34211185.82,8.183,direct,,DOT
2022-08-02,8.276,7.683,8.183,4738991.35,37507653.25,7.931,direct,,DOT
2022-08-03,8.49,7.684,7.931,4758830.66,38748157.06,8.003,direct,,DOT
2022-08-04,8.274,7.884,8.003,2270024.57,18319784.05,8.093,direct,,DOT
2022-08-05,8.832,8.074,8.093,3699860.46,31297664.62,8.806,direct,,DOT
2022-08-06,8.879,8.49,8.806,2914182.69,25286419.62,8.522,direct,,DOT
2022-08-07,8.921,8.347,8.522,2756499.11,23695991.87,8.655,direct,,DOT
2022-08-08,9.418,8.642,8.655,4403131.69,40386380.97,9.275,direct,,DOT
2022-08-09,9.464,8.662,9.275,3064412.05,27449414.62,8.906,direct,,DOT
2022-08-10,9.644,8.547,8.906,3948617.54,36287865.77,9.525,direct,,DOT
2022-08-11,9.646,9.137,9.525,3118303.28,29317407.56,9.205,direct,,DOT
2022-08-12,9.5,9.039,9.205,3264421.4,30319577.03,9.483,direct,,DOT
2022-08-13,9.677,9.258,9.483,2225331.15,21067306.23,9.309,direct,,DOT
2022-08-14,9.56,8.833,9.309,3185092.61,29237187.98,8.955,direct,,DOT
2022-08-15,9.386,8.628,8.955,3670891.97,32804173.04,8.787,direct,,DOT
2022-08-16,8.948,8.639,8.787,3733029.3,32805074.64,8.841,direct,,DOT
2022-08-17,9.169,8.316,8.841,4081012.09,35125577.22,8.369,direct,,DOT
2022-08-18,8.595,8.007,8.369,2932001.98,24614801.14,8.082,direct,,DOT
2022-08-19,8.091,7.232,8.082,5744736.02,43591474.09,7.308,direct,,DOT
2022-08-20,7.519,7.039,7.308,2837100.38,20783109.52,7.228,direct,,DOT
2022-08-21,7.527,7.168,7.228,2219764.25,16339743.44,7.435,direct,,DOT
2022-08-22,7.443,7.002,7.435,2750876.17,19862292.36,7.403,direct,,DOT
2022-08-23,7.711,7.188,7.403,2378838.39,17918784.67,7.635,direct,,DOT
2022-08-24,7.77,7.418,7.635,2175934.51,16530191.75,7.565,direct,,DOT
2022-08-25,7.757,7.457,7.565,1901501.54,14499079.73,7.583,direct,,DOT
2022-08-26,7.677,6.868,7.583,3143327.69,22945471.93,6.925,direct,,DOT
2022-08-27,7.096,6.8,6.925,2733291.19,19084212.61,7.043,direct,,DOT
2022-08-28,7.148,6.811,7.043,1688565.69,11877156.33,6.859,direct,,DOT
2022-08-29,7.309,6.788,6.859,2866927.31,20269435.35,7.276,direct,,DOT
2022-08-30,7.377,6.884,7.276,2566016.01,18282173.22,7.007,direct,,DOT
2022-08-31,7.288,6.981,7.007,2496746.33,17833571.75,7.033,direct,,DOT
2022-09-01,7.2,6.862,7.033,2377389.55,16683073.86,7.178,direct,,DOT
2022-09-02,7.567,7.122,7.178,2737507.1,20071343.39,7.299,direct,,DOT
2022-09-03,7.308,7.178,7.299,1504328.9,10915334.43,7.288,direct,,DOT
2022-09-04,7.406,7.154,7.288,1819895.57,13239992.07,7.374,direct,,DOT
2022-09-05,7.624,7.261,7.374,2826379.34,21097918.53,7.367,direct,,DOT
2022-09-06,7.689,6.825,7.367,4305378.0,31432837.15,6.873,direct,,DOT
2022-09-07,7.295,6.761,6.873,3475157.64,24402178.32,7.198,direct,,DOT
2022-09-08,7.447,7.039,7.198,2788920.71,20175209.1,7.386,direct,,DOT
2022-09-09,7.94,7.359,7.386,3485661.12,26888395.99,7.759,direct,,DOT
2022-09-10,7.876,7.596,7.759,2284039.73,17662201.61,7.778,direct,,DOT
2022-09-11,7.897,7.551,7.778,1804112.83,13935514.63,7.708,direct,,DOT
2022-09-12,8.053,7.567,7.708,3157238.21,24586375.16,7.664,direct,,DOT
2022-09-13,7.953,7.036,7.664,3898389.21,28988784.54,7.069,direct,,DOT
2022-09-14,7.305,7.029,7.069,2257002.68,16184279.56,7.206,direct,,DOT
2022-09-15,7.237,6.875,7.206,2564580.82,18042907.02,6.931,direct,,DOT
2022-09-16,6.973,6.713,6.931,2240261.43,15338397.46,6.905,direct,,DOT
2022-09-17,7.159,6.904,6.905,1522887.51,10725627.8,7.059,direct,,DOT
2022-09-18,7.061,6.357,7.059,2034988.0,13756521.58,6.444,direct,,DOT
2022-09-19,6.558,6.102,6.444,5960722.84,37340090.04,6.385,direct,,DOT
2022-09-20,6.415,6.174,6.385,2797261.78,17604987.36,6.287,direct,,DOT
2022-09-21,6.568,5.973,6.287,4280366.75,26834103.04,6.126,direct,,DOT
2022-09-22,6.518,6.084,6.126,2752556.38,17451057.39,6.443,direct,,DOT
2022-09-23,6.632,6.193,6.443,3275043.25,20944264.67,6.435,direct,,DOT
2022-09-24,6.506,6.238,6.435,2124665.46,13630781.17,6.272,direct,,DOT
2022-09-25,6.369,6.094,6.272,1938937.46,12140104.11,6.205,direct,,DOT
2022-09-26,6.576,6.158,6.205,3982395.59,25532818.16,6.556,direct,,DOT
2022-09-27,6.803,6.243,6.556,3768049.68,24844105.85,6.367,direct,,DOT
2022-09-28,6.467,6.175,6.367,2614908.55,16573969.76,6.388,direct,,DOT
2022-09-29,6.486,6.262,6.388,2057688.23,13141874.89,6.432,direct,,DOT
2022-09-30,6.567,6.218,6.432,3244392.88,20797891.22,6.321,direct,,DOT
2022-10-01,6.334,6.217,6.321,1686853.13,10609748.5,6.269,direct,,DOT
2022-10-02,6.327,6.136,6.269,1975495.35,12345207.34,6.159,direct,,DOT
2022-10-03,6.401,6.1,6.159,2083439.98,13101647.35,6.369,direct,,DOT
2022-10-04,6.533,6.346,6.369,1980586.79,12752163.88,6.496,direct,,DOT
2022-10-05,6.507,6.275,6.496,2325227.18,14819743.15,6.436,direct,,DOT
2022-10-06,6.519,6.318,6.436,2168726.67,13938892.66,6.345,direct,,DOT
2022-10-07,6.396,6.256,6.345,1711247.26,10840711.26,6.327,direct,,DOT
2022-10-08,6.393,6.266,6.327,1315554.17,8344855.91,6.311,direct,,DOT
2022-10-09,6.495,6.283,6.311,1438861.12,9212253.07,6.48,direct,,DOT
2022-10-10,6.543,6.25,6.48,1939837.89,12377485.84,6.253,direct,,DOT
2022-10-11,6.253,6.128,6.253,1943371.55,12036908.17,6.178,direct,,DOT
2022-10-12,6.244,6.13,6.178,1351904.02,8362481.02,6.174,direct,,DOT
2022-10-13,6.178,5.691,6.174,4523403.13,26875702.43,6.113,direct,,DOT
2022-10-14,6.269,6.015,6.113,1721051.8,10603211.43,6.045,direct,,DOT
2022-10-15,6.098,6.022,6.045,1346327.75,8165081.37,6.049,direct,,DOT
2022-10-16,6.246,6.047,6.049,1343134.35,8262238.16,6.183,direct,,DOT
2022-10-17,6.287,6.126,6.183,2071804.18,12861495.06,6.252,direct,,DOT
2022-10-18,6.296,6.069,6.252,2250376.99,13901916.71,6.157,direct,,DOT
2022-10-19,6.257,6.065,6.157,2532456.5,15572770.85,6.104,direct,,DOT
2022-10-20,6.153,5.826,6.104,2858918.02,17209384.74,5.886,direct,,DOT
2022-10-21,5.897,5.731,5.886,3745187.68,21864851.69,5.834,direct,,DOT
2022-10-22,5.87,5.772,5.834,1676140.74,9764644.13,5.845,direct,,DOT
2022-10-23,5.977,5.759,5.845,1753091.84,10270887.98,5.964,direct,,DOT
2022-10-24,5.989,5.806,5.964,1866988.9,10970491.81,5.914,direct,,DOT
2022-10-25,6.622,5.897,5.914,6297070.55,39686109.44,6.441,direct,,DOT
2022-10-26,6.609,6.414,6.441,2966075.93,19267562.45,6.469,direct,,DOT
2022-10-27,6.642,6.283,6.469,3357997.78,21714010.68,6.329,direct,,DOT
2022-10-28,6.585,6.266,6.329,2487027.81,16006022.93,6.52,direct,,DOT
2022-10-29,6.772,6.495,6.52,2733110.6,18081226.34,6.639,direct,,DOT
2022-10-30,6.741,6.519,6.639,2111375.79,13961084.64,6.651,direct,,DOT
2022-10-31,6.833,6.571,6.651,3089542.72,20664026.58,6.623,direct,,DOT
2022-11-01,6.711,6.453,6.623,1666109.96,10956791.81,6.458,direct,,DOT
2022-11-02,6.525,6.163,6.458,3070813.43,19510814.29,6.254,direct,,DOT
2022-11-03,6.529,6.229,6.254,2300902.91,14808366.75,6.425,direct,,DOT
2022-11-04,7.108,6.389,6.425,4065988.7,27630395.44,7.058,direct,,DOT
2022-11-05,7.246,6.945,7.058,2559712.86,18128000.17,7.024,direct,,DOT
2022-11-06,7.145,6.793,7.024,2291206.73,16098023.32,6.815,direct,,DOT
2022-11-07,7.413,6.657,6.815,2895445.89,20360572.6,7.119,direct,,DOT
2022-11-08,7.197,5.927,7.119,6975931.27,45345956.18,6.306,direct,,DOT
2022-11-09,6.391,5.333,6.306,12349720.41,72436504.93,5.398,direct,,DOT
2022-11-10,6.164,5.32,5.398,6174449.7,35655963.74,5.953,direct,,DOT
2022-11-11,5.999,5.501,5.953,5022784.77,28775097.98,5.741,direct,,DOT
2022-11-12,5.872,5.553,5.741,2003045.72,11508230.36,5.765,direct,,DOT
2022-11-13,5.959,5.612,5.765,2353050.63,13620745.34,5.74,direct,,DOT
2022-11-14,5.882,5.439,5.74,2251018.69,12815038.83,5.857,direct,,DOT
2022-11-15,6.039,5.794,5.857,1291441.13,7651654.67,5.909,direct,,DOT
2022-11-16,5.985,5.61,5.909,1986940.37,11440340.75,5.707,direct,,DOT
2022-11-17,5.719,5.563,5.707,1240107.04,7019962.35,5.666,direct,,DOT
2022-11-18,5.768,5.602,5.666,1545451.19,8785183.47,5.638,direct,,DOT
2022-11-19,5.648,5.529,5.638,1214879.64,6764595.49,5.594,direct,,DOT
2022-11-20,5.646,5.251,5.594,1972639.76,10691800.26,5.284,direct,,DOT
2022-11-21,5.287,5.063,5.284,2950752.52,15331376.59,5.18,direct,,DOT
2022-11-22,5.312,4.995,5.18,2657961.59,13735550.92,5.274,direct,,DOT
2022-11-23,5.476,5.247,5.274,2168131.31,11661061.91,5.429,direct,,DOT
2022-11-24,5.518,5.33,5.429,1615724.58,8767934.24,5.382,direct,,DOT
2022-11-25,5.392,5.254,5.382,1053167.15,5580771.94,5.261,direct,,DOT
2022-11-26,5.451,5.239,5.261,1229572.24,6575621.73,5.296,direct,,DOT
2022-11-27,5.429,5.263,5.296,938563.09,5030668.1,5.299,direct,,DOT
2022-11-28,5.314,5.066,5.299,3019149.61,15578449.44,5.129,direct,,DOT
2022-11-29,5.339,5.09,5.129,2505248.72,13121353.8,5.302,direct,,DOT
2022-11-30,5.504,5.302,5.302,2510449.3,13577921.66,5.463,direct,,DOT
2022-12-01,5.473,5.321,5.463,1684663.65,9080492.06,5.405,direct,,DOT
2022-12-02,5.686,5.376,5.405,2641423.73,14648345.34,5.617,direct,,DOT
2022-12-03,5.696,5.483,5.617,1454174.41,8119247.23,5.494,direct,,DOT
2022-12-04,5.604,5.492,5.494,1130498.41,6273499.65,5.59,direct,,DOT
2022-12-05,5.73,5.444,5.59,1582672.35,8843329.35,5.485,direct,,DOT
2022-12-06,5.508,5.424,5.485,1141078.67,6244724.97,5.497,direct,,DOT
2022-12-07,5.515,5.243,5.497,2340390.17,12458365.45,5.293,direct,,DOT
2022-12-08,5.456,5.252,5.293,1375502.22,7346225.17,5.426,direct,,DOT
2022-12-09,5.433,5.258,5.426,1580381.54,8427809.57,5.293,direct,,DOT
2022-12-10,5.321,5.26,5.293,1041249.71,5507251.15,5.273,direct,,DOT
2022-12-11,5.316,5.134,5.273,1686973.16,8845885.53,5.161,direct,,DOT
2022-12-12,5.197,5.023,5.161,2520699.22,12926548.53,5.17,direct,,DOT
2022-12-13,5.335,4.998,5.17,2163968.61,11236976.2,5.278,direct,,DOT
2022-12-14,5.351,5.176,5.278,2111041.54,11127853.16,5.212,direct,,DOT
2022-12-15,5.252,5.119,5.212,1912971.11,9939199.82,5.226,direct,,DOT
2022-12-16,5.249,4.535,5.226,2918770.94,14416295.08,4.656,direct,,DOT
2022-12-17,4.721,4.587,4.656,2173960.34,10153994.14,4.705,direct,,DOT
2022-12-18,4.71,4.617,4.705,1179568.5,5503388.98,4.653,direct,,DOT
2022-12-19,4.707,4.423,4.653,2252900.18,10280250.51,4.477,direct,,DOT
2022-12-20,4.652,4.464,4.477,1423765.18,6524315.45,4.607,direct,,DOT
2022-12-21,4.612,4.45,4.607,1467004.43,6600255.94,4.481,direct,,DOT
2022-12-22,4.532,4.369,4.481,2223826.74,9869755.3,4.531,direct,,DOT
2022-12-23,4.549,4.451,4.531,3493238.77,15678666.42,4.467,direct,,DOT
2022-12-24,4.489,4.43,4.467,1480943.58,6593058.09,4.447,direct,,DOT
2022-12-25,4.491,4.403,4.447,1839714.28,8164569.46,4.489,direct,,DOT
2022-12-26,4.585,4.459,4.489,2335574.42,10487036.71,4.582,direct,,DOT
2022-12-27,4.589,4.463,4.582,2135168.39,9602889.3,4.482,direct,,DOT
2022-12-28,4.484,4.252,4.482,3311354.29,14413094.22,4.284,direct,,DOT
2022-12-29,4.352,4.232,4.284,1748695.43,7519365.54,4.306,direct,,DOT
2022-12-30,4.335,4.226,4.306,1480544.47,6340089.29,4.321,direct,,DOT
2022-12-31,4.389,4.298,4.321,1552607.38,6728403.97,4.3,direct,,DOT
2023-01-01,4.384,4.274,4.3,1499242.15,6480331.5,4.368,direct,,DOT
2023-01-02,4.53,4.317,4.368,1465980.1,6539301.24,4.493,direct,,DOT
2023-01-03,4.541,4.47,4.493,1079753.81,4865994.89,4.525,direct,,DOT
2023-01-04,4.686,4.524,4.525,2307537.22,10685560.86,4.629,direct,,DOT
2023-01-05,4.646,4.545,4.629,1481011.39,6802698.82,4.623,direct,,DOT
2023-01-06,4.71,4.551,4.623,1919310.23,8865635.48,4.681,direct,,DOT
2023-01-07,4.709,4.64,4.681,819273.82,3823960.65,4.661,direct,,DOT
2023-01-08,4.822,4.601,4.661,1643526.34,7725090.86,4.81,direct,,DOT
2023-01-09,5.08,4.804,4.81,4361235.72,21583843.94,4.885,direct,,DOT
2023-01-10,4.974,4.823,4.885,2211494.5,10833675.86,4.915,direct,,DOT
2023-01-11,5.14,4.827,4.915,2137325.71,10556151.34,5.129,direct,,DOT
2023-01-12,5.267,5.011,5.129,5250278.72,26949935.49,5.224,direct,,DOT
2023-01-13,5.425,5.163,5.224,2243827.4,11825618.73,5.408,direct,,DOT
2023-01-14,6.491,5.394,5.408,7964275.69,47700905.95,6.035,direct,,DOT
2023-01-15,6.073,5.785,6.035,5146898.66,30463672.4,5.921,direct,,DOT
2023-01-16,6.093,5.631,5.921,5179308.37,30344706.1,5.818,direct,,DOT
2023-01-17,6.191,5.712,5.818,5544685.91,33074107.44,5.961,direct,,DOT
2023-01-18,6.218,5.617,5.961,5624964.19,32955846.2,5.643,direct,,DOT
2023-01-19,5.849,5.627,5.643,2347129.53,13468701.91,5.802,direct,,DOT
2023-01-20,6.301,5.75,5.802,3263620.43,19479319.31,6.242,direct,,DOT
2023-01-21,6.453,6.03,6.242,4722347.84,29571094.82,6.228,direct,,DOT
2023-01-22,6.449,6.085,6.228,3123869.63,19566290.16,6.206,direct,,DOT
2023-01-23,6.808,6.197,6.206,4103007.64,26687698.41,6.567,direct,,DOT
2023-01-24,6.711,6.116,6.567,2396370.89,15482112.76,6.185,direct,,DOT
2023-01-25,6.568,6.017,6.185,3021251.17,18900273.0,6.393,direct,,DOT
2023-01-26,6.563,6.316,6.393,2682206.35,17273741.81,6.469,direct,,DOT
2023-01-27,6.618,6.274,6.469,2006362.21,12937125.78,6.58,direct,,DOT
2023-01-28,6.656,6.331,6.58,1954679.07,12679348.17,6.409,direct,,DOT
2023-01-29,6.705,6.347,6.409,2030056.85,13286698.27,6.609,direct,,DOT
2023-01-30,6.654,6.033,6.609,2387575.24,15092873.51,6.187,direct,,DOT
2023-01-31,6.327,6.142,6.187,3396439.2,21211868.2,6.258,direct,,DOT
2023-02-01,6.494,6.046,6.258,5454691.43,34030904.29,6.459,direct,,DOT
2023-02-02,6.913,6.45,6.459,7074762.19,46922490.15,6.53,direct,,DOT
2023-02-03,7.123,6.505,6.53,8704776.29,59431840.03,7.008,direct,,DOT
2023-02-04,7.074,6.825,7.008,6884478.23,47665533.3,6.871,direct,,DOT
2023-02-05,6.897,6.513,6.871,7154387.37,48103735.09,6.641,direct,,DOT
2023-02-06,6.788,6.433,6.641,7660693.9,51017550.21,6.488,direct,,DOT
2023-02-07,6.949,6.478,6.488,9980808.98,66729548.54,6.946,direct,,DOT
2023-02-08,7.015,6.618,6.946,9363553.25,64030512.39,6.754,direct,,DOT
2023-02-09,6.976,6.098,6.754,21750199.07,145396896.29,6.232,direct,,DOT
2023-02-10,6.31,6.119,6.232,14594910.84,91049737.49,6.193,direct,,DOT
2023-02-11,6.297,6.166,6.193,6424681.0,39985784.44,6.278,direct,,DOT
2023-02-12,6.389,6.066,6.278,11874449.04,74625699.86,6.187,direct,,DOT
2023-02-13,6.247,5.876,6.187,19185247.98,116543565.29,6.147,direct,,DOT
2023-02-14,6.265,6.004,6.147,17752293.88,108918271.34,6.229,direct,,DOT
2023-02-15,6.624,6.155,6.229,15169061.54,95941256.29,6.612,direct,,DOT
2023-02-16,6.753,6.316,6.612,18354881.08,121047882.01,6.332,direct,,DOT
2023-02-17,7.425,6.303,6.332,22303340.18,154876687.03,7.297,direct,,DOT
2023-02-18,7.386,7.119,7.297,22246644.95,161129116.91,7.232,direct,,DOT
2023-02-19,7.87,7.182,7.232,30708934.15,230771081.47,7.463,direct,,DOT
2023-02-20,7.579,7.275,7.463,29005315.74,217382913.54,7.557,direct,,DOT
2023-02-21,7.576,7.122,7.557,14193331.21,105412224.44,7.249,direct,,DOT
2023-02-22,7.266,6.887,7.249,2352156.1,16627885.26,7.187,direct,,DOT
2023-02-23,7.382,7.017,7.187,1497042.85,10796535.66,7.095,direct,,DOT
2023-02-24,7.142,6.475,7.095,2665705.24,18085401.19,6.615,direct,,DOT
2023-02-25,6.648,6.345,6.616,1395772.35,9113978.44,6.545,direct,,DOT
2023-02-26,6.727,6.504,6.545,1089443.46,7204797.2,6.693,direct,,DOT
2023-02-27,6.778,6.493,6.693,1170666.07,7749668.4,6.578,direct,,DOT
2023-02-28,6.593,6.28,6.578,1689364.78,10914009.91,6.349,direct,,DOT
2023-03-01,6.591,6.316,6.349,1778381.21,11552973.59,6.534,direct,,DOT
2023-03-02,6.558,6.224,6.534,1257754.17,7958739.46,6.334,direct,,DOT
2023-03-03,6.337,5.798,6.334,3146551.8,18908792.11,6.036,direct,,DOT
2023-03-04,6.052,5.742,6.036,1094696.44,6528551.97,5.914,direct,,DOT
2023-03-05,6.059,5.9,5.914,769606.44,4612582.11,5.978,direct,,DOT
2023-03-06,6.04,5.866,5.978,1431951.2,8514045.31,5.919,direct,,DOT
2023-03-07,6.013,5.741,5.919,1946112.63,11398524.57,5.84,direct,,DOT
2023-03-08,5.929,5.507,5.84,3008798.4,17145855.43,5.595,direct,,DOT
2023-03-09,5.797,5.261,5.595,3178434.65,17583294.68,5.383,direct,,DOT
2023-03-10,5.6,5.153,5.383,4272873.8,23115370.02,5.567,direct,,DOT
2023-03-11,5.749,5.285,5.567,2975731.38,16373665.71,5.511,direct,,DOT
2023-03-12,5.935,5.422,5.511,1769821.89,9955866.7,5.935,direct,,DOT
2023-03-13,6.168,5.721,5.935,3175966.0,18930612.83,6.125,direct,,DOT
2023-03-14,6.56,6.021,6.125,3224632.5,20364908.38,6.246,direct,,DOT
2023-03-15,6.392,5.794,6.246,2668584.32,16201801.95,5.893,direct,,DOT
2023-03-16,6.152,5.793,5.893,1615428.59,9721864.79,6.1,direct,,DOT
2023-03-17,6.642,6.043,6.1,1837042.74,11720045.62,6.637,direct,,DOT
2023-03-18,6.709,6.303,6.637,1331046.58,8715236.04,6.326,direct,,DOT
2023-03-19,6.615,6.326,6.326,869318.02,5644626.34,6.468,direct,,DOT
2023-03-20,6.499,6.068,6.468,1337940.91,8430094.34,6.11,direct,,DOT
2023-03-21,6.461,6.025,6.11,1501289.92,9345503.51,6.383,direct,,DOT
2023-03-22,6.393,5.94,6.383,1650861.78,10267885.73,6.066,direct,,DOT
2023-03-23,6.429,6.012,6.066,1244508.86,7784611.86,6.332,direct,,DOT
2023-03-24,6.348,5.96,6.332,1277311.47,7816001.06,6.027,direct,,DOT
2023-03-25,6.085,5.841,6.027,715008.72,4275982.85,5.912,direct,,DOT
2023-03-26,6.112,5.888,5.912,558395.22,3362309.73,6.053,direct,,DOT
2023-03-27,6.114,5.75,6.053,1109868.45,6569856.84,5.872,direct,,DOT
2023-03-28,6.109,5.792,5.872,781496.85,4651356.71,6.057,direct,,DOT
2023-03-29,6.283,6.052,6.057,1024865.77,6362890.13,6.181,direct,,DOT
2023-03-30,6.295,6.029,6.181,1022463.71,6295675.86,6.12,direct,,DOT
2023-03-31,6.381,6.104,6.12,1050421.65,6573229.51,6.343,direct,,DOT
2023-04-01,6.391,6.2,6.343,691913.26,4353696.84,6.35,direct,,DOT
2023-04-02,6.444,6.188,6.35,698913.1,4426385.92,6.268,direct,,DOT
2023-04-03,6.501,6.103,6.268,1428989.55,8996021.26,6.425,direct,,DOT
2023-04-04,6.531,6.367,6.425,1270955.46,8204991.38,6.439,direct,,DOT
2023-04-05,6.585,6.327,6.439,1206890.74,7792615.04,6.409,direct,,DOT
2023-04-06,6.416,6.263,6.409,1062820.24,6739725.26,6.283,direct,,DOT
2023-04-07,6.32,6.139,6.283,950897.56,5893828.55,6.18,direct,,DOT
2023-04-08,6.235,6.103,6.18,643088.05,3965012.46,6.134,direct,,DOT
2023-04-09,6.262,6.101,6.134,381443.1,2353492.66,6.214,direct,,DOT
2023-04-10,6.315,6.123,6.214,919686.29,5706314.65,6.293,direct,,DOT
2023-04-11,6.495,6.281,6.293,1310425.65,8396954.45,6.422,direct,,DOT
2023-04-12,6.474,6.221,6.422,1381196.0,8775390.95,6.407,direct,,DOT
2023-04-13,6.656,6.356,6.407,1475314.34,9627646.06,6.641,direct,,DOT
2023-04-14,6.848,6.543,6.641,2147072.92,14436545.38,6.732,direct,,DOT
2023-04-15,6.869,6.641,6.732,967121.49,6540075.72,6.804,direct,,DOT
2023-04-16,6.877,6.683,6.804,900307.66,6110998.97,6.829,direct,,DOT
2023-04-17,6.837,6.636,6.829,1590832.15,10664514.23,6.7,direct,,DOT
2023-04-18,6.984,6.591,6.7,1616480.13,11083652.73,6.922,direct,,DOT
2023-04-19,6.925,6.252,6.922,2780157.87,18169943.41,6.314,direct,,DOT
2023-04-20,6.439,6.068,6.314,2666882.88,16746158.22,6.11,direct,,DOT
2023-04-21,6.169,5.783,6.11,1914695.56,11440042.05,5.847,direct,,DOT
2023-04-22,5.978,5.822,5.847,643056.94,3801511.27,5.948,direct,,DOT
2023-04-23,5.972,5.766,5.948,988532.53,5812513.7,5.907,direct,,DOT
2023-04-24,6.012,5.802,5.907,1068064.47,6322293.22,5.884,direct,,DOT
2023-04-25,6.011,5.781,5.884,1091108.51,6396895.92,6.0,direct,,DOT
2023-04-26,6.231,5.612,6.0,2009008.65,12008376.41,5.853,direct,,DOT
2023-04-27,6.048,5.836,5.853,1484217.65,8826460.87,5.972,direct,,DOT
2023-04-28,5.98,5.786,5.972,1021330.33,6024169.49,5.952,direct,,DOT
2023-04-29,6.058,5.929,5.952,727823.95,4361300.06,6.045,direct,,DOT
2023-04-30,6.085,5.852,6.045,726827.96,4353696.01,5.879,direct,,DOT
2023-05-01,5.909,5.596,5.879,1272477.68,7286359.3,5.667,direct,,DOT
2023-05-02,5.758,5.627,5.667,883119.84,5022492.45,5.716,direct,,DOT
2023-05-03,5.81,5.562,5.716,1047464.39,5940580.67,5.778,direct,,DOT
2023-05-04,5.799,5.624,5.778,650210.2,3714468.56,5.673,direct,,DOT
2023-05-05,5.904,5.669,5.673,1158033.23,6708223.8,5.851,direct,,DOT
2023-05-06,5.899,5.598,5.851,1013411.79,5805431.58,5.645,direct,,DOT
2023-05-07,5.709,5.614,5.645,571764.14,3239309.73,5.636,direct,,DOT
2023-05-08,5.656,5.183,5.636,2010279.68,10861401.38,5.377,direct,,DOT
2023-05-09,5.415,5.297,5.377,845893.83,4519495.06,5.328,direct,,DOT
2023-05-10,5.522,5.225,5.328,1720594.63,9296179.22,5.467,direct,,DOT
2023-05-11,5.471,5.185,5.467,1427914.96,7606055.04,5.281,direct,,DOT
2023-05-12,5.352,5.134,5.281,1432779.78,7495155.41,5.344,direct,,DOT
2023-05-13,5.397,5.318,5.344,451894.82,2419037.88,5.348,direct,,DOT
2023-05-14,5.446,5.314,5.348,377529.82,2031438.5,5.351,direct,,DOT
2023-05-15,5.431,5.274,5.351,547887.73,2943736.21,5.317,direct,,DOT
2023-05-16,5.337,5.236,5.317,707545.73,3735501.22,5.297,direct,,DOT
2023-05-17,5.439,5.223,5.297,1079327.47,5734334.71,5.419,direct,,DOT
2023-05-18,5.466,5.249,5.419,852778.96,4579766.16,5.338,direct,,DOT
2023-05-19,5.393,5.317,5.338,709866.37,3802583.3,5.373,direct,,DOT
2023-05-20,5.446,5.332,5.373,485665.76,2624713.91,5.411,direct,,DOT
2023-05-21,5.432,5.257,5.411,447292.12,2384679.05,5.275,direct,,DOT
2023-05-22,5.337,5.231,5.275,755475.85,3997792.71,5.312,direct,,DOT
2023-05-23,5.447,5.293,5.312,561234.84,3021196.74,5.401,direct,,DOT
2023-05-24,5.403,5.199,5.401,863982.99,4558354.37,5.256,direct,,DOT
2023-05-25,5.298,5.154,5.256,947456.96,4966537.59,5.244,direct,,DOT
2023-05-26,5.272,5.19,5.244,878139.73,4601297.28,5.247,direct,,DOT
2023-05-27,5.376,5.234,5.247,303457.75,1609388.16,5.34,direct,,DOT
2023-05-28,5.561,5.318,5.34,505856.77,2747753.17,5.503,direct,,DOT
2023-05-29,5.54,5.421,5.503,549051.38,3005744.03,5.46,direct,,DOT
2023-05-30,5.53,5.416,5.46,557939.21,3049028.8,5.443,direct,,DOT
2023-05-31,5.463,5.272,5.443,1069210.77,5702605.08,5.317,direct,,DOT
2023-06-01,5.333,5.196,5.317,1031010.62,5404553.08,5.207,direct,,DOT
2023-06-02,5.301,5.165,5.207,950838.58,4987890.19,5.279,direct,,DOT
2023-06-03,5.34,5.245,5.279,375996.83,1985494.65,5.34,direct,,DOT
2023-06-04,5.385,5.312,5.34,421254.46,2252680.69,5.316,direct,,DOT
2023-06-05,5.323,4.91,5.316,1155693.7,5890858.3,5.069,direct,,DOT
2023-06-06,5.264,4.99,5.069,909892.71,4659547.46,5.204,direct,,DOT
2023-06-07,5.216,4.983,5.204,1300927.2,6652340.54,5.024,direct,,DOT
2023-06-08,5.059,4.98,5.024,584956.98,2936188.47,5.023,direct,,DOT
2023-06-09,5.069,4.931,5.023,680081.64,3405245.94,4.981,direct,,DOT
2023-06-10,4.984,4.22,4.981,3431545.48,15321659.39,4.523,direct,,DOT
2023-06-11,4.554,4.431,4.523,966526.6,4334338.08,4.526,direct,,DOT
2023-06-12,4.557,4.417,4.526,944011.42,4254477.95,4.534,direct,,DOT
2023-06-13,4.717,4.499,4.534,822225.72,3786519.81,4.627,direct,,DOT
2023-06-14,4.8,4.508,4.627,1077236.41,5009822.49,4.568,direct,,DOT
2023-06-15,4.617,4.273,4.568,1609288.04,7068416.56,4.373,direct,,DOT
2023-06-16,4.456,4.276,4.373,701140.61,3069352.0,4.419,direct,,DOT
2023-06-17,4.564,4.393,4.419,443980.99,2002054.17,4.529,direct,,DOT
2023-06-18,4.667,4.481,4.529,512554.12,2340847.6,4.535,direct,,DOT
2023-06-19,4.586,4.436,4.535,467206.06,2109274.88,4.528,direct,,DOT
2023-06-20,4.676,4.373,4.528,964977.01,4398994.12,4.663,direct,,DOT
2023-06-21,4.859,4.637,4.663,1394769.79,6614439.16,4.824,direct,,DOT
2023-06-22,4.975,4.755,4.824,871572.86,4247620.12,4.829,direct,,DOT
2023-06-23,5.145,4.822,4.829,990852.51,4977858.42,5.102,direct,,DOT
2023-06-24,5.137,4.921,5.102,587767.09,2957657.78,5.011,direct,,DOT
2023-06-25,5.243,5.005,5.011,719831.44,3714482.57,5.198,direct,,DOT
2023-06-26,5.236,5.008,5.198,866432.13,4453652.0,5.023,direct,,DOT
2023-06-27,5.151,5.004,5.023,408692.47,2082074.62,5.096,direct,,DOT
2023-06-28,5.097,4.755,5.096,765425.97,3781408.0,4.878,direct,,DOT
2023-06-29,5.23,4.872,4.878,1052233.33,5286737.77,4.986,direct,,DOT
2023-06-30,5.198,4.79,4.986,1410532.42,7102916.25,5.177,direct,,DOT
2023-07-01,5.365,5.113,5.177,659833.56,3483983.15,5.349,direct,,DOT
2023-07-02,5.527,5.226,5.349,766630.13,4112487.67,5.498,direct,,DOT
2023-07-03,5.631,5.381,5.498,855990.89,4693459.22,5.427,direct,,DOT
2023-07-04,5.511,5.258,5.427,597532.42,3239821.25,5.348,direct,,DOT
2023-07-05,5.381,5.118,5.348,661027.37,3456517.48,5.206,direct,,DOT
2023-07-06,5.363,5.011,5.206,944941.63,4872001.04,5.018,direct,,DOT
2023-07-07,5.176,4.98,5.018,541433.52,2762690.46,5.119,direct,,DOT
2023-07-08,5.197,5.056,5.119,338591.33,1740618.3,5.129,direct,,DOT
2023-07-09,5.161,5.067,5.129,374308.08,1912689.76,5.08,direct,,DOT
2023-07-10,5.229,4.987,5.08,529430.45,2696116.84,5.134,direct,,DOT
2023-07-11,5.217,5.091,5.134,535619.59,2760460.21,5.213,direct,,DOT
2023-07-12,5.307,5.102,5.213,602687.13,3143161.14,5.149,direct,,DOT
2023-07-13,5.552,5.1,5.149,1957280.63,10552135.54,5.546,direct,,DOT
2023-07-14,5.741,5.302,5.546,2341145.54,12966742.87,5.455,direct,,DOT
2023-07-15,5.564,5.387,5.455,597106.44,3259448.07,5.432,direct,,DOT
2023-07-16,5.449,5.269,5.432,505000.99,2710004.17,5.312,direct,,DOT
2023-07-17,5.418,5.176,5.312,710820.8,3750046.46,5.305,direct,,DOT
2023-07-18,5.391,5.101,5.305,745576.38,3904011.2,5.184,direct,,DOT
2023-07-19,5.259,5.134,5.184,656755.76,3419516.71,5.193,direct,,DOT
2023-07-20,5.487,5.189,5.193,893330.09,4755652.06,5.357,direct,,DOT
2023-07-21,5.704,5.339,5.357,1112395.02,6136356.01,5.488,direct,,DOT
2023-07-22,5.518,5.268,5.488,470261.08,2529274.38,5.315,direct,,DOT
2023-07-23,5.49,5.279,5.315,351319.81,1900329.84,5.39,direct,,DOT
2023-07-24,5.414,5.116,5.39,817691.19,4279615.42,5.21,direct,,DOT
2023-07-25,5.253,5.13,5.21,493624.86,2560068.27,5.176,direct,,DOT
2023-07-26,5.295,5.119,5.176,398283.33,2074606.29,5.235,direct,,DOT
2023-07-27,5.329,5.182,5.235,453662.02,2383316.37,5.235,direct,,DOT
2023-07-28,5.271,5.16,5.235,438164.45,2282887.37,5.219,direct,,DOT
2023-07-29,5.257,5.207,5.219,303405.73,1589123.03,5.248,direct,,DOT
2023-07-30,5.275,5.095,5.248,667523.94,3471596.65,5.184,direct,,DOT
2023-07-31,5.258,5.055,5.184,841967.81,4333566.5,5.107,direct,,DOT
2023-08-01,5.205,4.965,5.107,763051.55,3872250.56,5.205,direct,,DOT
2023-08-02,5.217,5.02,5.205,660474.8,3374901.87,5.056,direct,,DOT
2023-08-03,5.07,4.938,5.056,504812.76,2528650.98,4.978,direct,,DOT
2023-08-04,5.04,4.936,4.978,483728.57,2416568.28,4.986,direct,,DOT
2023-08-05,4.988,4.926,4.986,310613.76,1538117.11,4.971,direct,,DOT
2023-08-06,5.038,4.953,4.971,367090.4,1834550.85,4.998,direct,,DOT
2023-08-07,5.038,4.839,4.998,731897.9,3618901.65,4.965,direct,,DOT
2023-08-08,5.098,4.93,4.965,514887.57,2584254.47,5.057,direct,,DOT
2023-08-09,5.103,4.995,5.057,461282.26,2326346.19,5.056,direct,,DOT
2023-08-10,5.064,4.974,5.056,341911.79,1714042.26,5.002,direct,,DOT
2023-08-11,5.014,4.95,5.002,320160.29,1597915.77,5.004,direct,,DOT
2023-08-12,5.042,4.994,5.004,174395.52,875607.06,5.037,direct,,DOT
2023-08-13,5.043,4.97,5.037,202540.65,1016364.11,4.984,direct,,DOT
2023-08-14,5.047,4.949,4.984,362296.92,1809639.56,4.985,direct,,DOT
2023-08-15,4.99,4.636,4.985,650554.9,3147064.85,4.814,direct,,DOT
2023-08-16,4.836,4.532,4.814,1362313.72,6412029.24,4.668,direct,,DOT
2023-08-17,4.815,4.329,4.668,1795095.14,8257483.08,4.432,direct,,DOT
2023-08-18,4.557,4.367,4.432,1159038.4,5191038.75,4.51,direct,,DOT
2023-08-19,4.551,4.456,4.51,373775.52,1683877.48,4.519,direct,,DOT
2023-08-20,4.531,4.47,4.519,470560.22,2116534.39,4.521,direct,,DOT
2023-08-21,4.538,4.362,4.521,798719.81,3551321.22,4.426,direct,,DOT
2023-08-22,4.448,4.243,4.426,833696.34,3642184.69,4.421,direct,,DOT
2023-08-23,4.532,4.378,4.421,759296.42,3382483.2,4.488,direct,,DOT
2023-08-24,4.517,4.369,4.488,527184.14,2340331.28,4.421,direct,,DOT
2023-08-25,4.491,4.357,4.421,501390.69,2227282.87,4.489,direct,,DOT
2023-08-26,4.511,4.474,4.489,223449.0,1004407.51,4.505,direct,,DOT
2023-08-27,4.538,4.463,4.505,247094.62,1113575.11,4.49,direct,,DOT
2023-08-28,4.617,4.418,4.49,654869.03,2973348.69,4.607,direct,,DOT
2023-08-29,4.801,4.539,4.607,967773.03,4520334.97,4.675,direct,,DOT
2023-08-30,4.678,4.521,4.675,681428.88,3133722.31,4.535,direct,,DOT
2023-08-31,4.536,4.241,4.535,1243133.44,5448753.77,4.269,direct,,DOT
2023-09-01,4.292,4.144,4.269,969402.32,4096265.63,4.216,direct,,DOT
2023-09-02,4.272,4.203,4.216,319569.75,1355163.34,4.261,direct,,DOT
2023-09-03,4.299,4.229,4.261,389276.22,1662125.11,4.258,direct,,DOT
2023-09-04,4.318,4.193,4.258,559625.81,2379364.92,4.255,direct,,DOT
2023-09-05,4.297,4.201,4.255,549829.08,2340730.27,4.255,direct,,DOT
2023-09-06,4.282,4.176,4.255,623920.62,2644948.86,4.269,direct,,DOT
2023-09-07,4.303,4.232,4.269,661413.39,2823162.44,4.29,direct,,DOT
2023-09-08,4.328,4.204,4.29,448825.96,1914271.28,4.249,direct,,DOT
2023-09-09,4.274,4.235,4.249,283197.54,1204939.51,4.235,direct,,DOT
2023-09-10,4.237,4.102,4.235,531336.06,2209287.84,4.148,direct,,DOT
2023-09-11,4.152,3.912,4.148,2014536.22,8119053.58,3.986,direct,,DOT
2023-09-12,4.088,3.955,3.986,689072.24,2760073.6,3.987,direct,,DOT
2023-09-13,4.089,3.951,3.987,763514.75,3058067.0,4.0,direct,,DOT
2023-09-14,4.088,3.977,4.0,672609.32,2714861.21,4.059,direct,,DOT
2023-09-15,4.171,4.049,4.059,407362.06,1670136.94,4.139,direct,,DOT
2023-09-16,4.229,4.137,4.139,511720.77,2140751.22,4.185,direct,,DOT
2023-09-17,4.188,4.052,4.185,321721.33,1323020.53,4.071,direct,,DOT
2023-09-18,4.219,4.02,4.071,513867.57,2127716.91,4.107,direct,,DOT
2023-09-19,4.167,4.081,4.107,519290.4,2142727.22,4.156,direct,,DOT
2023-09-20,4.168,4.072,4.156,433334.05,1785406.28,4.139,direct,,DOT
2023-09-21,4.163,4.001,4.139,427236.62,1734012.17,4.013,direct,,DOT
2023-09-22,4.035,3.98,4.013,493214.95,1980182.85,4.019,direct,,DOT
2023-09-23,4.037,4.0,4.019,238496.1,958813.05,4.032,direct,,DOT
2023-09-24,4.057,3.978,4.032,315192.35,1268232.18,3.991,direct,,DOT
2023-09-25,4.087,3.953,3.991,456556.79,1842298.68,4.064,direct,,DOT
2023-09-26,4.089,3.973,4.064,335982.4,1355877.37,4.011,direct,,DOT
2023-09-27,4.07,3.966,4.011,360991.62,1447383.68,3.99,direct,,DOT
2023-09-28,4.097,3.98,3.99,509245.34,2064241.16,4.074,direct,,DOT
2023-09-29,4.118,4.056,4.074,442839.38,1807716.63,4.075,direct,,DOT
2023-09-30,4.12,4.055,4.075,480013.29,1950798.3,4.104,direct,,DOT
2023-10-01,4.289,4.103,4.104,660975.1,2769279.07,4.262,direct,,DOT
2023-10-02,4.299,4.061,4.262,864249.35,3630022.09,4.12,direct,,DOT
2023-10-03,4.16,4.051,4.12,518505.15,2128608.14,4.075,direct,,DOT
2023-10-04,4.075,3.966,4.075,664829.96,2676483.29,4.045,direct,,DOT
2023-10-05,4.082,4.004,4.045,351281.79,1418174.57,4.022,direct,,DOT
2023-10-06,4.094,4.001,4.022,404765.81,1641967.71,4.07,direct,,DOT
2023-10-07,4.114,4.048,4.07,303957.52,1240086.28,4.055,direct,,DOT
2023-10-08,4.074,4.004,4.055,479709.4,1929194.17,4.012,direct,,DOT
2023-10-09,4.027,3.765,4.012,2601715.36,10169158.54,3.88,direct,,DOT
2023-10-10,3.895,3.775,3.88,1226149.49,4699519.54,3.811,direct,,DOT
2023-10-11,3.822,3.698,3.811,1275279.22,4780178.08,3.739,direct,,DOT
2023-10-12,3.739,3.626,3.739,1017724.54,3740452.49,3.676,direct,,DOT
2023-10-13,3.772,3.668,3.676,848977.39,3147587.35,3.72,direct,,DOT
2023-10-14,3.76,3.718,3.72,406371.78,1519042.56,3.734,direct,,DOT
2023-10-15,3.775,3.706,3.734,531435.17,1989979.4,3.753,direct,,DOT
2023-10-16,3.897,3.738,3.753,1506459.05,5708917.57,3.777,direct,,DOT
2023-10-17,3.78,3.641,3.777,972538.44,3608864.94,3.672,direct,,DOT
2023-10-18,3.724,3.631,3.672,597954.48,2195258.43,3.654,direct,,DOT
2023-10-19,3.66,3.571,3.654,782878.5,2840049.2,3.65,direct,,DOT
2023-10-20,3.804,3.64,3.65,1209975.78,4512463.76,3.719,direct,,DOT
2023-10-21,3.976,3.709,3.719,1291340.16,4977515.27,3.909,direct,,DOT
2023-10-22,3.975,3.815,3.909,1165487.18,4529151.64,3.969,direct,,DOT
2023-10-23,4.366,3.923,3.969,3540924.23,14520103.84,4.361,direct,,DOT
2023-10-24,4.419,4.102,4.361,3437632.63,14657075.38,4.189,direct,,DOT
2023-10-25,4.354,4.142,4.189,2289654.79,9750091.53,4.292,direct,,DOT
2023-10-26,4.45,4.155,4.292,2584576.41,11113582.58,4.235,direct,,DOT
2023-10-27,4.237,4.053,4.235,2042204.08,8432557.58,4.135,direct,,DOT
2023-10-28,4.223,4.131,4.135,1327734.13,5546020.21,4.179,direct,,DOT
2023-10-29,4.353,4.131,4.179,1478858.0,6251452.3,4.315,direct,,DOT
2023-10-30,4.534,4.234,4.315,2042574.17,8912924.84,4.528,direct,,DOT
2023-10-31,4.604,4.278,4.528,2135581.21,9529834.34,4.451,direct,,DOT
2023-11-01,4.804,4.323,4.451,3210060.44,14657742.64,4.731,direct,,DOT
2023-11-02,4.798,4.52,4.731,1852773.88,8656121.21,4.632,direct,,DOT
2023-11-03,4.644,4.46,4.632,1078541.73,4916880.16,4.614,direct,,DOT
2023-11-04,4.781,4.589,4.614,842799.79,3931810.51,4.688,direct,,DOT
2023-11-05,4.911,4.656,4.688,1535208.31,7338969.41,4.767,direct,,DOT
2023-11-06,4.995,4.683,4.767,1553636.94,7545746.27,4.968,direct,,DOT
2023-11-07,5.007,4.722,4.968,1935844.3,9492942.44,4.93,direct,,DOT
2023-11-08,5.09,4.863,4.93,2270025.89,11317806.12,5.035,direct,,DOT
2023-11-09,5.264,4.6,5.035,4557549.49,22911300.06,5.087,direct,,DOT
2023-11-10,5.316,4.984,5.087,3027857.92,15544947.28,5.3,direct,,DOT
2023-11-11,5.68,5.095,5.3,3321438.61,18024757.29,5.558,direct,,DOT
2023-11-12,5.857,5.354,5.558,3270649.64,18695067.12,5.711,direct,,DOT
2023-11-13,5.889,5.341,5.711,2880185.64,16088707.29,5.352,direct,,DOT
2023-11-14,5.522,5.013,5.352,3061872.18,16205691.79,5.199,direct,,DOT
2023-11-15,5.64,5.189,5.199,2754731.69,14994340.78,5.564,direct,,DOT
2023-11-16,5.797,5.282,5.564,2701164.59,15002364.47,5.355,direct,,DOT
2023-11-17,5.483,5.058,5.355,1929280.36,10192814.57,5.245,direct,,DOT
2023-11-18,5.294,5.0,5.245,1351565.46,6993645.92,5.293,direct,,DOT
2023-11-19,5.49,5.181,5.293,1229078.67,6583652.2,5.436,direct,,DOT
2023-11-20,5.57,5.263,5.436,1463413.68,7950137.96,5.304,direct,,DOT
2023-11-21,5.327,4.828,5.304,2447185.06,12454040.19,4.863,direct,,DOT
2023-11-22,5.284,4.853,4.863,2059844.82,10555865.05,5.172,direct,,DOT
2023-11-23,5.22,5.085,5.172,1089470.59,5610037.35,5.136,direct,,DOT
2023-11-24,5.294,5.12,5.136,1398032.1,7291838.91,5.243,direct,,DOT
2023-11-25,5.389,5.216,5.243,692188.47,3679418.11,5.332,direct,,DOT
2023-11-26,5.416,5.154,5.332,854431.97,4536002.42,5.326,direct,,DOT
2023-11-27,5.378,5.04,5.326,1262741.95,6534713.9,5.154,direct,,DOT
2023-11-28,5.314,5.106,5.154,1202750.11,6268209.23,5.273,direct,,DOT
2023-11-29,5.387,5.14,5.273,2267191.41,11851527.18,5.161,direct,,DOT
2023-11-30,5.579,5.12,5.161,2537857.28,13623151.46,5.472,direct,,DOT
2023-12-01,5.525,5.374,5.472,1898078.31,10344896.6,5.476,direct,,DOT
2023-12-02,5.604,5.456,5.476,1210429.26,6676528.96,5.565,direct,,DOT
2023-12-03,5.624,5.436,5.565,1172943.49,6481130.5,5.543,direct,,DOT
2023-12-04,5.719,5.476,5.543,3047454.55,17074810.96,5.632,direct,,DOT
2023-12-05,5.943,5.514,5.632,2672226.03,15188973.3,5.907,direct,,DOT
2023-12-06,6.2,5.781,5.907,3228668.5,19412363.36,6.044,direct,,DOT
2023-12-07,6.3,5.907,6.044,2127057.7,13033886.21,6.243,direct,,DOT
2023-12-08,6.915,6.173,6.243,3298129.79,21597221.69,6.841,direct,,DOT
2023-12-09,7.684,6.834,6.841,4063136.72,29880990.95,7.107,direct,,DOT
2023-12-10,7.353,6.966,7.107,1999054.6,14391842.66,7.349,direct,,DOT
2023-12-11,7.358,6.379,7.349,3751209.96,25251668.35,6.705,direct,,DOT
2023-12-12,7.33,6.694,6.705,3342110.54,23582062.76,7.129,direct,,DOT
2023-12-13,7.647,6.612,7.129,3120732.64,22191097.08,7.603,direct,,DOT
2023-12-14,7.77,7.044,7.603,2787163.38,20684519.59,7.508,direct,,DOT
2023-12-15,7.564,6.926,7.508,2941658.74,21168760.2,6.947,direct,,DOT
2023-12-16,7.347,6.868,6.947,2251502.18,16076841.92,7.09,direct,,DOT
2023-12-17,7.156,6.747,7.09,1496834.61,10408827.92,6.782,direct,,DOT
2023-12-18,6.883,6.356,6.782,2859469.39,18811424.88,6.881,direct,,DOT
2023-12-19,7.038,6.609,6.881,1876273.15,12808746.6,6.704,direct,,DOT
2023-12-20,7.133,6.621,6.704,2120706.4,14744132.87,6.949,direct,,DOT
2023-12-21,8.439,6.919,6.949,6613590.31,51533293.78,8.429,direct,,DOT
2023-12-22,8.573,7.846,8.429,3553622.56,28850593.25,7.961,direct,,DOT
2023-12-23,8.447,7.598,7.961,2547620.74,20287118.47,8.332,direct,,DOT
2023-12-24,9.211,8.323,8.332,5660265.03,49850928.22,8.618,direct,,DOT
2023-12-25,9.397,8.507,8.618,5144858.3,46959172.58,9.195,direct,,DOT
2023-12-26,9.587,8.366,9.195,4027876.12,36341173.24,8.82,direct,,DOT
2023-12-27,9.015,8.406,8.82,3132980.9,27482732.26,8.702,direct,,DOT
2023-12-28,8.918,8.311,8.702,2961865.23,25215555.29,8.436,direct,,DOT
2023-12-29,8.689,8.087,8.436,3873612.26,32405434.07,8.295,direct,,DOT
2023-12-30,8.487,8.098,8.295,1587144.89,13226837.98,8.354,direct,,DOT
2023-12-31,8.645,8.039,8.354,1796525.59,15116105.1,8.201,direct,,DOT
2024-01-01,8.629,8.064,8.201,1515537.04,12744118.67,8.598,direct,,DOT
2024-01-02,8.808,8.324,8.598,2413795.77,20765316.48,8.413,direct,,DOT
2024-01-03,8.576,6.656,8.413,3853406.06,29836744.23,7.638,direct,,DOT
2024-01-04,8.004,7.481,7.638,1777040.59,13808294.0,7.885,direct,,DOT
2024-01-05,7.959,7.183,7.885,2186113.4,16404040.48,7.454,direct,,DOT
2024-01-06,7.454,6.955,7.454,1725299.2,12376928.79,7.131,direct,,DOT
2024-01-07,7.329,6.821,7.131,1771096.0,12633833.32,6.901,direct,,DOT
2024-01-08,7.51,6.52,6.901,2286706.2,16199417.68,7.488,direct,,DOT
2024-01-09,7.53,6.912,7.488,1996144.68,14381943.88,7.128,direct,,DOT
2024-01-10,8.085,6.812,7.128,3055712.65,22518274.6,7.986,direct,,DOT
2024-01-11,8.583,7.863,7.986,4112657.04,33979676.42,8.15,direct,,DOT
2024-01-12,8.214,7.334,8.15,2470000.23,19450592.07,7.564,direct,,DOT
2024-01-13,7.748,7.375,7.564,1512864.41,11548876.4,7.615,direct,,DOT
2024-01-14,7.693,7.312,7.615,1027835.34,7750691.84,7.32,direct,,DOT
2024-01-15,7.754,7.303,7.32,1135152.52,8559039.71,7.503,direct,,DOT
2024-01-16,7.677,7.326,7.503,1328710.95,9986571.54,7.49,direct,,DOT
2024-01-17,7.594,7.252,7.49,1337523.28,9891084.65,7.34,direct,,DOT
2024-01-18,7.382,6.821,7.34,1978347.12,14029644.36,7.012,direct,,DOT
2024-01-19,7.043,6.572,7.012,1885219.56,12888082.29,6.886,direct,,DOT
2024-01-20,6.946,6.776,6.886,1051005.82,7202474.51,6.911,direct,,DOT
2024-01-21,7.157,6.801,6.911,711057.02,4909828.39,6.809,direct,,DOT
2024-01-22,6.841,6.286,6.809,3105666.79,20346417.45,6.334,direct,,DOT
2024-01-23,6.449,5.975,6.334,2544677.82,15762364.39,6.357,direct,,DOT
2024-01-24,6.537,6.258,6.357,1742489.01,11151127.68,6.461,direct,,DOT
2024-01-25,6.566,6.346,6.461,1423108.42,9183509.43,6.433,direct,,DOT
2024-01-26,6.744,6.359,6.433,1629280.11,10715741.3,6.669,direct,,DOT
2024-01-27,6.751,6.531,6.669,1119106.87,7456671.42,6.668,direct,,DOT
2024-01-28,6.87,6.57,6.668,1160355.41,7775679.77,6.87,direct,,DOT
2024-01-29,7.295,6.706,6.87,5531049.86,39020774.62,7.03,direct,,DOT
2024-01-30,7.093,6.821,7.03,1989404.51,13932746.18,6.838,direct,,DOT
2024-01-31,6.883,6.583,6.838,1380250.84,9300329.3,6.65,direct,,DOT
2024-02-01,6.812,6.525,6.65,1108226.04,7430574.32,6.791,direct,,DOT
2024-02-02,7.021,6.76,6.791,968435.88,6674502.62,6.944,direct,,DOT
2024-02-03,7.003,6.812,6.944,592628.51,4087666.01,6.826,direct,,DOT
2024-02-04,6.827,6.654,6.826,526102.32,3550658.08,6.663,direct,,DOT
2024-02-05,6.967,6.594,6.663,1393345.82,9489992.51,6.726,direct,,DOT
2024-02-06,6.83,6.637,6.726,1088299.19,7337019.68,6.806,direct,,DOT
2024-02-07,6.961,6.667,6.806,1458353.06,9962157.91,6.939,direct,,DOT
2024-02-08,7.107,6.811,6.939,2078946.09,14520027.4,7.014,direct,,DOT
2024-02-09,7.327,6.962,7.014,1997693.12,14296642.49,7.194,direct,,DOT
2024-02-10,7.293,7.064,7.194,911642.24,6555669.67,7.202,direct,,DOT
2024-02-11,7.342,7.081,7.202,1067982.83,7714553.27,7.101,direct,,DOT
2024-02-12,7.378,6.986,7.101,1705250.38,12301454.56,7.344,direct,,DOT
2024-02-13,7.453,7.127,7.344,1497263.64,10936746.51,7.358,direct,,DOT
2024-02-14,7.713,7.282,7.358,2454524.0,18642859.34,7.656,direct,,DOT
2024-02-15,7.955,7.537,7.656,2398892.11,18646937.35,7.786,direct,,DOT
2024-02-16,7.869,7.549,7.786,1384267.66,10691504.12,7.654,direct,,DOT
2024-02-17,7.712,7.346,7.654,1094621.22,8253634.35,7.705,direct,,DOT
2024-02-18,7.921,7.601,7.705,1442133.36,11235136.54,7.857,direct,,DOT
2024-02-19,8.147,7.655,7.857,1723629.72,13528225.52,8.028,direct,,DOT
2024-02-20,8.115,7.442,8.028,1993553.12,15417558.88,7.73,direct,,DOT
2024-02-21,7.731,7.23,7.73,2162499.7,16054906.99,7.469,direct,,DOT
2024-02-22,7.682,7.278,7.469,1629832.77,12254201.08,7.476,direct,,DOT
2024-02-23,7.642,7.27,7.476,1910054.51,14181937.06,7.566,direct,,DOT
2024-02-24,7.89,7.433,7.566,1534178.35,11883463.42,7.819,direct,,DOT
2024-02-25,7.942,7.678,7.819,1180253.8,9202537.39,7.92,direct,,DOT
2024-02-26,8.122,7.583,7.92,2307516.43,18230957.14,8.113,direct,,DOT
2024-02-27,8.448,8.002,8.113,3173823.85,25906797.29,8.371,direct,,DOT
2024-02-28,8.723,7.778,8.371,4968157.3,41342735.47,8.35,direct,,DOT
2024-02-29,8.897,8.047,8.35,4582065.29,39410982.38,8.262,direct,,DOT
2024-03-01,8.679,8.262,8.262,2721078.78,22902132.8,8.668,direct,,DOT
2024-03-02,9.469,8.587,8.668,4025327.34,36405641.68,9.468,direct,,DOT
2024-03-03,9.907,8.582,9.468,3845658.99,36302503.94,9.784,direct,,DOT
2024-03-04,10.31,9.595,9.784,5506565.73,54765545.8,9.874,direct,,DOT
2024-03-05,10.76,8.323,9.874,8906072.75,88056417.39,9.336,direct,,DOT
2024-03-06,10.57,8.934,9.336,5255810.18,52454578.67,10.54,direct,,DOT
2024-03-07,11.01,10.24,10.54,3572069.85,37560010.59,10.42,direct,,DOT
2024-03-08,10.72,9.974,10.42,3883667.89,40471185.44,10.66,direct,,DOT
2024-03-09,10.97,10.44,10.66,1976774.66,21103982.02,10.52,direct,,DOT
2024-03-10,10.59,9.992,10.52,1981037.18,20519720.62,10.27,direct,,DOT
2024-03-11,11.25,9.846,10.27,4209259.95,45262633.46,11.04,direct,,DOT
2024-03-12,11.15,10.08,11.04,3300703.03,35109773.19,10.74,direct,,DOT
2024-03-13,11.39,10.64,10.74,3476051.65,38169935.61,11.39,direct,,DOT
2024-03-14,11.88,10.67,11.39,5884375.42,66838102.75,11.56,direct,,DOT
2024-03-15,11.7,9.995,11.56,5553520.08,58874318.58,10.81,direct,,DOT
2024-03-16,10.9,9.506,10.81,3198959.92,32556375.06,9.678,direct,,DOT
2024-03-17,10.24,9.199,9.678,2606441.85,25675545.28,10.07,direct,,DOT
2024-03-18,10.45,9.605,10.07,3060846.22,30570171.23,9.9,direct,,DOT
2024-03-19,9.985,8.601,9.9,5823778.26,52975169.2,8.77,direct,,DOT
2024-03-20,9.565,8.493,8.77,4943198.93,44582273.45,9.486,direct,,DOT
2024-03-21,9.579,9.068,9.486,2795726.61,26095183.31,9.178,direct,,DOT
2024-03-22,9.363,8.7,9.178,2692661.76,24226953.76,8.939,direct,,DOT
2024-03-23,9.223,8.855,8.939,1385450.54,12587912.46,8.973,direct,,DOT
2024-03-24,9.43,8.96,8.973,1071652.0,9859078.74,9.373,direct,,DOT
2024-03-25,9.829,9.289,9.373,1797229.74,17286877.05,9.74,direct,,DOT
2024-03-26,10.06,9.528,9.74,2052508.48,20112878.15,9.688,direct,,DOT
2024-03-27,9.808,9.305,9.688,2100581.23,20053869.17,9.44,direct,,DOT
2024-03-28,9.651,9.295,9.44,1954586.83,18583443.81,9.521,direct,,DOT
2024-03-29,9.81,9.352,9.521,2167165.95,20694823.95,9.606,direct,,DOT
2024-03-30,9.702,9.393,9.606,1160311.22,11068228.55,9.436,direct,,DOT
2024-03-31,9.646,9.419,9.436,921265.1,8802283.89,9.643,direct,,DOT
2024-04-01,9.738,8.929,9.643,2106343.74,19454440.76,9.15,direct,,DOT
2024-04-02,9.15,8.377,9.15,2896901.34,25047053.15,8.585,direct,,DOT
2024-04-03,8.78,8.289,8.585,1978456.72,17004191.65,8.42,direct,,DOT
2024-04-04,8.715,8.212,8.42,1711704.47,14566318.38,8.492,direct,,DOT
2024-04-05,8.511,8.082,8.492,1452852.14,12074087.1,8.385,direct,,DOT
2024-04-06,8.552,8.337,8.385,660104.62,5569929.04,8.496,direct,,DOT
2024-04-07,8.74,8.465,8.496,786382.62,6784486.46,8.706,direct,,DOT
2024-04-08,9.092,8.57,8.706,1397310.35,12459990.53,9.042,direct,,DOT
2024-04-09,9.105,8.625,9.042,2590637.56,22923980.5,8.652,direct,,DOT
2024-04-10,8.692,8.121,8.652,4320904.52,36335970.2,8.412,direct,,DOT
2024-04-11,8.52,8.186,8.412,1408458.9,11741956.81,8.382,direct,,DOT
2024-04-12,8.491,6.555,8.382,5009883.95,37501734.06,7.242,direct,,DOT
2024-04-13,7.332,5.797,7.242,7116137.13,46868628.12,6.403,direct,,DOT
2024-04-14,6.931,6.206,6.403,4617573.36,30344904.45,6.862,direct,,DOT
2024-04-15,7.213,6.444,6.862,2913141.86,19934289.31,6.707,direct,,DOT
2024-04-16,6.824,6.372,6.707,2056911.99,13592054.88,6.704,direct,,DOT
2024-04-17,6.779,6.33,6.704,1436917.99,9440454.63,6.579,direct,,DOT
2024-04-18,6.83,6.448,6.579,1481435.46,9886355.66,6.784,direct,,DOT
2024-04-19,6.92,6.281,6.784,2079002.93,13892911.7,6.685,direct,,DOT
2024-04-20,7.282,6.615,6.685,1220214.46,8519648.98,7.242,direct,,DOT
2024-04-21,7.29,6.967,7.242,922035.41,6598404.01,7.141,direct,,DOT
2024-04-22,7.582,7.096,7.141,1751998.51,13003001.82,7.471,direct,,DOT
2024-04-23,7.544,7.208,7.471,1972977.13,14579597.75,7.242,direct,,DOT
2024-04-24,7.494,6.856,7.242,1848712.5,13303712.79,6.926,direct,,DOT
2024-04-25,6.997,6.703,6.926,1442038.16,9909573.89,6.861,direct,,DOT
2024-04-26,6.947,6.715,6.861,1110101.69,7592561.43,6.76,direct,,DOT
2024-04-27,6.856,6.526,6.76,945235.91,6327961.21,6.804,direct,,DOT
2024-04-28,6.944,6.689,6.804,753578.56,5161819.68,6.723,direct,,DOT
2024-04-29,6.821,6.472,6.723,1611933.3,10609625.25,6.584,direct,,DOT
2024-04-30,6.663,6.043,6.584,2275533.18,14327694.25,6.421,direct,,DOT
2024-05-01,6.922,6.125,6.421,3856454.35,25322596.52,6.888,direct,,DOT
2024-05-02,7.408,6.692,6.888,2697240.5,19057961.31,7.277,direct,,DOT
2024-05-03,7.387,7.007,7.277,1918292.07,13812907.21,7.249,direct,,DOT
2024-05-04,7.256,7.109,7.249,1260148.06,9046343.11,7.122,direct,,DOT
2024-05-05,7.399,7.02,7.122,1214351.86,8739798.42,7.306,direct,,DOT
2024-05-06,7.473,7.065,7.306,1917506.04,13916044.31,7.12,direct,,DOT
2024-05-07,7.293,6.984,7.12,1284867.3,9188477.55,6.995,direct,,DOT
2024-05-08,7.183,6.897,6.995,1366640.31,9599338.49,6.982,direct,,DOT
2024-05-09,7.088,6.782,6.982,1091765.05,7591245.62,7.048,direct,,DOT
2024-05-10,7.147,6.702,7.048,1176524.55,8140540.98,6.745,direct,,DOT
2024-05-11,6.807,6.635,6.745,742342.77,4987874.25,6.66,direct,,DOT
2024-05-12,6.787,6.591,6.66,484653.19,3244310.7,6.614,direct,,DOT
2024-05-13,6.823,6.433,6.614,1313252.55,8742868.68,6.671,direct,,DOT
2024-05-14,6.695,6.466,6.671,860941.06,5682553.16,6.481,direct,,DOT
2024-05-15,7.027,6.46,6.481,1617909.6,10892983.3,6.964,direct,,DOT
2024-05-16,7.065,6.819,6.964,1158222.95,8032760.33,7.029,direct,,DOT
2024-05-17,7.297,7.006,7.029,1686977.24,12088445.44,7.202,direct,,DOT
2024-05-18,7.23,7.063,7.202,571580.36,4092132.88,7.159,direct,,DOT
2024-05-19,7.181,6.895,7.159,549090.27,3858494.37,6.933,direct,,DOT
2024-05-20,7.58,6.856,6.933,1786011.91,12934604.5,7.575,direct,,DOT
2024-05-21,7.663,7.432,7.575,2189106.96,16530638.39,7.612,direct,,DOT
2024-05-22,7.698,7.385,7.612,1474301.32,11129723.25,7.46,direct,,DOT
2024-05-23,7.597,6.916,7.46,2340938.58,17002617.31,7.196,direct,,DOT
2024-05-24,7.378,7.019,7.196,1055393.12,7617965.49,7.243,direct,,DOT
2024-05-25,7.435,7.222,7.243,749866.52,5488955.37,7.424,direct,,DOT
2024-05-26,7.636,7.37,7.424,1000272.62,7502447.81,7.555,direct,,DOT
2024-05-27,7.767,7.377,7.555,1510434.27,11431317.68,7.634,direct,,DOT
2024-05-28,7.657,7.272,7.634,1593011.36,11812747.03,7.363,direct,,DOT
2024-05-29,7.552,7.139,7.363,1824076.71,13386331.29,7.17,direct,,DOT
2024-05-30,7.232,6.923,7.17,1576408.3,11130741.75,6.994,direct,,DOT
2024-05-31,7.048,6.801,6.994,1737217.13,12098212.91,6.976,direct,,DOT
2024-06-01,7.126,6.952,6.976,593451.0,4182202.52,7.055,direct,,DOT
2024-06-02,7.12,6.914,7.055,648789.44,4559332.36,6.987,direct,,DOT
2024-06-03,7.186,6.932,6.987,1274917.84,9053445.01,7.008,direct,,DOT
2024-06-04,7.232,6.941,7.008,1021231.45,7249437.7,7.178,direct,,DOT
2024-06-05,7.327,7.151,7.178,1072191.65,7746199.04,7.252,direct,,DOT
2024-06-06,7.284,7.057,7.252,960942.29,6908577.86,7.139,direct,,DOT
2024-06-07,7.286,6.096,7.139,2759488.4,18573698.78,6.657,direct,,DOT
2024-06-08,6.679,6.341,6.657,1304206.35,8457177.43,6.385,direct,,DOT
2024-06-09,6.537,6.373,6.385,806479.66,5203953.11,6.524,direct,,DOT
2024-06-10,6.58,6.36,6.524,1361333.28,8834462.05,6.504,direct,,DOT
2024-06-11,6.522,6.217,6.504,2509923.03,15949014.17,6.377,direct,,DOT
2024-06-12,6.926,6.279,6.377,2729462.85,18125060.41,6.736,direct,,DOT
2024-06-13,6.739,6.337,6.736,1500960.75,9754556.65,6.357,direct,,DOT
2024-06-14,6.481,6.014,6.357,2117897.39,13263051.32,6.163,direct,,DOT
2024-06-15,6.252,6.109,6.163,554245.21,3433324.16,6.22,direct,,DOT
2024-06-16,6.417,6.146,6.22,696834.24,4387006.26,6.39,direct,,DOT
2024-06-17,6.411,5.987,6.39,1532219.72,9477492.08,6.069,direct,,DOT
2024-06-18,6.084,5.505,6.069,3261440.77,18793588.24,5.768,direct,,DOT
2024-06-19,5.99,5.731,5.768,1682517.28,9874031.74,5.797,direct,,DOT
2024-06-20,5.969,5.596,5.797,1306997.79,7538970.87,5.639,direct,,DOT
2024-06-21,5.733,5.549,5.639,1081624.04,6103484.85,5.608,direct,,DOT
2024-06-22,5.802,5.541,5.608,1140691.17,6479342.7,5.749,direct,,DOT
2024-06-23,5.813,5.592,5.749,941126.97,5375099.49,5.646,direct,,DOT
2024-06-24,5.734,5.404,5.646,2189517.0,12282485.94,5.724,direct,,DOT
2024-06-25,5.969,5.701,5.724,1694395.74,9902016.64,5.84,direct,,DOT
2024-06-26,5.946,5.765,5.84,1056292.16,6170592.72,5.795,direct,,DOT
2024-06-27,6.369,5.702,5.795,2285334.26,13985189.17,6.277,direct,,DOT
2024-06-28,6.432,6.148,6.277,1547032.01,9737732.0,6.178,direct,,DOT
2024-06-29,6.291,6.055,6.178,588031.1,3617888.52,6.072,direct,,DOT
2024-06-30,6.25,6.015,6.072,612849.78,3759715.84,6.203,direct,,DOT
2024-07-01,6.443,6.161,6.203,1585985.23,10041592.69,6.324,direct,,DOT
2024-07-02,6.596,6.309,6.324,2297544.47,14811851.52,6.52,direct,,DOT
2024-07-03,6.534,5.946,6.52,2144388.06,13295755.9,6.075,direct,,DOT
2024-07-04,6.126,5.545,6.075,2797547.71,16266050.2,5.555,direct,,DOT
2024-07-05,5.915,4.918,5.555,5614886.81,30821484.35,5.686,direct,,DOT
2024-07-06,6.308,5.635,5.686,2684935.67,15942824.59,6.241,direct,,DOT
2024-07-07,6.311,5.884,6.241,1267436.22,7819131.91,5.905,direct,,DOT
2024-07-08,6.289,5.699,5.905,1797714.34,10762748.14,5.941,direct,,DOT
2024-07-09,6.184,5.842,5.941,2006774.26,12146401.4,6.117,direct,,DOT
2024-07-10,6.259,6.052,6.117,1230182.69,7539808.32,6.095,direct,,DOT
2024-07-11,6.242,5.897,6.095,1371218.9,8339768.75,5.903,direct,,DOT
2024-07-12,6.106,5.804,5.903,1289091.19,7645205.12,6.104,direct,,DOT
2024-07-13,6.303,6.078,6.104,813007.83,5051963.4,6.235,direct,,DOT
2024-07-14,6.357,6.162,6.235,1571466.62,9811773.77,6.319,direct,,DOT
2024-07-15,6.541,6.298,6.319,2032796.13,13035890.75,6.489,direct,,DOT
2024-07-16,6.513,6.131,6.489,1776186.9,11293952.82,6.34,direct,,DOT
2024-07-17,6.533,6.25,6.34,1309277.14,8390442.75,6.256,direct,,DOT
2024-07-18,6.403,6.025,6.256,1713802.83,10622368.61,6.092,direct,,DOT
2024-07-19,6.351,5.989,6.092,1308593.46,8092916.41,6.341,direct,,DOT
2024-07-20,6.399,6.227,6.341,543408.1,3438702.47,6.335,direct,,DOT
2024-07-21,6.446,6.106,6.335,810897.43,5113074.79,6.43,direct,,DOT
2024-07-22,6.476,6.086,6.43,1282890.75,8021754.52,6.101,direct,,DOT
2024-07-23,6.165,5.81,6.101,1514630.68,9066849.55,5.918,direct,,DOT
2024-07-24,5.997,5.659,5.918,1166225.01,6863123.22,5.749,direct,,DOT
2024-07-25,5.777,5.542,5.749,1638183.78,9319088.25,5.755,direct,,DOT
2024-07-26,5.889,5.727,5.755,1259085.43,7334427.93,5.869,direct,,DOT
2024-07-27,5.941,5.719,5.869,839304.35,4905815.4,5.825,direct,,DOT
2024-07-28,5.841,5.672,5.825,530767.69,3045912.06,5.721,direct,,DOT
2024-07-29,5.876,5.624,5.721,1055817.44,6084803.66,5.651,direct,,DOT
2024-07-30,5.722,5.484,5.651,1254437.63,7014203.35,5.516,direct,,DOT
2024-07-31,5.548,5.335,5.516,2747423.09,15099271.95,5.386,direct,,DOT
2024-08-01,5.417,5.027,5.386,2442344.05,12905769.05,5.339,direct,,DOT
2024-08-02,5.361,4.997,5.339,2014461.31,10425177.6,5.119,direct,,DOT
2024-08-03,5.201,4.858,5.119,1682323.26,8460112.03,5.043,direct,,DOT
2024-08-04,5.093,4.537,5.043,2044343.49,9831420.94,4.688,direct,,DOT
2024-08-05,4.722,3.616,4.688,8422383.89,34088833.92,4.204,direct,,DOT
2024-08-06,4.605,4.199,4.204,3522691.51,15595938.69,4.514,direct,,DOT
2024-08-07,4.643,4.407,4.514,2249866.07,10244623.86,4.58,direct,,DOT
2024-08-08,4.904,4.487,4.58,1847579.49,8753819.52,4.881,direct,,DOT
2024-08-09,4.925,4.735,4.881,1271972.92,6114226.73,4.785,direct,,DOT
2024-08-10,4.832,4.727,4.785,521514.1,2481530.63,4.755,direct,,DOT
2024-08-11,4.827,4.47,4.755,676065.61,3137300.07,4.494,direct,,DOT
2024-08-12,4.68,4.455,4.494,1037776.42,4747288.82,4.587,direct,,DOT
2024-08-13,4.614,4.4,4.587,1048372.16,4757881.47,4.55,direct,,DOT
2024-08-14,4.554,4.35,4.55,1218697.7,5427816.42,4.386,direct,,DOT
2024-08-15,4.48,4.23,4.386,1274798.97,5580380.66,4.279,direct,,DOT
2024-08-16,4.386,4.215,4.279,1045363.32,4496895.48,4.293,direct,,DOT
2024-08-17,4.383,4.277,4.293,479809.19,2075430.36,4.37,direct,,DOT
2024-08-18,4.525,4.346,4.37,1013335.47,4489309.01,4.391,direct,,DOT
2024-08-19,4.503,4.347,4.391,1061665.33,4700185.12,4.483,direct,,DOT
2024-08-20,4.604,4.456,4.483,1046079.93,4745767.62,4.523,direct,,DOT
2024-08-21,4.75,4.5,4.523,1245708.85,5755110.42,4.665,direct,,DOT
2024-08-22,4.712,4.597,4.665,1463398.31,6821813.67,4.689,direct,,DOT
2024-08-23,4.955,4.685,4.689,1677961.75,8046070.68,4.894,direct,,DOT
2024-08-24,5.101,4.85,4.894,1662615.59,8270096.8,4.985,direct,,DOT
2024-08-25,4.992,4.749,4.985,1504989.22,7315707.49,4.823,direct,,DOT
2024-08-26,4.868,4.533,4.823,1488927.95,6979469.98,4.559,direct,,DOT
2024-08-27,4.657,4.243,4.559,1914561.77,8602691.84,4.38,direct,,DOT
2024-08-28,4.45,4.167,4.38,1750150.38,7560924.72,4.255,direct,,DOT
2024-08-29,4.408,4.183,4.255,952138.48,4087892.99,4.252,direct,,DOT
2024-08-30,4.333,4.103,4.252,1149569.97,4865782.85,4.277,direct,,DOT
2024-08-31,4.316,4.219,4.277,443971.91,1896082.74,4.259,direct,,DOT
2024-09-01,4.259,4.038,4.259,856759.49,3564699.49,4.07,direct,,DOT
2024-09-02,4.231,4.056,4.07,767708.93,3184003.71,4.209,direct,,DOT
2024-09-03,4.282,4.057,4.209,778065.46,3249413.74,4.063,direct,,DOT
2024-09-04,4.196,3.872,4.063,2441775.37,9927227.12,4.111,direct,,DOT
2024-09-05,4.126,3.975,4.111,781276.7,3155725.15,4.02,direct,,DOT
2024-09-06,4.095,3.823,4.02,1435938.3,5712496.1,3.958,direct,,DOT
2024-09-07,4.133,3.934,3.958,700584.72,2839455.34,4.08,direct,,DOT
2024-09-08,4.207,4.059,4.08,615392.36,2549570.51,4.164,direct,,DOT
2024-09-09,4.338,4.114,4.164,908364.45,3836676.63,4.288,direct,,DOT
2024-09-10,4.288,4.2,4.288,472721.43,2006240.54,4.25,direct,,DOT
2024-09-11,4.257,4.06,4.25,1029828.37,4278365.28,4.192,direct,,DOT
2024-09-12,4.299,4.19,4.192,589546.91,2499400.08,4.294,direct,,DOT
2024-09-13,4.471,4.275,4.294,780461.05,3413179.95,4.424,direct,,DOT
2024-09-14,4.444,4.35,4.424,434384.99,1913541.79,4.439,direct,,DOT
2024-09-15,4.557,4.359,4.439,693443.72,3109164.36,4.396,direct,,DOT
2024-09-16,4.396,4.149,4.396,857847.24,3644752.79,4.195,direct,,DOT
2024-09-17,4.29,4.132,4.195,785295.4,3292132.88,4.158,direct,,DOT
2024-09-18,4.177,3.976,4.158,1602333.22,6525786.4,4.176,direct,,DOT
2024-09-19,4.35,4.176,4.176,1902345.96,8077683.84,4.255,direct,,DOT
2024-09-20,4.402,4.192,4.255,1029451.13,4429227.94,4.34,direct,,DOT
2024-09-21,4.477,4.286,4.34,806669.96,3541495.25,4.463,direct,,DOT
2024-09-22,4.481,4.238,4.463,806635.37,3504787.89,4.311,direct,,DOT
2024-09-23,4.462,4.236,4.311,1071832.53,4701414.99,4.458,direct,,DOT
2024-09-24,4.683,4.403,4.458,1630764.39,7397114.21,4.636,direct,,DOT
2024-09-25,4.771,4.591,4.636,1025252.35,4798174.52,4.636,direct,,DOT
2024-09-26,4.876,4.566,4.636,1272833.98,6068566.31,4.815,direct,,DOT
2024-09-27,4.964,4.811,4.815,1685665.04,8256280.71,4.885,direct,,DOT
2024-09-28,4.96,4.748,4.885,1067604.52,5186288.9,4.797,direct,,DOT
2024-09-29,4.858,4.685,4.797,753990.62,3598381.15,4.767,direct,,DOT
2024-09-30,4.77,4.4,4.767,1650532.36,7581807.16,4.433,direct,,DOT
2024-10-01,4.561,4.056,4.433,2357205.8,10151521.99,4.153,direct,,DOT
2024-10-02,4.269,4.006,4.153,2214641.46,9180424.46,4.101,direct,,DOT
2024-10-03,4.172,3.992,4.101,1450011.19,5910217.84,4.13,direct,,DOT
2024-10-04,4.211,4.107,4.13,1301692.33,5416206.01,4.194,direct,,DOT
2024-10-05,4.232,4.078,4.194,471854.76,1966169.03,4.139,direct,,DOT
2024-10-06,4.195,4.101,4.139,542823.13,2253324.41,4.189,direct,,DOT
2024-10-07,4.271,4.127,4.189,895785.77,3771291.4,4.13,direct,,DOT
2024-10-08,4.182,4.049,4.13,902743.74,3715512.62,4.101,direct,,DOT
2024-10-09,4.147,3.951,4.101,857643.66,3460714.75,4.02,direct,,DOT
2024-10-10,4.07,3.961,4.02,691303.67,2787139.81,4.068,direct,,DOT
2024-10-11,4.194,4.05,4.068,590563.52,2448147.05,4.17,direct,,DOT
2024-10-12,4.261,4.151,4.17,636549.79,2685265.34,4.205,direct,,DOT
2024-10-13,4.214,4.085,4.205,433104.01,1796145.41,4.161,direct,,DOT
2024-10-14,4.398,4.134,4.161,930278.6,3995212.47,4.375,direct,,DOT
2024-10-15,4.532,4.294,4.375,1162106.7,5137308.96,4.406,direct,,DOT
2024-10-16,4.408,4.288,4.406,646244.24,2803332.49,4.312,direct,,DOT
2024-10-17,4.349,4.147,4.312,789246.08,3330741.56,4.19,direct,,DOT
2024-10-18,4.31,4.173,4.19,526379.69,2237288.62,4.31,direct,,DOT
2024-10-19,4.481,4.31,4.31,763496.61,3362270.21,4.431,direct,,DOT
2024-10-20,4.591,4.358,4.431,784602.47,3534440.16,4.576,direct,,DOT
2024-10-21,4.61,4.334,4.576,866366.64,3863902.49,4.376,direct,,DOT
2024-10-22,4.432,4.27,4.376,851654.25,3697847.27,4.32,direct,,DOT
2024-10-23,4.327,4.102,4.32,1031559.01,4352505.54,4.207,direct,,DOT
2024-10-24,4.255,4.142,4.207,829250.97,3492698.33,4.203,direct,,DOT
2024-10-25,4.214,3.851,4.203,1414378.83,5738244.65,3.991,direct,,DOT
2024-10-26,4.056,3.941,3.991,741812.42,2978598.08,4.029,direct,,DOT
2024-10-27,4.129,4.004,4.029,556489.64,2261810.23,4.126,direct,,DOT
2024-10-28,4.221,4.002,4.126,1705919.27,6973594.77,4.129,direct,,DOT
2024-10-29,4.249,4.086,4.129,2163389.17,8990818.45,4.192,direct,,DOT
2024-10-30,4.213,4.117,4.192,786194.71,3280048.63,4.19,direct,,DOT
2024-10-31,4.212,3.898,4.19,1578125.8,6353472.29,3.954,direct,,DOT
2024-11-01,3.992,3.847,3.954,1457044.47,5723913.01,3.908,direct,,DOT
2024-11-02,3.943,3.825,3.908,576346.1,2238416.15,3.906,direct,,DOT
2024-11-03,3.927,3.667,3.906,1490730.77,5599259.49,3.785,direct,,DOT
2024-11-04,3.833,3.678,3.785,929059.91,3505062.71,3.749,direct,,DOT
2024-11-05,3.915,3.746,3.749,1661200.27,6402619.23,3.859,direct,,DOT
2024-11-06,4.129,3.858,3.859,3115851.09,12622289.85,4.115,direct,,DOT
2024-11-07,4.199,4.05,4.115,1753194.51,7244238.17,4.167,direct,,DOT
2024-11-08,4.393,4.122,4.167,3372522.12,14440650.68,4.327,direct,,DOT
2024-11-09,4.641,4.266,4.327,1898728.18,8367351.24,4.631,direct,,DOT
2024-11-10,5.479,4.588,4.631,7089026.16,36248870.2,5.246,direct,,DOT
2024-11-11,5.787,4.981,5.246,5722777.88,30169450.66,5.716,direct,,DOT
2024-11-12,5.843,5.122,5.716,6919741.63,37613092.37,5.314,direct,,DOT
2024-11-13,5.437,4.919,5.314,6123636.76,31687251.69,5.079,direct,,DOT
2024-11-14,5.216,4.687,5.079,4732068.65,23406109.49,4.776,direct,,DOT
2024-11-15,5.174,4.709,4.776,4200098.04,20851544.22,5.16,direct,,DOT
2024-11-16,5.804,5.137,5.16,5574326.71,30548927.63,5.784,direct,,DOT
2024-11-17,6.142,5.311,5.784,5030017.56,28530492.07,5.422,direct,,DOT
2024-11-18,6.099,5.398,5.422,5461544.13,31815542.04,6.014,direct,,DOT
2024-11-19,6.042,5.669,6.014,3407614.92,19967601.01,5.813,direct,,DOT
2024-11-20,6.082,5.538,5.813,4210591.42,24648527.16,5.723,direct,,DOT
2024-11-21,5.965,5.48,5.723,4430103.21,25626155.72,5.936,direct,,DOT
2024-11-22,6.691,5.891,5.936,7770288.16,48498127.31,6.638,direct,,DOT
2024-11-23,9.444,6.596,6.638,20012222.73,161022866.81,8.525,direct,,DOT
2024-11-24,10.49,8.056,8.525,16987073.51,153475212.55,8.834,direct,,DOT
2024-11-25,9.368,8.103,8.834,7753763.79,67852591.63,8.227,direct,,DOT
2024-11-26,8.464,7.547,8.227,6291033.03,50414459.5,8.067,direct,,DOT
2024-11-27,8.582,7.841,8.067,5816796.7,48231107.44,8.468,direct,,DOT
2024-11-28,8.751,8.008,8.468,3749166.57,31288071.83,8.612,direct,,DOT
2024-11-29,9.077,8.445,8.612,3921941.51,34153652.86,9.029,direct,,DOT
2024-11-30,9.224,8.61,9.029,3486196.68,31133349.85,8.951,direct,,DOT
2024-12-01,9.391,8.706,8.951,3149302.38,28656844.7,9.297,direct,,DOT
2024-12-02,10.2,8.455,9.297,7337162.44,68099012.21,10.02,direct,,DOT
2024-12-03,10.39,9.069,10.02,8003338.47,78816521.42,9.789,direct,,DOT
2024-12-04,11.65,9.679,9.789,10820316.74,116358323.96,10.53,direct,,DOT
2024-12-05,11.24,9.914,10.53,9172692.9,97994042.75,10.38,direct,,DOT
2024-12-06,10.9,10.02,10.38,5070075.53,53218846.8,10.69,direct,,DOT
2024-12-07,10.93,10.32,10.69,3857765.02,41056742.2,10.61,direct,,DOT
2024-12-08,10.82,10.21,10.61,2741023.59,28582655.74,10.4,direct,,DOT
2024-12-09,10.41,7.588,10.4,7689320.16,69793183.91,8.478,direct,,DOT
2024-12-10,8.722,7.595,8.478,7680434.94,63298301.48,8.396,direct,,DOT
2024-12-11,9.278,8.036,8.396,5606693.06,49429769.39,9.0,direct,,DOT
2024-12-12,9.675,8.915,9.0,5333819.84,49234077.74,9.065,direct,,DOT
2024-12-13,9.231,8.782,9.065,3160778.45,28472903.07,9.087,direct,,DOT
2024-12-14,9.208,8.35,9.087,3003597.87,26230177.07,8.551,direct,,DOT
2024-12-15,9.278,8.367,8.551,3330754.63,29503122.68,9.022,direct,,DOT
2024-12-16,9.195,8.586,9.022,3640246.82,32417767.33,8.753,direct,,DOT
2024-12-17,8.97,8.382,8.753,2632910.59,22888482.24,8.487,direct,,DOT
2024-12-18,8.545,7.593,8.487,4263427.89,34498972.73,7.675,direct,,DOT
2024-12-19,7.795,6.757,7.675,5836758.79,42745258.88,6.936,direct,,DOT
2024-12-20,7.354,6.037,6.936,6230699.13,41855284.6,7.29,direct,,DOT
2024-12-21,7.797,6.834,7.29,3379557.55,24565581.39,6.968,direct,,DOT
2024-12-22,7.259,6.678,6.968,2412706.66,16759194.02,6.834,direct,,DOT
2024-12-23,7.556,6.65,6.834,2930220.96,20776684.58,7.374,direct,,DOT
2024-12-24,7.633,7.146,7.374,2040409.15,15104237.45,7.547,direct,,DOT
2024-12-25,7.67,7.353,7.547,1107367.57,8283111.71,7.495,direct,,DOT
2024-12-26,7.583,6.873,7.495,2072604.33,14664186.52,6.924,direct,,DOT
2024-12-27,7.298,6.804,6.924,1374783.67,9615181.03,6.899,direct,,DOT
2024-12-28,7.168,6.785,6.899,834390.42,5819257.37,7.1,direct,,DOT
2024-12-29,7.139,6.799,7.1,892507.81,6230813.86,6.853,direct,,DOT
2024-12-30,7.09,6.526,6.853,1995952.63,13514954.54,6.69,direct,,DOT
2024-12-31,6.917,6.558,6.69,1459140.17,9786077.24,6.629,direct,,DOT
2025-01-01,7.129,6.51,6.629,1825528.2,12492622.49,7.034,direct,,DOT
2025-01-02,7.352,7.034,7.034,2030413.6,14603890.06,7.169,direct,,DOT
2025-01-03,7.994,7.129,7.169,3182982.48,24418830.22,7.749,direct,,DOT
2025-01-04,7.877,7.609,7.749,1441690.49,11134449.13,7.675,direct,,DOT
2025-01-05,7.728,7.462,7.675,1022038.82,7779250.6,7.667,direct,,DOT
2025-01-06,7.99,7.544,7.667,2590875.46,20093402.85,7.772,direct,,DOT
2025-01-07,7.885,7.007,7.772,2836048.85,21154104.48,7.007,direct,,DOT
2025-01-08,7.131,6.426,7.007,3587498.72,24383409.11,6.758,direct,,DOT
2025-01-09,6.842,6.454,6.758,2246399.21,14916858.87,6.558,direct,,DOT
2025-01-10,6.807,6.488,6.558,1672812.12,11149949.28,6.732,direct,,DOT
2025-01-11,6.873,6.585,6.732,900241.38,6032793.31,6.738,direct,,DOT
2025-01-12,6.814,6.537,6.738,775248.36,5183106.2,6.628,direct,,DOT
2025-01-13,6.802,6.001,6.628,2969850.4,18649450.15,6.393,direct,,DOT
2025-01-14,6.685,6.367,6.393,2211481.08,14404477.43,6.663,direct,,DOT
2025-01-15,7.195,6.556,6.663,2531127.01,17449717.14,7.162,direct,,DOT
2025-01-16,7.388,6.846,7.162,2856923.71,20398307.89,7.149,direct,,DOT
2025-01-17,7.604,7.149,7.149,2825542.19,20942663.48,7.507,direct,,DOT
2025-01-18,7.586,6.835,7.507,3157062.39,22370262.93,7.035,direct,,DOT
2025-01-19,7.228,6.1,7.035,5903139.07,39262038.3,6.24,direct,,DOT
2025-01-20,7.087,6.053,6.24,6273258.03,40421423.8,6.371,direct,,DOT
2025-01-21,6.845,6.151,6.371,2973232.47,19359043.92,6.625,direct,,DOT
2025-01-22,6.692,6.413,6.625,1484706.36,9749032.77,6.442,direct,,DOT
2025-01-23,6.501,6.197,6.442,2233035.38,14155776.08,6.352,direct,,DOT
2025-01-24,6.541,6.204,6.352,1844905.02,11816711.6,6.317,direct,,DOT
2025-01-25,6.407,6.247,6.317,1051620.77,6656958.41,6.321,direct,,DOT
2025-01-26,6.468,6.165,6.321,1235310.89,7820886.92,6.177,direct,,DOT
2025-01-27,6.209,5.488,6.177,4310885.14,25053797.24,5.951,direct,,DOT
2025-01-28,6.033,5.598,5.951,1989936.11,11669436.17,5.648,direct,,DOT
2025-01-29,5.876,5.543,5.648,2134964.96,12256847.86,5.765,direct,,DOT
2025-01-30,6.253,5.723,5.765,2133595.48,12933799.95,6.124,direct,,DOT
2025-01-31,6.497,6.03,6.124,3303137.75,20807928.02,6.318,direct,,DOT
2025-02-01,6.49,5.864,6.318,2372465.85,14792981.24,5.907,direct,,DOT
2025-02-02,6.045,4.909,5.907,5863317.95,31550689.17,5.155,direct,,DOT
2025-02-03,5.284,3.928,5.155,13547928.79,62619001.82,5.188,direct,,DOT
2025-02-04,5.233,4.582,5.188,6421489.87,30947769.73,4.743,direct,,DOT
2025-02-05,4.863,4.631,4.743,2877349.58,13646960.56,4.689,direct,,DOT
2025-02-06,4.838,4.449,4.689,2792967.38,12901378.09,4.491,direct,,DOT
2025-02-07,4.94,4.458,4.491,3417817.63,16027894.64,4.592,direct,,DOT
2025-02-08,4.764,4.501,4.592,1272280.67,5856498.78,4.746,direct,,DOT
2025-02-09,4.877,4.514,4.746,2489399.87,11711544.11,4.766,direct,,DOT
2025-02-10,4.918,4.611,4.766,1937795.85,9341471.82,4.846,direct,,DOT
2025-02-11,5.209,4.749,4.846,2752004.09,13694785.38,4.809,direct,,DOT
2025-02-12,5.326,4.756,4.809,4477939.02,22569047.83,5.226,direct,,DOT
2025-02-13,5.274,5.069,5.226,2195033.86,11324034.63,5.133,direct,,DOT
2025-02-14,5.376,5.1,5.133,2440578.23,12752375.96,5.171,direct,,DOT
2025-02-15,5.218,4.977,5.171,1451269.21,7364926.91,5.022,direct,,DOT
2025-02-16,5.042,4.829,5.022,1112180.37,5490933.67,4.88,direct,,DOT
2025-02-17,5.069,4.777,4.88,1760673.54,8646021.76,4.888,direct,,DOT
2025-02-18,4.917,4.559,4.888,2850912.27,13485483.73,4.764,direct,,DOT
2025-02-19,4.902,4.7,4.764,1748557.76,8436301.08,4.889,direct,,DOT
2025-02-20,5.071,4.883,4.889,2242902.23,11193261.49,5.048,direct,,DOT
2025-02-21,5.34,4.951,5.048,2987750.02,15386278.99,5.058,direct,,DOT
2025-02-22,5.216,5.028,5.058,1724930.51,8804635.99,5.043,direct,,DOT
2025-02-23,5.131,4.906,5.043,879589.47,4402802.11,4.953,direct,,DOT
2025-02-24,4.979,4.343,4.953,2512656.15,11625588.67,4.414,direct,,DOT
2025-02-25,4.752,4.141,4.414,4757989.54,20965219.1,4.634,direct,,DOT
2025-02-26,4.922,4.59,4.634,2754419.32,13099519.58,4.744,direct,,DOT
2025-02-27,5.177,4.71,4.744,3939315.81,19687473.01,4.93,direct,,DOT
2025-02-28,4.93,4.45,4.93,3643091.39,16915848.62,4.711,direct,,DOT
2025-03-01,4.816,4.526,4.711,1508828.4,7013317.34,4.66,direct,,DOT
2025-03-02,5.226,4.57,4.66,3681572.94,18287458.65,5.204,direct,,DOT
2025-03-03,5.246,4.432,5.204,4040981.03,19333681.79,4.47,direct,,DOT
2025-03-04,4.509,4.017,4.47,3805066.28,16207188.76,4.329,direct,,DOT
2025-03-05,4.55,4.28,4.329,1652120.35,7268148.49,4.525,direct,,DOT
2025-03-06,4.661,4.344,4.525,2109078.79,9446294.21,4.43,direct,,DOT
2025-03-07,4.673,4.215,4.43,2987174.91,13432454.29,4.41,direct,,DOT
2025-03-08,4.442,4.262,4.41,1605979.45,6982554.78,4.288,direct,,DOT
2025-03-09,4.349,3.981,4.288,2805770.64,11644446.19,4.017,direct,,DOT
2025-03-10,4.28,3.777,4.017,3401372.81,13761292.69,3.868,direct,,DOT
2025-03-11,4.119,3.662,3.868,3498138.49,13734250.67,4.042,direct,,DOT
2025-03-12,4.093,3.849,4.042,2254925.28,8974886.3,3.969,direct,,DOT
2025-03-13,4.096,3.826,3.969,2175331.39,8603780.57,3.979,direct,,DOT
2025-03-14,4.225,3.969,3.979,2706727.1,11195867.9,4.184,direct,,DOT
2025-03-15,4.427,4.183,4.184,2095101.47,9083459.06,4.35,direct,,DOT
2025-03-16,4.362,4.186,4.35,1486275.08,6378934.17,4.3,direct,,DOT
2025-03-17,4.464,4.299,4.3,1841649.14,8085530.8,4.372,direct,,DOT
2025-03-18,4.483,4.233,4.372,1734172.33,7498913.34,4.449,direct,,DOT
2025-03-19,4.597,4.438,4.449,2574665.6,11635133.93,4.539,direct,,DOT
2025-03-20,4.565,4.326,4.539,1795020.79,7913192.74,4.398,direct,,DOT
2025-03-21,4.582,4.378,4.398,2565376.83,11510185.04,4.497,direct,,DOT
2025-03-22,4.544,4.415,4.497,1397600.03,6246893.01,4.446,direct,,DOT
2025-03-23,4.516,4.4,4.446,873050.1,3889552.61,4.502,direct,,DOT
2025-03-24,4.771,4.471,4.502,2206184.7,10311446.72,4.624,direct,,DOT
2025-03-25,4.721,4.586,4.624,1257268.48,5848242.64,4.639,direct,,DOT
2025-03-26,4.768,4.598,4.639,2059624.79,9653211.24,4.692,direct,,DOT
2025-03-27,4.758,4.497,4.692,1944217.72,8983452.2,4.626,direct,,DOT
2025-03-28,4.643,4.242,4.626,2509278.26,10937293.9,4.28,direct,,DOT
2025-03-29,4.3,3.995,4.28,1774312.11,7320367.22,4.049,direct,,DOT
2025-03-30,4.172,3.987,4.049,1418730.65,5797336.03,4.041,direct,,DOT
2025-03-31,4.092,3.95,4.041,1655239.05,6671728.35,4.021,direct,,DOT
2025-04-01,4.277,4.016,4.021,2056649.39,8578890.46,4.171,direct,,DOT
2025-04-02,4.237,3.911,4.171,2329245.55,9562927.82,3.965,direct,,DOT
2025-04-03,4.107,3.846,3.965,2508484.23,9984682.7,4.057,direct,,DOT
2025-04-04,4.132,3.948,4.057,1783569.44,7225271.38,4.034,direct,,DOT
2025-04-05,4.066,3.897,4.034,1032586.82,4089726.49,3.955,direct,,DOT
2025-04-06,3.973,3.602,3.955,2284448.18,8620193.93,3.681,direct,,DOT
2025-04-07,3.73,3.304,3.681,7681158.74,26996945.42,3.591,direct,,DOT
2025-04-08,3.702,3.338,3.591,3803127.14,13469165.43,3.374,direct,,DOT
2025-04-09,3.752,3.25,3.374,7188402.77,25028836.99,3.641,direct,,DOT
2025-04-10,3.646,3.391,3.641,3668484.75,12828606.92,3.463,direct,,DOT
2025-04-11,3.596,3.45,3.463,2203282.36,7762119.14,3.557,direct,,DOT
2025-04-12,3.755,3.527,3.557,1710692.69,6275660.4,3.713,direct,,DOT
2025-04-13,3.813,3.617,3.713,2819742.46,10436075.24,3.664,direct,,DOT
2025-04-14,3.796,3.634,3.664,2443642.66,9074051.28,3.675,direct,,DOT
2025-04-15,3.734,3.518,3.675,1765101.52,6415648.77,3.52,direct,,DOT
2025-04-16,3.617,3.472,3.52,1519670.92,5380920.31,3.556,direct,,DOT
2025-04-17,3.696,3.54,3.556,1452944.49,5283783.3,3.634,direct,,DOT
2025-04-18,3.747,3.613,3.634,1276514.65,4717318.63,3.673,direct,,DOT
2025-04-19,3.892,3.647,3.673,1391805.15,5250417.83,3.88,direct,,DOT
2025-04-20,3.949,3.79,3.88,1511497.7,5856190.56,3.879,direct,,DOT
2025-04-21,3.981,3.771,3.879,1674686.54,6528013.2,3.782,direct,,DOT
2025-04-22,4.039,3.692,3.782,2026261.77,7816684.8,4.01,direct,,DOT
2025-04-23,4.197,4.001,4.01,3537666.84,14480391.38,4.093,direct,,DOT
2025-04-24,4.287,3.931,4.093,2530332.49,10424135.89,4.269,direct,,DOT
2025-04-25,4.373,4.216,4.269,2540533.02,10904895.52,4.258,direct,,DOT
2025-04-26,4.363,4.203,4.258,1449683.46,6208962.84,4.265,direct,,DOT
2025-04-27,4.29,4.058,4.265,1605523.25,6631668.0,4.092,direct,,DOT
2025-04-28,4.266,4.013,4.092,2042764.75,8534803.22,4.24,direct,,DOT
2025-04-29,4.328,4.103,4.24,1584591.05,6734231.52,4.148,direct,,DOT
2025-04-30,4.175,4.031,4.148,1647770.53,6760603.05,4.069,direct,,DOT
2025-05-01,4.224,4.067,4.069,1185654.43,4927709.01,4.178,direct,,DOT
2025-05-02,4.287,4.128,4.178,1134303.85,4760374.69,4.163,direct,,DOT
2025-05-03,4.172,4.017,4.163,819973.33,3356355.2,4.029,direct,,DOT
2025-05-04,4.051,3.902,4.029,1802988.46,7179996.62,3.921,direct,,DOT
2025-05-05,4.02,3.884,3.921,1509656.11,5944817.37,3.918,direct,,DOT
2025-05-06,3.974,3.825,3.918,2120146.34,8261992.42,3.97,direct,,DOT
2025-05-07,4.036,3.882,3.97,1551041.56,6121404.08,3.969,direct,,DOT
2025-05-08,4.491,3.966,3.969,3464186.26,14769996.66,4.454,direct,,DOT
2025-05-09,4.859,4.435,4.454,4091045.1,19070499.17,4.8,direct,,DOT
2025-05-10,5.322,4.796,4.8,5264535.99,26708626.43,5.311,direct,,DOT
2025-05-11,5.36,4.954,5.311,3543969.48,18150256.75,5.096,direct,,DOT
2025-05-12,5.391,4.89,5.096,3986458.42,20532375.51,5.069,direct,,DOT
2025-05-13,5.272,4.824,5.069,2871865.85,14449871.85,5.195,direct,,DOT
2025-05-14,5.265,4.946,5.195,1945172.68,9887696.89,4.982,direct,,DOT
2025-05-15,5.027,4.682,4.982,2849384.49,13708484.14,4.775,direct,,DOT
2025-05-16,4.956,4.713,4.775,1528900.27,7399167.47,4.757,direct,,DOT
2025-05-17,4.768,4.559,4.757,1510755.6,7033763.86,4.614,direct,,DOT
2025-05-18,4.921,4.516,4.614,1476090.63,6964099.42,4.796,direct,,DOT
2025-05-19,4.819,4.417,4.796,1397477.43,6383944.0,4.597,direct,,DOT
2025-05-20,4.727,4.52,4.597,1394205.53,6427826.3,4.676,direct,,DOT
2025-05-21,4.879,4.616,4.676,2263015.16,10687953.0,4.742,direct,,DOT
2025-05-22,4.976,4.735,4.742,1588846.22,7753969.75,4.948,direct,,DOT
2025-05-23,5.119,4.533,4.948,3199072.97,15478524.03,4.561,direct,,DOT
2025-05-24,4.634,4.516,4.561,932927.78,4276727.88,4.548,direct,,DOT
2025-05-25,4.563,4.358,4.548,1337427.26,5968023.5,4.525,direct,,DOT
2025-05-26,4.618,4.429,4.525,1107582.71,5018468.15,4.47,direct,,DOT
2025-05-27,4.615,4.375,4.47,1431138.9,6480048.37,4.537,direct,,DOT
2025-05-28,4.662,4.42,4.537,978460.56,4430002.63,4.587,direct,,DOT
2025-05-29,4.681,4.331,4.587,1700092.19,7654578.77,4.333,direct,,DOT
2025-05-30,4.356,4.014,4.333,2321346.69,9686928.0,4.049,direct,,DOT
2025-05-31,4.122,3.9,4.049,1464383.23,5886027.52,4.078,direct,,DOT
2025-06-01,4.103,3.973,4.078,910128.39,3681348.24,4.067,direct,,DOT
2025-06-02,4.172,3.956,4.067,1436809.49,5800684.35,4.148,direct,,DOT
2025-06-03,4.223,4.103,4.148,1062057.62,4426711.62,4.14,direct,,DOT
2025-06-04,4.214,3.987,4.14,1465414.32,6014891.54,4.008,direct,,DOT
2025-06-05,4.076,3.745,4.008,1995542.26,7814024.28,3.817,direct,,DOT
2025-06-06,3.993,3.808,3.817,849384.18,3321982.86,3.89,direct,,DOT
2025-06-07,4.06,3.872,3.89,653689.43,2619451.48,4.031,direct,,DOT
2025-06-08,4.114,3.98,4.031,856815.02,3472567.16,4.026,direct,,DOT
2025-06-09,4.161,3.966,4.026,1382281.66,5602750.31,4.154,direct,,DOT
2025-06-10,4.316,4.097,4.154,2232555.51,9434169.31,4.295,direct,,DOT
2025-06-11,4.343,4.148,4.295,1820145.23,7759055.1,4.19,direct,,DOT
2025-06-12,4.204,3.91,4.19,1797909.03,7297600.57,3.922,direct,,DOT
2025-06-13,3.922,3.671,3.922,2955833.2,11211565.52,3.84,direct,,DOT
2025-06-14,3.846,3.719,3.84,1290195.22,4893798.12,3.783,direct,,DOT
2025-06-15,3.834,3.736,3.783,766082.75,2904675.19,3.821,direct,,DOT
2025-06-16,3.992,3.788,3.821,1783296.77,6958963.72,3.847,direct,,DOT
2025-06-17,3.896,3.665,3.847,1787871.86,6755804.42,3.72,direct,,DOT
2025-06-18,3.786,3.576,3.72,1712713.52,6261511.05,3.623,direct,,DOT
2025-06-19,3.657,3.497,3.623,1615703.59,5759597.7,3.549,direct,,DOT
2025-06-20,3.577,3.339,3.549,2625072.57,9079078.71,3.439,direct,,DOT
2025-06-21,3.508,3.22,3.439,1911945.71,6432837.64,3.325,direct,,DOT
2025-06-22,3.363,3.017,3.325,4901266.6,15577563.32,3.154,direct,,DOT
2025-06-23,3.423,3.114,3.154,3369857.72,10976909.18,3.418,direct,,DOT
2025-06-24,3.523,3.389,3.418,1777205.54,6119040.38,3.441,direct,,DOT
2025-06-25,3.46,3.344,3.441,1629167.07,5551455.77,3.354,direct,,DOT
2025-06-26,3.434,3.272,3.354,1683791.38,5620891.86,3.3,direct,,DOT
2025-06-27,3.395,3.275,3.3,1367042.81,4553103.63,3.362,direct,,DOT
2025-06-28,3.426,3.333,3.362,674580.63,2278281.79,3.409,direct,,DOT
2025-06-29,3.581,3.38,3.409,1263266.53,4353131.13,3.543,direct,,DOT
2025-06-30,3.561,3.352,3.543,2007388.21,6875251.41,3.399,direct,,DOT
2025-07-01,3.419,3.258,3.399,1706587.88,5681258.49,3.281,direct,,DOT
2025-07-02,3.623,3.246,3.281,2435639.34,8458479.27,3.545,direct,,DOT
2025-07-03,3.664,3.501,3.545,1916347.18,6865019.0,3.54,direct,,DOT
2025-07-04,3.562,3.316,3.54,2057598.39,7030687.95,3.359,direct,,DOT
2025-07-05,3.391,3.311,3.359,756781.88,2538727.08,3.357,direct,,DOT
2025-07-06,3.448,3.33,3.357,1587788.63,5374266.55,3.394,direct,,DOT
2025-07-07,3.436,3.326,3.394,1308718.02,4430763.61,3.37,direct,,DOT
2025-07-08,3.475,3.327,3.37,2467391.85,8409580.76,3.448,direct,,DOT
2025-07-09,3.483,3.418,3.448,734195.46,2521795.8,3.47,direct,,DOT
