time,high,low,open,volumefrom,volumeto,close,conversionType,conversionSymbol,symbol
2020-01-17,174.34,166.24,164.1,4516472.6,767710921.71,169.98,multiply,BTC,ETH
2020-01-18,179.52,166.69,169.98,4982054.44,866424830.99,173.91,multiply,BTC,ETH
2020-01-19,171.09,164.3,173.91,3968902.88,662472107.99,166.92,multiply,BTC,ETH
2020-01-20,168.97,162.92,166.92,2168408.26,361336568.0,166.64,multiply,BTC,ETH
2020-01-21,171.09,166.56,166.64,2189523.43,370220822.27,169.09,multiply,BTC,ETH
2020-01-22,170.22,165.28,169.09,1795345.1,301566807.31,167.97,multiply,BTC,ETH
2020-01-23,164.02,160.41,167.97,2377112.52,386312306.91,162.51,multiply,BTC,ETH
2020-01-24,163.75,158.77,162.51,2324168.65,377435884.53,162.4,multiply,BTC,ETH
2020-01-25,161.58,158.4,162.4,1384665.6,222457869.05,160.66,multiply,BTC,ETH
2020-01-26,168.18,164.74,160.66,1743010.32,292233443.69,167.66,multiply,BTC,ETH
2020-01-27,173.89,169.52,167.66,2452800.32,416247047.32,169.7,multiply,BTC,ETH
2020-01-28,180.98,175.63,169.7,3238454.78,569377601.02,175.82,multiply,BTC,ETH
2020-01-29,177.09,173.28,175.82,2293380.33,397823150.89,173.47,multiply,BTC,ETH
2020-01-30,186.7,175.97,173.47,3066710.35,565568199.28,184.42,multiply,BTC,ETH
2020-01-31,182.64,177.5,184.42,2714562.26,487674049.61,179.65,multiply,BTC,ETH
2020-02-01,186.09,179.81,179.65,2166242.99,397838510.97,183.65,multiply,BTC,ETH
2020-02-02,190.7,181.27,183.65,3851746.39,725534844.29,188.37,multiply,BTC,ETH
2020-02-03,190.7,186.8,188.37,2889055.05,547997589.0,189.68,multiply,BTC,ETH
2020-02-04,188.76,184.63,189.68,2718810.77,512203474.25,188.39,multiply,BTC,ETH
2020-02-05,205.78,196.65,188.39,3955322.74,806325046.18,203.86,multiply,BTC,ETH
2020-02-06,214.34,205.65,203.86,4349177.44,925819964.93,212.87,multiply,BTC,ETH
2020-02-07,223.83,213.82,212.87,3223801.5,719675881.29,223.24,multiply,BTC,ETH
2020-02-08,228.75,218.65,223.24,3202425.6,714799127.35,223.21,multiply,BTC,ETH
2020-02-09,232.11,226.52,223.21,2208722.68,505028036.14,228.65,multiply,BTC,ETH
2020-02-10,224.76,217.76,228.65,2665253.24,594846674.44,223.19,multiply,BTC,ETH
2020-02-11,239.59,229.62,223.19,3970106.08,943842318.04,237.74,multiply,BTC,ETH
2020-02-12,276.91,239.45,237.74,6162261.7,1638802974.73,265.94,multiply,BTC,ETH
2020-02-13,273.74,258.19,265.94,5252002.2,1410279798.58,268.52,multiply,BTC,ETH
2020-02-14,286.88,266.78,268.52,4264466.83,1218082692.61,285.64,multiply,BTC,ETH
2020-02-15,275.67,263.48,285.64,4640538.98,1228225789.25,264.67,multiply,BTC,ETH
2020-02-16,270.87,244.66,264.67,4751288.67,1235093246.39,259.95,multiply,BTC,ETH
2020-02-17,268.27,241.79,259.95,5155249.75,1379015768.38,267.5,multiply,BTC,ETH
2020-02-18,290.0,274.93,267.5,5131089.38,1452489694.04,283.08,multiply,BTC,ETH
2020-02-19,270.88,256.96,283.08,3119006.38,807153589.68,258.79,multiply,BTC,ETH
2020-02-20,263.19,249.64,258.79,3750954.18,966650959.83,257.71,multiply,BTC,ETH
2020-02-21,266.98,257.48,257.71,3434048.33,912166977.09,265.62,multiply,BTC,ETH
2020-02-22,265.77,259.49,265.62,1742726.37,456762597.05,262.1,multiply,BTC,ETH
2020-02-23,275.58,269.39,262.1,2618558.08,721610483.07,275.58,multiply,BTC,ETH
2020-02-24,268.57,261.9,275.58,1777330.6,472525409.3,265.86,multiply,BTC,ETH
2020-02-25,257.03,246.6,265.86,3217338.12,793992744.73,246.79,multiply,BTC,ETH
2020-02-26,234.61,218.43,246.79,5096383.71,1141439327.42,223.97,multiply,BTC,ETH
2020-02-27,234.92,217.36,223.97,4720134.84,1074277672.87,227.59,multiply,BTC,ETH
2020-02-28,229.75,220.69,227.59,4201511.4,956885208.27,227.75,multiply,BTC,ETH
2020-02-29,227.14,217.91,227.75,5265472.33,1147393678.32,217.91,multiply,BTC,ETH
2020-03-01,222.71,214.93,217.91,4074524.49,889328823.45,218.27,multiply,BTC,ETH
2020-03-02,234.41,226.74,218.27,4139639.56,960775712.96,232.09,multiply,BTC,ETH
2020-03-03,229.13,222.91,232.09,4603088.97,1030922185.77,223.96,multiply,BTC,ETH
2020-03-04,227.5,222.5,223.96,3477977.96,782099795.13,224.87,multiply,BTC,ETH
2020-03-05,233.59,227.14,224.87,3489257.08,798259018.15,228.78,multiply,BTC,ETH
2020-03-06,245.77,230.84,228.78,3861984.61,948818789.11,245.68,multiply,BTC,ETH
2020-03-07,244.59,237.11,245.68,3915114.36,930388899.37,237.64,multiply,BTC,ETH
2020-03-08,215.06,197.74,237.64,4423300.22,883552623.46,199.75,multiply,BTC,ETH
2020-03-09,207.83,196.31,199.75,4444746.76,902545227.85,203.06,multiply,BTC,ETH
2020-03-10,202.97,198.0,203.06,4487519.67,900211302.18,200.6,multiply,BTC,ETH
2020-03-11,203.16,190.05,200.6,4427030.32,862475052.76,194.82,multiply,BTC,ETH
2020-03-12,120.81,105.22,194.82,7856259.11,866028497.69,110.23,multiply,BTC,ETH
2020-03-13,140.36,125.16,110.23,10980332.09,1484342374.16,135.18,multiply,BTC,ETH
2020-03-14,126.54,121.72,135.18,3081732.5,378141871.11,122.7,multiply,BTC,ETH
2020-03-15,127.6,119.25,122.7,3660808.54,452622446.96,123.64,multiply,BTC,ETH
2020-03-16,117.55,109.98,123.64,5953248.59,662853450.74,111.34,multiply,BTC,ETH
2020-03-17,120.2,115.13,111.34,4440425.33,515981234.12,116.2,multiply,BTC,ETH
2020-03-18,119.3,116.98,116.2,3527675.95,418382877.77,118.6,multiply,BTC,ETH
2020-03-19,138.67,132.91,118.6,3929460.13,537587654.84,136.81,multiply,BTC,ETH
2020-03-20,140.89,127.48,136.81,4153651.53,553741275.76,133.31,multiply,BTC,ETH
2020-03-21,133.7,130.85,133.31,2702792.47,359011975.68,132.83,multiply,BTC,ETH
2020-03-22,125.42,121.17,132.83,2528867.43,309805765.33,122.51,multiply,BTC,ETH
2020-03-23,138.33,133.06,122.51,1717734.85,234709856.11,136.64,multiply,BTC,ETH
2020-03-24,142.92,138.46,136.64,1691896.6,235170035.84,139.0,multiply,BTC,ETH
2020-03-25,141.05,135.69,139.0,1290204.79,175760951.78,136.23,multiply,BTC,ETH
2020-03-26,139.42,136.44,136.23,1168908.93,162254253.25,138.81,multiply,BTC,ETH
2020-03-27,132.32,129.83,138.81,1174339.63,154633712.05,131.68,multiply,BTC,ETH
2020-03-28,132.55,127.99,131.68,1248270.98,163822790.2,131.24,multiply,BTC,ETH
2020-03-29,125.11,122.76,131.24,902059.46,112330013.27,124.53,multiply,BTC,ETH
2020-03-30,136.39,131.01,124.53,1170545.56,154854263.42,132.29,multiply,BTC,ETH
2020-03-31,133.93,131.17,132.29,879133.02,117010142.69,133.1,multiply,BTC,ETH
2020-04-01,140.94,135.87,133.1,1441456.61,196140910.28,136.07,multiply,BTC,ETH
2020-04-02,143.78,138.81,136.07,1819978.87,257461293.94,141.46,multiply,BTC,ETH
2020-04-03,142.16,138.92,141.46,1413787.73,200026090.18,141.48,multiply,BTC,ETH
2020-04-04,146.53,143.02,141.48,1051434.17,151966376.58,144.53,multiply,BTC,ETH
2020-04-05,143.97,141.94,144.53,751599.88,107344500.8,142.82,multiply,BTC,ETH
2020-04-06,172.51,154.37,142.82,2591346.45,445136319.82,171.78,multiply,BTC,ETH
2020-04-07,171.69,163.84,171.78,2681474.14,441638538.53,164.7,multiply,BTC,ETH
2020-04-08,173.28,167.83,164.7,1667960.07,288902140.84,173.21,multiply,BTC,ETH
2020-04-09,172.01,169.38,173.21,1256713.57,213503155.75,169.89,multiply,BTC,ETH
2020-04-10,160.43,154.79,169.89,2099659.74,332080651.73,158.16,multiply,BTC,ETH
2020-04-11,160.14,156.62,158.16,1290503.64,204612645.49,158.55,multiply,BTC,ETH
2020-04-12,160.4,157.7,158.55,1196952.53,190086914.77,158.81,multiply,BTC,ETH
2020-04-13,158.52,155.09,158.81,1507948.71,236456264.65,156.81,multiply,BTC,ETH
2020-04-14,160.08,156.99,156.81,1127461.18,178860313.52,158.64,multiply,BTC,ETH
2020-04-15,155.06,151.55,158.64,1292083.72,197615790.67,152.94,multiply,BTC,ETH
2020-04-16,175.66,163.21,152.94,2902276.9,500930041.32,172.6,multiply,BTC,ETH
2020-04-17,172.13,168.12,172.6,1559084.14,266277387.19,170.79,multiply,BTC,ETH
2020-04-18,188.94,176.3,170.79,2201263.33,413517308.96,187.85,multiply,BTC,ETH
2020-04-19,185.31,178.32,187.85,1929266.85,347883867.33,180.32,multiply,BTC,ETH
2020-04-20,176.88,169.08,180.32,2362597.95,403179001.07,170.65,multiply,BTC,ETH
2020-04-21,173.37,170.14,170.65,1526448.92,261076182.64,171.03,multiply,BTC,ETH
2020-04-22,183.59,177.67,171.03,1563646.41,286183673.61,183.02,multiply,BTC,ETH
2020-04-23,194.8,184.68,183.02,2006279.73,372633155.6,185.73,multiply,BTC,ETH
2020-04-24,188.49,186.01,185.73,1279874.65,240182435.87,187.66,multiply,BTC,ETH
2020-04-25,195.62,188.14,187.66,1560059.44,303289064.0,194.41,multiply,BTC,ETH
2020-04-26,199.85,196.46,194.41,1268339.41,250644973.85,197.62,multiply,BTC,ETH
2020-04-27,199.9,194.06,197.62,1311828.77,258049806.65,196.71,multiply,BTC,ETH
2020-04-28,197.73,194.78,196.71,1050050.29,206733185.38,196.88,multiply,BTC,ETH
2020-04-29,228.15,212.95,196.88,2233529.7,481510851.06,215.58,multiply,BTC,ETH
2020-04-30,212.92,204.02,215.58,2277805.97,470224989.05,206.44,multiply,BTC,ETH
2020-05-01,215.08,210.75,206.44,1609809.5,341543226.1,212.16,multiply,BTC,ETH
2020-05-02,216.98,213.57,212.16,836942.72,179197523.23,214.11,multiply,BTC,ETH
2020-05-03,213.68,208.96,214.11,1285181.25,270043070.91,210.12,multiply,BTC,ETH
2020-05-04,210.32,202.24,210.12,1539124.39,318236765.14,206.76,multiply,BTC,ETH
2020-05-05,211.66,205.34,206.76,981821.87,201692537.2,205.43,multiply,BTC,ETH
2020-05-06,211.16,198.81,205.43,1716962.14,341816428.45,199.08,multiply,BTC,ETH
2020-05-07,222.3,210.7,199.08,2774249.13,588968967.49,212.3,multiply,BTC,ETH
2020-05-08,212.45,207.84,212.3,1911364.63,404185499.74,211.46,multiply,BTC,ETH
2020-05-09,210.29,205.13,211.46,1808538.64,380138715.1,210.19,multiply,BTC,ETH
2020-05-10,199.16,186.84,210.19,2661983.34,499697462.27,187.72,multiply,BTC,ETH
2020-05-11,186.46,179.86,187.72,2203062.33,409270199.69,185.77,multiply,BTC,ETH
2020-05-12,192.39,188.33,185.77,1333854.19,253560918.33,190.1,multiply,BTC,ETH
2020-05-13,202.28,196.78,190.1,1243792.44,248583222.72,199.86,multiply,BTC,ETH
2020-05-14,210.06,200.66,199.86,1956532.07,397775930.68,203.31,multiply,BTC,ETH
2020-05-15,197.59,192.57,203.31,1559838.38,303712134.51,194.71,multiply,BTC,ETH
2020-05-16,201.92,195.91,194.71,1222798.74,245295750.07,200.6,multiply,BTC,ETH
2020-05-17,208.01,202.69,200.6,1035920.54,214183380.54,206.76,multiply,BTC,ETH
2020-05-18,216.43,207.29,206.76,1411667.72,303053831.14,214.68,multiply,BTC,ETH
2020-05-19,216.63,213.31,214.68,997340.42,214104443.63,214.68,multiply,BTC,ETH
2020-05-20,210.54,206.83,214.68,895429.22,187926919.47,209.87,multiply,BTC,ETH
2020-05-21,211.42,191.63,209.85,576319.94,115900478.36,198.56,direct,,ETH
2020-05-22,208.27,200.2,198.58,983282.11,203883969.7,207.35,multiply,BTC,ETH
2020-05-23,209.35,206.32,207.35,765519.54,158295000.8,206.78,multiply,BTC,ETH
2020-05-24,201.75,196.17,206.78,966301.7,193178180.87,199.91,multiply,BTC,ETH
2020-05-25,206.78,203.67,199.91,984408.69,201016206.46,204.2,multiply,BTC,ETH
2020-05-26,203.69,199.97,204.2,932530.14,187471648.97,201.04,multiply,BTC,ETH
2020-05-27,211.98,206.46,201.04,800718.49,166790102.34,208.3,multiply,BTC,ETH
2020-05-28,220.33,212.09,208.3,1004011.96,221217298.51,220.33,multiply,BTC,ETH
2020-05-29,221.95,216.77,220.33,1038042.57,229023699.89,220.63,multiply,BTC,ETH
2020-05-30,248.02,226.3,220.63,1647126.21,401336258.16,243.66,multiply,BTC,ETH
2020-05-31,239.95,231.16,243.66,1215884.5,281521659.77,231.54,multiply,BTC,ETH
2020-06-01,257.73,247.01,231.54,1476844.58,366906124.23,248.44,multiply,BTC,ETH
2020-06-02,238.67,230.19,248.44,1514339.16,360122023.75,237.81,multiply,BTC,ETH
2020-06-03,245.13,239.52,237.81,642061.77,157079114.17,244.65,multiply,BTC,ETH
2020-06-04,246.39,236.28,244.56,372652.43,90413005.89,243.35,direct,,ETH
2020-06-05,247.73,239.25,243.35,307295.41,74553973.27,240.08,direct,,ETH
2020-06-06,244.48,238.02,240.08,191703.01,46231144.22,242.08,direct,,ETH
2020-06-07,245.34,234.97,242.08,350970.89,84241162.44,244.75,direct,,ETH
2020-06-08,247.67,241.15,244.75,268906.97,65548033.56,246.47,direct,,ETH
2020-06-09,249.85,235.78,246.47,311413.28,75833901.79,244.0,direct,,ETH
2020-06-10,250.3,242.38,244.0,354039.1,86962964.42,248.01,direct,,ETH
2020-06-11,250.31,225.86,248.01,684189.54,163068331.34,230.21,direct,,ETH
2020-06-12,239.28,228.19,230.21,381138.07,89734985.04,237.54,direct,,ETH
2020-06-13,238.71,234.61,237.54,158809.72,37591086.28,238.21,direct,,ETH
2020-06-14,238.57,229.98,238.21,302824.94,70815323.17,231.61,direct,,ETH
2020-06-15,233.75,218.29,231.61,677321.32,153345723.13,230.98,direct,,ETH
2020-06-16,236.0,228.88,230.98,293247.62,68381514.54,235.35,direct,,ETH
2020-06-17,234.96,232.6,235.31,744081.13,173917879.04,233.74,multiply,BTC,ETH
2020-06-18,232.92,229.45,233.74,1183501.49,273554189.76,231.14,multiply,BTC,ETH
2020-06-19,229.94,227.06,231.14,554941.24,126984439.23,228.83,multiply,BTC,ETH
2020-06-20,231.36,228.36,228.83,444965.44,101863954.88,228.93,multiply,BTC,ETH
2020-06-21,229.07,227.02,228.93,398016.61,90728932.75,227.95,multiply,BTC,ETH
2020-06-22,246.8,227.39,227.83,541373.26,129354691.96,243.3,direct,,ETH
2020-06-23,243.78,240.9,243.26,633854.34,154096213.24,243.11,multiply,BTC,ETH
2020-06-24,249.14,230.99,243.16,530864.61,126699284.93,234.56,direct,,ETH
2020-06-25,235.12,227.36,234.56,363467.6,84427974.15,232.35,direct,,ETH
2020-06-26,230.87,229.23,232.33,765340.24,175646529.66,229.5,multiply,BTC,ETH
2020-06-27,226.62,218.42,229.5,869943.51,192053080.2,220.77,multiply,BTC,ETH
2020-06-28,226.37,222.36,220.77,713590.85,160427791.91,224.82,multiply,BTC,ETH
2020-06-29,228.76,224.35,224.82,986194.45,224693888.65,227.84,multiply,BTC,ETH
2020-06-30,227.32,224.21,227.84,760908.56,171575809.95,225.49,multiply,BTC,ETH
2020-07-01,231.62,227.28,225.49,822437.95,190036327.93,231.06,multiply,BTC,ETH
2020-07-02,227.96,224.96,231.06,1457284.01,330209737.79,226.59,multiply,BTC,ETH
2020-07-03,226.66,224.76,226.59,1163308.98,261884352.33,225.12,multiply,BTC,ETH
2020-07-04,229.56,226.73,225.12,1114755.74,255496390.55,229.19,multiply,BTC,ETH
2020-07-05,228.4,225.58,229.19,1020069.83,232611581.25,228.03,multiply,BTC,ETH
2020-07-06,241.9,233.86,228.03,2113903.04,511159054.2,241.81,multiply,BTC,ETH
2020-07-07,240.69,233.56,241.81,1358166.45,325137300.06,239.39,multiply,BTC,ETH
2020-07-08,248.82,241.45,239.39,1807293.64,446444658.34,247.02,multiply,BTC,ETH
2020-07-09,242.98,238.64,247.02,838047.44,202935600.75,242.15,multiply,BTC,ETH
2020-07-10,243.55,238.81,242.15,534225.39,128868072.5,241.22,multiply,BTC,ETH
2020-07-11,240.35,237.49,241.22,434730.97,104005761.96,239.24,multiply,BTC,ETH
2020-07-12,242.94,238.85,239.24,564517.75,136986885.16,242.66,multiply,BTC,ETH
2020-07-13,242.96,237.14,242.66,699226.6,167491682.32,239.54,multiply,BTC,ETH
2020-07-14,241.77,239.08,239.54,555917.92,133683082.42,240.47,multiply,BTC,ETH
2020-07-15,239.3,236.08,240.47,511304.02,121931757.09,238.47,multiply,BTC,ETH
2020-07-16,239.17,230.11,238.42,354658.04,82733057.02,233.61,direct,,ETH
2020-07-17,234.87,231.67,233.54,513009.25,119410906.81,232.77,multiply,BTC,ETH
2020-07-18,237.87,233.1,232.77,449014.83,105902192.47,235.85,multiply,BTC,ETH
2020-07-19,239.52,235.28,235.85,493756.5,118084690.77,239.16,multiply,BTC,ETH
2020-07-20,239.1,234.61,239.16,613442.59,144874959.58,236.17,multiply,BTC,ETH
2020-07-21,247.0,235.78,236.16,392196.91,95966343.65,245.87,direct,,ETH
2020-07-22,267.71,247.97,245.62,899421.54,237610574.74,264.18,multiply,BTC,ETH
2020-07-23,280.97,260.56,264.32,840629.82,227497042.4,275.65,direct,,ETH
2020-07-24,287.68,268.61,275.65,612547.5,170698826.04,279.6,direct,,ETH
2020-07-25,309.39,279.6,279.6,744498.83,218403404.71,305.67,direct,,ETH
2020-07-26,319.07,300.43,305.67,731791.27,226259900.31,311.47,direct,,ETH
2020-07-27,359.78,316.6,311.28,2306242.74,743147491.93,322.23,multiply,BTC,ETH
2020-07-28,320.45,311.49,322.23,1676214.68,532201296.09,317.5,multiply,BTC,ETH
2020-07-29,326.47,317.03,317.5,1074624.83,341878677.37,318.14,multiply,BTC,ETH
2020-07-30,339.86,318.07,318.14,1201599.1,402895123.47,335.3,multiply,BTC,ETH
2020-07-31,351.71,340.13,335.3,1351347.36,468835268.22,346.94,multiply,BTC,ETH
2020-08-01,391.23,358.51,346.94,1864945.57,722568267.48,387.45,multiply,BTC,ETH
2020-08-02,414.95,344.45,387.41,1275109.75,483607413.35,371.93,direct,,ETH
2020-08-03,394.79,376.48,371.95,1562985.54,603703192.02,386.25,multiply,BTC,ETH
2020-08-04,402.84,381.18,386.1,672905.11,263396168.06,389.79,direct,,ETH
2020-08-05,410.38,397.57,389.67,1158334.39,464468861.15,400.98,multiply,BTC,ETH
2020-08-06,403.28,392.92,400.98,924612.7,365262534.14,395.04,multiply,BTC,ETH
2020-08-07,398.38,365.09,395.07,621342.96,238575183.71,379.57,direct,,ETH
2020-08-08,397.58,376.32,379.57,300976.24,116573197.91,397.56,direct,,ETH
2020-08-09,400.32,384.27,397.56,333210.44,130828493.0,390.28,direct,,ETH
2020-08-10,399.28,390.95,390.32,956341.34,378431781.83,395.71,multiply,BTC,ETH
2020-08-11,398.33,366.89,395.84,550483.67,211575268.55,378.94,direct,,ETH
2020-08-12,389.5,366.09,378.94,433691.32,165583849.9,387.19,direct,,ETH
2020-08-13,431.71,377.01,387.19,812446.96,326856513.91,424.97,direct,,ETH
2020-08-14,444.64,418.03,424.97,721487.48,310718163.89,438.51,direct,,ETH
2020-08-15,442.89,424.74,438.48,958093.71,414440093.31,432.57,multiply,BTC,ETH
2020-08-16,436.95,412.94,432.63,430834.33,183747481.55,433.85,direct,,ETH
2020-08-17,447.0,420.72,433.85,508591.11,220294114.98,431.26,direct,,ETH
2020-08-18,426.14,415.73,431.28,762840.88,322064343.35,422.19,multiply,BTC,ETH
2020-08-19,426.84,394.63,422.38,593539.86,242013764.61,407.85,direct,,ETH
2020-08-20,419.09,402.63,407.85,594336.14,245429680.33,416.04,direct,,ETH
2020-08-21,418.78,385.2,416.04,833269.52,335992540.64,387.98,direct,,ETH
2020-08-22,397.18,379.8,387.98,704832.42,274291152.47,395.46,direct,,ETH
2020-08-23,397.58,383.56,395.46,400399.03,156583241.04,390.72,direct,,ETH
2020-08-24,410.39,387.72,390.72,668668.61,269045578.82,408.03,direct,,ETH
2020-08-25,409.1,370.38,408.03,657420.71,256111120.78,383.34,direct,,ETH
2020-08-26,393.33,377.76,383.34,338689.99,130709996.59,386.02,direct,,ETH
2020-08-27,387.86,377.32,385.98,841628.48,322334008.91,382.99,multiply,BTC,ETH
2020-08-28,398.08,388.28,382.99,713748.95,282317937.64,395.54,multiply,BTC,ETH
2020-08-29,404.11,392.52,395.54,623460.61,248727540.47,398.95,multiply,BTC,ETH
2020-08-30,430.11,407.15,398.95,990688.35,425180515.49,429.18,multiply,BTC,ETH
2020-08-31,436.58,420.61,429.18,1167183.52,506717370.21,434.14,multiply,BTC,ETH
2020-09-01,483.63,442.6,434.14,1764604.57,839941536.91,475.99,multiply,BTC,ETH
2020-09-02,481.22,421.58,475.81,892744.77,399846874.92,439.83,direct,,ETH
2020-09-03,450.71,374.19,439.83,1147290.59,473102908.76,382.46,direct,,ETH
2020-09-04,400.18,364.11,382.46,622038.92,239570368.52,385.91,direct,,ETH
2020-09-05,394.66,310.93,385.91,1499688.45,522017043.23,335.24,direct,,ETH
2020-09-06,360.31,316.82,335.24,958760.77,327280613.14,352.69,direct,,ETH
2020-09-07,358.54,323.67,352.69,693531.32,238264362.56,353.7,direct,,ETH
2020-09-08,356.57,325.75,353.7,655015.89,222558039.13,337.45,direct,,ETH
2020-09-09,359.2,331.01,337.45,547236.41,190044274.6,351.15,direct,,ETH
2020-09-10,377.54,350.44,351.15,674808.42,248139178.76,368.09,direct,,ETH
2020-09-11,375.31,356.15,368.09,441319.3,161816528.74,373.99,direct,,ETH
2020-09-12,388.14,369.96,374.03,698082.56,270883063.04,388.04,multiply,BTC,ETH
2020-09-13,383.85,357.71,388.04,1034609.9,378959151.0,366.28,multiply,BTC,ETH
2020-09-14,382.82,370.75,366.28,1111989.07,419514214.33,377.26,multiply,BTC,ETH
2020-09-15,382.28,362.54,377.26,872072.14,317572911.45,364.16,multiply,BTC,ETH
2020-09-16,370.9,363.23,364.16,779983.24,284764527.24,365.09,multiply,BTC,ETH
2020-09-17,394.57,364.04,365.09,1409168.77,548924125.68,389.54,multiply,BTC,ETH
2020-09-18,391.69,379.76,389.54,1017844.84,391327582.63,384.47,multiply,BTC,ETH
2020-09-19,389.7,382.61,384.47,646138.01,248935189.81,385.27,multiply,BTC,ETH
2020-09-20,380.84,369.05,385.27,717282.81,266122857.13,371.02,multiply,BTC,ETH
2020-09-21,376.42,332.74,371.06,675272.56,235743740.73,340.19,direct,,ETH
2020-09-22,346.8,335.89,340.19,387847.54,132686320.89,344.25,direct,,ETH
2020-09-23,344.61,314.7,344.25,492135.39,163392957.36,320.19,direct,,ETH
2020-09-24,352.84,317.14,320.19,530250.06,178780604.82,349.18,direct,,ETH
2020-09-25,358.04,338.01,349.18,455676.68,158007481.04,352.02,direct,,ETH
2020-09-26,355.52,348.76,352.05,517452.21,183296884.19,354.23,multiply,BTC,ETH
2020-09-27,361.72,353.42,354.23,548129.55,196081931.5,357.73,multiply,BTC,ETH
2020-09-28,368.15,352.09,357.67,338025.49,122046214.19,354.01,direct,,ETH
2020-09-29,360.59,350.49,354.01,301692.93,107212650.86,359.92,direct,,ETH
2020-09-30,361.43,355.4,359.82,519993.66,187102579.35,359.82,multiply,BTC,ETH
2020-10-01,359.37,350.66,359.82,679105.54,239865351.68,353.21,multiply,BTC,ETH
2020-10-02,354.28,334.71,353.09,405076.24,138979278.48,345.83,direct,,ETH
2020-10-03,349.91,344.31,345.96,403367.62,139693448.38,346.32,multiply,BTC,ETH
2020-10-04,353.57,348.34,346.32,336496.16,118652727.18,352.61,multiply,BTC,ETH
2020-10-05,357.64,353.32,352.61,392691.17,138916761.21,353.76,multiply,BTC,ETH
2020-10-06,355.32,336.93,353.84,324629.12,112291749.41,340.85,direct,,ETH
2020-10-07,342.87,333.27,340.85,341462.64,115694720.97,341.91,direct,,ETH
2020-10-08,353.4,334.35,341.91,295984.38,102219748.95,351.2,direct,,ETH
2020-10-09,368.51,347.19,351.2,336130.72,120746450.13,365.41,direct,,ETH
2020-10-10,378.52,365.2,365.41,253908.73,94915521.94,370.88,direct,,ETH
2020-10-11,376.42,371.75,370.8,405554.05,151826472.42,374.37,multiply,BTC,ETH
2020-10-12,395.22,365.82,374.4,369132.22,140830030.43,386.91,direct,,ETH
2020-10-13,387.82,374.78,386.91,255939.5,97704716.98,381.41,direct,,ETH
2020-10-14,384.25,377.28,381.21,478125.8,181262215.14,379.11,multiply,BTC,ETH
2020-10-15,383.69,377.36,379.11,591728.69,223497544.12,377.7,multiply,BTC,ETH
2020-10-16,379.9,361.57,377.82,318744.72,117467322.34,365.58,direct,,ETH
2020-10-17,369.11,366.27,365.72,322825.81,119010667.66,368.65,multiply,BTC,ETH
2020-10-18,379.59,372.8,368.65,359498.81,136049864.63,378.44,multiply,BTC,ETH
2020-10-19,384.42,373.04,378.44,257142.52,97474550.54,379.41,direct,,ETH
2020-10-20,386.03,367.91,379.39,859418.6,316902577.83,368.74,multiply,BTC,ETH
2020-10-21,401.78,368.19,368.83,731278.91,283451951.4,391.46,direct,,ETH
2020-10-22,421.25,391.34,391.46,567385.97,232628091.79,414.5,direct,,ETH
2020-10-23,419.47,401.93,414.5,330934.12,136314943.28,409.57,direct,,ETH
2020-10-24,418.85,410.45,409.59,455908.25,188086893.4,412.55,multiply,BTC,ETH
2020-10-25,411.97,406.1,412.55,415309.34,168766807.67,406.36,multiply,BTC,ETH
2020-10-26,411.39,382.64,406.3,405412.22,160975600.73,393.11,direct,,ETH
2020-10-27,410.25,390.4,393.11,264061.94,105902450.86,403.74,direct,,ETH
2020-10-28,409.35,381.06,403.74,192392.15,75394842.45,388.77,direct,,ETH
2020-10-29,393.98,380.87,388.77,249693.18,97143305.34,387.54,direct,,ETH
2020-10-30,392.05,374.08,387.54,379042.31,144640027.44,382.76,direct,,ETH
2020-10-31,392.57,385.67,382.83,547916.74,211918605.81,386.77,multiply,BTC,ETH
2020-11-01,397.71,385.6,386.77,850038.51,337253108.32,396.75,multiply,BTC,ETH
2020-11-02,404.39,378.67,396.49,347549.1,135741837.5,383.61,direct,,ETH
2020-11-03,398.14,388.18,383.66,341553.65,132583691.44,388.18,multiply,BTC,ETH
2020-11-04,408.58,377.14,388.17,254271.89,100082927.23,402.66,direct,,ETH
2020-11-05,420.74,397.1,402.66,257653.91,105310367.9,416.89,direct,,ETH
2020-11-06,458.22,415.41,416.89,374046.51,164108426.67,456.32,direct,,ETH
2020-11-07,468.04,426.27,456.32,353304.45,158253714.77,435.82,direct,,ETH
2020-11-08,460.03,432.87,435.82,169586.34,75984233.86,454.74,direct,,ETH
2020-11-09,458.75,434.54,454.74,230777.2,103452706.39,444.45,direct,,ETH
2020-11-10,455.07,439.44,444.45,206511.07,92709328.95,450.86,direct,,ETH
2020-11-11,476.65,449.95,450.86,507733.44,236182074.76,463.91,direct,,ETH
2020-11-12,470.4,452.69,463.91,419454.5,193184163.08,462.78,direct,,ETH
2020-11-13,477.97,458.1,462.78,408493.75,191393679.41,476.87,direct,,ETH
2020-11-14,477.76,452.26,476.87,303539.72,140465129.76,461.03,direct,,ETH
2020-11-15,463.02,440.46,461.03,256400.31,115840989.63,448.51,direct,,ETH
2020-11-16,471.55,458.84,448.45,662300.65,305327654.61,461.01,multiply,BTC,ETH
2020-11-17,495.61,475.46,461.01,1029579.0,496984004.02,482.71,multiply,BTC,ETH
2020-11-18,495.03,458.58,482.73,699555.59,334999694.91,478.76,direct,,ETH
2020-11-19,482.16,468.97,478.81,887917.88,418935834.36,471.82,multiply,BTC,ETH
2020-11-20,514.38,471.19,471.89,759082.86,379278054.3,510.43,direct,,ETH
2020-11-21,553.11,503.09,510.43,741748.0,392076756.29,552.26,direct,,ETH
2020-11-22,581.05,513.33,552.26,964066.75,530834818.6,560.01,direct,,ETH
2020-11-23,610.75,550.31,560.01,1068086.27,628512665.29,609.13,direct,,ETH
2020-11-24,645.6,590.23,609.12,2001953.72,1211148193.21,604.98,multiply,BTC,ETH
2020-11-25,606.1,554.92,605.05,688409.44,404296921.42,569.4,direct,,ETH
2020-11-26,576.94,482.39,569.4,1576644.23,810828523.33,520.22,direct,,ETH
2020-11-27,531.01,494.78,520.22,648018.44,332244579.12,518.83,direct,,ETH
2020-11-28,548.25,507.33,518.83,469956.47,248369034.48,537.99,direct,,ETH
2020-11-29,576.77,531.08,537.99,419301.11,231983170.72,576.0,direct,,ETH
2020-11-30,616.29,571.15,576.0,896172.25,535467109.2,616.14,direct,,ETH
2020-12-01,636.06,566.47,616.14,1268939.21,762366851.43,586.23,direct,,ETH
2020-12-02,604.64,576.61,586.23,532202.31,314984220.64,598.26,direct,,ETH
2020-12-03,623.7,586.55,598.26,520711.18,316868104.63,616.55,direct,,ETH
2020-12-04,620.5,566.14,616.55,622236.62,369234314.74,567.67,direct,,ETH
2020-12-05,599.99,580.64,567.79,750251.2,447845298.9,596.93,multiply,BTC,ETH
2020-12-06,610.44,599.0,596.93,659997.39,397514748.44,602.3,multiply,BTC,ETH
2020-12-07,602.49,587.53,602.3,645874.83,381946393.32,591.36,multiply,BTC,ETH
2020-12-08,595.17,549.12,591.53,537079.56,307106189.41,554.82,direct,,ETH
2020-12-09,577.8,530.82,554.82,749281.63,418399444.97,573.44,direct,,ETH
2020-12-10,575.27,548.52,573.44,354098.49,198710326.68,558.36,direct,,ETH
2020-12-11,560.35,535.92,558.36,569602.04,310867291.92,544.14,direct,,ETH
2020-12-12,574.11,543.48,544.14,297399.48,166540219.65,568.26,direct,,ETH
2020-12-13,595.05,563.87,568.26,346124.44,201829035.68,590.72,direct,,ETH
2020-12-14,591.45,575.93,590.72,277062.65,162125862.95,586.35,direct,,ETH
2020-12-15,596.93,579.25,586.35,293205.54,172371762.61,589.17,direct,,ETH
2020-12-16,638.73,581.3,589.17,808780.64,497086861.72,637.74,direct,,ETH
2020-12-17,675.88,627.08,637.74,1349219.92,878651645.58,643.16,direct,,ETH
2020-12-18,664.2,629.63,643.16,528429.46,341755740.38,654.55,direct,,ETH
2020-12-19,669.79,646.4,654.55,514459.89,338530489.08,658.7,direct,,ETH
2020-12-20,661.05,621.84,658.7,477979.98,308930175.05,638.17,direct,,ETH
2020-12-21,647.83,596.6,638.17,785220.42,486584732.86,607.9,direct,,ETH
2020-12-22,637.85,587.94,607.9,564395.67,347239331.3,637.23,direct,,ETH
2020-12-23,638.29,552.44,637.23,839668.75,506935177.53,585.25,direct,,ETH
2020-12-24,614.84,565.82,585.25,503685.19,295864857.77,612.32,direct,,ETH
2020-12-25,633.8,604.38,612.32,473363.94,292795859.77,626.83,direct,,ETH
2020-12-26,651.93,615.66,626.83,551377.41,350294888.79,636.07,direct,,ETH
2020-12-27,714.04,625.57,636.07,1251438.81,842878848.15,683.98,direct,,ETH
2020-12-28,746.88,681.29,683.98,1077695.67,781168475.41,729.59,direct,,ETH
2020-12-29,739.39,688.87,729.59,708399.11,507583628.28,731.55,direct,,ETH
2020-12-30,758.27,717.54,731.55,670985.03,495447971.32,752.53,direct,,ETH
2020-12-31,755.68,722.92,752.53,548855.97,405487796.36,737.15,direct,,ETH
2021-01-01,749.71,717.14,737.15,436164.48,320856381.75,730.6,direct,,ETH
2021-01-02,788.27,716.71,730.6,904953.39,688632713.33,774.9,direct,,ETH
2021-01-03,1011.81,770.07,774.9,2200163.67,1987810339.53,978.69,direct,,ETH
2021-01-04,1163.36,889.78,978.69,2903509.97,2941908637.58,1043.16,direct,,ETH
2021-01-05,1133.9,975.69,1043.16,2076858.97,2209100382.41,1103.19,direct,,ETH
2021-01-06,1214.12,1059.19,1103.19,2484714.82,2817165249.56,1210.59,direct,,ETH
2021-01-07,1290.46,1151.6,1210.59,1601329.3,1957429185.72,1225.5,direct,,ETH
2021-01-08,1273.69,1067.33,1225.5,1767634.41,2103290577.04,1216.98,direct,,ETH
2021-01-09,1307.77,1173.77,1216.98,997317.78,1234090079.14,1279.96,direct,,ETH
2021-01-10,1350.09,1163.66,1279.96,1503199.13,1931453689.24,1255.72,direct,,ETH
2021-01-11,1259.54,912.42,1255.72,3649323.14,3831991768.04,1088.37,direct,,ETH
2021-01-12,1149.87,1007.68,1088.37,1521509.38,1647583878.23,1050.04,direct,,ETH
2021-01-13,1136.66,985.32,1050.04,1182504.51,1262994625.32,1129.84,direct,,ETH
2021-01-14,1246.36,1087.39,1129.84,1151856.9,1349158455.8,1232.11,direct,,ETH
2021-01-15,1255.19,1069.37,1232.11,1395002.47,1643038085.27,1169.06,direct,,ETH
2021-01-16,1293.2,1152.92,1169.06,1020332.59,1250938805.76,1228.52,direct,,ETH
2021-01-17,1269.49,1166.6,1228.52,783042.23,957632921.26,1233.73,direct,,ETH
2021-01-18,1260.68,1183.78,1233.73,663535.05,813409622.3,1258.31,direct,,ETH
2021-01-19,1439.37,1252.78,1258.31,1607009.53,2197247666.73,1367.65,direct,,ETH
2021-01-20,1408.06,1234.88,1367.65,1362169.39,1802865032.38,1377.75,direct,,ETH
2021-01-21,1389.04,1086.55,1377.75,1941246.58,2374156404.45,1111.49,direct,,ETH
2021-01-22,1275.45,1044.92,1111.49,1781416.3,2068128154.63,1234.56,direct,,ETH
2021-01-23,1272.57,1197.55,1234.56,617746.69,766118780.58,1234.1,direct,,ETH
2021-01-24,1400.2,1221.78,1234.1,1164242.17,1540273353.15,1392.45,direct,,ETH
2021-01-25,1475.49,1296.02,1392.45,1477949.16,2072432387.85,1318.47,direct,,ETH
2021-01-26,1378.06,1246.49,1318.47,1325006.34,1749379399.61,1368.22,direct,,ETH
2021-01-27,1374.39,1207.77,1368.22,1409050.67,1798477778.92,1241.51,direct,,ETH
2021-01-28,1361.36,1220.48,1241.51,1035138.63,1368788914.36,1330.78,direct,,ETH
2021-01-29,1442.14,1287.5,1330.78,1622581.39,2215293756.32,1379.13,direct,,ETH
2021-01-30,1406.51,1326.9,1379.13,585864.43,798440634.01,1379.35,direct,,ETH
2021-01-31,1381.53,1283.77,1379.35,492089.73,653725686.92,1314.18,direct,,ETH
2021-02-01,1377.77,1271.68,1314.18,585469.21,774664819.38,1374.57,direct,,ETH
2021-02-02,1549.2,1361.84,1374.57,1325932.08,1932069095.73,1513.9,direct,,ETH
2021-02-03,1670.87,1510.16,1513.9,1156693.15,1832159523.59,1667.22,direct,,ETH
2021-02-04,1697.97,1558.06,1667.22,1172256.64,1921213581.05,1597.44,direct,,ETH
2021-02-05,1762.23,1592.92,1597.44,963997.03,1626954142.52,1721.48,direct,,ETH
2021-02-06,1744.33,1648.46,1721.48,765790.73,1293997066.53,1679.14,direct,,ETH
2021-02-07,1694.5,1494.84,1679.14,929611.92,1480130359.34,1614.64,direct,,ETH
2021-02-08,1779.25,1565.98,1614.64,1166827.02,1975321767.53,1752.87,direct,,ETH
2021-02-09,1824.66,1710.46,1752.87,894749.11,1573102089.36,1772.05,direct,,ETH
2021-02-10,1838.93,1680.58,1772.05,959891.91,1691442085.33,1743.0,direct,,ETH
2021-02-11,1818.43,1705.77,1743.0,589410.57,1043919213.74,1787.69,direct,,ETH
2021-02-12,1867.1,1741.17,1787.69,750882.93,1354431182.3,1844.84,direct,,ETH
2021-02-13,1875.55,1765.87,1844.84,522573.28,950428277.14,1817.48,direct,,ETH
2021-02-14,1852.06,1786.75,1817.48,423533.72,772757223.36,1802.96,direct,,ETH
2021-02-15,1836.25,1661.33,1802.96,919696.6,1616101004.74,1779.4,direct,,ETH
2021-02-16,1825.9,1726.66,1779.4,608093.81,1081268304.83,1782.83,direct,,ETH
2021-02-17,1856.88,1734.79,1782.83,565395.25,1021991301.71,1851.14,direct,,ETH
2021-02-18,1950.03,1850.93,1851.14,624859.46,1193546506.61,1939.61,direct,,ETH
2021-02-19,1973.92,1891.32,1939.61,603867.66,1170439220.78,1957.47,direct,,ETH
2021-02-20,2038.52,1819.36,1957.47,968370.26,1903964736.95,1915.12,direct,,ETH
2021-02-21,1975.88,1885.62,1915.12,413929.05,802733653.42,1935.14,direct,,ETH
2021-02-22,1937.57,1446.99,1935.14,1512841.22,2656835977.99,1778.07,direct,,ETH
2021-02-23,1781.51,1360.96,1778.07,2496275.35,3829356462.28,1578.19,direct,,ETH
2021-02-24,1713.25,1500.94,1578.19,1086421.38,1769603424.19,1625.17,direct,,ETH
2021-02-25,1672.23,1459.54,1625.17,803691.98,1278762281.98,1481.88,direct,,ETH
2021-02-26,1563.11,1400.53,1481.88,1036113.25,1529005290.71,1446.1,direct,,ETH
2021-02-27,1526.93,1426.45,1446.1,585399.45,867562033.49,1460.23,direct,,ETH
2021-02-28,1469.7,1294.05,1460.23,1156430.89,1583883301.69,1422.58,direct,,ETH
2021-03-01,1572.92,1413.28,1422.58,800017.26,1205752163.07,1571.49,direct,,ETH
2021-03-02,1604.11,1456.73,1571.49,590267.55,906296855.1,1488.67,direct,,ETH
2021-03-03,1657.11,1477.82,1488.67,577883.81,917252731.88,1568.65,direct,,ETH
2021-03-04,1625.02,1505.61,1568.65,657432.27,1023294046.59,1538.37,direct,,ETH
2021-03-05,1549.35,1443.48,1538.37,708293.26,1053353462.19,1529.75,direct,,ETH
2021-03-06,1670.56,1514.5,1529.75,730694.87,1162129783.44,1651.48,direct,,ETH
2021-03-07,1734.52,1631.59,1651.48,449616.47,750450852.99,1726.33,direct,,ETH
2021-03-08,1842.9,1666.76,1726.33,687732.85,1199163171.81,1834.48,direct,,ETH
2021-03-09,1872.1,1799.85,1834.48,512339.31,939208423.11,1872.1,direct,,ETH
2021-03-10,1878.68,1758.02,1872.1,725975.31,1320531852.38,1795.63,direct,,ETH
2021-03-11,1846.24,1726.09,1795.63,537879.47,964788578.61,1827.06,direct,,ETH
2021-03-12,1842.03,1722.01,1827.06,548553.31,972065732.17,1767.77,direct,,ETH
2021-03-13,1943.37,1728.87,1767.77,592461.56,1104075445.89,1921.18,direct,,ETH
2021-03-14,1931.77,1837.82,1921.18,367039.57,690832715.33,1848.69,direct,,ETH
2021-03-15,1891.24,1735.53,1848.69,781036.17,1403489044.83,1794.83,direct,,ETH
2021-03-16,1819.57,1716.2,1794.83,624327.03,1108536467.78,1805.64,direct,,ETH
2021-03-17,1838.35,1742.81,1805.64,629261.22,1129204045.53,1823.03,direct,,ETH
2021-03-18,1849.5,1759.7,1823.03,406758.7,735764945.49,1776.16,direct,,ETH
2021-03-19,1840.66,1734.36,1776.16,324695.13,584649417.76,1809.76,direct,,ETH
2021-03-20,1868.98,1800.95,1809.76,272549.21,500262459.33,1805.49,direct,,ETH
2021-03-21,1817.33,1747.94,1805.49,343447.52,612374090.22,1783.94,direct,,ETH
2021-03-22,1807.19,1657.58,1783.94,496567.29,861293326.85,1682.05,direct,,ETH
2021-03-23,1721.69,1652.19,1682.05,392868.19,664606148.51,1668.69,direct,,ETH
2021-03-24,1740.3,1546.93,1668.69,773811.51,1282635340.24,1583.24,direct,,ETH
2021-03-25,1621.59,1549.08,1583.24,532202.27,845403275.47,1586.98,direct,,ETH
2021-03-26,1700.19,1586.8,1586.98,398023.77,653006855.68,1699.89,direct,,ETH
2021-03-27,1732.36,1667.18,1699.89,240514.86,409407275.39,1713.94,direct,,ETH
2021-03-28,1725.59,1662.16,1713.94,203653.93,345610376.43,1686.74,direct,,ETH
2021-03-29,1840.88,1676.68,1686.74,485643.56,861718830.25,1816.48,direct,,ETH
2021-03-30,1859.58,1786.81,1816.48,321661.61,588402836.48,1841.4,direct,,ETH
2021-03-31,1947.27,1772.26,1841.4,574695.62,1070069136.01,1919.08,direct,,ETH
2021-04-01,1982.01,1888.82,1919.08,452661.12,878675921.08,1967.67,direct,,ETH
2021-04-02,2144.04,1949.57,1967.67,575612.31,1171559202.46,2134.46,direct,,ETH
2021-04-03,2138.57,2002.95,2134.46,465878.89,966547451.67,2009.19,direct,,ETH
2021-04-04,2092.26,1981.36,2009.19,268891.15,549224714.37,2076.62,direct,,ETH
2021-04-05,2130.42,2003.31,2076.62,350641.1,729654195.02,2107.73,direct,,ETH
2021-04-06,2150.74,2045.94,2107.73,469974.9,990663666.13,2112.29,direct,,ETH
2021-04-07,2128.54,1931.07,2112.29,623594.91,1252547038.35,1964.18,direct,,ETH
2021-04-08,2084.31,1950.13,1964.18,305197.37,619720134.67,2081.11,direct,,ETH
2021-04-09,2100.0,2049.84,2081.11,300783.89,624512595.28,2066.55,direct,,ETH
2021-04-10,2195.55,2057.75,2066.55,415765.82,889892660.09,2133.82,direct,,ETH
2021-04-11,2163.6,2113.71,2133.82,208018.65,445144430.2,2150.54,direct,,ETH
2021-04-12,2200.09,2102.81,2150.54,321554.58,690437458.28,2137.79,direct,,ETH
2021-04-13,2314.02,2136.24,2137.79,542269.51,1214602558.5,2298.66,direct,,ETH
2021-04-14,2446.07,2282.77,2298.66,691403.42,1631081340.89,2431.86,direct,,ETH
2021-04-15,2545.89,2401.07,2431.86,531393.8,1311251415.24,2517.08,direct,,ETH
2021-04-16,2547.4,2306.2,2517.08,691735.22,1677614061.1,2425.96,direct,,ETH
2021-04-17,2496.71,2315.76,2425.96,439527.77,1057642278.34,2318.01,direct,,ETH
2021-04-18,2339.37,1976.71,2318.01,1237429.53,2686887831.66,2240.96,direct,,ETH
2021-04-19,2281.08,2071.54,2240.96,712383.89,1554224533.41,2163.36,direct,,ETH
2021-04-20,2348.17,2055.51,2163.36,861229.69,1886717479.23,2332.45,direct,,ETH
2021-04-21,2469.05,2238.47,2332.45,834316.0,1971928079.96,2357.59,direct,,ETH
2021-04-22,2644.5,2310.62,2357.59,1338689.99,3319342457.7,2401.35,direct,,ETH
2021-04-23,2441.96,2096.0,2401.35,1532966.63,3462302445.7,2369.67,direct,,ETH
2021-04-24,2370.67,2159.64,2369.67,545795.93,1232014469.73,2216.56,direct,,ETH
2021-04-25,2357.02,2166.7,2216.56,692277.45,1563493601.18,2322.14,direct,,ETH
2021-04-26,2542.23,2306.94,2322.14,742616.36,1831381585.37,2534.9,direct,,ETH
2021-04-27,2681.47,2485.34,2534.9,607149.72,1576533318.02,2667.93,direct,,ETH
2021-04-28,2761.78,2560.07,2667.93,823472.94,2211100347.39,2750.91,direct,,ETH
2021-04-29,2799.55,2672.02,2750.91,617743.29,1693692607.67,2758.46,direct,,ETH
2021-04-30,2799.6,2727.7,2758.46,422851.03,1166672092.0,2775.96,direct,,ETH
2021-05-01,2954.54,2757.04,2775.96,458591.96,1319269388.69,2947.8,direct,,ETH
2021-05-02,2985.05,2856.3,2947.8,343732.99,1007547549.64,2951.98,direct,,ETH
2021-05-03,3455.66,2951.85,2951.98,1138802.12,3650014191.34,3431.41,direct,,ETH
2021-05-04,3531.04,3185.01,3431.41,1452703.51,4856094057.96,3241.09,direct,,ETH
2021-05-05,3549.08,3208.25,3241.09,884171.46,2987271855.25,3528.86,direct,,ETH
2021-05-06,3607.98,3381.46,3528.86,778852.98,2723700342.59,3491.74,direct,,ETH
2021-05-07,3592.46,3360.6,3491.74,578858.34,2017976762.42,3483.96,direct,,ETH
2021-05-08,3959.92,3454.89,3483.96,669610.72,2489085350.71,3916.25,direct,,ETH
2021-05-09,3982.33,3730.53,3916.25,623594.65,2421772525.96,3927.06,direct,,ETH
2021-05-10,4210.05,3712.47,3927.06,1190037.55,4805160991.1,3949.77,direct,,ETH
2021-05-11,4182.26,3770.53,3949.77,790117.42,3146654572.85,4178.02,direct,,ETH
2021-05-12,4379.79,3777.24,4178.02,1321151.72,5489764411.82,3811.29,direct,,ETH
2021-05-13,4045.28,3546.6,3811.29,1632743.76,6173576604.52,3718.99,direct,,ETH
2021-05-14,4176.42,3696.24,3718.99,681070.26,2713948078.85,4080.13,direct,,ETH
2021-05-15,4133.56,3634.39,4080.13,690233.62,2665190551.47,3644.04,direct,,ETH
2021-05-16,3879.08,3350.54,3644.04,1031364.39,3696212448.72,3586.18,direct,,ETH
2021-05-17,3590.01,3117.41,3586.18,1474599.06,4924404061.32,3280.73,direct,,ETH
2021-05-18,3564.97,3242.5,3280.73,979392.26,3346074529.75,3377.65,direct,,ETH
2021-05-19,3441.2,1947.97,3377.65,3555126.89,9657968555.96,2442.89,direct,,ETH
2021-05-20,2996.39,2162.9,2442.89,2086633.64,5492948402.81,2772.84,direct,,ETH
2021-05-21,2939.92,2107.47,2772.84,1890815.86,4714736714.8,2435.86,direct,,ETH
2021-05-22,2486.25,2158.17,2435.86,1421431.75,3320459994.89,2297.03,direct,,ETH
2021-05-23,2382.3,1736.21,2297.03,2464645.1,4985757879.79,2098.57,direct,,ETH
2021-05-24,2675.29,2081.99,2098.57,1906727.17,4567480766.29,2648.77,direct,,ETH
2021-05-25,2755.91,2387.23,2648.77,1514977.65,3915916814.09,2707.49,direct,,ETH
2021-05-26,2912.07,2648.47,2707.49,1102350.01,3067471922.96,2888.94,direct,,ETH
2021-05-27,2891.49,2641.48,2888.94,825746.35,2281995472.98,2742.48,direct,,ETH
2021-05-28,2761.88,2334.05,2742.48,1350168.83,3418586712.49,2412.36,direct,,ETH
2021-05-29,2573.27,2208.58,2412.36,1080128.04,2557596064.82,2278.58,direct,,ETH
2021-05-30,2475.92,2182.6,2278.58,976153.03,2311564285.7,2386.91,direct,,ETH
2021-05-31,2718.67,2274.99,2386.91,871042.27,2183404966.43,2707.38,direct,,ETH
2021-06-01,2742.61,2529.17,2707.38,719587.48,1882287507.52,2634.23,direct,,ETH
2021-06-02,2801.72,2553.06,2634.23,590403.58,1593115620.38,2706.52,direct,,ETH
2021-06-03,2889.66,2663.83,2706.52,630583.32,1767131489.54,2856.01,direct,,ETH
2021-06-04,2859.2,2554.63,2856.01,697975.45,1870054033.42,2691.17,direct,,ETH
2021-06-05,2816.78,2553.73,2691.17,570354.57,1523173179.92,2629.76,direct,,ETH
2021-06-06,2745.12,2615.9,2629.76,345624.87,930314354.19,2710.99,direct,,ETH
2021-06-07,2847.92,2574.68,2710.99,635977.9,1734370558.93,2593.12,direct,,ETH
2021-06-08,2621.22,2310.58,2593.12,1049561.45,2594319741.23,2509.23,direct,,ETH
2021-06-09,2626.22,2407.88,2509.23,719386.66,1819177646.94,2610.64,direct,,ETH
2021-06-10,2624.05,2428.83,2610.64,403228.88,1018177774.01,2471.56,direct,,ETH
2021-06-11,2497.64,2322.3,2471.56,408138.02,988630797.95,2355.09,direct,,ETH
2021-06-12,2452.14,2259.36,2355.09,379128.5,891766601.89,2369.62,direct,,ETH
2021-06-13,2549.74,2310.29,2369.62,364534.68,882400625.24,2509.7,direct,,ETH
2021-06-14,2608.81,2462.27,2509.7,388978.97,985454994.26,2582.12,direct,,ETH
2021-06-15,2639.89,2507.88,2582.12,343235.2,884043051.65,2543.6,direct,,ETH
2021-06-16,2554.51,2351.52,2543.6,403684.37,986488084.54,2367.7,direct,,ETH
2021-06-17,2458.97,2306.4,2367.7,364787.43,866421709.08,2372.31,direct,,ETH
2021-06-18,2377.33,2135.22,2372.31,531451.42,1193362399.58,2233.57,direct,,ETH
2021-06-19,2278.35,2164.05,2233.57,321968.53,715881808.7,2166.61,direct,,ETH
2021-06-20,2276.61,2043.74,2166.61,491490.81,1057105893.49,2243.6,direct,,ETH
2021-06-21,2259.39,1870.01,2243.6,1396642.92,2759117557.28,1887.89,direct,,ETH
2021-06-22,1998.75,1705.78,1887.89,1703182.02,3161540297.98,1880.83,direct,,ETH
2021-06-23,2044.91,1827.2,1880.83,714905.63,1416402416.38,1968.56,direct,,ETH
2021-06-24,2034.57,1886.17,1968.56,448512.52,882504031.49,1989.01,direct,,ETH
2021-06-25,2019.45,1791.99,1989.01,882983.22,1653237866.52,1810.27,direct,,ETH
2021-06-26,1851.36,1717.91,1810.27,575329.88,1021387751.81,1830.94,direct,,ETH
2021-06-27,1984.58,1808.2,1830.94,583203.44,1092710033.78,1983.33,direct,,ETH
2021-06-28,2143.6,1961.83,1983.33,638008.18,1308344183.96,2083.8,direct,,ETH
2021-06-29,2245.38,2075.64,2083.8,455104.86,990499298.9,2165.61,direct,,ETH
2021-06-30,2287.05,2089.55,2165.61,518346.72,1128164730.61,2276.14,direct,,ETH
2021-07-01,2277.05,2074.67,2276.14,499798.16,1069055464.26,2109.29,direct,,ETH
2021-07-02,2159.25,2018.32,2109.29,411011.61,855546242.98,2155.65,direct,,ETH
2021-07-03,2238.77,2113.24,2155.65,233568.59,511756918.09,2227.18,direct,,ETH
2021-07-04,2387.73,2190.78,2227.18,297638.95,690333030.43,2323.27,direct,,ETH
2021-07-05,2323.53,2159.57,2323.27,364621.13,817032182.71,2196.71,direct,,ETH
2021-07-06,2349.66,2194.97,2196.71,371318.48,852673341.75,2322.63,direct,,ETH
2021-07-07,2408.53,2294.71,2322.63,327127.26,771174149.51,2317.12,direct,,ETH
2021-07-08,2324.72,2084.63,2317.12,766987.58,1669543858.83,2114.51,direct,,ETH
2021-07-09,2186.26,2048.12,2114.51,594562.44,1261710486.51,2145.67,direct,,ETH
2021-07-10,2190.77,2075.55,2145.67,254162.69,539204127.95,2110.47,direct,,ETH
2021-07-11,2173.19,2081.93,2110.47,158610.1,337296664.18,2140.45,direct,,ETH
2021-07-12,2168.12,2007.79,2140.45,343756.4,713106274.89,2032.88,direct,,ETH
2021-07-13,2046.08,1917.9,2032.88,407842.5,808408679.47,1940.61,direct,,ETH
2021-07-14,2019.42,1866.25,1940.61,389974.78,758228459.63,1994.22,direct,,ETH
2021-07-15,2039.24,1881.4,1994.22,443146.82,858515598.28,1918.17,direct,,ETH
2021-07-16,1964.79,1850.35,1918.17,358403.19,682133152.13,1877.05,direct,,ETH
2021-07-17,1918.93,1849.84,1877.05,279072.61,526262391.22,1899.96,direct,,ETH
2021-07-18,1993.26,1881.84,1899.96,291029.97,563444548.7,1891.96,direct,,ETH
2021-07-19,1918.43,1806.49,1891.96,409977.3,755083019.62,1818.6,direct,,ETH
2021-07-20,1840.59,1720.11,1818.6,640378.57,1129313606.55,1786.52,direct,,ETH
2021-07-21,2030.25,1755.61,1786.52,582170.14,1115295604.75,1994.98,direct,,ETH
2021-07-22,2046.29,1949.15,1994.98,382331.84,764626427.4,2024.74,direct,,ETH
2021-07-23,2131.09,1997.36,2024.74,352598.68,724351214.33,2125.57,direct,,ETH
2021-07-24,2199.99,2107.47,2125.57,371801.43,800523696.67,2185.98,direct,,ETH
2021-07-25,2197.07,2109.21,2185.98,225699.63,486982701.92,2194.34,direct,,ETH
2021-07-26,2430.27,2175.42,2194.34,755760.16,1749133447.44,2228.67,direct,,ETH
2021-07-27,2319.63,2152.97,2228.67,503449.86,1127164753.79,2301.98,direct,,ETH
2021-07-28,2346.53,2245.77,2301.98,384405.14,883372200.32,2301.12,direct,,ETH
2021-07-29,2398.97,2268.67,2301.12,288398.83,669545747.5,2383.24,direct,,ETH
2021-07-30,2471.75,2318.5,2383.24,417083.79,998308862.77,2463.61,direct,,ETH
2021-07-31,2553.71,2422.41,2463.61,257758.42,638035305.39,2531.75,direct,,ETH
2021-08-01,2698.09,2513.63,2531.75,541191.87,1405547764.41,2556.41,direct,,ETH
2021-08-02,2666.13,2507.76,2556.41,490026.06,1270507490.79,2608.44,direct,,ETH
2021-08-03,2632.24,2447.32,2608.44,478917.91,1201033361.49,2508.21,direct,,ETH
2021-08-04,2770.24,2458.12,2508.21,450683.38,1182974472.34,2725.72,direct,,ETH
2021-08-05,2844.03,2536.51,2725.72,676232.43,1840893881.29,2829.23,direct,,ETH
2021-08-06,2949.04,2722.76,2829.23,564433.29,1602017697.15,2892.36,direct,,ETH
2021-08-07,3172.52,2866.96,2892.36,628647.21,1916399198.61,3162.43,direct,,ETH
2021-08-08,3190.38,2949.65,3162.43,406534.58,1246845074.97,3013.75,direct,,ETH
2021-08-09,3187.64,2895.74,3013.75,586525.71,1814885554.8,3164.94,direct,,ETH
2021-08-10,3233.77,3053.01,3164.94,518525.95,1628100044.55,3141.67,direct,,ETH
2021-08-11,3274.22,3123.08,3141.67,429196.89,1379418397.59,3163.42,direct,,ETH
2021-08-12,3239.16,2981.32,3163.42,512136.49,1580516998.17,3047.29,direct,,ETH
2021-08-13,3328.83,3035.99,3047.29,447889.8,1440675493.43,3324.26,direct,,ETH
2021-08-14,3332.19,3208.8,3324.26,232982.78,761182928.57,3266.71,direct,,ETH
2021-08-15,3323.3,3115.33,3266.71,311469.23,999629719.78,3311.12,direct,,ETH
2021-08-16,3337.45,3137.59,3311.12,372474.25,1207480563.4,3147.63,direct,,ETH
2021-08-17,3292.09,2994.41,3147.63,516276.32,1624081267.21,3011.96,direct,,ETH
2021-08-18,3125.9,2952.86,3011.96,382354.88,1162842776.74,3013.52,direct,,ETH
2021-08-19,3187.36,2963.91,3013.52,348727.03,1067409385.98,3184.74,direct,,ETH
2021-08-20,3301.32,3179.27,3184.74,373266.47,1211687408.42,3286.5,direct,,ETH
2021-08-21,3310.73,3208.73,3286.5,213473.54,697445564.75,3226.59,direct,,ETH
2021-08-22,3274.41,3130.12,3226.59,203966.43,653906471.77,3241.65,direct,,ETH
2021-08-23,3378.69,3234.59,3241.65,376372.05,1251116527.27,3322.71,direct,,ETH
2021-08-24,3359.79,3150.96,3322.71,310672.97,1008586226.64,3172.57,direct,,ETH
2021-08-25,3248.84,3080.23,3172.57,309242.57,982903687.8,3228.86,direct,,ETH
2021-08-26,3251.2,3059.7,3228.86,294003.64,917871423.67,3093.62,direct,,ETH
2021-08-27,3282.69,3057.59,3093.62,334369.04,1066589734.58,3275.87,direct,,ETH
2021-08-28,3287.97,3212.9,3275.87,135749.78,440641512.36,3246.78,direct,,ETH
2021-08-29,3287.2,3154.86,3246.78,186146.45,598363684.17,3225.3,direct,,ETH
2021-08-30,3348.62,3146.73,3225.3,412458.94,1341591930.15,3228.46,direct,,ETH
2021-08-31,3480.11,3190.71,3228.46,572973.24,1922788188.74,3435.17,direct,,ETH
2021-09-01,3841.79,3385.05,3435.17,596759.09,2152466889.63,3829.18,direct,,ETH
2021-09-02,3837.51,3724.1,3829.18,360090.0,1360330757.88,3787.7,direct,,ETH
2021-09-03,4026.86,3712.13,3787.7,517330.35,2016700978.59,3939.79,direct,,ETH
2021-09-04,3969.89,3835.04,3939.79,230192.53,898914227.68,3887.01,direct,,ETH
2021-09-05,3982.63,3835.93,3887.01,212345.73,832602701.76,3952.33,direct,,ETH
2021-09-06,3971.74,3872.94,3952.33,247435.33,971327540.19,3928.4,direct,,ETH
2021-09-07,3947.45,3170.57,3928.4,1057330.56,3755934253.91,3433.48,direct,,ETH
2021-09-08,3560.94,3217.86,3433.48,659844.07,2254428180.74,3499.69,direct,,ETH
2021-09-09,3567.91,3395.5,3499.69,471809.78,1646622795.7,3424.24,direct,,ETH
2021-09-10,3513.41,3149.58,3424.24,522874.87,1736829807.16,3209.41,direct,,ETH
2021-09-11,3347.75,3201.4,3209.41,284401.72,931672905.38,3266.43,direct,,ETH
2021-09-12,3471.17,3232.65,3266.43,277383.04,936318554.79,3405.32,direct,,ETH
2021-09-13,3429.17,3121.17,3405.32,523307.23,1700713421.4,3285.4,direct,,ETH
2021-09-14,3437.3,3272.39,3285.4,309350.29,1035256383.1,3436.05,direct,,ETH
2021-09-15,3617.68,3361.88,3436.05,317503.69,1104834751.1,3615.22,direct,,ETH
2021-09-16,3673.8,3484.59,3615.22,424361.99,1522954456.45,3569.26,direct,,ETH
2021-09-17,3593.71,3354.35,3569.26,367680.83,1269889232.32,3398.82,direct,,ETH
2021-09-18,3541.73,3370.5,3398.82,279872.2,968755868.2,3435.76,direct,,ETH
2021-09-19,3456.34,3282.08,3435.76,222702.65,749411817.66,3328.85,direct,,ETH
2021-09-20,3344.34,2926.56,3328.85,925768.52,2854105768.19,2966.51,direct,,ETH
2021-09-21,3103.63,2677.64,2966.51,906870.89,2632590191.67,2760.2,direct,,ETH
2021-09-22,3090.16,2738.86,2760.2,525831.56,1546061749.14,3078.88,direct,,ETH
2021-09-23,3177.43,3037.12,3078.88,336516.23,1048023991.37,3154.62,direct,,ETH
2021-09-24,3160.27,2745.73,3154.62,727870.33,2116848129.48,2930.86,direct,,ETH
2021-09-25,2968.99,2805.35,2930.86,341606.33,992935823.56,2925.34,direct,,ETH
2021-09-26,3116.4,2742.73,2925.34,389358.67,1144546427.35,3064.21,direct,,ETH
2021-09-27,3166.17,2925.7,3064.21,362312.15,1109513874.46,2927.73,direct,,ETH
2021-09-28,2970.52,2791.15,2927.73,413892.02,1193298638.31,2807.44,direct,,ETH
2021-09-29,2949.74,2784.02,2807.44,354249.16,1015388802.44,2850.87,direct,,ETH
2021-09-30,3048.78,2838.28,2850.87,359598.28,1074045517.68,3000.83,direct,,ETH
2021-10-01,3334.03,2969.29,3000.83,464652.73,1480674960.09,3310.63,direct,,ETH
2021-10-02,3469.12,3260.49,3310.63,258224.73,869122812.18,3389.48,direct,,ETH
2021-10-03,3488.52,3344.87,3389.48,218924.04,748590158.94,3420.14,direct,,ETH
2021-10-04,3437.69,3281.47,3420.14,306098.91,1029946380.56,3384.5,direct,,ETH
2021-10-05,3546.36,3366.32,3384.5,297318.27,1026457702.21,3516.09,direct,,ETH
2021-10-06,3626.63,3345.21,3516.09,447259.09,1577043616.23,3576.08,direct,,ETH
2021-10-07,3655.04,3471.22,3576.19,311707.69,1115192656.55,3588.12,direct,,ETH
2021-10-08,3669.37,3536.08,3588.2,261572.12,944018845.76,3562.84,direct,,ETH
2021-10-09,3633.84,3539.3,3562.84,135476.06,486436966.61,3576.4,direct,,ETH
2021-10-10,3604.88,3409.77,3576.4,194957.07,685931826.8,3416.49,direct,,ETH
2021-10-11,3622.59,3374.5,3416.49,261644.17,924487424.69,3544.14,direct,,ETH
2021-10-12,3548.55,3404.55,3544.14,302081.99,1052426344.65,3490.61,direct,,ETH
2021-10-13,3613.53,3413.15,3490.61,280470.44,983041094.72,3607.55,direct,,ETH
2021-10-14,3826.21,3589.52,3607.55,394599.77,1472924368.3,3791.23,direct,,ETH
2021-10-15,3902.04,3735.27,3791.23,381684.12,1458863383.96,3868.16,direct,,ETH
2021-10-16,3968.29,3804.18,3868.16,256819.08,995972602.42,3829.61,direct,,ETH
2021-10-17,3918.06,3651.37,3829.61,275172.94,1045896725.37,3846.66,direct,,ETH
2021-10-18,3894.27,3677.52,3846.66,361513.63,1365253107.8,3746.14,direct,,ETH
2021-10-19,3888.54,3733.6,3746.14,291414.08,1110236475.25,3877.45,direct,,ETH
2021-10-20,4168.74,3829.95,3877.45,427521.45,1719887383.03,4162.49,direct,,ETH
2021-10-21,4373.21,4015.24,4162.49,585122.78,2439959842.9,4062.76,direct,,ETH
2021-10-22,4168.19,3892.38,4062.76,365507.01,1474774578.95,3971.95,direct,,ETH
2021-10-23,4171.67,3937.93,3971.95,206808.72,839766245.34,4168.96,direct,,ETH
2021-10-24,4185.96,3963.11,4168.96,222789.38,904114100.2,4082.08,direct,,ETH
2021-10-25,4235.57,4069.68,4082.08,273786.47,1140017638.98,4220.26,direct,,ETH
2021-10-26,4295.04,4094.55,4220.26,307683.57,1291728236.29,4129.95,direct,,ETH
2021-10-27,4308.89,3921.73,4129.95,579703.87,2371617544.49,3924.31,direct,,ETH
2021-10-28,4294.39,3897.1,3924.31,487099.05,2020610386.22,4288.22,direct,,ETH
2021-10-29,4459.9,4268.45,4288.22,479793.58,2095769732.29,4417.4,direct,,ETH
2021-10-30,4433.67,4241.44,4417.4,219463.6,948358418.96,4323.94,direct,,ETH
2021-10-31,4395.57,4170.69,4323.94,265619.86,1135939130.48,4290.1,direct,,ETH
2021-11-01,4383.1,4153.91,4290.1,331343.91,1425220983.08,4322.79,direct,,ETH
2021-11-02,4603.64,4287.58,4322.79,419178.03,1870280986.16,4593.15,direct,,ETH
2021-11-03,4669.63,4457.12,4593.15,402513.51,1842855559.04,4604.4,direct,,ETH
2021-11-04,4608.55,4423.44,4604.4,302900.12,1369081687.71,4536.99,direct,,ETH
2021-11-05,4573.58,4446.48,4536.99,227363.23,1023750022.65,4480.09,direct,,ETH
2021-11-06,4532.21,4330.7,4480.09,200179.03,889268557.48,4521.41,direct,,ETH
2021-11-07,4638.45,4507.27,4521.41,162615.74,745891590.35,4617.13,direct,,ETH
2021-11-08,4823.95,4616.63,4617.13,295621.95,1401093512.37,4810.97,direct,,ETH
2021-11-09,4841.12,4710.0,4810.97,278323.93,1331650830.12,4732.07,direct,,ETH
2021-11-10,4865.94,4488.21,4732.07,453846.25,2133668813.42,4632.98,direct,,ETH
2021-11-11,4781.36,4579.28,4632.98,222355.2,1045035758.02,4722.68,direct,,ETH
2021-11-12,4807.7,4510.48,4722.68,326957.09,1521700733.37,4668.7,direct,,ETH
2021-11-13,4705.5,4587.56,4668.7,133116.8,619103766.42,4645.64,direct,,ETH
2021-11-14,4694.35,4517.53,4645.64,172936.08,793795679.01,4627.5,direct,,ETH
2021-11-15,4769.78,4542.39,4627.5,249920.05,1163390034.39,4561.38,direct,,ETH
2021-11-16,4564.74,4119.14,4561.38,635539.32,2736848801.78,4210.14,direct,,ETH
2021-11-17,4299.27,4072.31,4210.14,346937.73,1453634025.34,4289.75,direct,,ETH
2021-11-18,4345.89,3960.96,4289.75,533470.11,2191561063.22,3998.17,direct,,ETH
2021-11-19,4312.99,3976.76,3998.17,376892.96,1570958313.67,4299.27,direct,,ETH
2021-11-20,4438.77,4207.89,4299.27,183688.33,793329749.88,4415.72,direct,,ETH
2021-11-21,4427.16,4249.1,4415.72,155708.27,677869864.33,4264.61,direct,,ETH
2021-11-22,4316.81,4026.8,4264.61,361088.34,1505604412.03,4090.46,direct,,ETH
2021-11-23,4388.46,4064.13,4090.46,334979.15,1418992817.98,4341.17,direct,,ETH
2021-11-24,4372.59,4170.12,4341.17,242314.24,1031134404.33,4271.96,direct,,ETH
2021-11-25,4553.76,4250.21,4271.96,232199.87,1026529358.49,4523.8,direct,,ETH
2021-11-26,4553.39,3924.75,4523.8,589151.39,2436905151.43,4042.55,direct,,ETH
2021-11-27,4186.32,4032.49,4042.55,171463.23,705324182.49,4100.3,direct,,ETH
2021-11-28,4301.69,3966.8,4100.3,247141.4,1016069613.05,4297.92,direct,,ETH
2021-11-29,4461.9,4283.21,4297.92,289979.7,1267610516.1,4448.49,direct,,ETH
2021-11-30,4757.28,4351.26,4448.49,613077.97,2807573673.7,4631.1,direct,,ETH
2021-12-01,4781.93,4527.67,4631.1,435841.64,2040601934.49,4587.74,direct,,ETH
2021-12-02,4635.8,4436.52,4587.74,313150.82,1418366718.66,4514.8,direct,,ETH
2021-12-03,4659.62,4088.98,4514.8,520083.09,2259654209.54,4219.32,direct,,ETH
2021-12-04,4238.26,3692.26,4219.32,794368.81,3148499591.46,4124.26,direct,,ETH
2021-12-05,4255.77,4039.23,4124.26,409297.68,1701512079.93,4201.09,direct,,ETH
2021-12-06,4378.45,3921.25,4201.09,620289.46,2557612886.32,4357.17,direct,,ETH
2021-12-07,4431.06,4261.1,4357.17,321026.63,1397029329.38,4309.7,direct,,ETH
2021-12-08,4455.48,4229.69,4309.7,291373.82,1271231903.62,4439.98,direct,,ETH
2021-12-09,4489.81,4077.39,4439.98,387852.11,1647959364.78,4111.92,direct,,ETH
2021-12-10,4229.29,3890.33,4111.92,465520.56,1887677550.92,3902.49,direct,,ETH
2021-12-11,4099.04,3835.8,3902.49,306631.5,1229885614.78,4088.68,direct,,ETH
2021-12-12,4179.55,3990.11,4088.68,201356.73,822451692.61,4135.31,direct,,ETH
2021-12-13,4144.68,3672.91,4135.31,638868.62,2479495385.68,3785.08,direct,,ETH
2021-12-14,3882.64,3687.79,3785.08,350824.15,1331915229.79,3862.18,direct,,ETH
2021-12-15,4095.28,3651.32,3862.18,584777.27,2261433715.25,4020.19,direct,,ETH
2021-12-16,4113.2,3953.97,4020.19,300503.54,1214057116.12,3957.03,direct,,ETH
2021-12-17,3994.8,3701.56,3957.03,391840.81,1510947390.05,3876.37,direct,,ETH
2021-12-18,3998.59,3769.26,3876.37,230980.4,905001419.39,3961.96,direct,,ETH
2021-12-19,4032.94,3887.35,3961.96,180827.39,714693305.99,3924.55,direct,,ETH
2021-12-20,3982.81,3755.88,3924.55,297439.66,1148343070.42,3945.57,direct,,ETH
2021-12-21,4063.67,3911.66,3945.57,274950.73,1100583287.23,4017.7,direct,,ETH
2021-12-22,4075.0,3940.86,4017.7,191823.84,769184671.11,3981.26,direct,,ETH
2021-12-23,4155.17,3896.44,3981.26,315272.64,1268269549.32,4112.35,direct,,ETH
2021-12-24,4137.22,4014.98,4112.35,179378.39,733002231.89,4047.87,direct,,ETH
2021-12-25,4141.62,4023.5,4047.87,108759.92,443317505.87,4097.06,direct,,ETH
2021-12-26,4106.52,4008.08,4097.06,112519.97,456822577.62,4063.44,direct,,ETH
2021-12-27,4128.11,4030.81,4063.44,164782.11,672618458.2,4037.87,direct,,ETH
2021-12-28,4038.31,3761.18,4037.87,340005.93,1320165386.47,3793.54,direct,,ETH
2021-12-29,3827.6,3604.6,3793.54,290193.74,1086528328.73,3629.31,direct,,ETH
2021-12-30,3769.38,3588.54,3629.31,264722.99,978675377.84,3710.08,direct,,ETH
2021-12-31,3814.37,3621.79,3710.08,298108.43,1110593109.24,3675.79,direct,,ETH
2022-01-01,3777.06,3675.15,3675.79,148235.07,552908047.08,3766.74,direct,,ETH
2022-01-02,3854.47,3718.46,3766.74,140733.04,532912408.05,3830.92,direct,,ETH
2022-01-03,3850.72,3682.61,3830.92,194314.85,733848876.26,3765.16,direct,,ETH
2022-01-04,3891.61,3714.62,3765.16,245989.54,938866049.19,3785.67,direct,,ETH
2022-01-05,3847.65,3424.77,3785.67,409099.95,1497204817.27,3536.77,direct,,ETH
2022-01-06,3549.26,3300.16,3536.77,453380.13,1549952613.52,3406.48,direct,,ETH
2022-01-07,3415.21,3081.33,3406.48,658469.5,2113480068.24,3196.47,direct,,ETH
2022-01-08,3247.14,3000.44,3196.47,378058.74,1176273571.17,3080.81,direct,,ETH
2022-01-09,3211.44,3058.72,3080.81,237084.95,744089597.15,3150.83,direct,,ETH
2022-01-10,3180.23,2929.63,3150.83,464065.27,1414704260.19,3083.68,direct,,ETH
2022-01-11,3265.05,3053.43,3083.68,287428.21,909974304.07,3240.32,direct,,ETH
2022-01-12,3415.58,3207.8,3240.32,294179.82,976636720.28,3373.03,direct,,ETH
2022-01-13,3412.61,3234.68,3373.03,253943.25,842177824.2,3242.26,direct,,ETH
2022-01-14,3344.43,3190.86,3242.26,231692.68,757380057.76,3309.66,direct,,ETH
2022-01-15,3372.84,3262.31,3309.66,126153.72,419775516.58,3328.63,direct,,ETH
2022-01-16,3393.05,3275.11,3328.63,122574.95,408917682.57,3349.61,direct,,ETH
2022-01-17,3358.54,3143.23,3349.61,253781.11,821946264.75,3210.9,direct,,ETH
2022-01-18,3244.64,3085.01,3210.9,281019.69,886615823.7,3161.5,direct,,ETH
2022-01-19,3174.98,3048.26,3161.5,290430.38,904276109.96,3084.78,direct,,ETH
2022-01-20,3272.69,2987.33,3084.78,336839.6,1059563581.09,3002.43,direct,,ETH
2022-01-21,3033.86,2473.06,3002.43,988993.98,2739752122.2,2569.59,direct,,ETH
2022-01-22,2626.26,2306.11,2569.59,882340.28,2161344450.57,2412.23,direct,,ETH
2022-01-23,2549.64,2372.63,2412.23,445834.07,1097388289.15,2541.6,direct,,ETH
2022-01-24,2541.78,2160.66,2541.6,1073894.23,2488339892.27,2442.27,direct,,ETH
2022-01-25,2508.14,2351.86,2442.27,485036.16,1178707258.61,2459.65,direct,,ETH
2022-01-26,2723.15,2402.99,2459.65,737513.68,1884456587.88,2464.13,direct,,ETH
2022-01-27,2521.07,2316.47,2464.13,509719.12,1232688510.11,2425.83,direct,,ETH
2022-01-28,2558.86,2359.78,2425.83,427257.35,1045738950.11,2547.03,direct,,ETH
2022-01-29,2637.58,2522.26,2547.03,252029.25,648693006.43,2603.1,direct,,ETH
2022-01-30,2639.97,2544.43,2603.1,191134.8,496079257.79,2603.24,direct,,ETH
2022-01-31,2707.52,2479.42,2603.24,354789.83,923473240.93,2689.14,direct,,ETH
2022-02-01,2814.09,2676.94,2689.14,368573.73,1017221692.9,2790.15,direct,,ETH
2022-02-02,2812.72,2613.75,2790.15,412321.15,1117424351.2,2681.11,direct,,ETH
2022-02-03,2727.32,2575.55,2681.11,335349.34,883999086.79,2697.18,direct,,ETH
2022-02-04,2998.46,2673.44,2697.18,490154.91,1401499392.17,2997.18,direct,,ETH
2022-02-05,3062.95,2962.22,2997.18,255479.72,769211760.94,3015.26,direct,,ETH
2022-02-06,3075.45,2952.8,3015.26,133595.11,402035046.33,3057.68,direct,,ETH
2022-02-07,3192.5,2996.04,3057.68,372171.22,1158530947.35,3141.38,direct,,ETH
2022-02-08,3233.58,3028.6,3141.38,360771.09,1122580120.4,3118.76,direct,,ETH
2022-02-09,3273.04,3057.51,3118.76,291438.28,924663930.55,3246.72,direct,,ETH
2022-02-10,3283.28,3059.58,3246.72,400824.47,1273705251.69,3074.84,direct,,ETH
2022-02-11,3139.99,2880.24,3074.84,446120.24,1349461675.11,2928.93,direct,,ETH
2022-02-12,2986.55,2859.52,2928.93,218079.8,636492567.43,2918.34,direct,,ETH
2022-02-13,2954.6,2839.03,2918.34,162466.43,471244695.51,2872.44,direct,,ETH
2022-02-14,2965.85,2832.37,2872.44,310054.68,900749488.39,2931.12,direct,,ETH
2022-02-15,3197.58,2913.29,2931.12,324817.22,1002040864.64,3185.81,direct,,ETH
2022-02-16,3189.15,3045.67,3185.81,257029.5,803304744.19,3124.33,direct,,ETH
2022-02-17,3161.66,2854.87,3124.33,426192.96,1278963366.95,2894.42,direct,,ETH
2022-02-18,2945.24,2753.63,2894.42,386698.78,1096377704.49,2780.72,direct,,ETH
2022-02-19,2831.75,2699.43,2780.72,204084.91,563929415.84,2764.5,direct,,ETH
2022-02-20,2765.19,2576.75,2764.5,296987.31,788545229.88,2622.7,direct,,ETH
2022-02-21,2759.38,2561.64,2622.7,480551.54,1280527155.22,2570.15,direct,,ETH
2022-02-22,2666.02,2502.79,2570.15,421346.73,1088026319.81,2638.81,direct,,ETH
2022-02-23,2755.04,2578.18,2638.81,351075.55,937541603.27,2580.97,direct,,ETH
2022-02-24,2708.0,2302.3,2580.97,976089.91,2394587900.96,2597.94,direct,,ETH
2022-02-25,2836.6,2573.59,2597.94,397777.86,1068346401.49,2769.0,direct,,ETH
2022-02-26,2872.94,2730.21,2769.0,228073.48,637768288.08,2780.32,direct,,ETH
2022-02-27,2835.86,2560.39,2780.32,402408.5,1085892930.75,2617.32,direct,,ETH
2022-02-28,2945.2,2571.64,2617.32,507566.28,1390670729.71,2919.85,direct,,ETH
2022-03-01,3035.04,2861.91,2919.85,432840.34,1275345152.75,2976.59,direct,,ETH
2022-03-02,3035.58,2916.52,2976.59,373509.87,1110866879.98,2949.03,direct,,ETH
2022-03-03,2971.29,2790.6,2949.03,310213.42,888491373.47,2833.71,direct,,ETH
2022-03-04,2834.95,2577.66,2833.71,413535.48,1114507567.57,2622.51,direct,,ETH
2022-03-05,2682.35,2591.96,2622.51,118149.01,312186085.03,2666.18,direct,,ETH
2022-03-06,2675.13,2550.56,2666.18,131309.35,343584082.5,2552.58,direct,,ETH
2022-03-07,2646.36,2450.51,2552.58,365700.0,926973297.81,2496.67,direct,,ETH
2022-03-08,2623.67,2486.41,2496.67,301868.62,773261628.78,2579.18,direct,,ETH
2022-03-09,2767.0,2572.58,2579.18,311246.75,845338807.07,2733.05,direct,,ETH
2022-03-10,2733.49,2565.89,2733.05,345967.91,903490445.4,2608.64,direct,,ETH
2022-03-11,2667.32,2528.3,2608.64,272956.31,705087040.47,2557.57,direct,,ETH
2022-03-12,2613.21,2555.12,2557.57,93815.15,242567780.48,2569.87,direct,,ETH
2022-03-13,2601.69,2498.79,2569.87,129148.33,330151197.72,2516.83,direct,,ETH
2022-03-14,2608.14,2503.88,2516.83,222653.25,570156967.79,2591.45,direct,,ETH
2022-03-15,2668.8,2512.0,2591.45,281854.48,729493276.15,2619.61,direct,,ETH
2022-03-16,2787.84,2607.23,2619.61,383216.56,1032083525.66,2775.15,direct,,ETH
2022-03-17,2835.17,2750.42,2775.15,287141.33,802482340.33,2814.64,direct,,ETH
2022-03-18,2978.26,2771.37,2814.64,441350.22,1268306240.7,2941.32,direct,,ETH
2022-03-19,2983.2,2907.12,2941.32,182471.07,538679042.44,2952.64,direct,,ETH
2022-03-20,2963.95,2820.11,2952.64,162953.99,470175915.87,2861.26,direct,,ETH
2022-03-21,2960.6,2834.51,2861.26,259557.83,754395426.87,2895.01,direct,,ETH
2022-03-22,3049.24,2888.86,2895.01,368766.57,1105346813.25,2970.47,direct,,ETH
2022-03-23,3038.65,2926.7,2970.47,298978.12,891655004.6,3037.3,direct,,ETH
2022-03-24,3129.44,3004.26,3037.3,392621.51,1204417827.74,3112.85,direct,,ETH
2022-03-25,3193.97,3080.87,3112.85,332993.23,1043393468.05,3104.04,direct,,ETH
2022-03-26,3153.55,3086.7,3104.04,98656.67,308097209.43,3146.36,direct,,ETH
2022-03-27,3299.22,3128.13,3146.36,186907.99,599229501.54,3296.46,direct,,ETH
2022-03-28,3433.9,3276.53,3296.46,369540.98,1240484725.34,3334.29,direct,,ETH
2022-03-29,3481.81,3331.97,3334.29,309607.06,1057698452.9,3402.62,direct,,ETH
2022-03-30,3443.99,3340.85,3402.62,215492.76,730754932.49,3385.11,direct,,ETH
2022-03-31,3445.59,3261.99,3385.11,267142.15,892918044.54,3282.78,direct,,ETH
2022-04-01,3481.39,3214.41,3282.78,341191.37,1146333667.69,3455.72,direct,,ETH
2022-04-02,3531.17,3435.63,3455.72,223141.3,777202927.2,3444.68,direct,,ETH
2022-04-03,3580.76,3414.24,3444.68,173032.36,605819080.56,3522.49,direct,,ETH
2022-04-04,3546.88,3408.47,3522.49,257607.25,896630079.47,3520.15,direct,,ETH
2022-04-05,3553.56,3397.01,3520.15,279510.77,972367292.53,3406.48,direct,,ETH
2022-04-06,3407.48,3162.57,3406.48,485056.81,1587365720.77,3168.91,direct,,ETH
2022-04-07,3269.19,3143.89,3168.91,260468.32,836302734.24,3229.28,direct,,ETH
2022-04-08,3313.28,3174.37,3229.28,227087.37,738712527.46,3192.92,direct,,ETH
2022-04-09,3268.83,3183.1,3192.92,91610.23,295003082.23,3259.62,direct,,ETH
2022-04-10,3308.86,3191.99,3259.62,120410.14,391825529.05,3202.89,direct,,ETH
2022-04-11,3214.49,2950.95,3202.89,403463.25,1233562295.37,2979.52,direct,,ETH
2022-04-12,3086.55,2951.54,2979.52,314585.59,950255189.07,3028.77,direct,,ETH
2022-04-13,3129.24,2997.92,3028.77,228501.62,701662998.64,3118.5,direct,,ETH
2022-04-14,3144.41,2976.71,3118.5,209785.23,640639970.5,3021.76,direct,,ETH
2022-04-15,3058.39,2994.32,3021.76,112527.6,340633128.58,3041.21,direct,,ETH
2022-04-16,3086.29,3011.45,3041.21,71416.98,217214977.29,3060.28,direct,,ETH
2022-04-17,3082.05,2982.78,3060.28,107492.8,327041532.39,2988.4,direct,,ETH
2022-04-18,3070.29,2883.58,2988.4,279489.32,827696634.5,3056.2,direct,,ETH
2022-04-19,3131.65,3030.72,3056.2,191668.54,590853605.85,3102.52,direct,,ETH
2022-04-20,3167.34,3036.35,3102.52,221851.43,686897462.05,3077.74,direct,,ETH
2022-04-21,3179.21,2943.42,3077.74,270698.7,833558465.56,2984.24,direct,,ETH
2022-04-22,3033.2,2933.76,2984.24,218762.93,652250110.96,2963.17,direct,,ETH
2022-04-23,2979.17,2917.56,2963.17,86821.69,256592711.6,2933.65,direct,,ETH
2022-04-24,2967.57,2912.94,2933.65,84600.84,248805776.03,2922.37,direct,,ETH
2022-04-25,3026.15,2798.58,2922.37,375642.45,1088856116.93,3006.45,direct,,ETH
2022-04-26,3037.19,2768.64,3006.45,320227.74,927820742.34,2809.6,direct,,ETH
2022-04-27,2919.74,2795.23,2809.6,274649.23,787100076.86,2889.72,direct,,ETH
2022-04-28,2979.81,2855.11,2889.72,266540.51,778080070.18,2936.49,direct,,ETH
2022-04-29,2945.97,2776.18,2936.49,295430.37,844702667.04,2817.23,direct,,ETH
2022-04-30,2841.57,2717.75,2817.23,143031.78,399317728.28,2726.98,direct,,ETH
2022-05-01,2848.48,2717.45,2726.98,147819.9,411197825.48,2826.04,direct,,ETH
2022-05-02,2882.32,2777.75,2826.04,306241.97,866626990.45,2856.12,direct,,ETH
2022-05-03,2861.43,2754.39,2856.12,228558.02,643426033.63,2780.63,direct,,ETH
2022-05-04,2967.75,2770.84,2780.63,288993.54,830683889.51,2940.31,direct,,ETH
2022-05-05,2953.25,2691.89,2940.31,323467.94,905660794.97,2747.28,direct,,ETH
2022-05-06,2757.11,2633.94,2747.28,321766.12,867130443.62,2692.08,direct,,ETH
2022-05-07,2703.39,2589.82,2692.08,135380.98,359893218.95,2635.19,direct,,ETH
2022-05-08,2641.2,2486.56,2635.19,272074.71,692511713.12,2519.08,direct,,ETH
2022-05-09,2529.04,2224.84,2519.08,811474.42,1914870712.98,2230.95,direct,,ETH
2022-05-10,2457.17,2200.52,2230.95,787320.27,1850298109.21,2341.58,direct,,ETH
2022-05-11,2450.75,2003.31,2341.58,1217185.95,2717512970.57,2077.83,direct,,ETH
2022-05-12,2180.84,1713.99,2077.83,1433452.88,2753038207.64,1952.81,direct,,ETH
2022-05-13,2143.61,1936.1,1952.81,601021.71,1245554884.57,2006.51,direct,,ETH
2022-05-14,2066.02,1947.83,2006.51,210414.85,423017629.17,2054.03,direct,,ETH
2022-05-15,2160.61,1998.56,2054.03,180949.41,376701151.43,2143.12,direct,,ETH
2022-05-16,2143.2,1977.84,2143.12,339798.7,690038743.39,2020.12,direct,,ETH
2022-05-17,2119.84,2006.05,2020.12,289699.47,598230196.42,2089.29,direct,,ETH
2022-05-18,2108.35,1906.04,2089.29,323098.77,643148242.33,1911.68,direct,,ETH
2022-05-19,2038.92,1900.91,1911.68,365441.42,721565109.35,2017.78,direct,,ETH
2022-05-20,2061.81,1920.61,2017.78,340775.86,676297509.57,1956.88,direct,,ETH
2022-05-21,1987.79,1935.87,1956.88,102551.58,201843693.55,1972.87,direct,,ETH
2022-05-22,2053.49,1963.85,1972.87,143473.07,288595387.01,2041.08,direct,,ETH
2022-05-23,2086.6,1955.11,2041.08,307951.66,626635609.39,1970.7,direct,,ETH
2022-05-24,1991.09,1910.52,1970.7,260037.59,509629757.6,1977.85,direct,,ETH
2022-05-25,2019.8,1933.25,1977.85,257776.28,507595031.4,1941.04,direct,,ETH
2022-05-26,1963.52,1741.21,1941.04,559135.38,1030348371.06,1791.0,direct,,ETH
2022-05-27,1820.36,1706.95,1791.0,620989.67,1091437639.61,1724.73,direct,,ETH
2022-05-28,1807.77,1720.57,1724.73,226406.61,400672092.43,1790.79,direct,,ETH
2022-05-29,1824.64,1763.04,1790.79,202099.73,362774322.58,1811.69,direct,,ETH
2022-05-30,2011.23,1802.61,1811.69,432299.24,828850274.82,1997.64,direct,,ETH
2022-05-31,2015.05,1925.15,1997.64,407934.29,802528394.95,1940.59,direct,,ETH
2022-06-01,1971.79,1764.1,1940.59,542015.89,1020482594.24,1817.42,direct,,ETH
2022-06-02,1851.73,1782.17,1817.42,342166.6,622173440.24,1833.26,direct,,ETH
2022-06-03,1842.2,1737.3,1833.26,321034.9,569666491.39,1773.59,direct,,ETH
2022-06-04,1814.31,1747.45,1773.59,127178.95,225646408.54,1803.65,direct,,ETH
2022-06-05,1828.49,1771.7,1803.65,115340.19,208010346.16,1804.7,direct,,ETH
2022-06-06,1918.1,1803.59,1804.7,320038.54,600246125.39,1858.56,direct,,ETH
2022-06-07,1872.07,1725.54,1858.56,395559.39,705364504.92,1812.7,direct,,ETH
2022-06-08,1836.67,1765.24,1812.7,282107.16,508526918.8,1791.03,direct,,ETH
2022-06-09,1831.74,1776.37,1791.03,198843.86,357443811.84,1787.71,direct,,ETH
2022-06-10,1802.8,1654.64,1787.71,400457.64,687937104.94,1661.1,direct,,ETH
2022-06-11,1680.39,1500.36,1661.1,543851.96,854773704.94,1530.28,direct,,ETH
2022-06-12,1544.55,1426.49,1530.28,559551.89,825779676.24,1434.02,direct,,ETH
2022-06-13,1452.8,1165.61,1434.02,1803174.44,2275582645.63,1209.12,direct,,ETH
2022-06-14,1264.08,1075.44,1209.12,1280076.52,1519007309.93,1206.94,direct,,ETH
2022-06-15,1244.06,1014.07,1206.94,1512263.27,1698606699.32,1236.89,direct,,ETH
2022-06-16,1255.9,1050.94,1236.89,713850.77,807377734.26,1067.1,direct,,ETH
2022-06-17,1116.32,1050.3,1067.1,538871.48,585011689.72,1085.21,direct,,ETH
2022-06-18,1096.22,883.48,1085.21,1111012.52,1080808875.04,994.41,direct,,ETH
2022-06-19,1155.62,934.96,994.41,746709.49,776365310.03,1127.03,direct,,ETH
2022-06-20,1166.85,1051.76,1127.03,556967.99,617555699.32,1126.99,direct,,ETH
2022-06-21,1191.51,1108.44,1126.99,539382.54,619164299.73,1124.71,direct,,ETH
2022-06-22,1125.84,1043.02,1124.71,477305.52,517637610.39,1048.3,direct,,ETH
2022-06-23,1152.53,1044.07,1048.3,451739.61,500226767.62,1143.46,direct,,ETH
2022-06-24,1244.33,1131.25,1143.46,522965.49,622847139.93,1224.12,direct,,ETH
2022-06-25,1254.84,1179.17,1224.12,286628.31,348238056.74,1241.0,direct,,ETH
2022-06-26,1279.04,1194.9,1241.0,373624.98,459617043.48,1198.25,direct,,ETH
2022-06-27,1237.14,1174.01,1198.25,340090.32,409609422.41,1190.73,direct,,ETH
2022-06-28,1235.14,1135.32,1190.73,434590.25,516154549.5,1142.41,direct,,ETH
2022-06-29,1154.69,1086.31,1142.41,490935.48,547508525.24,1098.71,direct,,ETH
2022-06-30,1105.36,999.01,1098.71,635674.34,661034598.9,1069.53,direct,,ETH
2022-07-01,1108.86,1032.22,1069.53,577588.04,616888042.78,1058.01,direct,,ETH
2022-07-02,1077.18,1027.1,1058.01,233775.72,246197859.38,1065.69,direct,,ETH
2022-07-03,1085.63,1040.16,1065.69,206730.11,219767134.55,1072.95,direct,,ETH
2022-07-04,1159.39,1043.99,1072.95,373498.06,411008690.04,1149.81,direct,,ETH
2022-07-05,1170.54,1076.57,1149.81,487060.5,550223702.36,1131.96,direct,,ETH
2022-07-06,1202.1,1110.65,1131.96,472536.52,541697031.18,1185.41,direct,,ETH
2022-07-07,1253.43,1162.49,1185.41,522268.59,632226158.71,1236.64,direct,,ETH
2022-07-08,1274.65,1192.55,1236.64,556563.92,685525454.8,1214.0,direct,,ETH
2022-07-09,1232.47,1204.27,1214.0,147772.74,179916720.56,1216.53,direct,,ETH
2022-07-10,1219.06,1153.51,1216.53,193505.18,228056926.22,1167.31,direct,,ETH
2022-07-11,1170.23,1085.3,1167.31,373157.79,422804562.19,1095.67,direct,,ETH
2022-07-12,1097.18,1032.47,1095.67,514019.84,548112670.68,1037.37,direct,,ETH
2022-07-13,1117.22,1009.82,1037.37,769754.95,813163899.62,1114.57,direct,,ETH
2022-07-14,1211.87,1072.08,1114.57,559535.57,635957495.14,1192.56,direct,,ETH
2022-07-15,1286.06,1180.38,1192.56,704281.05,864043258.51,1231.23,direct,,ETH
2022-07-16,1400.05,1191.62,1231.23,518063.79,673738020.94,1356.31,direct,,ETH
2022-07-17,1385.31,1320.65,1356.31,453213.77,613273362.46,1337.97,direct,,ETH
2022-07-18,1593.79,1335.77,1337.97,1027888.25,1515087201.75,1583.55,direct,,ETH
2022-07-19,1625.03,1493.29,1583.55,875023.54,1354213074.71,1543.12,direct,,ETH
2022-07-20,1620.73,1487.09,1543.12,655879.23,1024542971.16,1521.72,direct,,ETH
2022-07-21,1605.45,1465.28,1521.72,556587.83,847550503.86,1575.68,direct,,ETH
2022-07-22,1645.63,1517.35,1575.68,528752.83,840140414.82,1535.71,direct,,ETH
2022-07-23,1596.62,1489.25,1535.71,290504.24,446044212.66,1549.19,direct,,ETH
2022-07-24,1663.54,1547.28,1549.19,325192.76,520874215.21,1597.72,direct,,ETH
2022-07-25,1609.22,1436.41,1597.72,544663.57,825050213.7,1438.01,direct,,ETH
2022-07-26,1454.25,1357.04,1438.01,479756.97,672687209.31,1449.61,direct,,ETH
2022-07-27,1644.64,1421.1,1449.61,673500.22,1027698858.37,1636.88,direct,,ETH
2022-07-28,1787.55,1594.83,1636.88,807586.53,1357299240.21,1725.82,direct,,ETH
2022-07-29,1765.97,1657.01,1725.82,559704.54,957967061.54,1722.28,direct,,ETH
2022-07-30,1744.59,1674.67,1722.28,331717.7,567955261.28,1697.52,direct,,ETH
2022-07-31,1751.92,1668.02,1697.52,248682.73,424322605.22,1679.55,direct,,ETH
2022-08-01,1704.81,1607.21,1679.55,379375.89,627822477.99,1630.62,direct,,ETH
2022-08-02,1677.78,1561.58,1630.62,446049.98,720425386.6,1631.11,direct,,ETH
2022-08-03,1683.19,1590.67,1631.11,462564.12,761209687.44,1618.68,direct,,ETH
2022-08-04,1663.09,1580.86,1618.68,457785.75,741257669.99,1607.96,direct,,ETH
2022-08-05,1740.57,1605.96,1607.96,671916.35,1128383162.41,1736.78,direct,,ETH
2022-08-06,1749.5,1687.21,1736.78,384066.13,660571163.49,1690.67,direct,,ETH
2022-08-07,1729.12,1669.23,1690.67,263873.55,447819960.84,1700.54,direct,,ETH
2022-08-08,1816.57,1693.75,1700.54,554955.47,981265580.22,1777.99,direct,,ETH
2022-08-09,1790.92,1669.6,1777.99,523158.46,898080190.62,1703.41,direct,,ETH
2022-08-10,1885.46,1657.4,1703.41,757563.54,1352776291.18,1854.05,direct,,ETH
2022-08-11,1941.32,1851.21,1854.05,707974.68,1341570228.57,1881.06,direct,,ETH
2022-08-12,1966.09,1854.29,1881.06,433649.57,824715568.77,1959.26,direct,,ETH
2022-08-13,2020.32,1947.46,1959.26,403298.25,800730150.33,1984.29,direct,,ETH
2022-08-14,2030.19,1907.04,1984.29,372768.51,734838036.93,1936.02,direct,,ETH
2022-08-15,2012.94,1869.02,1936.02,672460.01,1291080609.46,1899.64,direct,,ETH
2022-08-16,1915.11,1853.68,1899.64,498202.68,938206003.68,1877.16,direct,,ETH
2022-08-17,1957.07,1817.73,1877.16,678299.81,1267374734.89,1834.04,direct,,ETH
2022-08-18,1882.41,1821.45,1834.04,399086.53,742010328.68,1846.36,direct,,ETH
2022-08-19,1847.92,1603.31,1846.36,1076675.38,1847934898.07,1609.05,direct,,ETH
2022-08-20,1656.86,1524.51,1609.05,678602.59,1089158535.71,1575.73,direct,,ETH
2022-08-21,1645.6,1562.97,1575.73,566027.26,910431597.18,1617.86,direct,,ETH
2022-08-22,1628.88,1529.73,1617.86,751031.05,1182900442.15,1624.65,direct,,ETH
2022-08-23,1672.46,1563.84,1624.65,652829.75,1062895745.35,1664.76,direct,,ETH
2022-08-24,1694.44,1605.04,1664.76,666453.38,1100702910.25,1656.52,direct,,ETH
2022-08-25,1722.01,1653.92,1656.52,451003.41,765141174.18,1695.85,direct,,ETH
2022-08-26,1704.96,1487.79,1695.85,933483.42,1511768507.05,1508.09,direct,,ETH
2022-08-27,1518.79,1448.62,1508.09,556305.82,828407067.63,1491.26,direct,,ETH
2022-08-28,1510.14,1424.21,1491.26,427103.56,630935011.23,1426.4,direct,,ETH
2022-08-29,1560.09,1422.09,1426.4,705103.15,1049519720.22,1552.4,direct,,ETH
2022-08-30,1605.77,1474.69,1552.4,787770.35,1220810502.07,1524.62,direct,,ETH
2022-08-31,1619.18,1524.26,1524.62,702491.17,1107751190.46,1554.16,direct,,ETH
2022-09-01,1598.99,1513.23,1554.16,483838.85,752412872.72,1585.98,direct,,ETH
2022-09-02,1649.27,1546.9,1585.98,513335.77,822062063.91,1575.91,direct,,ETH
2022-09-03,1582.39,1534.93,1575.91,204598.22,318389181.65,1557.54,direct,,ETH
2022-09-04,1582.8,1540.9,1557.54,160890.57,251366855.06,1579.06,direct,,ETH
2022-09-05,1629.13,1557.45,1579.06,304058.96,481845237.91,1617.5,direct,,ETH
2022-09-06,1686.59,1555.91,1617.5,721351.33,1178593645.43,1558.9,direct,,ETH
2022-09-07,1656.66,1490.73,1558.9,572081.28,890171683.95,1630.0,direct,,ETH
2022-09-08,1662.69,1596.45,1630.0,563506.92,917720046.07,1635.6,direct,,ETH
2022-09-09,1744.19,1631.06,1635.6,588913.83,1004002586.51,1719.35,direct,,ETH
2022-09-10,1789.58,1707.49,1719.35,254960.92,442617943.59,1774.69,direct,,ETH
2022-09-11,1789.21,1722.54,1774.69,240612.96,424086159.35,1767.02,direct,,ETH
2022-09-12,1783.07,1693.36,1767.02,397149.42,688261837.42,1716.53,direct,,ETH
2022-09-13,1755.79,1561.88,1716.53,721373.86,1186666903.31,1574.56,direct,,ETH
2022-09-14,1648.36,1555.15,1574.56,474733.66,759203960.6,1639.6,direct,,ETH
2022-09-15,1654.2,1459.21,1639.6,826190.99,1283200244.31,1472.51,direct,,ETH
2022-09-16,1483.2,1408.46,1472.51,608687.84,881484582.21,1433.97,direct,,ETH
2022-09-17,1476.0,1409.4,1433.97,295736.98,427781777.37,1469.05,direct,,ETH
2022-09-18,1470.03,1326.3,1469.05,479255.34,664603372.25,1334.3,direct,,ETH
2022-09-19,1392.37,1281.71,1334.3,617396.44,820923081.03,1376.21,direct,,ETH
2022-09-20,1384.51,1313.06,1376.21,841078.07,1134751018.14,1323.07,direct,,ETH
2022-09-21,1399.59,1220.78,1323.07,1627469.27,2158795290.82,1246.29,direct,,ETH
2022-09-22,1342.74,1237.45,1246.29,1372333.24,1764192693.49,1326.15,direct,,ETH
2022-09-23,1358.83,1262.97,1326.15,1353509.71,1770416488.71,1326.95,direct,,ETH
2022-09-24,1349.09,1306.83,1326.95,518264.02,688754375.79,1317.11,direct,,ETH
2022-09-25,1336.88,1270.94,1317.11,567913.58,741280751.13,1294.72,direct,,ETH
2022-09-26,1340.64,1279.55,1294.72,1311049.98,1719754734.68,1336.65,direct,,ETH
2022-09-27,1400.42,1304.41,1336.65,1130128.11,1537712811.95,1328.11,direct,,ETH
2022-09-28,1354.97,1258.23,1328.11,1411308.4,1843309322.44,1337.15,direct,,ETH
2022-09-29,1351.6,1288.59,1337.15,1014932.37,1346135197.35,1335.9,direct,,ETH
2022-09-30,1372.44,1316.72,1335.9,1164820.52,1559138076.19,1328.7,direct,,ETH
2022-10-01,1333.85,1303.19,1328.7,273983.82,361595127.37,1311.8,direct,,ETH
2022-10-02,1317.65,1272.05,1311.8,411466.97,533576502.55,1276.69,direct,,ETH
2022-10-03,1329.8,1265.42,1276.69,817660.89,1066475762.56,1323.32,direct,,ETH
2022-10-04,1370.09,1319.02,1323.32,713943.35,962114984.8,1361.9,direct,,ETH
2022-10-05,1364.69,1316.75,1361.9,667604.6,897717802.0,1352.44,direct,,ETH
2022-10-06,1384.03,1346.79,1352.44,979637.13,1337183654.48,1352.4,direct,,ETH
2022-10-07,1361.52,1317.95,1352.4,631810.29,847055907.94,1331.14,direct,,ETH
2022-10-08,1337.38,1303.92,1331.14,193854.73,256701832.62,1315.47,direct,,ETH
2022-10-09,1328.86,1307.58,1315.47,204851.91,270217040.65,1323.41,direct,,ETH
2022-10-10,1338.13,1289.77,1323.41,538968.88,706276755.9,1290.04,direct,,ETH
2022-10-11,1297.84,1268.05,1290.04,698727.95,895785523.92,1279.79,direct,,ETH
2022-10-12,1306.21,1275.03,1279.79,509091.81,659072834.99,1294.29,direct,,ETH
2022-10-13,1300.93,1199.77,1294.29,1242884.05,1553294534.83,1287.51,direct,,ETH
2022-10-14,1343.39,1283.82,1287.51,985870.85,1300245316.03,1296.63,direct,,ETH
2022-10-15,1301.81,1264.0,1296.63,298151.13,383099353.48,1274.91,direct,,ETH
2022-10-16,1315.33,1274.68,1274.91,335309.9,433760169.98,1305.87,direct,,ETH
2022-10-17,1338.64,1295.86,1305.87,567289.21,748550276.7,1331.52,direct,,ETH
2022-10-18,1341.38,1287.13,1331.52,710601.48,936900282.81,1310.78,direct,,ETH
2022-10-19,1313.67,1280.17,1310.78,544229.57,706514928.62,1284.85,direct,,ETH
2022-10-20,1310.72,1271.7,1284.85,624309.59,805186791.44,1282.68,direct,,ETH
2022-10-21,1307.1,1254.6,1282.68,636332.09,817282417.74,1299.88,direct,,ETH
2022-10-22,1319.61,1294.4,1299.88,208560.33,272863413.86,1313.91,direct,,ETH
2022-10-23,1370.8,1300.09,1313.91,421356.89,561742750.96,1364.2,direct,,ETH
2022-10-24,1370.45,1324.47,1364.2,721346.34,969857919.89,1343.83,direct,,ETH
2022-10-25,1524.13,1335.31,1343.83,1642318.42,2350835728.61,1460.37,direct,,ETH
2022-10-26,1595.06,1457.91,1460.37,1835153.39,2821129189.15,1566.85,direct,,ETH
2022-10-27,1578.12,1505.22,1566.85,1408936.86,2182940242.05,1514.35,direct,,ETH
2022-10-28,1574.67,1484.12,1514.35,1115356.45,1703276756.19,1555.12,direct,,ETH
2022-10-29,1663.64,1548.24,1555.12,921088.69,1488331267.57,1620.42,direct,,ETH
2022-10-30,1640.31,1577.18,1620.42,556544.13,891449874.51,1590.93,direct,,ETH
2022-10-31,1635.53,1547.97,1590.93,1020683.99,1615108402.06,1572.88,direct,,ETH
2022-11-01,1611.88,1563.39,1572.88,700521.98,1109585843.08,1578.51,direct,,ETH
2022-11-02,1620.26,1502.4,1578.51,1303264.24,2037801666.52,1518.33,direct,,ETH
2022-11-03,1558.59,1515.32,1518.33,748066.97,1152727124.17,1530.87,direct,,ETH
2022-11-04,1671.48,1528.31,1530.87,1195605.21,1925861769.02,1645.06,direct,,ETH
2022-11-05,1665.9,1621.64,1645.06,372275.57,611265136.47,1627.42,direct,,ETH
2022-11-06,1638.76,1565.49,1627.42,456328.92,735107790.65,1568.75,direct,,ETH
2022-11-07,1608.74,1546.59,1568.75,873269.35,1378127340.69,1568.45,direct,,ETH
2022-11-08,1579.41,1250.63,1568.45,2888023.55,4107836408.23,1334.22,direct,,ETH
2022-11-09,1337.05,1081.28,1334.22,2781427.49,3360130314.53,1104.17,direct,,ETH
2022-11-10,1347.76,1090.05,1104.17,1434018.02,1773564733.66,1296.01,direct,,ETH
2022-11-11,1306.47,1200.46,1296.01,1116988.68,1409146347.24,1285.23,direct,,ETH
2022-11-12,1289.04,1236.27,1285.23,338208.86,427130657.25,1254.95,direct,,ETH
2022-11-13,1272.09,1200.31,1254.95,348001.46,429569400.6,1219.85,direct,,ETH
2022-11-14,1288.74,1170.9,1219.85,697240.74,855858844.55,1241.39,direct,,ETH
2022-11-15,1288.55,1232.81,1241.39,575085.3,723628030.12,1252.0,direct,,ETH
2022-11-16,1266.73,1185.82,1252.0,607212.63,742289325.22,1215.24,direct,,ETH
2022-11-17,1227.03,1181.92,1215.24,472447.65,568626212.85,1199.45,direct,,ETH
2022-11-18,1231.6,1198.2,1199.45,363748.92,441193528.12,1210.98,direct,,ETH
2022-11-19,1231.29,1196.77,1210.98,190518.55,230572688.07,1216.52,direct,,ETH
2022-11-20,1225.0,1130.87,1216.52,419202.77,491708817.05,1140.47,direct,,ETH
2022-11-21,1144.37,1079.94,1140.47,888334.79,990700383.48,1105.99,direct,,ETH
2022-11-22,1140.64,1074.4,1105.99,742768.38,824490701.43,1137.75,direct,,ETH
2022-11-23,1189.1,1126.34,1137.75,645984.08,750643596.67,1183.69,direct,,ETH
2022-11-24,1215.66,1179.27,1183.69,456499.85,547060532.6,1202.96,direct,,ETH
2022-11-25,1205.7,1170.43,1202.96,333765.53,396616881.99,1198.4,direct,,ETH
2022-11-26,1233.38,1196.04,1198.4,270909.36,329190686.13,1204.94,direct,,ETH
2022-11-27,1222.51,1188.99,1204.94,220645.91,267300240.57,1193.2,direct,,ETH
2022-11-28,1198.53,1150.42,1193.2,450296.42,526904922.21,1167.3,direct,,ETH
2022-11-29,1225.87,1157.85,1167.3,476198.98,573752908.47,1215.7,direct,,ETH
2022-11-30,1309.06,1212.49,1215.7,701187.69,893091016.94,1294.92,direct,,ETH
2022-12-01,1299.63,1263.39,1294.92,434534.77,556451968.76,1276.36,direct,,ETH
2022-12-02,1297.11,1265.67,1276.36,418461.79,536043267.27,1295.61,direct,,ETH
2022-12-03,1307.27,1236.97,1295.61,312767.84,397801316.77,1241.13,direct,,ETH
2022-12-04,1286.38,1240.5,1241.13,246761.98,312004682.21,1279.89,direct,,ETH
2022-12-05,1305.5,1247.32,1279.89,460629.87,588911337.44,1259.37,direct,,ETH
2022-12-06,1274.29,1242.46,1259.37,394034.08,495067956.08,1271.38,direct,,ETH
2022-12-07,1276.71,1217.1,1271.38,404153.25,500133032.01,1231.35,direct,,ETH
2022-12-08,1291.22,1222.42,1231.35,476605.2,596851329.1,1280.28,direct,,ETH
2022-12-09,1295.62,1256.15,1280.28,411785.24,525600440.57,1262.95,direct,,ETH
2022-12-10,1282.69,1260.13,1262.95,203657.61,258333254.5,1266.34,direct,,ETH
2022-12-11,1283.59,1257.77,1266.34,226937.44,288391972.72,1263.27,direct,,ETH
2022-12-12,1278.74,1240.78,1263.27,425640.9,534501434.1,1275.37,direct,,ETH
2022-12-13,1346.51,1256.36,1275.37,602423.88,786269925.3,1320.43,direct,,ETH
2022-12-14,1350.33,1302.52,1320.43,701164.65,926900276.47,1307.5,direct,,ETH
2022-12-15,1311.34,1260.13,1307.5,599551.83,768136956.69,1266.59,direct,,ETH
2022-12-16,1279.37,1158.18,1266.59,878354.77,1065048194.1,1167.85,direct,,ETH
2022-12-17,1189.53,1162.32,1167.85,383067.08,451167227.98,1187.11,direct,,ETH
2022-12-18,1196.43,1172.99,1187.11,271189.77,321056937.95,1183.19,direct,,ETH
2022-12-19,1194.49,1152.43,1183.19,497188.38,585378897.99,1167.68,direct,,ETH
2022-12-20,1228.37,1163.29,1167.68,609536.88,735691592.34,1216.96,direct,,ETH
2022-12-21,1220.46,1204.4,1216.96,427885.37,518496302.18,1213.84,direct,,ETH
2022-12-22,1230.41,1183.8,1213.84,528262.6,637447979.92,1217.51,direct,,ETH
2022-12-23,1228.48,1213.65,1217.51,470222.71,573753835.68,1219.97,direct,,ETH
2022-12-24,1226.23,1214.24,1219.97,207378.91,252819741.33,1220.49,direct,,ETH
2022-12-25,1223.72,1199.6,1220.49,328092.18,397681859.87,1218.3,direct,,ETH
2022-12-26,1229.65,1212.89,1218.3,247202.68,301306741.79,1227.3,direct,,ETH
2022-12-27,1232.63,1202.88,1227.3,390793.16,474996198.27,1211.07,direct,,ETH
2022-12-28,1214.55,1182.48,1211.07,498553.01,596230640.27,1189.27,direct,,ETH
2022-12-29,1205.31,1186.42,1189.27,366192.7,438196328.2,1200.06,direct,,ETH
2022-12-30,1201.51,1182.25,1200.06,346823.33,413969580.77,1199.12,direct,,ETH
2022-12-31,1207.02,1191.63,1199.12,222004.25,266114942.31,1195.0,direct,,ETH
2023-01-01,1204.09,1190.52,1195.0,177271.0,212091101.2,1200.1,direct,,ETH
2023-01-02,1222.25,1192.5,1200.1,327216.37,396971135.51,1213.98,direct,,ETH
2023-01-03,1219.35,1205.08,1213.98,323873.94,392700511.47,1214.11,direct,,ETH
2023-01-04,1267.02,1212.42,1214.11,660554.73,825157843.82,1256.42,direct,,ETH
2023-01-05,1259.03,1242.51,1256.42,395462.48,494598797.89,1250.73,direct,,ETH
2023-01-06,1275.0,1236.5,1250.73,531468.47,667398617.34,1268.71,direct,,ETH
2023-01-07,1270.34,1261.21,1268.71,183266.85,231711574.14,1263.86,direct,,ETH
2023-01-08,1292.01,1258.59,1263.86,308927.99,392241837.02,1288.62,direct,,ETH
2023-01-09,1344.17,1285.01,1288.62,775693.69,1022290294.83,1320.11,direct,,ETH
2023-01-10,1346.45,1316.81,1320.11,512653.94,682508755.42,1335.42,direct,,ETH
2023-01-11,1393.42,1320.84,1335.42,558764.18,750208058.14,1388.95,direct,,ETH
2023-01-12,1436.9,1367.5,1388.95,836206.52,1173416087.03,1416.05,direct,,ETH
2023-01-13,1464.27,1401.0,1416.05,582315.27,827418332.41,1451.18,direct,,ETH
2023-01-14,1600.82,1449.52,1451.18,651867.35,1000747558.84,1550.07,direct,,ETH
2023-01-15,1566.18,1516.95,1550.07,393482.3,605354595.73,1552.71,direct,,ETH
2023-01-16,1601.54,1522.89,1552.71,546773.59,854808666.21,1577.02,direct,,ETH
2023-01-17,1606.64,1542.73,1577.02,445523.36,701015677.04,1565.15,direct,,ETH
2023-01-18,1610.01,1502.35,1565.15,761780.77,1186461141.36,1512.28,direct,,ETH
2023-01-19,1562.61,1509.86,1512.28,489405.87,750596721.84,1551.2,direct,,ETH
2023-01-20,1662.05,1542.76,1551.2,661985.34,1052523938.77,1659.02,direct,,ETH
2023-01-21,1678.11,1622.68,1659.02,551440.33,911165415.27,1626.68,direct,,ETH
2023-01-22,1661.85,1608.38,1626.68,482545.84,787251000.78,1627.79,direct,,ETH
2023-01-23,1646.52,1592.78,1627.79,536187.38,872732022.61,1626.47,direct,,ETH
2023-01-24,1641.25,1537.38,1626.47,567029.94,911498894.01,1556.12,direct,,ETH
2023-01-25,1638.48,1519.26,1556.12,724158.23,1132268819.24,1610.94,direct,,ETH
2023-01-26,1632.15,1579.46,1610.94,491078.21,789028231.13,1601.35,direct,,ETH
2023-01-27,1621.71,1553.36,1601.35,493189.56,781935987.02,1597.86,direct,,ETH
2023-01-28,1606.66,1558.63,1597.86,275543.16,436021436.43,1572.46,direct,,ETH
2023-01-29,1658.36,1566.99,1572.46,502089.89,812096302.45,1645.46,direct,,ETH
2023-01-30,1647.19,1539.51,1645.46,577546.2,917935732.64,1566.49,direct,,ETH
2023-01-31,1603.98,1561.82,1566.49,436991.03,690489010.7,1585.47,direct,,ETH
2023-02-01,1647.46,1558.29,1585.47,499248.21,797147606.94,1641.61,direct,,ETH
2023-02-02,1711.99,1630.57,1641.61,585655.08,980080354.31,1642.74,direct,,ETH
2023-02-03,1675.35,1628.58,1642.74,426503.46,704445423.97,1663.97,direct,,ETH
2023-02-04,1694.8,1646.23,1663.97,247213.27,412803098.7,1666.89,direct,,ETH
2023-02-05,1673.2,1611.8,1666.89,277758.07,456219066.62,1629.8,direct,,ETH
2023-02-06,1657.56,1607.64,1629.8,303435.45,495673231.02,1614.31,direct,,ETH
2023-02-07,1677.31,1613.44,1614.31,387245.7,637931660.04,1671.61,direct,,ETH
2023-02-08,1697.58,1631.15,1671.61,388811.42,646763538.23,1650.95,direct,,ETH
2023-02-09,1655.68,1527.63,1650.95,542952.15,867896690.84,1545.78,direct,,ETH
2023-02-10,1554.37,1496.52,1545.78,493802.96,756041189.81,1513.79,direct,,ETH
2023-02-11,1542.93,1508.54,1513.79,171058.2,260403379.72,1538.79,direct,,ETH
2023-02-12,1547.62,1495.57,1538.79,228435.36,349138047.41,1515.42,direct,,ETH
2023-02-13,1525.82,1464.59,1515.42,536302.59,800954432.79,1506.37,direct,,ETH
2023-02-14,1567.02,1494.06,1506.37,449350.95,687412621.55,1556.14,direct,,ETH
2023-02-15,1678.37,1543.35,1556.14,479383.43,772032249.88,1675.34,direct,,ETH
2023-02-16,1741.06,1634.58,1675.34,609138.06,1030465375.37,1638.41,direct,,ETH
2023-02-17,1721.57,1632.29,1638.41,449742.27,754132750.16,1694.3,direct,,ETH
2023-02-18,1710.86,1681.41,1694.3,181450.94,307506654.43,1691.98,direct,,ETH
2023-02-19,1725.04,1668.29,1691.98,299100.82,507142415.32,1681.25,direct,,ETH
2023-02-20,1719.4,1652.65,1681.25,299670.15,508356423.43,1703.53,direct,,ETH
2023-02-21,1716.4,1637.57,1703.53,393619.14,659946431.8,1659.64,direct,,ETH
2023-02-22,1665.93,1598.66,1659.64,519119.41,846194678.13,1643.28,direct,,ETH
2023-02-23,1678.49,1630.04,1643.28,422628.5,699286522.36,1650.59,direct,,ETH
2023-02-24,1664.27,1577.26,1650.59,493843.99,799273822.59,1607.86,direct,,ETH
2023-02-25,1609.27,1560.74,1608.09,221100.6,351919078.03,1594.89,direct,,ETH
2023-02-26,1649.95,1589.21,1594.89,227978.9,368915540.44,1641.93,direct,,ETH
2023-02-27,1665.57,1609.81,1641.93,365130.15,598217352.12,1633.97,direct,,ETH
2023-02-28,1647.17,1598.53,1633.97,280695.02,456947652.79,1605.0,direct,,ETH
2023-03-01,1669.19,1597.38,1605.0,350132.16,576615214.76,1665.45,direct,,ETH
2023-03-02,1677.33,1620.13,1665.45,335968.63,551440002.57,1647.79,direct,,ETH
2023-03-03,1649.2,1548.32,1647.79,470563.21,739448646.09,1569.58,direct,,ETH
2023-03-04,1577.04,1550.25,1569.58,112487.53,176234475.2,1566.93,direct,,ETH
2023-03-05,1587.47,1555.29,1566.93,176811.23,277592151.28,1564.76,direct,,ETH
2023-03-06,1581.84,1555.59,1564.76,245424.7,384556985.72,1565.91,direct,,ETH
2023-03-07,1581.82,1536.95,1565.91,346054.22,539524295.29,1561.65,direct,,ETH
2023-03-08,1570.28,1526.74,1561.65,343217.11,533070618.78,1532.44,direct,,ETH
2023-03-09,1545.42,1410.99,1532.44,575922.85,859197707.07,1437.54,direct,,ETH
2023-03-10,1438.29,1372.27,1437.54,833913.18,1175848727.85,1431.4,direct,,ETH
2023-03-11,1491.59,1417.03,1431.4,552268.82,805115649.23,1483.2,direct,,ETH
2023-03-12,1606.85,1461.17,1483.2,411204.12,628102927.38,1591.86,direct,,ETH
2023-03-13,1701.17,1570.93,1591.86,616233.89,1009058317.0,1680.71,direct,,ETH
2023-03-14,1783.47,1665.23,1680.71,712205.61,1225543590.64,1705.06,direct,,ETH
2023-03-15,1721.97,1615.32,1705.06,568458.54,948181307.92,1652.94,direct,,ETH
2023-03-16,1694.64,1636.09,1652.94,339126.85,563676442.36,1676.86,direct,,ETH
2023-03-17,1802.78,1666.43,1676.86,554669.7,962507961.8,1793.04,direct,,ETH
2023-03-18,1843.54,1752.76,1793.04,442837.6,798340920.36,1763.35,direct,,ETH
2023-03-19,1845.39,1762.75,1763.35,336854.29,607696097.2,1785.66,direct,,ETH
2023-03-20,1808.06,1729.6,1785.66,452463.01,799956695.25,1738.39,direct,,ETH
2023-03-21,1839.07,1724.94,1738.39,397973.51,712333244.98,1806.98,direct,,ETH
2023-03-22,1822.98,1716.26,1806.98,430061.56,764719792.48,1738.78,direct,,ETH
2023-03-23,1859.48,1733.81,1738.78,381926.92,686206044.67,1817.43,direct,,ETH
2023-03-24,1821.83,1729.2,1817.43,356258.62,630907409.49,1751.94,direct,,ETH
2023-03-25,1763.98,1715.91,1751.94,170564.23,297620002.87,1743.78,direct,,ETH
2023-03-26,1799.07,1741.42,1743.78,198936.19,352102221.17,1775.76,direct,,ETH
2023-03-27,1781.73,1689.98,1775.76,285822.63,495106395.7,1716.29,direct,,ETH
2023-03-28,1794.81,1703.04,1716.29,286857.06,500712364.6,1773.6,direct,,ETH
2023-03-29,1825.56,1773.37,1773.6,308962.67,556581897.53,1793.38,direct,,ETH
2023-03-30,1828.37,1764.92,1793.38,326714.53,585790681.35,1793.89,direct,,ETH
2023-03-31,1845.88,1781.06,1793.89,301755.71,547831728.98,1822.07,direct,,ETH
2023-04-01,1841.93,1812.0,1822.07,135517.35,247088424.15,1821.79,direct,,ETH
2023-04-02,1825.84,1774.64,1821.79,117903.5,212602211.37,1795.71,direct,,ETH
2023-04-03,1839.66,1764.32,1795.71,330071.23,594690795.24,1810.94,direct,,ETH
2023-04-04,1888.06,1803.22,1810.94,361345.23,670176881.19,1871.46,direct,,ETH
2023-04-05,1939.99,1865.31,1871.46,348535.11,664954864.65,1909.28,direct,,ETH
2023-04-06,1910.51,1856.41,1909.28,234616.11,440377262.88,1872.91,direct,,ETH
2023-04-07,1883.02,1844.5,1872.91,141992.64,264266851.34,1864.89,direct,,ETH
2023-04-08,1880.16,1848.48,1864.89,91944.86,171404063.71,1849.91,direct,,ETH
2023-04-09,1874.21,1827.69,1849.91,150755.41,278524755.74,1859.73,direct,,ETH
2023-04-10,1918.88,1848.26,1859.73,237557.7,446407551.48,1911.14,direct,,ETH
2023-04-11,1937.09,1884.47,1911.14,263754.27,504305398.27,1891.5,direct,,ETH
2023-04-12,1933.6,1857.04,1891.5,343825.49,653001508.03,1918.62,direct,,ETH
2023-04-13,2023.26,1901.56,1918.62,454779.5,900794714.15,2013.97,direct,,ETH
2023-04-14,2130.29,2011.32,2013.97,569800.81,1193601441.09,2101.73,direct,,ETH
2023-04-15,2111.97,2075.03,2101.73,188889.63,396180074.82,2092.41,direct,,ETH
2023-04-16,2141.06,2075.09,2092.41,208671.81,439801683.04,2120.17,direct,,ETH
2023-04-17,2121.95,2058.85,2120.17,266217.05,554772213.93,2075.88,direct,,ETH
2023-04-18,2123.91,2056.08,2075.88,243280.58,509113199.16,2104.71,direct,,ETH
2023-04-19,2105.44,1924.98,2104.71,456302.08,911422903.55,1935.92,direct,,ETH
2023-04-20,1981.29,1916.74,1935.92,337826.21,657577879.08,1943.43,direct,,ETH
2023-04-21,1956.31,1826.58,1943.43,405421.38,767020777.78,1849.09,direct,,ETH
2023-04-22,1888.37,1843.85,1849.09,130585.31,243379837.02,1874.58,direct,,ETH
2023-04-23,1882.06,1839.06,1874.58,161519.27,300444587.03,1862.38,direct,,ETH
2023-04-24,1889.42,1807.89,1862.38,309201.16,570636520.13,1842.55,direct,,ETH
2023-04-25,1877.88,1804.47,1842.55,269734.71,494254797.08,1866.52,direct,,ETH
2023-04-26,1964.15,1787.84,1866.52,493300.56,930750404.58,1866.8,direct,,ETH
2023-04-27,1938.4,1862.3,1866.8,412598.02,785126171.38,1909.45,direct,,ETH
2023-04-28,1926.97,1879.39,1909.45,223718.62,425868672.46,1896.05,direct,,ETH
2023-04-29,1920.53,1889.17,1896.05,89168.3,169819033.56,1911.23,direct,,ETH
2023-04-30,1939.2,1869.96,1911.23,165835.09,316695826.29,1872.4,direct,,ETH
2023-05-01,1887.47,1807.93,1872.4,272766.14,501499426.35,1832.65,direct,,ETH
2023-05-02,1881.71,1824.97,1832.65,198901.34,368465427.45,1871.76,direct,,ETH
2023-05-03,1916.17,1844.78,1871.76,233750.96,438240180.13,1906.04,direct,,ETH
2023-05-04,1917.18,1868.88,1906.04,166275.76,314539294.6,1878.59,direct,,ETH
2023-05-05,2000.29,1877.51,1878.59,349046.71,680967049.89,1996.13,direct,,ETH
2023-05-06,2018.09,1866.45,1996.13,259808.91,501429621.42,1901.94,direct,,ETH
2023-05-07,1938.6,1877.94,1901.94,164250.83,313882607.91,1879.47,direct,,ETH
2023-05-08,1893.06,1815.78,1879.47,358039.78,664714401.47,1853.94,direct,,ETH
2023-05-09,1863.13,1838.55,1853.94,183036.48,338236687.64,1848.91,direct,,ETH
2023-05-10,1888.41,1792.58,1848.91,333023.49,615019660.03,1842.62,direct,,ETH
2023-05-11,1843.1,1773.59,1842.62,241294.66,435960460.99,1795.51,direct,,ETH
2023-05-12,1816.48,1740.86,1795.51,263545.14,467334013.56,1808.28,direct,,ETH
2023-05-13,1816.94,1787.56,1808.28,96551.76,173889132.85,1796.08,direct,,ETH
2023-05-14,1824.28,1792.12,1796.08,93964.15,169553393.6,1800.16,direct,,ETH
2023-05-15,1846.84,1786.44,1800.16,207683.14,379365245.9,1817.04,direct,,ETH
2023-05-16,1832.36,1797.37,1817.04,157669.82,286581998.35,1824.54,direct,,ETH
2023-05-17,1836.15,1784.88,1824.54,163159.24,295642800.65,1822.22,direct,,ETH
2023-05-18,1831.69,1772.4,1822.22,144759.04,261830100.8,1800.84,direct,,ETH
2023-05-19,1829.37,1797.55,1800.84,110034.32,199390959.13,1812.74,direct,,ETH
2023-05-20,1829.55,1807.6,1812.74,64450.51,117125781.65,1820.0,direct,,ETH
2023-05-21,1829.11,1799.27,1820.0,60806.67,110171780.38,1805.38,direct,,ETH
2023-05-22,1828.61,1792.65,1805.38,110111.78,199800403.15,1817.83,direct,,ETH
2023-05-23,1871.1,1815.76,1817.83,156839.5,290332107.99,1854.48,direct,,ETH
2023-05-24,1854.71,1778.69,1854.48,172516.4,311671841.31,1799.99,direct,,ETH
2023-05-25,1818.3,1762.69,1799.99,153676.49,275579486.08,1806.04,direct,,ETH
2023-05-26,1838.57,1797.48,1806.04,120144.9,218981012.22,1828.68,direct,,ETH
2023-05-27,1836.85,1815.82,1828.68,49371.95,90250026.95,1830.98,direct,,ETH
2023-05-28,1916.88,1824.86,1830.98,139620.13,260979861.41,1909.28,direct,,ETH
2023-05-29,1927.41,1875.5,1909.28,149316.44,283875868.0,1893.17,direct,,ETH
2023-05-30,1917.42,1882.96,1893.17,158799.67,302468580.12,1901.19,direct,,ETH
2023-05-31,1907.76,1848.86,1901.19,171137.97,320126617.18,1874.03,direct,,ETH
2023-06-01,1888.53,1841.67,1874.03,167049.82,311566762.29,1862.24,direct,,ETH
2023-06-02,1910.56,1848.47,1862.24,171651.3,324600206.34,1907.36,direct,,ETH
2023-06-03,1909.45,1883.38,1907.36,69584.33,132138660.62,1892.63,direct,,ETH
2023-06-04,1913.76,1885.28,1892.63,73559.24,139808423.0,1890.37,direct,,ETH
2023-06-05,1891.16,1779.9,1890.37,259032.43,475161890.31,1811.47,direct,,ETH
2023-06-06,1897.07,1798.32,1811.47,216474.64,399470424.17,1886.35,direct,,ETH
2023-06-07,1899.05,1821.13,1886.35,202548.31,376467803.89,1832.56,direct,,ETH
2023-06-08,1861.23,1829.28,1832.56,96262.81,177740176.57,1846.12,direct,,ETH
2023-06-09,1855.2,1827.89,1846.12,105256.6,193799820.21,1840.51,direct,,ETH
2023-06-10,1845.05,1718.43,1840.51,291279.53,512816424.25,1752.49,direct,,ETH
2023-06-11,1777.75,1739.68,1752.49,97978.89,171893158.83,1753.15,direct,,ETH
2023-06-12,1758.52,1720.3,1753.15,157478.22,273713982.1,1742.66,direct,,ETH
2023-06-13,1765.63,1724.83,1742.66,165216.57,287829194.43,1739.4,direct,,ETH
2023-06-14,1749.8,1631.71,1739.4,215882.85,365982713.53,1650.8,direct,,ETH
2023-06-15,1677.32,1622.51,1650.8,225782.07,371752813.77,1665.43,direct,,ETH
2023-06-16,1727.38,1650.36,1665.43,147238.46,248248593.82,1716.87,direct,,ETH
2023-06-17,1764.23,1713.46,1716.87,77876.38,135246610.67,1727.25,direct,,ETH
2023-06-18,1747.15,1714.24,1727.25,61009.73,105602986.61,1720.51,direct,,ETH
2023-06-19,1750.51,1702.53,1720.51,110080.68,189833856.65,1736.79,direct,,ETH
2023-06-20,1796.2,1714.37,1736.79,204826.38,360202462.41,1792.7,direct,,ETH
2023-06-21,1901.09,1787.65,1792.7,329097.67,608041064.43,1889.61,direct,,ETH
2023-06-22,1932.43,1867.05,1889.61,226530.23,430137565.01,1872.42,direct,,ETH
2023-06-23,1935.61,1862.87,1872.42,191917.53,364062998.23,1893.52,direct,,ETH
2023-06-24,1906.41,1865.87,1893.52,85491.92,161217137.17,1875.91,direct,,ETH
2023-06-25,1930.13,1870.0,1875.91,128153.56,243821770.45,1899.41,direct,,ETH
2023-06-26,1908.51,1837.8,1899.41,153770.53,287969485.35,1859.19,direct,,ETH
2023-06-27,1912.27,1855.91,1859.19,151848.79,286149889.21,1889.8,direct,,ETH
2023-06-28,1890.36,1816.8,1889.8,161271.89,298601057.72,1827.54,direct,,ETH
2023-06-29,1879.3,1826.86,1827.54,113949.24,211210015.81,1852.08,direct,,ETH
2023-06-30,1946.35,1824.32,1852.08,331170.67,626117328.74,1933.62,direct,,ETH
2023-07-01,1943.98,1909.02,1933.62,88636.77,170397820.6,1924.32,direct,,ETH
2023-07-02,1959.65,1886.23,1924.32,134924.17,259524177.47,1937.46,direct,,ETH
2023-07-03,1976.4,1933.97,1937.46,170212.81,333458002.68,1955.81,direct,,ETH
2023-07-04,1966.58,1931.77,1955.81,93710.12,182921227.93,1936.37,direct,,ETH
2023-07-05,1942.52,1894.61,1936.37,117766.45,225539498.22,1910.36,direct,,ETH
2023-07-06,1957.31,1846.2,1910.36,196764.23,373111691.55,1846.23,direct,,ETH
2023-07-07,1877.83,1826.76,1846.23,127506.43,236998422.03,1870.78,direct,,ETH
2023-07-08,1872.81,1842.91,1870.78,66902.55,124473027.23,1865.62,direct,,ETH
2023-07-09,1878.95,1857.05,1865.62,56099.99,104769250.13,1863.09,direct,,ETH
2023-07-10,1905.56,1847.56,1863.09,132506.75,248076590.36,1880.69,direct,,ETH
2023-07-11,1890.88,1862.62,1880.69,93167.51,174708055.4,1878.62,direct,,ETH
2023-07-12,1902.85,1864.64,1878.62,143566.5,270619306.85,1871.83,direct,,ETH
2023-07-13,2013.71,1863.04,1871.83,336483.02,656466648.57,2005.75,direct,,ETH
2023-07-14,2028.23,1899.87,2005.75,267412.05,527215689.43,1939.13,direct,,ETH
2023-07-15,1947.02,1927.45,1939.13,63946.44,123753926.65,1931.84,direct,,ETH
2023-07-16,1943.9,1915.46,1931.84,60489.53,116791257.98,1923.31,direct,,ETH
2023-07-17,1936.44,1873.95,1923.31,179625.29,342329027.22,1911.56,direct,,ETH
2023-07-18,1917.42,1876.56,1911.56,170066.54,322922232.52,1897.76,direct,,ETH
2023-07-19,1921.35,1882.24,1897.76,146906.13,279760726.89,1888.8,direct,,ETH
2023-07-20,1928.8,1878.34,1888.8,151206.84,287230417.85,1891.77,direct,,ETH
2023-07-21,1905.23,1884.8,1891.77,82591.95,156384021.65,1891.92,direct,,ETH
2023-07-22,1897.37,1853.5,1891.92,62595.74,117565051.78,1866.58,direct,,ETH
2023-07-23,1905.05,1858.59,1866.58,88294.64,165984164.63,1888.72,direct,,ETH
2023-07-24,1890.69,1833.52,1888.72,187790.43,347928550.49,1849.87,direct,,ETH
2023-07-25,1867.76,1845.54,1849.87,88214.29,163792722.05,1857.51,direct,,ETH
2023-07-26,1887.19,1848.5,1857.51,116692.35,217544577.61,1871.94,direct,,ETH
2023-07-27,1885.88,1854.75,1871.94,92489.79,172986040.03,1860.95,direct,,ETH
2023-07-28,1882.21,1856.42,1860.95,84360.48,157806868.85,1874.32,direct,,ETH
2023-07-29,1886.25,1869.84,1874.32,35930.88,67420133.0,1880.9,direct,,ETH
2023-07-30,1885.32,1849.68,1880.9,71017.31,132571482.86,1861.71,direct,,ETH
2023-07-31,1876.63,1850.86,1861.71,108149.1,201325420.68,1856.01,direct,,ETH
2023-08-01,1874.67,1812.77,1856.01,219807.87,404099981.78,1872.96,direct,,ETH
2023-08-02,1878.64,1820.43,1872.96,152558.88,281934846.64,1839.07,direct,,ETH
2023-08-03,1857.31,1824.39,1839.07,113475.48,208780805.48,1834.44,direct,,ETH
2023-08-04,1849.34,1815.23,1834.44,118591.31,217682208.64,1827.52,direct,,ETH
2023-08-05,1837.2,1824.73,1827.52,40010.61,73250862.43,1834.9,direct,,ETH
2023-08-06,1836.84,1824.48,1834.9,42056.49,76980593.22,1827.81,direct,,ETH
2023-08-07,1844.14,1800.61,1827.81,138712.48,252903494.71,1827.07,direct,,ETH
2023-08-08,1875.47,1824.41,1827.07,153819.57,284363251.37,1855.78,direct,,ETH
2023-08-09,1870.77,1844.53,1855.78,108839.38,201917130.17,1854.14,direct,,ETH
2023-08-10,1864.25,1844.49,1854.14,72694.36,134629659.34,1850.51,direct,,ETH
2023-08-11,1855.2,1837.1,1850.51,74423.11,137388777.18,1847.01,direct,,ETH
2023-08-12,1852.66,1845.37,1847.01,35133.53,64959465.73,1849.08,direct,,ETH
2023-08-13,1860.01,1833.39,1849.08,44017.87,81329475.04,1839.07,direct,,ETH
2023-08-14,1854.17,1833.55,1839.07,80532.62,148596306.79,1844.02,direct,,ETH
2023-08-15,1845.58,1811.79,1844.02,75434.51,138258892.85,1827.21,direct,,ETH
2023-08-16,1829.42,1796.32,1827.21,116390.89,211465905.78,1805.68,direct,,ETH
2023-08-17,1808.11,1538.26,1805.68,342502.46,586328524.5,1681.74,direct,,ETH
2023-08-18,1699.0,1641.05,1681.74,244267.04,408868800.0,1661.34,direct,,ETH
2023-08-19,1695.56,1653.99,1661.34,85392.14,142631159.81,1669.67,direct,,ETH
2023-08-20,1694.11,1662.16,1669.67,77051.98,129059232.43,1685.38,direct,,ETH
2023-08-21,1687.62,1649.81,1685.38,133144.55,222346407.69,1667.37,direct,,ETH
2023-08-22,1669.14,1582.66,1667.37,187472.16,306952239.8,1634.23,direct,,ETH
2023-08-23,1700.22,1629.05,1634.23,197778.05,328759845.74,1679.23,direct,,ETH
2023-08-24,1682.97,1635.8,1679.23,136664.44,226405478.01,1660.46,direct,,ETH
2023-08-25,1675.75,1634.84,1660.46,152712.57,252242786.57,1652.94,direct,,ETH
2023-08-26,1654.84,1643.21,1652.94,33734.15,55624499.94,1646.3,direct,,ETH
2023-08-27,1659.41,1645.5,1646.3,41210.49,68111939.3,1657.6,direct,,ETH
2023-08-28,1662.45,1622.25,1657.6,106796.31,175729854.06,1652.22,direct,,ETH
2023-08-29,1745.27,1639.27,1652.22,216413.42,368669910.11,1729.38,direct,,ETH
2023-08-30,1730.8,1696.18,1729.38,112822.42,193154994.53,1705.51,direct,,ETH
2023-08-31,1725.0,1630.36,1705.51,180257.29,302646661.02,1645.67,direct,,ETH
2023-09-01,1654.21,1602.15,1645.67,140655.9,229505773.05,1628.51,direct,,ETH
2023-09-02,1644.58,1627.58,1628.51,44394.41,72557044.83,1636.88,direct,,ETH
2023-09-03,1646.49,1625.26,1636.88,51338.16,83967516.22,1635.72,direct,,ETH
2023-09-04,1644.24,1616.39,1635.72,65027.05,106014643.86,1629.77,direct,,ETH
2023-09-05,1646.6,1609.17,1629.77,95396.0,155443741.05,1633.83,direct,,ETH
2023-09-06,1667.18,1609.76,1633.83,115555.19,188596252.64,1632.35,direct,,ETH
2023-09-07,1658.54,1622.78,1632.35,108972.21,178418926.08,1647.63,direct,,ETH
2023-09-08,1658.02,1616.13,1647.63,113530.21,185655920.66,1636.13,direct,,ETH
2023-09-09,1637.06,1629.53,1636.13,29811.67,48715977.58,1635.27,direct,,ETH
2023-09-10,1635.6,1598.26,1635.27,87612.55,141811583.08,1616.78,direct,,ETH
2023-09-11,1618.59,1531.41,1616.78,222853.36,350478203.43,1551.53,direct,,ETH
2023-09-12,1624.44,1549.46,1551.53,182681.33,290923261.09,1593.09,direct,,ETH
2023-09-13,1618.1,1581.83,1593.09,146553.33,234456204.57,1607.97,direct,,ETH
2023-09-14,1643.67,1607.51,1607.97,176132.72,286524359.38,1627.01,direct,,ETH
2023-09-15,1653.05,1611.89,1627.01,107443.76,174858821.85,1641.48,direct,,ETH
2023-09-16,1652.0,1631.94,1641.48,51027.56,83641957.75,1634.86,direct,,ETH
2023-09-17,1635.55,1612.65,1634.86,52875.06,85972165.39,1622.81,direct,,ETH
2023-09-18,1669.3,1606.15,1622.81,154872.45,254499442.83,1637.19,direct,,ETH
2023-09-19,1660.5,1627.21,1637.19,112415.8,184891179.92,1643.58,direct,,ETH
2023-09-20,1649.54,1605.7,1643.58,148630.68,242158870.38,1622.39,direct,,ETH
2023-09-21,1625.21,1568.44,1622.39,150102.38,239767218.36,1584.04,direct,,ETH
2023-09-22,1602.27,1577.13,1584.04,102642.72,163522895.05,1593.13,direct,,ETH
2023-09-23,1598.18,1588.07,1593.13,37820.27,60256774.05,1593.91,direct,,ETH
2023-09-24,1600.73,1570.95,1593.91,64815.76,103003077.92,1580.76,direct,,ETH
2023-09-25,1596.93,1563.59,1580.76,129190.89,204351095.27,1588.04,direct,,ETH
2023-09-26,1598.33,1579.84,1588.04,106488.35,169116251.08,1593.27,direct,,ETH
2023-09-27,1632.85,1582.93,1593.27,165773.31,266115436.32,1597.73,direct,,ETH
2023-09-28,1667.83,1597.1,1597.73,254866.68,417307877.44,1652.9,direct,,ETH
2023-09-29,1688.1,1648.4,1652.9,208708.07,348158317.18,1667.44,direct,,ETH
2023-09-30,1693.97,1666.36,1667.44,100605.59,168691450.13,1670.97,direct,,ETH
2023-10-01,1756.57,1668.69,1670.97,153318.81,260450967.05,1733.44,direct,,ETH
2023-10-02,1743.65,1638.79,1733.44,321968.06,547118665.83,1662.8,direct,,ETH
2023-10-03,1670.57,1643.9,1662.8,193423.11,320387316.67,1656.96,direct,,ETH
2023-10-04,1657.76,1625.61,1656.96,157246.2,258093521.67,1646.79,direct,,ETH
2023-10-05,1654.85,1608.96,1646.79,166310.68,270654077.48,1611.72,direct,,ETH
2023-10-06,1661.26,1611.72,1611.72,154920.65,253531816.85,1645.93,direct,,ETH
2023-10-07,1648.54,1631.04,1645.93,54861.79,89945206.18,1634.64,direct,,ETH
2023-10-08,1642.17,1617.5,1634.64,74219.89,121021981.15,1633.61,direct,,ETH
2023-10-09,1636.39,1547.88,1633.61,213202.04,339017511.32,1580.25,direct,,ETH
2023-10-10,1594.87,1551.22,1580.25,161967.57,254975021.38,1567.68,direct,,ETH
2023-10-11,1578.37,1545.6,1567.68,188645.12,294808400.58,1566.52,direct,,ETH
2023-10-12,1567.96,1521.78,1566.52,167816.78,259081681.89,1539.43,direct,,ETH
2023-10-13,1573.36,1537.64,1539.43,144951.05,224374179.99,1552.12,direct,,ETH
2023-10-14,1561.42,1545.01,1552.12,49919.63,77502622.78,1555.02,direct,,ETH
2023-10-15,1566.8,1548.99,1555.02,62753.06,97772202.07,1557.99,direct,,ETH
2023-10-16,1640.11,1555.34,1557.99,280738.92,446574747.49,1600.09,direct,,ETH
2023-10-17,1601.37,1553.3,1600.09,151475.09,238856568.1,1565.4,direct,,ETH
2023-10-18,1585.93,1556.22,1565.4,143924.79,226187063.01,1563.66,direct,,ETH
2023-10-19,1575.26,1542.75,1563.66,153441.72,239202217.14,1567.55,direct,,ETH
2023-10-20,1631.26,1562.17,1567.55,229023.77,367271257.58,1604.86,direct,,ETH
2023-10-21,1644.6,1593.24,1604.86,137236.81,222184082.89,1629.44,direct,,ETH
2023-10-22,1668.32,1622.28,1629.44,157183.18,257522472.2,1664.18,direct,,ETH
2023-10-23,1799.36,1658.04,1664.18,457998.91,780661240.02,1766.32,direct,,ETH
2023-10-24,1854.43,1746.5,1766.32,517541.13,932151066.26,1785.2,direct,,ETH
2023-10-25,1817.52,1760.54,1785.2,302831.01,542177185.66,1787.67,direct,,ETH
2023-10-26,1865.88,1763.34,1787.67,344775.19,622443034.73,1803.72,direct,,ETH
2023-10-27,1804.16,1745.3,1803.72,226527.41,403162777.61,1779.98,direct,,ETH
2023-10-28,1803.03,1771.67,1779.98,84407.79,150723329.54,1776.59,direct,,ETH
2023-10-29,1811.49,1763.3,1776.59,92197.88,165219418.28,1795.69,direct,,ETH
2023-10-30,1830.35,1778.41,1795.69,168252.25,303881269.37,1809.85,direct,,ETH
2023-10-31,1819.86,1782.09,1809.85,182002.83,328080843.27,1815.45,direct,,ETH
2023-11-01,1857.88,1784.08,1815.45,282652.25,514586090.27,1847.63,direct,,ETH
2023-11-02,1874.87,1785.57,1847.63,274296.45,501202295.02,1801.34,direct,,ETH
2023-11-03,1835.48,1777.57,1801.34,220360.86,397766768.21,1833.71,direct,,ETH
2023-11-04,1870.53,1825.2,1833.71,111595.25,205289548.49,1857.23,direct,,ETH
2023-11-05,1913.61,1847.68,1857.23,196043.45,369431668.22,1893.28,direct,,ETH
2023-11-06,1915.3,1870.95,1893.28,216485.51,410308088.3,1901.65,direct,,ETH
2023-11-07,1907.78,1851.17,1901.65,286201.17,538999159.16,1886.12,direct,,ETH
2023-11-08,1905.07,1873.92,1886.12,181125.66,342300115.53,1889.05,direct,,ETH
2023-11-09,2131.61,1883.26,1889.05,629555.35,1255720592.59,2121.13,direct,,ETH
2023-11-10,2136.09,2066.23,2121.13,369744.07,775967652.37,2078.52,direct,,ETH
2023-11-11,2090.87,2032.5,2078.52,222199.13,458212190.26,2053.53,direct,,ETH
2023-11-12,2066.66,2014.15,2053.53,198302.57,406409439.52,2045.4,direct,,ETH
2023-11-13,2118.47,2030.13,2045.4,327291.63,677275855.69,2054.32,direct,,ETH
2023-11-14,2065.29,1930.94,2054.32,332952.38,672516247.43,1979.66,direct,,ETH
2023-11-15,2063.09,1967.9,1979.66,318254.59,641189379.56,2059.63,direct,,ETH
2023-11-16,2092.27,1930.36,2059.63,388947.79,783609970.96,1961.54,direct,,ETH
2023-11-17,1991.18,1906.37,1961.54,292696.22,571715090.11,1961.61,direct,,ETH
2023-11-18,1972.15,1918.15,1961.61,124677.25,243248653.35,1963.67,direct,,ETH
2023-11-19,2016.3,1944.72,1963.67,142484.86,280987485.15,2012.46,direct,,ETH
2023-11-20,2067.57,1995.32,2012.46,348477.96,706775221.8,2022.62,direct,,ETH
2023-11-21,2035.52,1932.84,2022.62,322140.51,640934598.31,1933.76,direct,,ETH
2023-11-22,2092.34,1930.15,1933.76,311184.99,632049361.21,2064.08,direct,,ETH
2023-11-23,2088.81,2040.7,2064.08,167576.88,345465511.14,2062.63,direct,,ETH
2023-11-24,2133.82,2059.8,2062.63,274783.65,576843379.99,2082.24,direct,,ETH
2023-11-25,2091.51,2067.12,2082.24,82529.48,171820574.07,2084.06,direct,,ETH
2023-11-26,2095.12,2037.74,2084.06,129845.35,268817596.0,2063.01,direct,,ETH
2023-11-27,2071.85,1986.06,2063.01,266169.84,538765882.42,2027.67,direct,,ETH
2023-11-28,2075.82,1995.65,2027.67,244541.64,499177888.15,2049.1,direct,,ETH
2023-11-29,2075.4,2019.91,2049.1,192819.29,394195647.34,2029.17,direct,,ETH
2023-11-30,2055.28,2021.3,2029.17,168503.05,343390100.77,2052.93,direct,,ETH
2023-12-01,2111.43,2046.0,2052.93,288439.68,602439017.29,2088.21,direct,,ETH
2023-12-02,2189.14,2087.29,2088.21,185471.76,395659097.47,2165.6,direct,,ETH
2023-12-03,2217.45,2150.33,2165.6,186813.18,406014985.22,2193.78,direct,,ETH
2023-12-04,2273.89,2192.42,2193.78,385897.57,861288624.2,2243.25,direct,,ETH
2023-12-05,2309.38,2189.0,2243.25,375596.22,844781771.01,2293.88,direct,,ETH
2023-12-06,2312.02,2220.51,2293.88,317773.47,721010308.06,2232.96,direct,,ETH
2023-12-07,2383.16,2222.53,2232.96,348732.95,803734991.96,2356.77,direct,,ETH
2023-12-08,2391.56,2339.41,2356.77,305258.55,720748174.99,2358.94,direct,,ETH
2023-12-09,2403.29,2330.43,2358.94,198992.16,469803736.49,2341.13,direct,,ETH
2023-12-10,2377.41,2322.8,2341.13,136086.14,319769603.62,2352.31,direct,,ETH
2023-12-11,2354.9,2133.47,2352.31,445434.99,991604563.0,2224.1,direct,,ETH
2023-12-12,2242.96,2165.58,2224.1,295298.97,651964538.12,2202.33,direct,,ETH
2023-12-13,2284.2,2145.57,2202.33,334848.88,739438151.2,2260.72,direct,,ETH
2023-12-14,2332.24,2231.57,2260.72,317672.75,724615038.72,2316.03,direct,,ETH
2023-12-15,2318.06,2201.14,2316.03,249807.39,564042261.96,2220.32,direct,,ETH
2023-12-16,2261.92,2210.47,2220.32,134448.38,301358311.22,2227.14,direct,,ETH
2023-12-17,2245.8,2190.85,2227.14,152730.31,338828172.15,2194.84,direct,,ETH
2023-12-18,2222.91,2115.85,2194.84,274538.09,595550230.79,2218.75,direct,,ETH
2023-12-19,2253.93,2135.19,2218.75,285016.52,627857676.22,2177.38,direct,,ETH
2023-12-20,2265.11,2157.77,2177.38,361405.83,799599916.57,2202.03,direct,,ETH
2023-12-21,2279.1,2183.31,2202.03,315319.45,702166382.68,2239.88,direct,,ETH
2023-12-22,2343.73,2231.32,2239.88,393077.37,904108088.07,2326.53,direct,,ETH
2023-12-23,2332.23,2267.35,2326.53,192582.36,441823544.27,2309.54,direct,,ETH
2023-12-24,2326.83,2245.12,2309.54,191626.92,439156963.98,2265.42,direct,,ETH
2023-12-25,2304.59,2254.36,2265.42,156954.53,357468201.78,2271.75,direct,,ETH
2023-12-26,2275.06,2174.17,2271.75,270459.64,603300122.32,2230.94,direct,,ETH
2023-12-27,2393.37,2212.66,2230.94,392451.76,910568561.01,2380.34,direct,,ETH
2023-12-28,2447.35,2337.42,2380.34,463684.99,1106269642.94,2345.44,direct,,ETH
2023-12-29,2386.68,2256.07,2345.44,355338.55,827517118.66,2299.64,direct,,ETH
2023-12-30,2322.76,2268.2,2299.64,174599.67,401063000.08,2291.65,direct,,ETH
2023-12-31,2319.95,2259.29,2291.65,205152.64,470583638.73,2281.36,direct,,ETH
2024-01-01,2352.66,2265.26,2281.36,174286.19,402344005.13,2352.65,direct,,ETH
2024-01-02,2432.62,2343.68,2352.65,345621.3,822251765.93,2356.28,direct,,ETH
2024-01-03,2385.27,2092.33,2356.28,526602.95,1186045453.16,2210.57,direct,,ETH
2024-01-04,2296.81,2203.62,2210.57,322407.35,726479158.46,2269.47,direct,,ETH
2024-01-05,2277.99,2208.01,2269.47,283754.94,636927548.08,2270.21,direct,,ETH
2024-01-06,2271.59,2218.09,2270.21,153695.94,344776545.69,2241.73,direct,,ETH
2024-01-07,2258.2,2207.13,2241.73,164529.0,368349920.27,2222.73,direct,,ETH
2024-01-08,2360.37,2168.41,2222.73,321740.49,729642394.88,2332.66,direct,,ETH
2024-01-09,2373.21,2231.3,2332.66,407628.13,935753315.62,2344.97,direct,,ETH
2024-01-10,2643.46,2341.51,2344.97,759673.12,1859360455.9,2584.69,direct,,ETH
2024-01-11,2690.17,2567.23,2584.69,565520.51,1478952412.93,2618.71,direct,,ETH
2024-01-12,2717.2,2455.87,2618.71,608482.23,1587803065.78,2522.11,direct,,ETH
2024-01-13,2589.5,2497.1,2522.11,309808.72,789992067.14,2577.89,direct,,ETH
2024-01-14,2578.65,2468.6,2577.89,219094.29,554407683.57,2470.94,direct,,ETH
2024-01-15,2551.4,2469.25,2470.94,211497.41,532405002.36,2510.12,direct,,ETH
2024-01-16,2613.41,2498.62,2510.12,260620.37,665381293.48,2586.91,direct,,ETH
2024-01-17,2592.23,2505.29,2586.91,214487.05,546139971.58,2528.09,direct,,ETH
2024-01-18,2546.7,2424.13,2528.09,300049.73,747913574.26,2468.6,direct,,ETH
2024-01-19,2501.85,2412.93,2468.6,301556.02,743840311.23,2490.05,direct,,ETH
2024-01-20,2490.05,2452.6,2490.05,114757.82,283565628.23,2470.31,direct,,ETH
2024-01-21,2480.59,2451.91,2470.31,84186.67,207909134.54,2455.35,direct,,ETH
2024-01-22,2464.27,2302.07,2455.35,382384.29,908763742.8,2311.54,direct,,ETH
2024-01-23,2349.2,2165.34,2311.54,476808.58,1064700522.86,2241.32,direct,,ETH
2024-01-24,2262.69,2195.63,2241.32,271737.21,605305544.17,2234.13,direct,,ETH
2024-01-25,2241.03,2170.05,2234.13,242755.56,536955642.14,2217.5,direct,,ETH
2024-01-26,2281.01,2194.89,2217.5,281209.33,631732275.0,2267.33,direct,,ETH
2024-01-27,2282.56,2251.19,2267.33,121435.42,275424730.41,2267.97,direct,,ETH
2024-01-28,2307.73,2239.84,2267.97,165618.01,376754792.96,2256.6,direct,,ETH
2024-01-29,2322.48,2233.69,2256.6,215146.92,490260629.87,2317.51,direct,,ETH
2024-01-30,2391.57,2297.16,2317.51,279970.77,655413615.82,2343.1,direct,,ETH
2024-01-31,2351.47,2263.16,2343.1,268083.72,621018581.0,2281.77,direct,,ETH
2024-02-01,2310.4,2239.78,2281.77,217264.4,495660912.66,2303.34,direct,,ETH
2024-02-02,2323.08,2280.8,2303.34,191680.68,441562111.31,2307.85,direct,,ETH
2024-02-03,2328.23,2292.31,2307.85,96227.34,222308235.56,2295.87,direct,,ETH
2024-02-04,2309.1,2267.59,2295.87,142393.17,326706078.21,2288.68,direct,,ETH
2024-02-05,2335.71,2268.15,2288.68,198435.62,456661905.21,2299.16,direct,,ETH
2024-02-06,2392.04,2296.27,2299.16,306229.12,718267813.82,2372.2,direct,,ETH
2024-02-07,2473.23,2353.16,2372.2,272427.16,652240112.9,2424.33,direct,,ETH
2024-02-08,2462.14,2411.45,2424.33,348490.6,846989854.44,2419.79,direct,,ETH
2024-02-09,2523.95,2419.06,2419.79,403815.63,1002058339.27,2487.62,direct,,ETH
2024-02-10,2517.14,2473.58,2487.62,150601.42,376068111.04,2500.87,direct,,ETH
2024-02-11,2540.37,2494.72,2500.87,167579.98,421659247.33,2507.91,direct,,ETH
2024-02-12,2666.3,2472.79,2507.91,323858.15,833389992.06,2660.56,direct,,ETH
2024-02-13,2686.7,2591.27,2660.56,387685.63,1025294105.03,2641.6,direct,,ETH
2024-02-14,2788.42,2619.8,2641.6,359500.08,980680072.11,2777.51,direct,,ETH
2024-02-15,2867.69,2762.64,2777.51,397615.65,1118227404.91,2825.35,direct,,ETH
2024-02-16,2859.47,2744.76,2825.35,318932.07,896210606.48,2804.05,direct,,ETH
2024-02-17,2806.14,2720.42,2804.05,165464.46,458634232.92,2787.0,direct,,ETH
2024-02-18,2895.47,2766.78,2787.0,216262.87,610424136.56,2881.4,direct,,ETH
2024-02-19,2984.2,2857.64,2881.4,326638.19,953161117.46,2945.0,direct,,ETH
2024-02-20,3032.5,2874.59,2945.0,436622.68,1285168708.83,3015.27,direct,,ETH
2024-02-21,3017.25,2869.15,3015.27,416859.98,1221365901.95,2968.67,direct,,ETH
2024-02-22,3035.27,2906.44,2968.67,398857.68,1186610554.8,2969.67,direct,,ETH
2024-02-23,2991.73,2906.28,2969.67,269457.9,792750968.62,2922.1,direct,,ETH
2024-02-24,3005.45,2906.62,2922.1,145003.03,429496146.2,2992.35,direct,,ETH
2024-02-25,3119.66,2983.68,2992.35,265770.75,812148194.41,3112.81,direct,,ETH
2024-02-26,3197.66,3037.24,3112.81,375179.84,1171482366.27,3178.24,direct,,ETH
2024-02-27,3288.82,3167.46,3178.24,373964.99,1211227367.65,3243.69,direct,,ETH
2024-02-28,3490.66,3194.42,3243.69,513048.44,1707770843.75,3386.34,direct,,ETH
2024-02-29,3520.76,3303.6,3386.34,399274.29,1367994605.43,3342.24,direct,,ETH
2024-03-01,3453.77,3340.92,3342.24,241624.87,823506213.17,3435.9,direct,,ETH
2024-03-02,3461.78,3398.38,3435.9,153210.01,524944019.98,3423.65,direct,,ETH
2024-03-03,3493.25,3365.52,3423.65,174122.89,598632307.05,3489.57,direct,,ETH
2024-03-04,3643.81,3436.14,3489.57,379175.59,1340904406.6,3631.85,direct,,ETH
2024-03-05,3826.7,3207.51,3631.85,732190.67,2637640132.83,3557.93,direct,,ETH
2024-03-06,3902.17,3502.64,3557.93,489295.58,1849427331.22,3821.19,direct,,ETH
2024-03-07,3939.52,3737.47,3821.19,295685.4,1132011899.65,3874.46,direct,,ETH
2024-03-08,4000.14,3828.33,3874.46,359382.61,1412263227.04,3891.97,direct,,ETH
2024-03-09,3950.61,3880.22,3891.97,138310.17,541613113.28,3913.28,direct,,ETH
2024-03-10,3971.32,3799.55,3913.28,190112.26,743460686.12,3881.86,direct,,ETH
2024-03-11,4091.01,3752.31,3881.86,374497.81,1493590506.66,4065.75,direct,,ETH
2024-03-12,4092.73,3832.09,4065.75,383635.95,1526774188.85,3979.43,direct,,ETH
2024-03-13,4083.88,3934.38,3979.43,286962.91,1150784389.88,4007.46,direct,,ETH
2024-03-14,4012.91,3719.25,4007.46,376891.87,1466371721.53,3880.8,direct,,ETH
2024-03-15,3931.65,3567.56,3880.8,487205.54,1806124095.18,3742.44,direct,,ETH
2024-03-16,3780.95,3467.22,3742.44,287100.39,1048207664.08,3520.08,direct,,ETH
2024-03-17,3676.55,3411.95,3520.08,273465.18,975546606.2,3641.61,direct,,ETH
2024-03-18,3642.66,3454.26,3641.61,301558.82,1071170431.07,3520.31,direct,,ETH
2024-03-19,3547.15,3149.03,3520.31,587955.64,1943259863.05,3158.44,direct,,ETH
2024-03-20,3535.92,3057.97,3158.44,658543.95,2169017019.63,3516.66,direct,,ETH
2024-03-21,3586.77,3411.44,3516.66,401675.9,1410320174.21,3492.08,direct,,ETH
2024-03-22,3542.29,3250.83,3492.08,405182.37,1374192771.15,3337.08,direct,,ETH
2024-03-23,3435.43,3271.78,3337.08,251602.31,846213410.27,3330.49,direct,,ETH
2024-03-24,3470.85,3300.55,3330.49,207564.45,700715597.16,3454.45,direct,,ETH
2024-03-25,3659.32,3420.9,3454.45,347674.26,1232616949.46,3590.96,direct,,ETH
2024-03-26,3680.41,3544.7,3590.96,302556.21,1092361093.56,3587.6,direct,,ETH
2024-03-27,3665.39,3459.06,3587.6,330442.76,1173800981.61,3499.77,direct,,ETH
2024-03-28,3611.7,3462.9,3499.77,279078.37,991858231.33,3561.1,direct,,ETH
2024-03-29,3584.55,3474.1,3561.1,201382.16,710475049.61,3511.49,direct,,ETH
2024-03-30,3567.15,3488.56,3511.49,153144.16,538809534.91,3507.56,direct,,ETH
2024-03-31,3654.87,3506.31,3507.56,157210.73,566598172.38,3645.98,direct,,ETH
2024-04-01,3646.35,3414.46,3645.98,266251.45,934917050.13,3505.52,direct,,ETH
2024-04-02,3507.54,3213.09,3505.52,406551.0,1350633378.51,3279.4,direct,,ETH
2024-04-03,3368.57,3203.99,3279.4,301025.74,997504814.36,3312.24,direct,,ETH
2024-04-04,3444.82,3252.11,3312.24,306389.28,1024032112.02,3329.17,direct,,ETH
2024-04-05,3348.68,3211.37,3329.17,301242.62,991902873.76,3319.12,direct,,ETH
2024-04-06,3398.56,3308.84,3319.12,151035.71,504501846.56,3352.4,direct,,ETH
2024-04-07,3459.61,3345.47,3352.4,153705.66,522076832.37,3453.85,direct,,ETH
2024-04-08,3728.57,3407.31,3453.85,348354.17,1257790924.33,3694.7,direct,,ETH
2024-04-09,3726.03,3452.88,3694.7,330003.13,1184278583.93,3504.83,direct,,ETH
2024-04-10,3562.32,3413.05,3504.83,287616.46,1006631402.92,3545.56,direct,,ETH
2024-04-11,3617.34,3473.65,3545.56,225366.27,796534108.67,3503.21,direct,,ETH
2024-04-12,3552.91,3095.49,3503.21,415871.51,1387659435.48,3239.12,direct,,ETH
2024-04-13,3301.9,2832.33,3239.12,617652.5,1908312548.54,3011.51,direct,,ETH
2024-04-14,3175.48,2911.99,3011.51,480594.13,1464413624.74,3158.26,direct,,ETH
2024-04-15,3280.66,3025.93,3158.26,393938.85,1244925295.21,3103.0,direct,,ETH
2024-04-16,3128.0,2991.76,3103.0,359785.72,1102919090.86,3085.42,direct,,ETH
2024-04-17,3123.61,2914.87,3085.42,323995.26,978463368.36,2985.12,direct,,ETH
2024-04-18,3095.76,2953.19,2985.12,288067.39,873530402.2,3065.69,direct,,ETH
2024-04-19,3128.53,2866.07,3065.69,342783.81,1045944600.77,3057.95,direct,,ETH
2024-04-20,3172.03,3020.15,3057.95,167131.32,516137769.98,3157.04,direct,,ETH
2024-04-21,3198.43,3117.72,3157.04,148983.34,470671773.32,3148.11,direct,,ETH
2024-04-22,3237.49,3130.02,3148.11,209637.54,669498961.12,3201.55,direct,,ETH
2024-04-23,3265.06,3153.66,3201.55,213483.88,685076398.96,3219.78,direct,,ETH
2024-04-24,3293.6,3103.6,3219.78,269991.9,864542926.86,3139.1,direct,,ETH
2024-04-25,3191.65,3072.07,3139.1,281066.14,882134092.22,3155.47,direct,,ETH
2024-04-26,3166.44,3101.66,3155.47,219855.93,689663958.95,3130.07,direct,,ETH
2024-04-27,3281.58,3068.25,3130.07,203602.38,643382820.24,3253.23,direct,,ETH
2024-04-28,3356.14,3247.4,3253.23,205463.5,678357043.13,3262.43,direct,,ETH
2024-04-29,3286.13,3115.53,3262.43,267685.05,852862297.95,3215.73,direct,,ETH
2024-04-30,3249.56,2916.96,3215.73,361691.81,1098924247.19,3011.46,direct,,ETH
2024-05-01,3020.24,2814.92,3011.46,435377.76,1273126182.34,2968.82,direct,,ETH
2024-05-02,3016.2,2891.41,2968.82,272328.54,807841703.83,2986.41,direct,,ETH
2024-05-03,3128.05,2958.91,2986.41,277060.08,840705738.28,3103.77,direct,,ETH
2024-05-04,3168.22,3094.62,3103.77,147176.47,459744729.64,3117.52,direct,,ETH
2024-05-05,3171.62,3074.21,3117.52,152383.35,476413151.08,3137.09,direct,,ETH
2024-05-06,3221.37,3046.59,3137.09,237439.94,741977976.88,3063.19,direct,,ETH
2024-05-07,3129.75,3000.11,3063.19,221350.09,679034472.49,3005.91,direct,,ETH
2024-05-08,3037.87,2937.08,3005.91,241568.02,724279038.67,2973.31,direct,,ETH
2024-05-09,3058.63,2949.86,2973.31,211428.59,633874345.6,3035.93,direct,,ETH
2024-05-10,3053.17,2878.86,3035.93,258568.64,765131256.66,2909.58,direct,,ETH
2024-05-11,2944.04,2886.48,2909.58,125899.86,367160920.04,2911.82,direct,,ETH
2024-05-12,2954.09,2900.58,2911.82,111406.04,325974911.48,2927.97,direct,,ETH
2024-05-13,2994.62,2864.31,2927.97,261787.73,769541695.03,2950.16,direct,,ETH
2024-05-14,2960.08,2859.65,2950.16,249247.21,724637752.4,2880.64,direct,,ETH
2024-05-15,3041.55,2862.97,2880.64,250539.77,740315343.71,3033.46,direct,,ETH
2024-05-16,3041.6,2924.04,3033.46,221619.51,660576487.83,2945.17,direct,,ETH
2024-05-17,3121.45,2933.76,2945.17,237502.45,724015765.69,3093.44,direct,,ETH
2024-05-18,3147.62,3085.46,3093.44,131838.78,410558780.4,3123.72,direct,,ETH
2024-05-19,3137.07,3054.06,3123.72,139746.96,431923921.13,3070.68,direct,,ETH
2024-05-20,3694.25,3048.64,3070.68,613409.29,2059788024.65,3661.58,direct,,ETH
2024-05-21,3838.22,3626.39,3661.58,610857.21,2282068734.66,3789.36,direct,,ETH
2024-05-22,3812.19,3653.74,3789.36,379891.06,1420963880.22,3736.33,direct,,ETH
2024-05-23,3945.85,3545.21,3736.33,669270.47,2537742098.36,3781.61,direct,,ETH
2024-05-24,3827.36,3628.42,3781.61,288764.04,1074712165.87,3727.14,direct,,ETH
2024-05-25,3777.86,3708.25,3727.14,99783.57,373668589.73,3749.23,direct,,ETH
2024-05-26,3882.33,3731.48,3749.23,161510.02,616285834.19,3824.34,direct,,ETH
2024-05-27,3973.81,3821.86,3824.34,205569.41,804496436.45,3891.26,direct,,ETH
2024-05-28,3926.23,3769.74,3891.26,233210.02,898526969.71,3840.39,direct,,ETH
2024-05-29,3883.1,3740.97,3840.39,230073.49,873454576.08,3762.22,direct,,ETH
2024-05-30,3823.86,3700.91,3762.22,207732.71,781849408.11,3746.97,direct,,ETH
2024-05-31,3844.09,3720.98,3746.97,225857.18,851837584.52,3758.65,direct,,ETH
2024-06-01,3829.62,3748.85,3758.65,97005.74,367756459.88,3812.81,direct,,ETH
2024-06-02,3834.79,3750.64,3812.81,123116.68,466824951.42,3779.06,direct,,ETH
2024-06-03,3849.89,3758.03,3779.06,171897.5,653009594.07,3766.32,direct,,ETH
2024-06-04,3832.27,3731.38,3766.32,161833.45,612657331.91,3810.73,direct,,ETH
2024-06-05,3887.65,3778.47,3810.73,170665.85,652385687.52,3866.46,direct,,ETH
2024-06-06,3878.9,3758.9,3866.46,140945.2,540297339.89,3812.05,direct,,ETH
2024-06-07,3839.68,3584.45,3812.05,249976.03,935183066.83,3676.79,direct,,ETH
2024-06-08,3707.87,3660.99,3676.79,80031.59,294854677.9,3680.84,direct,,ETH
2024-06-09,3721.77,3666.37,3680.84,64608.0,238542651.45,3706.0,direct,,ETH
2024-06-10,3712.47,3643.95,3706.0,115082.08,423204164.35,3665.99,direct,,ETH
2024-06-11,3671.15,3420.98,3665.99,327115.24,1153310772.38,3497.32,direct,,ETH
2024-06-12,3656.3,3462.28,3497.32,236419.7,843561060.98,3559.25,direct,,ETH
2024-06-13,3560.44,3426.66,3559.25,244679.96,853785190.92,3467.79,direct,,ETH
2024-06-14,3529.49,3360.4,3467.79,263322.79,910398097.21,3479.74,direct,,ETH
2024-06-15,3591.34,3471.43,3479.74,160975.62,569541552.37,3566.61,direct,,ETH
2024-06-16,3650.47,3539.39,3566.61,123587.85,443668310.23,3622.37,direct,,ETH
2024-06-17,3636.6,3464.1,3622.37,293898.69,1040317235.48,3510.08,direct,,ETH
2024-06-18,3515.3,3360.4,3510.08,360756.73,1235708665.8,3482.27,direct,,ETH
2024-06-19,3585.45,3464.99,3482.27,277087.04,981355099.29,3558.97,direct,,ETH
2024-06-20,3624.03,3484.24,3558.97,285337.3,1013417559.96,3510.94,direct,,ETH
2024-06-21,3545.62,3445.09,3510.94,285086.02,997489348.48,3517.28,direct,,ETH
2024-06-22,3520.1,3474.17,3517.28,92237.39,322568484.7,3494.25,direct,,ETH
2024-06-23,3519.63,3405.61,3494.25,128959.72,447200216.36,3418.62,direct,,ETH
2024-06-24,3432.39,3238.76,3418.62,432111.09,1436399345.37,3350.54,direct,,ETH
2024-06-25,3429.63,3335.17,3350.54,268888.0,910221643.15,3393.91,direct,,ETH
2024-06-26,3424.88,3324.89,3393.91,233222.44,787394906.99,3369.46,direct,,ETH
2024-06-27,3473.86,3360.17,3369.46,202794.81,694115777.85,3445.8,direct,,ETH
2024-06-28,3484.29,3361.15,3445.8,237892.69,813695887.0,3373.8,direct,,ETH
2024-06-29,3402.58,3367.02,3373.8,73783.39,249697553.04,3373.52,direct,,ETH
2024-06-30,3454.57,3348.22,3373.52,113753.11,386215815.53,3432.82,direct,,ETH
2024-07-01,3519.01,3421.6,3432.82,194043.88,673689774.3,3438.83,direct,,ETH
2024-07-02,3460.32,3397.31,3438.83,133508.19,457927979.27,3416.41,direct,,ETH
2024-07-03,3427.05,3248.43,3416.41,252160.2,836070409.6,3292.16,direct,,ETH
2024-07-04,3309.66,3050.24,3292.16,331942.98,1049223019.3,3058.81,direct,,ETH
2024-07-05,3107.89,2813.4,3058.81,590544.78,1738218188.02,2982.07,direct,,ETH
2024-07-06,3081.82,2956.02,2982.07,186751.41,563019491.33,3067.54,direct,,ETH
2024-07-07,3073.37,2922.6,3067.54,194303.14,581743502.23,2931.2,direct,,ETH
2024-07-08,3095.59,2823.46,2931.2,446084.06,1324818646.47,3018.49,direct,,ETH
2024-07-09,3113.28,3003.39,3018.49,270137.34,827566369.94,3066.44,direct,,ETH
2024-07-10,3151.0,3024.32,3066.44,266996.85,827331929.61,3100.44,direct,,ETH
2024-07-11,3216.8,3055.15,3100.44,306401.14,959215308.08,3099.49,direct,,ETH
2024-07-12,3158.27,3045.45,3099.49,263282.49,816437009.68,3134.62,direct,,ETH
2024-07-13,3203.26,3114.5,3134.62,143528.6,452734839.69,3176.67,direct,,ETH
2024-07-14,3269.15,3164.68,3176.67,179824.84,576393568.87,3246.12,direct,,ETH
2024-07-15,3495.92,3234.16,3246.12,372645.85,1256447785.47,3485.5,direct,,ETH
2024-07-16,3500.11,3348.6,3485.5,381716.86,1311168548.22,3446.19,direct,,ETH
2024-07-17,3518.37,3377.02,3446.19,290332.97,1002846011.47,3387.66,direct,,ETH
2024-07-18,3489.81,3367.76,3387.66,294308.06,1008326515.58,3425.94,direct,,ETH
2024-07-19,3542.18,3376.46,3425.94,362043.38,1249532745.89,3506.0,direct,,ETH
2024-07-20,3541.04,3482.21,3506.0,155617.03,545578065.02,3518.85,direct,,ETH
2024-07-21,3547.99,3413.6,3518.85,237146.07,829407003.8,3536.46,direct,,ETH
2024-07-22,3563.26,3424.39,3536.46,293172.34,1021404115.3,3441.05,direct,,ETH
2024-07-23,3541.2,3390.66,3441.05,497692.19,1727769821.29,3483.07,direct,,ETH
2024-07-24,3488.34,3305.26,3483.07,374294.59,1276136904.66,3335.15,direct,,ETH
2024-07-25,3342.09,3086.98,3335.15,629226.14,1993255125.39,3174.48,direct,,ETH
2024-07-26,3286.14,3170.16,3174.48,352369.01,1143687551.64,3274.89,direct,,ETH
2024-07-27,3328.21,3191.5,3274.89,266332.66,870351113.68,3249.36,direct,,ETH
2024-07-28,3284.22,3198.42,3249.36,169799.31,552126414.21,3270.15,direct,,ETH
2024-07-29,3396.47,3257.12,3270.15,401715.85,1337423635.28,3317.94,direct,,ETH
2024-07-30,3365.72,3233.0,3317.94,350556.94,1159118253.15,3278.41,direct,,ETH
2024-07-31,3348.14,3212.6,3278.41,376464.31,1237697272.51,3231.84,direct,,ETH
2024-08-01,3242.01,3077.63,3231.84,487547.13,1539066982.82,3200.67,direct,,ETH
2024-08-02,3215.63,2963.83,3200.67,523145.1,1612368844.34,2985.72,direct,,ETH
2024-08-03,3016.01,2857.64,2985.72,393207.03,1156019177.73,2902.09,direct,,ETH
2024-08-04,2932.92,2631.57,2902.09,471043.14,1318526624.61,2688.08,direct,,ETH
2024-08-05,2695.99,2121.38,2688.08,1526680.78,3591927547.03,2420.39,direct,,ETH
2024-08-06,2555.03,2416.38,2420.39,714375.21,1782189220.6,2462.39,direct,,ETH
2024-08-07,2552.44,2309.57,2462.39,726776.89,1768819066.35,2343.5,direct,,ETH
2024-08-08,2725.27,2321.44,2343.5,683581.04,1720305405.81,2683.62,direct,,ETH
2024-08-09,2708.37,2553.45,2683.62,477272.21,1254678742.58,2600.21,direct,,ETH
2024-08-10,2645.71,2577.75,2600.21,216883.19,566478754.71,2610.64,direct,,ETH
2024-08-11,2720.01,2541.45,2610.64,341708.96,895626363.13,2555.67,direct,,ETH
2024-08-12,2750.36,2510.8,2555.67,568584.98,1497872954.96,2723.07,direct,,ETH
2024-08-13,2738.95,2611.9,2723.07,445417.36,1193720774.03,2703.6,direct,,ETH
2024-08-14,2780.36,2634.08,2703.6,501689.55,1352456213.01,2661.98,direct,,ETH
2024-08-15,2675.61,2516.45,2661.98,513312.96,1339226674.49,2570.39,direct,,ETH
2024-08-16,2631.33,2551.62,2570.39,386678.1,1004141276.96,2593.7,direct,,ETH
2024-08-17,2627.79,2588.33,2593.7,145605.55,379457607.09,2614.92,direct,,ETH
2024-08-18,2688.05,2595.09,2614.92,230351.73,608760936.0,2612.58,direct,,ETH
2024-08-19,2648.59,2564.33,2612.58,350672.63,913374780.6,2637.47,direct,,ETH
2024-08-20,2696.96,2555.47,2637.47,391914.19,1027820178.53,2573.25,direct,,ETH
2024-08-21,2665.0,2536.65,2573.25,406904.03,1060404718.81,2631.39,direct,,ETH
2024-08-22,2645.74,2585.16,2631.39,302785.48,792847483.99,2623.57,direct,,ETH
2024-08-23,2801.3,2622.04,2623.57,454835.09,1227460805.08,2764.81,direct,,ETH
2024-08-24,2821.03,2734.68,2764.81,247938.26,687507298.7,2769.86,direct,,ETH
2024-08-25,2793.69,2734.94,2769.86,197125.99,544826991.77,2747.52,direct,,ETH
2024-08-26,2763.44,2667.78,2747.52,361330.86,983028927.22,2681.15,direct,,ETH
2024-08-27,2700.25,2397.41,2681.15,575029.06,1478097677.49,2458.29,direct,,ETH
2024-08-28,2555.36,2419.63,2458.29,723938.63,1805521537.98,2528.73,direct,,ETH
2024-08-29,2596.48,2505.99,2528.73,490152.85,1248564659.83,2527.97,direct,,ETH
2024-08-30,2549.39,2431.81,2527.97,540292.51,1350698797.75,2526.02,direct,,ETH
2024-08-31,2533.75,2492.3,2526.02,161106.88,405411435.18,2513.01,direct,,ETH
2024-09-01,2516.11,2399.46,2513.01,391153.73,965223692.27,2426.06,direct,,ETH
2024-09-02,2564.12,2423.46,2426.06,443297.14,1104998067.39,2538.22,direct,,ETH
2024-09-03,2553.6,2412.13,2538.22,404963.91,1002071915.38,2424.4,direct,,ETH
2024-09-04,2489.97,2307.38,2424.4,631890.81,1522896400.47,2450.36,direct,,ETH
2024-09-05,2465.98,2347.87,2450.36,506160.09,1211036915.11,2367.89,direct,,ETH
2024-09-06,2408.12,2150.58,2367.89,1270951.21,2911433881.45,2224.52,direct,,ETH
2024-09-07,2311.5,2221.47,2224.52,397641.65,903055827.51,2273.45,direct,,ETH
2024-09-08,2333.32,2240.93,2273.45,418755.78,956132080.19,2297.39,direct,,ETH
2024-09-09,2381.15,2272.96,2297.39,734292.08,1706417888.46,2360.0,direct,,ETH
2024-09-10,2399.89,2321.2,2360.0,515248.66,1213946829.14,2388.83,direct,,ETH
2024-09-11,2389.63,2277.46,2388.83,810168.09,1893281252.44,2340.73,direct,,ETH
2024-09-12,2392.23,2315.2,2340.73,540552.51,1272153141.66,2361.91,direct,,ETH
2024-09-13,2467.01,2337.55,2361.91,558228.19,1341722179.48,2441.28,direct,,ETH
2024-09-14,2442.6,2380.27,2441.28,228792.89,553168350.76,2418.52,direct,,ETH
2024-09-15,2430.97,2284.83,2418.52,397331.43,939667666.73,2316.46,direct,,ETH
2024-09-16,2335.55,2252.35,2316.46,620444.86,1419906010.83,2295.53,direct,,ETH
2024-09-17,2394.13,2263.23,2295.53,534392.14,1250600523.86,2342.21,direct,,ETH
2024-09-18,2376.81,2277.24,2342.21,802301.0,1863106009.93,2375.01,direct,,ETH
2024-09-19,2495.81,2373.21,2375.01,669373.26,1631198496.45,2465.83,direct,,ETH
2024-09-20,2572.48,2438.28,2465.83,662488.82,1676058410.49,2561.88,direct,,ETH
2024-09-21,2623.23,2529.08,2561.88,350291.99,898249036.55,2613.27,direct,,ETH
2024-09-22,2632.42,2525.5,2613.27,433318.91,1119229049.35,2581.43,direct,,ETH
2024-09-23,2703.72,2540.14,2581.43,797788.43,2114026606.3,2647.17,direct,,ETH
2024-09-24,2671.47,2591.67,2647.17,564932.4,1489530217.0,2653.41,direct,,ETH
2024-09-25,2673.98,2554.44,2653.41,458195.34,1193419716.98,2579.69,direct,,ETH
2024-09-26,2667.12,2558.97,2579.69,636262.74,1671331616.32,2632.81,direct,,ETH
2024-09-27,2729.09,2615.78,2632.81,630258.28,1686949107.85,2695.48,direct,,ETH
2024-09-28,2704.85,2650.36,2695.48,253740.82,679092312.05,2676.03,direct,,ETH
2024-09-29,2684.06,2634.67,2676.03,336903.96,896401461.54,2658.08,direct,,ETH
2024-09-30,2663.74,2574.29,2658.08,675135.62,1764901279.49,2601.63,direct,,ETH
2024-10-01,2658.14,2412.86,2601.63,935350.48,2371417682.45,2447.54,direct,,ETH
2024-10-02,2498.47,2351.69,2447.54,878594.95,2135168461.41,2363.64,direct,,ETH
2024-10-03,2403.1,2309.02,2363.64,791791.01,1861233702.36,2349.81,direct,,ETH
2024-10-04,2441.17,2339.08,2349.81,613653.36,1466938297.17,2414.67,direct,,ETH
2024-10-05,2428.3,2389.86,2414.67,228294.58,550227220.41,2414.79,direct,,ETH
2024-10-06,2457.66,2406.92,2414.79,247260.3,602094342.62,2439.96,direct,,ETH
2024-10-07,2520.68,2403.11,2439.96,605307.21,1493722557.57,2422.14,direct,,ETH
2024-10-08,2464.96,2400.15,2422.14,565992.23,1377080732.7,2439.67,direct,,ETH
2024-10-09,2472.34,2349.45,2439.67,628217.18,1523323936.03,2368.44,direct,,ETH
2024-10-10,2418.45,2327.91,2368.44,646463.58,1537729729.42,2384.4,direct,,ETH
2024-10-11,2471.51,2380.07,2384.4,514548.99,1249706601.35,2439.03,direct,,ETH
2024-10-12,2489.88,2433.76,2439.03,268416.86,661111678.56,2475.93,direct,,ETH
2024-10-13,2484.69,2436.05,2475.93,309345.14,760699456.42,2468.12,direct,,ETH
2024-10-14,2653.38,2442.68,2468.12,691238.78,1776744305.84,2629.02,direct,,ETH
2024-10-15,2687.32,2536.79,2629.02,701243.67,1823524605.14,2606.92,direct,,ETH
2024-10-16,2647.0,2588.65,2606.92,471282.51,1233603929.17,2610.95,direct,,ETH
2024-10-17,2647.64,2574.89,2610.95,439222.83,1147142948.19,2605.1,direct,,ETH
2024-10-18,2676.03,2595.49,2605.1,449053.78,1183525663.73,2642.22,direct,,ETH
2024-10-19,2663.13,2631.03,2642.22,157675.14,416907551.95,2648.12,direct,,ETH
2024-10-20,2758.61,2635.5,2648.12,336813.48,908873436.8,2746.4,direct,,ETH
2024-10-21,2768.44,2653.51,2746.4,485361.67,1309809409.67,2665.9,direct,,ETH
2024-10-22,2670.69,2605.16,2665.9,468082.26,1231574569.37,2621.31,direct,,ETH
2024-10-23,2626.44,2447.63,2621.31,554160.28,1409947643.87,2522.33,direct,,ETH
2024-10-24,2559.63,2505.09,2522.33,520686.94,1317937404.35,2534.54,direct,,ETH
2024-10-25,2564.77,2379.92,2534.54,793068.69,1979249041.9,2436.2,direct,,ETH
2024-10-26,2504.68,2426.19,2436.2,374032.46,919877716.08,2479.7,direct,,ETH
2024-10-27,2524.68,2460.86,2479.7,250034.47,622733569.44,2505.21,direct,,ETH
2024-10-28,2587.97,2468.99,2505.21,621030.44,1563895675.64,2565.82,direct,,ETH
2024-10-29,2681.49,2559.73,2565.82,695762.27,1827635698.82,2638.16,direct,,ETH
2024-10-30,2721.17,2599.62,2638.16,598055.65,1596173816.57,2658.35,direct,,ETH
2024-10-31,2668.16,2500.37,2658.35,525510.51,1356038657.29,2515.04,direct,,ETH
2024-11-01,2585.36,2465.23,2515.04,540363.93,1361183545.79,2510.39,direct,,ETH
2024-11-02,2522.44,2470.1,2510.39,197860.22,493209504.13,2493.41,direct,,ETH
2024-11-03,2495.76,2410.21,2493.41,456155.0,1116194001.28,2456.66,direct,,ETH
2024-11-04,2489.68,2356.45,2456.66,488064.97,1188223675.72,2396.87,direct,,ETH
2024-11-05,2479.4,2379.36,2396.87,541608.48,1318124371.56,2422.4,direct,,ETH
2024-11-06,2746.79,2420.17,2422.4,983307.18,2568248687.47,2724.61,direct,,ETH
2024-11-07,2920.14,2701.67,2724.61,983985.53,2796153110.79,2897.52,direct,,ETH
2024-11-08,2985.38,2889.33,2897.52,864685.78,2534385795.77,2963.98,direct,,ETH
2024-11-09,3158.45,2957.02,2963.98,674864.79,2054533990.24,3127.99,direct,,ETH
2024-11-10,3251.73,3070.75,3127.99,1066371.96,3390612974.74,3186.06,direct,,ETH
2024-11-11,3391.44,3108.06,3186.06,1371655.28,4474444777.51,3375.79,direct,,ETH
2024-11-12,3446.83,3210.71,3375.79,1572933.12,5174594924.83,3247.18,direct,,ETH
2024-11-13,3339.13,3121.1,3247.18,1694646.9,5472868207.56,3191.32,direct,,ETH
2024-11-14,3242.46,3029.87,3191.32,1094612.33,3442349717.01,3059.11,direct,,ETH
2024-11-15,3131.21,3014.42,3059.11,1010306.63,3095289918.88,3091.03,direct,,ETH
2024-11-16,3220.45,3073.05,3091.03,711991.72,2242190060.83,3134.46,direct,,ETH
2024-11-17,3161.64,3035.43,3134.46,883275.45,2731030374.29,3076.78,direct,,ETH
2024-11-18,3225.96,3043.95,3076.78,1056560.33,3307522653.43,3209.54,direct,,ETH
2024-11-19,3222.68,3069.92,3209.54,872393.18,2725538047.03,3112.1,direct,,ETH
2024-11-20,3161.74,3032.19,3112.1,920895.41,2847325391.97,3072.39,direct,,ETH
2024-11-21,3390.36,3035.42,3072.39,1472261.88,4818916672.09,3359.82,direct,,ETH
2024-11-22,3429.52,3260.59,3359.82,1093593.44,3631141762.22,3331.89,direct,,ETH
2024-11-23,3500.84,3316.75,3331.89,1006484.06,3427409235.21,3397.31,direct,,ETH
2024-11-24,3453.25,3286.01,3397.31,714306.85,2391223534.12,3364.81,direct,,ETH
2024-11-25,3546.9,3304.24,3364.81,1551247.76,5348045568.7,3414.86,direct,,ETH
2024-11-26,3463.14,3253.0,3414.86,1228456.09,4105940785.22,3323.46,direct,,ETH
2024-11-27,3688.67,3300.95,3323.46,1089769.54,3826715224.77,3657.71,direct,,ETH
2024-11-28,3665.49,3530.59,3657.71,676354.04,2431980739.66,3579.62,direct,,ETH
2024-11-29,3649.37,3535.89,3579.62,638222.65,2294777437.53,3593.72,direct,,ETH
2024-11-30,3740.88,3569.68,3593.72,602183.58,2207693328.33,3706.22,direct,,ETH
2024-12-01,3748.69,3661.41,3706.22,615049.12,2280739856.71,3710.38,direct,,ETH
2024-12-02,3763.68,3556.46,3710.38,1050376.87,3830838282.74,3644.73,direct,,ETH
2024-12-03,3670.83,3502.19,3644.73,957760.15,3438318051.88,3617.6,direct,,ETH
2024-12-04,3896.39,3617.49,3617.6,1491705.74,5638336910.75,3845.15,direct,,ETH
2024-12-05,3960.04,3682.13,3845.15,1530990.47,5910223747.31,3789.23,direct,,ETH
2024-12-06,4095.77,3781.72,3789.23,1111693.25,4407628437.66,4005.27,direct,,ETH
2024-12-07,4030.6,3973.34,4005.27,377746.89,1511812189.23,4000.53,direct,,ETH
2024-12-08,4018.61,3925.98,4000.53,352808.68,1406686505.66,4007.11,direct,,ETH
2024-12-09,4008.95,3518.41,4007.11,1331815.99,5064825849.26,3714.19,direct,,ETH
2024-12-10,3782.03,3516.11,3714.19,1532770.64,5597783203.75,3630.62,direct,,ETH
2024-12-11,3851.87,3564.93,3630.62,846033.64,3159616884.11,3834.97,direct,,ETH
2024-12-12,3989.26,3800.06,3834.97,992205.5,3885860560.96,3882.65,direct,,ETH
2024-12-13,3969.42,3854.19,3882.65,671079.01,2626819579.66,3907.67,direct,,ETH
2024-12-14,3945.69,3824.52,3907.67,407410.26,1580739900.2,3869.58,direct,,ETH
2024-12-15,3973.82,3831.25,3869.58,401077.22,1561831736.65,3957.8,direct,,ETH
2024-12-16,4109.05,3882.18,3957.8,952417.89,3800570708.81,3987.5,direct,,ETH
2024-12-17,4041.72,3848.18,3987.5,786202.61,3116969165.01,3893.55,direct,,ETH
2024-12-18,3906.34,3615.92,3893.55,1372709.16,5182260876.45,3624.67,direct,,ETH
2024-12-19,3718.21,3324.98,3624.67,1830425.9,6434804570.5,3414.47,direct,,ETH
2024-12-20,3497.41,3097.02,3414.47,2219323.99,7390121010.87,3470.82,direct,,ETH
2024-12-21,3553.59,3291.33,3470.82,1155916.14,3923463162.61,3337.38,direct,,ETH
2024-12-22,3400.67,3217.99,3337.38,1040424.92,3448396650.54,3278.9,direct,,ETH
2024-12-23,3462.33,3214.22,3278.9,1490422.32,4956901207.6,3418.24,direct,,ETH
2024-12-24,3537.95,3353.25,3418.24,786958.56,2711580953.17,3491.08,direct,,ETH
2024-12-25,3544.38,3437.73,3491.08,491620.39,1709235407.44,3494.17,direct,,ETH
2024-12-26,3512.4,3301.29,3494.17,763125.04,2568515605.11,3331.04,direct,,ETH
2024-12-27,3438.15,3302.29,3331.04,853759.31,2858674867.14,3328.67,direct,,ETH
2024-12-28,3421.63,3317.24,3328.67,387541.31,1304303831.05,3397.86,direct,,ETH
2024-12-29,3408.15,3319.97,3397.86,378550.32,1272748683.17,3350.43,direct,,ETH
2024-12-30,3430.01,3297.17,3350.43,941507.45,3169278070.97,3356.45,direct,,ETH
2024-12-31,3446.75,3310.44,3356.45,657646.83,2216564705.88,3331.15,direct,,ETH
2025-01-01,3367.25,3307.9,3331.15,435980.05,1456285978.13,3353.28,direct,,ETH
2025-01-02,3501.88,3347.42,3353.28,636086.97,2190668108.25,3452.59,direct,,ETH
2025-01-03,3629.72,3420.39,3452.59,573464.49,2032387048.39,3607.83,direct,,ETH
2025-01-04,3670.74,3571.37,3607.83,344694.11,1249248939.8,3656.45,direct,,ETH
2025-01-05,3674.88,3593.38,3656.45,266362.47,966999828.9,3635.29,direct,,ETH
2025-01-06,3745.42,3610.01,3635.29,656886.99,2412844220.17,3688.83,direct,,ETH
2025-01-07,3702.31,3355.66,3688.83,1018302.92,3552335338.04,3380.43,direct,,ETH
2025-01-08,3414.51,3206.56,3380.43,1153190.37,3829595997.28,3326.54,direct,,ETH
2025-01-09,3356.53,3157.37,3326.54,910975.51,2966166459.79,3219.05,direct,,ETH
2025-01-10,3321.87,3194.45,3219.05,761483.53,2481338284.36,3266.41,direct,,ETH
2025-01-11,3318.86,3217.1,3266.41,203414.68,664675634.73,3281.96,direct,,ETH
2025-01-12,3298.43,3223.43,3281.96,207030.12,676543393.41,3266.23,direct,,ETH
2025-01-13,3336.51,2914.43,3266.23,1280425.97,3948458235.06,3136.46,direct,,ETH
2025-01-14,3256.06,3124.84,3136.46,620405.54,1982744482.39,3224.35,direct,,ETH
2025-01-15,3474.83,3185.43,3224.35,648861.59,2156251132.13,3451.52,direct,,ETH
2025-01-16,3460.18,3264.33,3451.52,676527.58,2258742497.1,3307.52,direct,,ETH
2025-01-17,3526.53,3307.3,3307.52,665412.16,2278124769.58,3475.27,direct,,ETH
2025-01-18,3495.59,3225.3,3475.27,692333.48,2293358355.85,3304.42,direct,,ETH
2025-01-19,3445.08,3125.79,3304.42,1498939.76,4948749700.72,3210.82,direct,,ETH
2025-01-20,3447.33,3139.52,3210.82,916417.88,3025203965.59,3280.4,direct,,ETH
2025-01-21,3367.68,3201.27,3280.4,1285042.36,4216565840.14,3327.64,direct,,ETH
2025-01-22,3365.8,3220.94,3327.64,789270.59,2597057853.09,3241.51,direct,,ETH
2025-01-23,3349.16,3181.65,3241.51,1191552.39,3870959343.56,3338.7,direct,,ETH
2025-01-24,3429.38,3275.03,3338.7,872425.0,2931545154.51,3309.74,direct,,ETH
2025-01-25,3350.1,3268.95,3309.74,390644.39,1294651424.39,3318.45,direct,,ETH
2025-01-26,3361.69,3228.27,3318.45,344823.13,1138712496.56,3231.79,direct,,ETH
2025-01-27,3253.33,3019.62,3231.79,1946485.97,6075617480.89,3181.65,direct,,ETH
2025-01-28,3223.46,3038.14,3181.65,810050.82,2551321738.16,3075.83,direct,,ETH
2025-01-29,3181.8,3053.79,3075.83,979425.36,3051953842.97,3114.1,direct,,ETH
2025-01-30,3283.81,3090.57,3114.1,663385.4,2141545334.07,3247.4,direct,,ETH
2025-01-31,3438.39,3213.28,3247.4,942571.25,3137634613.96,3300.04,direct,,ETH
2025-02-01,3330.53,3100.98,3300.04,641936.96,2067824306.72,3116.61,direct,,ETH
2025-02-02,3162.42,2748.46,3116.61,1664866.72,4960751902.11,2869.16,direct,,ETH
2025-02-03,2923.86,2135.28,2869.16,2309801.7,6124107763.07,2883.08,direct,,ETH
2025-02-04,2891.59,2630.1,2883.08,2250660.33,6237893049.87,2732.09,direct,,ETH
2025-02-05,2828.52,2699.66,2732.09,1561075.32,4311232133.14,2788.52,direct,,ETH
2025-02-06,2859.03,2655.84,2788.52,1412060.12,3877331053.84,2686.96,direct,,ETH
2025-02-07,2799.25,2562.54,2686.96,1450026.8,3904068262.75,2622.67,direct,,ETH
2025-02-08,2668.42,2588.23,2622.67,745326.75,1955926148.07,2632.76,direct,,ETH
2025-02-09,2697.47,2523.01,2632.76,706455.13,1853022022.23,2627.84,direct,,ETH
2025-02-10,2694.65,2560.51,2627.84,819336.22,2166236414.19,2661.94,direct,,ETH
2025-02-11,2725.63,2560.02,2661.94,811259.68,2150279945.38,2602.22,direct,,ETH
2025-02-12,2796.27,2547.78,2602.22,1047046.99,2757693674.05,2738.57,direct,,ETH
2025-02-13,2758.43,2613.47,2738.57,641770.87,1713663665.98,2676.25,direct,,ETH
2025-02-14,2792.57,2665.32,2676.25,455393.53,1240341141.4,2726.02,direct,,ETH
2025-02-15,2739.45,2669.92,2726.02,193220.8,522207024.56,2693.56,direct,,ETH
2025-02-16,2726.44,2652.48,2693.56,222344.21,597267557.19,2661.59,direct,,ETH
2025-02-17,2849.7,2638.4,2661.59,658802.74,1808500589.29,2744.13,direct,,ETH
2025-02-18,2756.89,2604.91,2744.13,782871.53,2088590910.25,2670.43,direct,,ETH
2025-02-19,2736.55,2655.15,2670.43,357866.03,967477746.93,2715.47,direct,,ETH
2025-02-20,2771.4,2707.57,2715.47,307273.65,841013806.86,2738.98,direct,,ETH
2025-02-21,2846.45,2614.91,2738.98,973132.84,2643981389.13,2661.6,direct,,ETH
2025-02-22,2797.94,2652.29,2661.6,325917.91,890496240.67,2763.54,direct,,ETH
2025-02-23,2855.62,2745.76,2763.54,377823.95,1058360404.79,2819.92,direct,,ETH
2025-02-24,2839.7,2472.67,2819.92,860333.28,2290917461.03,2513.65,direct,,ETH
2025-02-25,2530.78,2321.8,2513.65,1322164.02,3220072359.52,2492.48,direct,,ETH
2025-02-26,2504.36,2253.78,2492.48,953519.11,2258691011.15,2333.12,direct,,ETH
2025-02-27,2379.42,2227.96,2333.12,755764.07,1749329389.64,2305.51,direct,,ETH
2025-02-28,2312.03,2074.27,2305.51,1316509.15,2863531712.08,2236.53,direct,,ETH
2025-03-01,2280.48,2142.32,2236.53,412403.61,911551564.28,2216.72,direct,,ETH
2025-03-02,2551.36,2172.23,2216.72,1112129.61,2649980865.8,2518.51,direct,,ETH
2025-03-03,2523.92,2095.86,2518.51,1242863.16,2817538032.17,2147.5,direct,,ETH
2025-03-04,2221.77,1992.64,2147.5,1580979.38,3312378978.4,2171.13,direct,,ETH
2025-03-05,2272.97,2154.95,2171.13,645690.07,1419894367.7,2241.7,direct,,ETH
2025-03-06,2319.94,2176.6,2241.7,553619.95,1241687549.9,2202.6,direct,,ETH
2025-03-07,2258.09,2102.41,2202.6,913517.64,1983561951.51,2140.93,direct,,ETH
2025-03-08,2234.23,2104.79,2140.93,276962.45,601813434.43,2203.24,direct,,ETH
2025-03-09,2211.63,1989.92,2203.24,551903.26,1140040601.08,2020.01,direct,,ETH
2025-03-10,2152.22,1810.22,2020.01,1275432.63,2508045690.95,1864.38,direct,,ETH
2025-03-11,1962.74,1754.47,1864.38,1202903.6,2270225385.14,1922.98,direct,,ETH
2025-03-12,1956.11,1829.6,1922.98,815698.51,1544805794.26,1907.9,direct,,ETH
2025-03-13,1920.23,1821.32,1907.9,607489.54,1138988132.52,1863.87,direct,,ETH
2025-03-14,1945.8,1860.72,1863.87,346234.96,661654970.12,1911.53,direct,,ETH
2025-03-15,1957.41,1904.03,1911.53,143816.61,277588743.46,1937.46,direct,,ETH
2025-03-16,1940.83,1861.34,1937.46,236266.67,448389175.16,1886.94,direct,,ETH
2025-03-17,1952.31,1879.86,1886.94,284013.98,544239998.37,1926.41,direct,,ETH
2025-03-18,1935.75,1871.94,1926.41,296067.75,561709451.5,1931.53,direct,,ETH
2025-03-19,2070.73,1927.78,1931.53,557064.14,1121121085.82,2056.92,direct,,ETH
2025-03-20,2068.27,1951.62,2056.92,340451.01,678503902.02,1982.66,direct,,ETH
2025-03-21,1995.28,1936.31,1982.66,253358.58,497551382.23,1965.08,direct,,ETH
2025-03-22,2005.7,1963.88,1965.08,115518.94,229714664.93,1980.4,direct,,ETH
2025-03-23,2020.18,1976.7,1980.4,151408.75,302998157.14,2006.05,direct,,ETH
2025-03-24,2103.99,1977.97,2006.05,387473.82,800572022.69,2081.53,direct,,ETH
2025-03-25,2097.85,2037.56,2081.53,274400.44,567133150.85,2066.62,direct,,ETH
2025-03-26,2079.18,1981.68,2066.62,331520.12,672337092.62,2009.64,direct,,ETH
2025-03-27,2037.52,1986.9,2009.64,272617.81,548864029.08,2003.3,direct,,ETH
2025-03-28,2015.61,1861.15,2003.3,579310.91,1103644177.42,1896.15,direct,,ETH
2025-03-29,1912.48,1797.16,1896.15,370691.72,684034057.76,1827.68,direct,,ETH
2025-03-30,1848.29,1767.75,1827.68,340138.58,617668227.48,1807.48,direct,,ETH
2025-03-31,1853.97,1777.38,1807.48,504869.33,917704034.94,1822.14,direct,,ETH
2025-04-01,1927.88,1817.91,1822.14,448786.64,845243050.66,1905.23,direct,,ETH
2025-04-02,1955.36,1781.4,1905.23,681398.0,1280088185.31,1794.63,direct,,ETH
2025-04-03,1844.85,1750.85,1794.63,536404.18,960953835.92,1816.31,direct,,ETH
2025-04-04,1835.41,1758.61,1816.31,606949.32,1091295574.19,1816.25,direct,,ETH
2025-04-05,1826.56,1764.13,1816.25,153030.66,274947827.91,1805.19,direct,,ETH
2025-04-06,1816.3,1537.47,1805.19,836983.71,1375390891.8,1579.65,direct,,ETH
2025-04-07,1632.05,1412.16,1579.65,1727049.97,2651234444.53,1552.42,direct,,ETH
2025-04-08,1618.09,1445.86,1552.42,872998.71,1332975047.94,1472.15,direct,,ETH
2025-04-09,1688.31,1384.7,1472.15,1364371.96,2073024511.21,1669.0,direct,,ETH
2025-04-10,1669.34,1472.07,1669.0,854187.14,1330455912.67,1521.51,direct,,ETH
2025-04-11,1590.22,1504.16,1521.51,572878.43,891270709.03,1566.02,direct,,ETH
2025-04-12,1668.92,1545.25,1566.02,376902.52,610788400.42,1643.84,direct,,ETH
2025-04-13,1649.32,1562.63,1643.84,510676.97,819443109.52,1597.18,direct,,ETH
2025-04-14,1691.0,1595.15,1597.18,576057.97,946070662.59,1623.79,direct,,ETH
2025-04-15,1660.77,1583.09,1623.79,503230.46,816144949.08,1588.7,direct,,ETH
2025-04-16,1613.08,1538.57,1588.7,563383.73,890121272.88,1577.24,direct,,ETH
2025-04-17,1616.72,1563.01,1577.24,407994.55,649565838.07,1583.68,direct,,ETH
2025-04-18,1600.45,1573.8,1583.68,181077.59,287426875.95,1588.56,direct,,ETH
2025-04-19,1628.78,1585.02,1588.56,189936.64,304710533.5,1612.74,direct,,ETH
2025-04-20,1618.66,1565.79,1612.74,219107.56,348453526.51,1587.31,direct,,ETH
2025-04-21,1658.13,1564.65,1587.31,518764.88,836176542.33,1579.7,direct,,ETH
2025-04-22,1778.41,1539.87,1579.7,824531.74,1378567169.81,1757.04,direct,,ETH
2025-04-23,1833.67,1746.08,1757.04,787466.37,1411088123.18,1795.87,direct,,ETH
2025-04-24,1803.32,1723.07,1795.87,493136.05,869951343.89,1770.44,direct,,ETH
2025-04-25,1828.79,1739.84,1770.44,574947.84,1028226623.47,1785.94,direct,,ETH
2025-04-26,1841.59,1780.01,1785.94,296814.99,535455658.73,1821.45,direct,,ETH
2025-04-27,1857.74,1783.01,1821.45,287345.16,520004273.7,1791.85,direct,,ETH
2025-04-28,1827.96,1745.4,1791.85,579690.15,1035461893.1,1800.19,direct,,ETH
2025-04-29,1843.4,1780.77,1800.19,445834.21,808620394.56,1798.47,direct,,ETH
2025-04-30,1817.08,1732.54,1798.47,434187.94,773685384.34,1793.83,direct,,ETH
2025-05-01,1873.95,1792.84,1793.83,408309.83,751083284.45,1838.83,direct,,ETH
2025-05-02,1871.48,1813.65,1838.83,312353.27,575346916.02,1842.84,direct,,ETH
2025-05-03,1848.87,1810.54,1842.84,159325.43,291868877.83,1833.95,direct,,ETH
2025-05-04,1850.27,1803.35,1833.95,183495.56,335700955.44,1809.0,direct,,ETH
2025-05-05,1833.48,1782.21,1809.0,307724.7,556587730.73,1820.05,direct,,ETH
2025-05-06,1820.63,1751.42,1820.05,341452.01,609473060.9,1816.98,direct,,ETH
2025-05-07,1850.42,1787.31,1816.98,414598.63,754227976.34,1811.34,direct,,ETH
2025-05-08,2225.39,1808.97,1811.34,973009.58,1973692015.1,2207.19,direct,,ETH
2025-05-09,2490.71,2184.12,2207.19,1127768.48,2617510161.4,2345.32,direct,,ETH
2025-05-10,2600.37,2318.3,2345.32,729215.95,1784431662.12,2583.77,direct,,ETH
2025-05-11,2607.64,2439.78,2583.77,602145.86,1513299417.69,2514.75,direct,,ETH
2025-05-12,2624.32,2408.1,2514.75,814598.79,2051277136.7,2495.56,direct,,ETH
2025-05-13,2739.27,2415.76,2495.56,728245.57,1873346978.72,2680.04,direct,,ETH
2025-05-14,2725.04,2548.0,2680.04,588072.14,1542184822.16,2610.07,direct,,ETH
2025-05-15,2646.75,2478.7,2610.07,598296.89,1528520349.7,2549.0,direct,,ETH
2025-05-16,2649.18,2530.01,2549.0,460555.06,1190470675.39,2537.78,direct,,ETH
2025-05-17,2538.25,2447.65,2537.78,357295.75,887082740.0,2476.16,direct,,ETH
2025-05-18,2587.97,2326.5,2476.16,537891.9,1329246436.5,2498.72,direct,,ETH
2025-05-19,2547.45,2349.55,2498.72,710321.72,1740260302.28,2528.66,direct,,ETH
2025-05-20,2588.36,2444.2,2528.66,445742.9,1121450524.59,2525.1,direct,,ETH
2025-05-21,2617.03,2454.01,2525.1,710507.3,1802437428.43,2552.21,direct,,ETH
2025-05-22,2692.69,2546.12,2552.21,577731.69,1523259393.19,2665.1,direct,,ETH
2025-05-23,2733.44,2502.42,2665.1,647152.36,1688250894.58,2526.9,direct,,ETH
2025-05-24,2576.3,2515.98,2526.9,182525.0,464730641.55,2530.92,direct,,ETH
2025-05-25,2555.0,2464.25,2530.92,235037.8,589652070.16,2552.23,direct,,ETH
2025-05-26,2600.15,2527.36,2552.23,230814.8,590861351.31,2564.47,direct,,ETH
2025-05-27,2713.33,2511.1,2564.47,484940.99,1280752626.8,2662.0,direct,,ETH
2025-05-28,2689.79,2611.05,2662.0,364903.23,965255963.52,2682.1,direct,,ETH
2025-05-29,2788.28,2620.36,2682.1,525703.44,1415485994.05,2631.82,direct,,ETH
2025-05-30,2649.44,2508.97,2631.82,418659.47,1083869480.12,2531.79,direct,,ETH
2025-05-31,2551.37,2479.94,2531.79,198221.35,500287625.87,2529.32,direct,,ETH
2025-06-01,2549.01,2470.58,2529.32,203463.76,512156252.24,2540.45,direct,,ETH
2025-06-02,2616.44,2476.59,2540.45,349478.71,884892086.43,2609.07,direct,,ETH
2025-06-03,2657.23,2583.3,2609.07,409845.38,1073527716.78,2594.88,direct,,ETH
2025-06-04,2680.55,2585.02,2594.88,326189.58,858114267.83,2608.28,direct,,ETH
2025-06-05,2641.72,2393.11,2608.28,532239.12,1351426110.77,2415.85,direct,,ETH
2025-06-06,2532.69,2385.42,2415.85,349992.74,865502968.12,2478.31,direct,,ETH
2025-06-07,2543.98,2458.79,2478.31,142808.46,357329388.56,2526.17,direct,,ETH
2025-06-08,2549.53,2493.72,2526.17,125420.39,315777224.57,2510.78,direct,,ETH
2025-06-09,2695.13,2479.6,2510.78,315100.2,810951391.12,2681.27,direct,,ETH
2025-06-10,2826.68,2657.34,2681.27,608857.69,1667701406.47,2816.15,direct,,ETH
2025-06-11,2879.79,2744.11,2816.15,460948.83,1295621784.12,2772.57,direct,,ETH
2025-06-12,2785.3,2618.39,2772.57,429956.98,1170537265.0,2644.51,direct,,ETH
2025-06-13,2646.56,2446.47,2644.51,708734.92,1792683839.24,2580.25,direct,,ETH
2025-06-14,2580.87,2490.47,2580.25,217795.67,551015115.63,2532.75,direct,,ETH
2025-06-15,2560.57,2493.32,2532.75,180343.51,456963811.88,2548.41,direct,,ETH
2025-06-16,2681.43,2516.21,2548.41,480876.31,1256426999.66,2545.23,direct,,ETH
2025-06-17,2619.34,2454.56,2545.23,483962.49,1226237468.69,2510.96,direct,,ETH
2025-06-18,2548.88,2466.89,2510.96,350433.02,879550757.97,2525.85,direct,,ETH
2025-06-19,2547.93,2485.66,2525.85,188266.61,473983171.76,2521.84,direct,,ETH
2025-06-20,2569.74,2368.96,2521.84,385135.24,949347412.87,2407.22,direct,,ETH
2025-06-21,2449.16,2217.69,2407.22,299897.17,705748797.49,2296.94,direct,,ETH
2025-06-22,2314.86,2113.65,2296.94,672272.5,1494221559.94,2228.57,direct,,ETH
2025-06-23,2439.75,2189.86,2228.57,670703.67,1541484884.73,2413.17,direct,,ETH
2025-06-24,2483.31,2378.22,2413.17,481281.29,1168281547.61,2449.69,direct,,ETH
2025-06-25,2469.72,2391.65,2449.69,396227.23,962396741.81,2420.23,direct,,ETH
2025-06-26,2521.41,2395.33,2420.23,382850.9,937995211.41,2417.5,direct,,ETH
2025-06-27,2464.25,2384.39,2417.5,301424.86,731599180.91,2424.42,direct,,ETH
2025-06-28,2449.0,2407.31,2424.42,90039.24,218789309.47,2437.55,direct,,ETH
2025-06-29,2525.9,2417.25,2437.55,143720.04,353963423.9,2501.26,direct,,ETH
2025-06-30,2524.69,2435.11,2501.26,347433.65,862990157.33,2486.37,direct,,ETH
2025-07-01,2501.58,2387.31,2486.37,257585.37,627531445.49,2405.7,direct,,ETH
2025-07-02,2619.85,2375.73,2405.7,446980.58,1127288937.64,2571.33,direct,,ETH
2025-07-03,2636.51,2557.62,2571.33,381008.29,987452946.33,2592.04,direct,,ETH
2025-07-04,2603.8,2475.46,2592.04,260732.2,659258591.62,2508.69,direct,,ETH
2025-07-05,2530.4,2488.62,2508.69,97935.38,245918493.32,2517.09,direct,,ETH
2025-07-06,2605.48,2504.53,2517.09,164312.05,419467064.37,2571.14,direct,,ETH
2025-07-07,2591.09,2512.71,2571.14,283620.03,722742288.77,2542.5,direct,,ETH
2025-07-08,2628.25,2523.96,2542.5,302820.26,782816619.68,2616.29,direct,,ETH
2025-07-09,2646.92,2590.85,2616.29,61737.0,161309393.64,2629.83,direct,,ETH
