time,high,low,open,volumefrom,volumeto,close,conversionType,conversionSymbol,symbol
2020-01-17,63.3,58.07,57.51,2535277.43,154586157.25,60.97,multiply,BTC,LTC
2020-01-18,62.31,58.38,60.97,2350660.77,139206093.56,59.22,multiply,BTC,LTC
2020-01-19,59.86,56.2,59.22,1889584.56,108959797.27,57.66,multiply,BTC,LTC
2020-01-20,58.18,56.28,57.66,1144185.69,65319508.78,57.09,multiply,BTC,LTC
2020-01-21,58.65,57.1,57.09,1010047.94,57986293.88,57.41,multiply,BTC,LTC
2020-01-22,58.88,56.8,57.41,1167152.0,68060514.23,58.31,multiply,BTC,LTC
2020-01-23,56.8,53.24,58.31,1722840.17,93540234.0,54.29,multiply,BTC,LTC
2020-01-24,55.08,51.67,54.29,1999765.57,108993274.7,54.5,multiply,BTC,LTC
2020-01-25,54.41,52.35,54.5,1182987.99,62990223.64,53.25,multiply,BTC,LTC
2020-01-26,56.79,54.63,53.25,1354033.76,76025839.36,56.15,multiply,BTC,LTC
2020-01-27,60.67,57.55,56.15,1690249.92,98716922.31,58.4,multiply,BTC,LTC
2020-01-28,63.54,60.46,58.4,2051970.29,124844297.17,60.84,multiply,BTC,LTC
2020-01-29,62.51,59.69,60.84,1747837.75,104704477.66,59.91,multiply,BTC,LTC
2020-01-30,70.02,60.04,59.91,3775283.11,256114651.97,67.84,multiply,BTC,LTC
2020-01-31,69.38,66.27,67.84,3315077.98,224967685.03,67.86,multiply,BTC,LTC
2020-02-01,72.65,67.79,67.86,3273662.66,231609566.04,70.75,multiply,BTC,LTC
2020-02-02,72.63,68.44,70.75,2511491.05,175634096.92,69.93,multiply,BTC,LTC
2020-02-03,71.02,68.67,69.93,1953990.1,135947513.74,69.57,multiply,BTC,LTC
2020-02-04,69.46,66.42,69.57,1588457.76,107841979.37,67.89,multiply,BTC,LTC
2020-02-05,74.29,70.59,67.89,1882633.98,136760391.74,72.64,multiply,BTC,LTC
2020-02-06,75.72,72.24,72.64,1930267.32,141875610.37,73.5,multiply,BTC,LTC
2020-02-07,75.56,73.19,73.5,1670024.69,124325743.57,74.45,multiply,BTC,LTC
2020-02-08,78.43,73.17,74.45,2098042.83,160590843.23,76.54,multiply,BTC,LTC
2020-02-09,79.87,75.84,76.54,1835817.64,141555690.49,77.11,multiply,BTC,LTC
2020-02-10,75.41,72.79,77.11,2001298.84,148163768.67,74.03,multiply,BTC,LTC
2020-02-11,78.59,75.92,74.03,1767109.11,135741080.74,76.82,multiply,BTC,LTC
2020-02-12,82.88,77.22,76.82,2375336.43,192951548.57,81.23,multiply,BTC,LTC
2020-02-13,83.39,77.48,81.23,3518460.08,283831576.48,80.67,multiply,BTC,LTC
2020-02-14,84.19,80.49,80.67,2343128.88,194423938.38,82.98,multiply,BTC,LTC
2020-02-15,80.05,75.61,82.98,2855583.78,218818834.63,76.63,multiply,BTC,LTC
2020-02-16,79.89,69.52,76.63,3865555.12,289099911.2,74.79,multiply,BTC,LTC
2020-02-17,73.88,68.92,74.79,3296216.46,241588056.7,73.29,multiply,BTC,LTC
2020-02-18,79.1,74.36,73.29,2913619.22,224944436.99,77.2,multiply,BTC,LTC
2020-02-19,74.24,68.88,77.2,2388582.34,168466350.21,70.53,multiply,BTC,LTC
2020-02-20,72.16,67.54,70.53,2535396.94,176065056.54,69.44,multiply,BTC,LTC
2020-02-21,74.9,69.47,69.44,2704103.27,198515793.08,73.41,multiply,BTC,LTC
2020-02-22,76.84,72.56,73.41,2877372.35,215530892.85,74.91,multiply,BTC,LTC
2020-02-23,80.6,77.16,74.91,2392239.99,191137437.32,79.9,multiply,BTC,LTC
2020-02-24,77.46,72.96,79.9,2429347.55,183689719.51,75.61,multiply,BTC,LTC
2020-02-25,73.24,69.96,75.61,2409085.01,171064125.2,71.01,multiply,BTC,LTC
2020-02-26,67.7,58.39,71.01,3139419.23,190208667.86,60.59,multiply,BTC,LTC
2020-02-27,64.07,59.15,60.59,2369423.6,146166778.92,61.69,multiply,BTC,LTC
2020-02-28,62.1,58.45,61.69,2190911.58,131601899.54,60.07,multiply,BTC,LTC
2020-02-29,59.97,57.74,60.07,1585451.7,92210398.35,58.16,multiply,BTC,LTC
2020-03-01,59.53,56.58,58.16,1441433.37,83453804.92,57.9,multiply,BTC,LTC
2020-03-02,62.68,59.74,57.9,1559397.16,95863703.51,61.47,multiply,BTC,LTC
2020-03-03,61.57,59.59,61.47,1607128.3,98176292.03,61.09,multiply,BTC,LTC
2020-03-04,61.43,59.45,61.09,1225880.92,74213705.54,60.54,multiply,BTC,LTC
2020-03-05,62.92,61.57,60.54,1326702.0,82459096.05,62.15,multiply,BTC,LTC
2020-03-06,63.81,62.18,62.15,1276383.54,80921515.6,63.4,multiply,BTC,LTC
2020-03-07,62.61,60.41,63.4,1265350.81,76622305.66,60.55,multiply,BTC,LTC
2020-03-08,54.8,50.34,60.55,2089046.42,106922242.03,51.18,multiply,BTC,LTC
2020-03-09,51.15,48.44,51.18,2384695.0,120508960.26,50.53,multiply,BTC,LTC
2020-03-10,50.57,49.14,50.53,1091676.73,54838984.91,50.23,multiply,BTC,LTC
2020-03-11,50.69,47.65,50.23,1507501.02,73267213.51,48.6,multiply,BTC,LTC
2020-03-12,31.88,25.27,48.6,5502122.65,167753957.67,30.49,multiply,BTC,LTC
2020-03-13,38.84,33.62,30.49,7361698.22,279227694.91,37.93,multiply,BTC,LTC
2020-03-14,35.2,33.88,37.93,2328679.9,80183112.82,34.43,multiply,BTC,LTC
2020-03-15,36.58,34.8,34.43,1972707.39,71618203.85,36.3,multiply,BTC,LTC
2020-03-16,34.57,32.6,36.3,2856656.22,94973963.85,33.25,multiply,BTC,LTC
2020-03-17,35.68,34.01,33.25,1666370.49,57031656.53,34.23,multiply,BTC,LTC
2020-03-18,35.47,34.26,34.23,1485914.31,51750870.89,34.83,multiply,BTC,LTC
2020-03-19,40.84,34.1,34.8,971254.04,36824413.49,39.09,direct,,LTC
2020-03-20,43.81,34.19,39.09,1253480.8,49539613.78,38.09,direct,,LTC
2020-03-21,38.8,37.71,38.06,1267298.52,48624087.26,38.37,multiply,BTC,LTC
2020-03-22,39.7,34.88,38.38,558850.08,20607913.01,35.46,direct,,LTC
2020-03-23,40.0,34.61,35.46,637773.07,24009050.11,39.11,direct,,LTC
2020-03-24,41.05,39.89,39.17,1132677.59,46089844.23,40.69,multiply,BTC,LTC
2020-03-25,40.69,38.97,40.69,1098107.28,43150139.51,39.3,multiply,BTC,LTC
2020-03-26,40.59,39.33,39.3,979268.02,39720301.58,40.56,multiply,BTC,LTC
2020-03-27,38.83,37.59,40.56,1027738.49,39195099.17,38.14,multiply,BTC,LTC
2020-03-28,39.5,36.84,38.14,1174325.4,45714142.39,38.93,multiply,BTC,LTC
2020-03-29,37.25,36.27,38.93,839714.56,31167418.29,37.12,multiply,BTC,LTC
2020-03-30,40.65,38.48,37.12,950844.42,37109721.9,39.03,multiply,BTC,LTC
2020-03-31,39.36,38.43,39.03,794806.47,31113080.25,39.15,multiply,BTC,LTC
2020-04-01,40.99,39.29,39.15,1025236.13,40362240.33,39.37,multiply,BTC,LTC
2020-04-02,40.87,39.81,39.37,1171241.94,46773712.0,39.94,multiply,BTC,LTC
2020-04-03,40.64,39.52,39.94,1039753.52,42154731.29,40.54,multiply,BTC,LTC
2020-04-04,41.54,40.47,40.54,787714.46,32167318.05,40.84,multiply,BTC,LTC
2020-04-05,40.75,40.22,40.84,621949.91,25113021.67,40.38,multiply,BTC,LTC
2020-04-06,45.86,43.47,40.38,1247014.14,56282701.85,45.13,multiply,BTC,LTC
2020-04-07,46.17,44.22,45.13,1597815.17,71618184.99,44.82,multiply,BTC,LTC
2020-04-08,47.12,45.49,44.82,1283126.31,59801362.5,46.61,multiply,BTC,LTC
2020-04-09,46.69,45.7,46.61,895775.58,41486142.18,46.31,multiply,BTC,LTC
2020-04-10,43.83,41.62,46.31,1240049.14,52518935.56,42.35,multiply,BTC,LTC
2020-04-11,42.98,42.21,42.35,840956.04,35812979.82,42.59,multiply,BTC,LTC
2020-04-12,43.11,41.73,42.59,964396.44,40552376.84,42.05,multiply,BTC,LTC
2020-04-13,41.76,40.83,42.05,1132220.44,46784714.4,41.32,multiply,BTC,LTC
2020-04-14,41.57,41.08,41.32,862001.4,35574591.38,41.27,multiply,BTC,LTC
2020-04-15,40.0,39.26,41.27,850458.99,33417326.27,39.29,multiply,BTC,LTC
2020-04-16,43.63,41.46,39.29,1487904.63,63366430.51,42.59,multiply,BTC,LTC
2020-04-17,42.43,41.58,42.59,902675.87,38138839.46,42.25,multiply,BTC,LTC
2020-04-18,44.31,43.25,42.25,902593.85,39917210.78,44.22,multiply,BTC,LTC
2020-04-19,43.52,42.18,44.22,984909.65,41652661.86,42.29,multiply,BTC,LTC
2020-04-20,41.1,40.06,42.29,1059277.99,42683805.8,40.3,multiply,BTC,LTC
2020-04-21,40.95,40.16,40.3,890230.75,36213004.74,40.68,multiply,BTC,LTC
2020-04-22,42.44,41.83,40.68,870618.98,36478175.66,41.9,multiply,BTC,LTC
2020-04-23,44.1,42.61,41.9,1263104.2,54336534.78,43.02,multiply,BTC,LTC
2020-04-24,44.84,42.99,43.02,1698765.28,75685951.68,44.55,multiply,BTC,LTC
2020-04-25,45.36,44.22,44.55,1349441.38,59984502.96,44.45,multiply,BTC,LTC
2020-04-26,45.75,44.6,44.45,1080155.49,48189971.21,44.61,multiply,BTC,LTC
2020-04-27,45.45,44.1,44.61,1105152.33,49245101.58,44.56,multiply,BTC,LTC
2020-04-28,46.04,43.96,44.56,1387588.11,63510417.54,45.77,multiply,BTC,LTC
2020-04-29,52.29,48.05,45.77,2113545.57,103234817.9,48.84,multiply,BTC,LTC
2020-04-30,48.73,45.42,48.84,2264526.71,105134921.14,46.43,multiply,BTC,LTC
2020-05-01,48.23,46.81,46.43,1268465.66,59726589.67,47.09,multiply,BTC,LTC
2020-05-02,49.94,47.64,47.09,1060228.14,52190222.04,49.23,multiply,BTC,LTC
2020-05-03,49.38,47.62,49.23,1107152.31,53321757.63,48.16,multiply,BTC,LTC
2020-05-04,48.03,46.7,48.16,1220728.18,57463026.33,47.07,multiply,BTC,LTC
2020-05-05,48.19,46.53,47.07,986335.94,45956853.48,46.59,multiply,BTC,LTC
2020-05-06,47.71,44.95,46.59,1201580.63,54067681.26,45.0,multiply,BTC,LTC
2020-05-07,49.73,46.82,45.0,1899484.62,90167903.73,47.47,multiply,BTC,LTC
2020-05-08,48.09,46.27,47.47,1527633.49,72908758.45,47.73,multiply,BTC,LTC
2020-05-09,47.96,46.31,47.73,1479478.3,69478434.17,46.96,multiply,BTC,LTC
2020-05-10,43.15,41.61,46.96,1920917.42,80859493.49,42.09,multiply,BTC,LTC
2020-05-11,41.68,39.99,42.09,1725110.57,71649640.69,41.53,multiply,BTC,LTC
2020-05-12,42.92,41.77,41.53,1287662.12,54396811.14,42.24,multiply,BTC,LTC
2020-05-13,44.63,42.98,42.24,944940.07,40887737.65,43.27,multiply,BTC,LTC
2020-05-14,45.48,43.77,43.27,1434740.39,63115678.1,43.99,multiply,BTC,LTC
2020-05-15,44.12,41.93,44.0,749677.9,32333062.31,42.74,direct,,LTC
2020-05-16,43.49,42.84,42.75,1227160.37,53104676.33,43.27,multiply,BTC,LTC
2020-05-17,44.48,43.11,43.25,605664.04,26626405.66,43.69,direct,,LTC
2020-05-18,46.79,43.65,43.69,1058052.67,47993040.37,45.31,direct,,LTC
2020-05-19,45.79,44.15,45.31,679944.07,30539712.5,45.75,direct,,LTC
2020-05-20,46.14,43.14,45.75,725196.79,32591158.7,44.21,direct,,LTC
2020-05-21,44.59,41.71,44.21,691919.87,29880627.54,42.67,direct,,LTC
2020-05-22,44.65,42.37,42.67,646648.88,28204295.56,44.22,direct,,LTC
2020-05-23,44.72,43.7,44.22,394485.83,17413728.55,43.86,direct,,LTC
2020-05-24,42.27,41.53,43.88,994576.1,41873233.41,42.1,multiply,BTC,LTC
2020-05-25,43.72,42.82,42.1,940969.65,40439436.73,42.98,multiply,BTC,LTC
2020-05-26,42.77,42.08,42.98,779500.9,32968522.09,42.29,multiply,BTC,LTC
2020-05-27,44.31,43.72,42.29,719190.47,31556944.05,43.88,multiply,BTC,LTC
2020-05-28,45.71,44.56,43.88,695253.78,31130380.5,44.78,multiply,BTC,LTC
2020-05-29,44.84,43.99,44.78,757176.57,33675262.72,44.47,multiply,BTC,LTC
2020-05-30,48.31,45.73,44.47,1050659.05,50160897.59,47.74,multiply,BTC,LTC
2020-05-31,46.87,45.41,47.74,1037217.69,47275984.86,45.58,multiply,BTC,LTC
2020-06-01,50.3,47.98,45.58,1227324.47,59303754.26,48.32,multiply,BTC,LTC
2020-06-02,46.96,44.85,48.32,1512105.07,69570799.4,46.01,multiply,BTC,LTC
2020-06-03,47.9,46.47,46.01,933221.15,44020389.55,47.17,multiply,BTC,LTC
2020-06-04,48.67,46.97,47.17,614504.72,29173110.05,47.47,multiply,BTC,LTC
2020-06-05,46.97,46.36,47.47,520858.73,24381984.32,46.81,multiply,BTC,LTC
2020-06-06,47.17,46.69,46.81,427680.86,20015547.62,46.8,multiply,BTC,LTC
2020-06-07,47.23,46.59,46.8,505073.21,23555401.38,46.64,multiply,BTC,LTC
2020-06-08,47.02,46.4,46.64,779944.17,36226604.9,46.45,multiply,BTC,LTC
2020-06-09,46.72,45.71,46.45,488616.21,22444708.2,45.94,multiply,BTC,LTC
2020-06-10,47.13,45.66,45.91,254039.64,11770990.8,46.69,direct,,LTC
2020-06-11,46.95,42.15,46.69,411471.2,18398763.7,43.2,direct,,LTC
2020-06-12,45.31,42.82,43.2,267308.18,11839705.73,44.71,direct,,LTC
2020-06-13,45.23,44.65,44.72,485238.26,21883922.36,45.1,multiply,BTC,LTC
2020-06-14,44.44,43.84,45.1,573819.22,25247507.32,44.0,multiply,BTC,LTC
2020-06-15,44.47,43.57,44.0,779483.37,34112535.13,43.76,multiply,BTC,LTC
2020-06-16,44.28,43.71,43.76,631034.78,27689793.65,43.88,multiply,BTC,LTC
2020-06-17,44.77,43.53,43.88,828869.57,36504832.63,44.04,multiply,BTC,LTC
2020-06-18,43.88,43.22,44.04,784581.94,34061636.95,43.41,multiply,BTC,LTC
2020-06-19,43.29,42.81,43.41,993051.42,42546522.43,42.84,multiply,BTC,LTC
2020-06-20,43.7,43.01,42.84,667584.25,29090879.65,43.58,multiply,BTC,LTC
2020-06-21,43.4,42.86,43.58,463849.4,19944518.51,43.0,multiply,BTC,LTC
2020-06-22,45.11,44.3,43.0,674876.7,29923436.12,44.34,multiply,BTC,LTC
2020-06-23,44.36,43.93,44.34,461549.36,20389190.83,44.18,multiply,BTC,LTC
2020-06-24,42.94,42.27,44.18,633868.51,27013842.32,42.62,multiply,BTC,LTC
2020-06-25,42.89,42.11,42.62,567934.27,24037957.46,42.33,multiply,BTC,LTC
2020-06-26,43.3,41.63,42.33,1139775.96,49101048.31,43.08,multiply,BTC,LTC
2020-06-27,42.44,40.13,43.08,666332.74,27343983.37,41.04,multiply,BTC,LTC
2020-06-28,41.77,41.22,41.04,529095.63,21883907.77,41.36,multiply,BTC,LTC
2020-06-29,42.1,41.17,41.36,871682.65,36493410.8,41.87,multiply,BTC,LTC
2020-06-30,41.75,40.92,41.87,523977.9,21571611.49,41.17,multiply,BTC,LTC
2020-07-01,41.96,41.59,41.17,461868.44,19304594.34,41.8,multiply,BTC,LTC
2020-07-02,41.21,40.84,41.8,564197.56,23167692.25,41.06,multiply,BTC,LTC
2020-07-03,41.42,40.87,41.06,490364.16,20188682.24,41.17,multiply,BTC,LTC
2020-07-04,42.22,41.49,41.17,593994.36,25028783.83,42.14,multiply,BTC,LTC
2020-07-05,41.93,41.37,42.14,470055.33,19576621.76,41.65,multiply,BTC,LTC
2020-07-06,44.2,42.81,41.65,783817.69,34543896.5,44.07,multiply,BTC,LTC
2020-07-07,43.91,43.19,44.07,655294.16,28432596.87,43.39,multiply,BTC,LTC
2020-07-08,46.06,44.07,43.39,1044028.1,47352266.15,45.36,multiply,BTC,LTC
2020-07-09,44.97,43.82,45.36,887452.32,39380409.92,44.37,multiply,BTC,LTC
2020-07-10,45.04,44.28,44.37,598269.13,26507198.58,44.31,multiply,BTC,LTC
2020-07-11,44.74,44.04,44.31,441417.51,19730688.24,44.7,multiply,BTC,LTC
2020-07-12,45.31,44.35,44.7,554370.05,24796012.47,44.73,multiply,BTC,LTC
2020-07-13,45.26,42.97,44.73,829208.44,36408628.1,43.91,multiply,BTC,LTC
2020-07-14,44.05,43.3,43.91,633864.45,27821758.42,43.89,multiply,BTC,LTC
2020-07-15,43.66,42.96,43.89,542037.91,23470277.39,43.3,multiply,BTC,LTC
2020-07-16,43.04,41.3,43.3,741139.7,31184779.97,42.08,multiply,BTC,LTC
2020-07-17,42.35,41.86,42.08,384179.0,16104700.94,41.92,multiply,BTC,LTC
2020-07-18,42.81,41.96,41.92,324702.67,13799767.95,42.5,multiply,BTC,LTC
2020-07-19,42.83,42.32,42.5,314289.01,13413662.8,42.68,multiply,BTC,LTC
2020-07-20,42.6,41.53,42.68,357857.55,15023650.11,41.98,multiply,BTC,LTC
2020-07-21,44.27,42.96,41.98,564262.93,24708720.17,43.79,multiply,BTC,LTC
2020-07-22,45.18,44.32,43.79,507343.87,22857831.02,45.05,multiply,BTC,LTC
2020-07-23,46.06,44.93,45.05,722800.88,32518499.04,44.99,multiply,BTC,LTC
2020-07-24,44.82,44.15,44.99,645968.83,28532322.91,44.17,multiply,BTC,LTC
2020-07-25,49.58,44.12,44.18,824763.35,39305511.95,49.18,direct,,LTC
2020-07-26,51.69,47.96,49.18,1568633.65,75512788.49,48.14,multiply,BTC,LTC
2020-07-27,55.97,47.0,48.13,1291087.92,66318579.4,53.35,direct,,LTC
2020-07-28,57.36,52.42,53.35,2354779.19,131559061.08,55.87,multiply,BTC,LTC
2020-07-29,57.24,54.79,55.87,1414148.12,78083216.19,55.22,multiply,BTC,LTC
2020-07-30,58.95,54.76,55.22,1672339.6,94954922.29,56.78,multiply,BTC,LTC
2020-07-31,59.52,57.56,56.78,1195499.62,69611672.48,58.23,multiply,BTC,LTC
2020-08-01,62.57,59.68,58.23,1764973.59,108892286.55,61.7,multiply,BTC,LTC
2020-08-02,60.16,55.25,61.7,2102356.66,119297580.09,56.74,multiply,BTC,LTC
2020-08-03,58.79,57.23,56.74,1144886.19,67026420.93,58.54,multiply,BTC,LTC
2020-08-04,58.55,57.05,58.54,927978.08,53477185.46,57.63,multiply,BTC,LTC
2020-08-05,60.96,58.82,57.63,968513.8,57069461.33,58.92,multiply,BTC,LTC
2020-08-06,60.25,58.34,58.92,984958.49,58202945.87,59.09,multiply,BTC,LTC
2020-08-07,61.01,55.22,59.09,566731.52,33174990.67,57.21,direct,,LTC
2020-08-08,58.55,56.53,57.21,250695.88,14466622.53,58.41,direct,,LTC
2020-08-09,58.68,56.17,58.41,237957.69,13646511.57,56.97,direct,,LTC
2020-08-10,59.26,57.35,56.98,894996.83,52207851.19,58.33,multiply,BTC,LTC
2020-08-11,59.68,52.55,58.32,554127.52,31075004.21,54.12,direct,,LTC
2020-08-12,55.05,51.7,54.12,353772.16,19160416.36,54.55,direct,,LTC
2020-08-13,57.51,54.24,54.52,876747.63,50126298.67,57.17,multiply,BTC,LTC
2020-08-14,57.91,55.95,57.19,401671.6,22820646.58,56.81,direct,,LTC
2020-08-15,60.87,56.78,56.81,638969.54,37653946.1,59.92,direct,,LTC
2020-08-16,64.56,58.41,59.92,727932.61,44941848.45,63.92,direct,,LTC
2020-08-17,68.96,61.49,63.92,1159068.54,75986629.52,67.29,direct,,LTC
2020-08-18,68.45,63.69,67.29,927086.31,61569942.24,65.51,direct,,LTC
2020-08-19,67.12,58.88,65.51,802707.22,50099948.39,62.11,direct,,LTC
2020-08-20,63.66,61.08,62.11,778795.64,48796344.62,62.82,direct,,LTC
2020-08-21,63.83,58.82,62.82,976042.15,59943035.43,59.16,direct,,LTC
2020-08-22,60.5,57.8,59.16,801960.58,47596625.26,60.25,direct,,LTC
2020-08-23,61.59,58.06,60.25,626203.02,37337741.41,60.55,direct,,LTC
2020-08-24,63.0,60.01,60.55,734103.15,45442241.68,62.11,direct,,LTC
2020-08-25,62.27,56.72,62.11,557908.43,33350143.27,58.44,direct,,LTC
2020-08-26,59.09,57.88,58.39,806259.57,46882864.58,58.15,multiply,BTC,LTC
2020-08-27,58.01,55.05,58.15,1005665.97,56429135.48,56.11,multiply,BTC,LTC
2020-08-28,58.39,56.58,56.11,953119.3,54730278.91,57.42,multiply,BTC,LTC
2020-08-29,57.92,56.98,57.42,556475.68,31802490.2,57.15,multiply,BTC,LTC
2020-08-30,62.93,56.97,57.01,546969.19,33132065.65,62.9,direct,,LTC
2020-08-31,63.29,60.5,62.91,1029436.75,62789117.1,60.99,multiply,BTC,LTC
2020-09-01,63.84,61.74,60.99,1119590.88,70236850.23,62.73,multiply,BTC,LTC
2020-09-02,60.58,57.64,62.73,943453.06,54809996.38,58.1,multiply,BTC,LTC
2020-09-03,58.65,45.81,58.1,830270.75,44703604.43,48.37,direct,,LTC
2020-09-04,52.35,47.01,48.37,500849.82,24842387.04,50.48,direct,,LTC
2020-09-05,51.3,45.46,50.48,632360.78,30550877.38,47.77,direct,,LTC
2020-09-06,49.05,47.41,47.8,716360.62,34347134.19,47.95,multiply,BTC,LTC
2020-09-07,49.56,47.43,47.95,902712.61,44101419.35,48.85,multiply,BTC,LTC
2020-09-08,48.32,46.99,48.85,889953.07,42230239.88,47.45,multiply,BTC,LTC
2020-09-09,48.38,47.68,47.45,903340.42,43234585.37,47.86,multiply,BTC,LTC
2020-09-10,49.26,48.28,47.86,831116.52,40472977.38,48.7,multiply,BTC,LTC
2020-09-11,49.57,48.32,48.7,838122.26,41083520.31,49.02,multiply,BTC,LTC
2020-09-12,51.15,49.11,49.02,1122236.78,57066207.11,50.85,multiply,BTC,LTC
2020-09-13,50.36,47.76,50.85,842901.9,40584712.98,48.15,multiply,BTC,LTC
2020-09-14,49.77,48.62,48.15,1094257.94,53750197.32,49.12,multiply,BTC,LTC
2020-09-15,50.2,48.26,49.12,948296.17,45815629.62,48.31,multiply,BTC,LTC
2020-09-16,49.08,47.73,48.31,927782.36,44312740.06,47.76,multiply,BTC,LTC
2020-09-17,49.38,47.7,47.76,686026.67,33533666.39,48.88,multiply,BTC,LTC
2020-09-18,48.97,48.07,48.88,959780.02,46589983.24,48.54,multiply,BTC,LTC
2020-09-19,49.2,48.42,48.54,767736.82,37253695.68,48.52,multiply,BTC,LTC
2020-09-20,48.13,46.75,48.52,695431.96,32751380.12,47.1,multiply,BTC,LTC
2020-09-21,45.21,42.42,47.1,878971.17,37920150.32,43.14,multiply,BTC,LTC
2020-09-22,44.7,43.48,43.14,626959.59,27898886.41,44.5,multiply,BTC,LTC
2020-09-23,43.93,42.77,44.5,500458.22,21499197.5,42.96,multiply,BTC,LTC
2020-09-24,45.81,44.84,42.96,452228.73,20336777.67,44.97,multiply,BTC,LTC
2020-09-25,46.65,44.34,44.97,571976.96,26326665.23,46.03,multiply,BTC,LTC
2020-09-26,46.52,45.47,46.03,360970.03,16614865.07,46.03,multiply,BTC,LTC
2020-09-27,46.57,45.39,46.03,418695.12,19297986.44,46.09,multiply,BTC,LTC
2020-09-28,46.1,45.02,46.09,586187.17,26522666.31,45.25,multiply,BTC,LTC
2020-09-29,46.3,45.59,45.25,609257.1,27840635.2,45.7,multiply,BTC,LTC
2020-09-30,46.62,45.33,45.7,753708.07,34870507.84,46.27,multiply,BTC,LTC
2020-10-01,47.39,45.48,46.27,876707.46,40567773.17,46.27,multiply,BTC,LTC
2020-10-02,46.6,44.41,46.27,827700.78,37196991.71,44.94,multiply,BTC,LTC
2020-10-03,45.88,44.8,44.94,628545.32,28638855.88,45.56,multiply,BTC,LTC
2020-10-04,46.96,45.93,45.56,837501.56,39124786.13,46.72,multiply,BTC,LTC
2020-10-05,47.34,46.03,46.72,718672.45,33313488.16,46.35,multiply,BTC,LTC
2020-10-06,47.59,45.4,46.35,942754.34,43366433.97,46.0,multiply,BTC,LTC
2020-10-07,46.93,45.57,46.0,738015.0,34389194.34,46.6,multiply,BTC,LTC
2020-10-08,47.79,47.11,46.6,745992.54,35238350.25,47.24,multiply,BTC,LTC
2020-10-09,48.04,47.48,47.24,806212.29,38533760.63,47.8,multiply,BTC,LTC
2020-10-10,49.86,48.36,47.8,696485.9,34051607.85,48.89,multiply,BTC,LTC
2020-10-11,51.06,49.11,48.89,702034.11,35473794.4,50.53,multiply,BTC,LTC
2020-10-12,51.56,50.45,50.53,742899.06,37609210.77,50.62,multiply,BTC,LTC
2020-10-13,50.2,49.34,50.62,555618.0,27752388.23,49.95,multiply,BTC,LTC
2020-10-14,50.8,49.64,49.95,530513.61,26442483.92,49.84,multiply,BTC,LTC
2020-10-15,50.73,49.35,49.84,537801.07,26656804.43,49.57,multiply,BTC,LTC
2020-10-16,48.99,46.17,49.57,730902.51,34818885.43,47.64,multiply,BTC,LTC
2020-10-17,47.82,46.7,47.64,481466.06,22609531.66,46.96,multiply,BTC,LTC
2020-10-18,48.0,47.49,46.96,329030.35,15656775.25,47.58,multiply,BTC,LTC
2020-10-19,48.6,48.0,47.58,465002.26,22332596.02,48.03,multiply,BTC,LTC
2020-10-20,49.07,46.46,48.03,514687.91,24151280.38,46.92,multiply,BTC,LTC
2020-10-21,55.08,46.91,46.93,926503.81,47677510.5,53.14,direct,,LTC
2020-10-22,57.16,53.83,53.1,1591845.18,86684133.03,54.46,multiply,BTC,LTC
2020-10-23,56.65,53.52,54.46,1146900.93,63594325.25,55.45,multiply,BTC,LTC
2020-10-24,59.84,55.89,55.45,1272903.0,75454638.79,59.28,multiply,BTC,LTC
2020-10-25,60.13,57.0,59.28,1142203.83,67239280.12,58.87,multiply,BTC,LTC
2020-10-26,59.22,56.2,58.87,1090529.76,62027325.48,56.88,multiply,BTC,LTC
2020-10-27,60.6,57.27,56.88,800335.15,46383141.05,57.95,multiply,BTC,LTC
2020-10-28,58.52,55.38,57.95,590756.94,32988418.06,55.84,multiply,BTC,LTC
2020-10-29,57.28,54.48,55.84,633894.61,34825635.23,54.94,multiply,BTC,LTC
2020-10-30,55.99,53.69,54.94,885000.43,47855404.13,54.07,multiply,BTC,LTC
2020-10-31,56.11,54.68,54.07,892937.54,49820006.36,55.79,multiply,BTC,LTC
2020-11-01,55.89,54.48,55.79,676250.28,37625641.79,55.64,multiply,BTC,LTC
2020-11-02,55.75,53.63,55.64,789768.14,42561706.03,53.89,multiply,BTC,LTC
2020-11-03,56.11,52.59,53.89,394510.08,21300211.89,53.99,multiply,BTC,LTC
2020-11-04,55.29,53.22,53.99,450019.06,24650359.85,54.78,multiply,BTC,LTC
2020-11-05,59.68,54.71,54.71,263635.36,15098131.55,59.0,direct,,LTC
2020-11-06,63.67,58.71,59.0,418071.05,25696084.21,63.36,direct,,LTC
2020-11-07,64.7,57.27,63.36,366048.51,22503718.44,58.98,direct,,LTC
2020-11-08,62.0,58.71,58.98,187767.53,11333199.87,61.0,direct,,LTC
2020-11-09,61.7,57.49,61.0,229145.64,13661936.57,59.24,direct,,LTC
2020-11-10,59.62,57.21,59.24,214624.85,12515879.97,57.96,direct,,LTC
2020-11-11,60.59,57.91,57.96,405382.15,24184220.08,59.33,direct,,LTC
2020-11-12,60.79,57.73,59.33,417583.95,24624655.19,60.75,direct,,LTC
2020-11-13,67.05,60.45,60.81,2067879.82,136347135.4,65.94,multiply,BTC,LTC
2020-11-14,65.25,63.11,65.94,1105442.89,70604360.31,63.87,multiply,BTC,LTC
2020-11-15,63.92,61.77,63.87,660016.83,41146870.53,62.34,multiply,BTC,LTC
2020-11-16,74.58,62.18,62.36,1294427.63,89829616.15,73.84,direct,,LTC
2020-11-17,79.9,73.11,73.89,2342678.74,178985187.27,76.4,multiply,BTC,LTC
2020-11-18,77.13,68.56,76.39,1057099.95,77245625.97,73.52,direct,,LTC
2020-11-19,83.47,71.54,73.52,1455902.36,114184671.78,81.65,direct,,LTC
2020-11-20,85.66,80.15,81.65,1151910.32,95127667.38,82.62,direct,,LTC
2020-11-21,88.44,80.53,82.62,1337660.66,112910278.35,87.17,direct,,LTC
2020-11-22,87.95,78.56,87.17,1087772.71,91186754.22,82.95,direct,,LTC
2020-11-23,90.89,80.9,82.95,1437185.79,124889610.01,89.14,direct,,LTC
2020-11-24,93.97,86.29,89.14,1487577.21,133554057.46,89.3,direct,,LTC
2020-11-25,90.66,78.31,89.3,1006402.73,86556944.23,81.77,direct,,LTC
2020-11-26,83.21,64.65,81.77,1880320.69,135853651.83,71.03,direct,,LTC
2020-11-27,73.53,65.44,71.03,1236137.29,85459671.17,69.19,direct,,LTC
2020-11-28,74.97,68.41,69.19,949192.65,68144692.35,72.75,direct,,LTC
2020-11-29,80.64,74.22,72.75,1892901.79,149579099.6,79.02,multiply,BTC,LTC
2020-11-30,88.4,76.84,78.98,1375213.91,114339625.92,87.67,direct,,LTC
2020-12-01,92.91,80.08,87.67,2252551.78,197272725.99,85.16,direct,,LTC
2020-12-02,90.63,83.03,85.16,1256843.01,109385061.74,89.04,direct,,LTC
2020-12-03,91.26,85.58,89.04,906741.86,80362893.53,89.08,direct,,LTC
2020-12-04,89.86,78.04,89.08,923032.01,78111683.33,79.68,direct,,LTC
2020-12-05,84.29,78.74,79.68,546650.87,44835840.77,83.17,direct,,LTC
2020-12-06,85.16,80.4,83.17,437464.03,36332676.31,83.68,direct,,LTC
2020-12-07,86.82,81.81,83.68,563024.28,47235868.11,83.47,direct,,LTC
2020-12-08,84.77,75.58,83.47,765989.26,61012853.29,76.74,direct,,LTC
2020-12-09,78.16,72.23,76.74,858011.79,65221756.53,77.45,direct,,LTC
2020-12-10,76.32,74.12,77.43,916423.74,68456096.15,74.7,multiply,BTC,LTC
2020-12-11,75.03,70.04,74.68,828629.94,59546397.02,72.17,direct,,LTC
2020-12-12,77.52,75.22,72.19,993895.06,76221671.5,76.69,multiply,BTC,LTC
2020-12-13,84.31,75.62,76.65,680931.01,54781896.48,82.22,direct,,LTC
2020-12-14,82.97,79.18,82.22,569212.9,46244608.4,82.36,direct,,LTC
2020-12-15,84.88,80.48,82.36,715751.91,58947328.27,81.37,direct,,LTC
2020-12-16,93.19,78.57,81.37,1584823.21,137340007.79,93.1,direct,,LTC
2020-12-17,109.77,90.48,93.1,2660393.5,266887441.24,101.13,direct,,LTC
2020-12-18,112.78,99.33,101.13,1834417.74,197496854.37,109.44,direct,,LTC
2020-12-19,124.29,105.47,109.44,1746688.04,202264988.09,119.98,direct,,LTC
2020-12-20,123.14,109.89,119.98,1842863.49,215486578.59,114.69,direct,,LTC
2020-12-21,118.69,100.71,114.69,2012207.68,217289007.29,104.53,direct,,LTC
2020-12-22,114.55,98.38,104.53,1913257.79,204917853.99,114.45,direct,,LTC
2020-12-23,117.2,95.35,114.45,2514174.14,269985576.47,102.39,direct,,LTC
2020-12-24,112.26,98.67,102.39,1579762.44,165646552.93,111.26,direct,,LTC
2020-12-25,128.49,108.32,111.26,1960081.82,233083281.12,127.63,direct,,LTC
2020-12-26,134.93,124.9,127.63,2048266.67,266884584.17,129.5,direct,,LTC
2020-12-27,139.22,121.67,129.5,2680583.37,352297938.47,127.66,direct,,LTC
2020-12-28,136.99,126.38,127.66,1354413.94,178191635.72,129.7,direct,,LTC
2020-12-29,130.65,120.06,129.7,1102009.92,138554332.54,128.68,direct,,LTC
2020-12-30,132.88,122.79,128.68,1099291.31,140699275.18,130.04,direct,,LTC
2020-12-31,130.32,122.09,130.04,842510.32,105772380.13,124.38,direct,,LTC
2021-01-01,134.07,123.16,124.38,994192.19,127656503.43,126.49,direct,,LTC
2021-01-02,141.72,123.65,126.49,1847853.21,246193745.33,136.99,direct,,LTC
2021-01-03,164.65,135.51,136.99,2617045.58,392291287.85,161.35,direct,,LTC
2021-01-04,173.8,140.8,161.35,2529372.56,394314853.48,155.52,direct,,LTC
2021-01-05,163.18,146.89,155.52,1566584.59,243261770.18,158.85,direct,,LTC
2021-01-06,169.83,155.31,158.85,1644531.94,268643787.9,169.27,direct,,LTC
2021-01-07,181.2,162.28,169.27,2240161.53,382809175.05,169.66,direct,,LTC
2021-01-08,181.54,150.29,169.66,2186416.07,368378852.78,172.41,direct,,LTC
2021-01-09,179.3,163.56,172.41,1291218.24,221841146.03,177.74,direct,,LTC
2021-01-10,186.15,161.18,177.74,1814100.47,317704113.24,170.35,direct,,LTC
2021-01-11,170.65,112.06,170.35,4310183.72,582652209.76,139.51,direct,,LTC
2021-01-12,146.87,128.04,139.51,1921092.6,264348700.83,133.42,direct,,LTC
2021-01-13,148.46,125.92,133.42,1310094.42,179308479.09,147.5,direct,,LTC
2021-01-14,156.85,143.54,147.5,1198682.06,179892159.38,152.51,direct,,LTC
2021-01-15,155.35,130.72,152.51,1195809.39,172022304.9,143.84,direct,,LTC
2021-01-16,152.64,139.33,143.84,957975.92,139864436.51,143.6,direct,,LTC
2021-01-17,146.99,136.36,143.6,682861.7,97115636.17,142.83,direct,,LTC
2021-01-18,154.76,138.38,142.83,1001425.38,147316000.49,151.87,direct,,LTC
2021-01-19,166.19,150.27,151.87,1231666.24,195896298.7,152.0,direct,,LTC
2021-01-20,152.58,145.73,152.0,2123479.48,318055440.74,149.78,multiply,BTC,LTC
2021-01-21,150.27,125.64,149.82,1222470.02,165486945.94,129.77,direct,,LTC
2021-01-22,141.91,122.58,129.77,1204210.17,161719884.4,138.02,direct,,LTC
2021-01-23,139.99,133.66,137.94,1337815.82,184271117.74,137.74,multiply,BTC,LTC
2021-01-24,141.89,137.92,137.74,1051731.04,148547556.97,141.24,multiply,BTC,LTC
2021-01-25,147.61,136.68,141.12,803990.77,115206602.05,137.13,direct,,LTC
2021-01-26,139.3,134.26,137.07,1199669.73,161614638.2,134.72,multiply,BTC,LTC
2021-01-27,135.05,118.2,134.79,804851.49,100680488.44,122.73,direct,,LTC
2021-01-28,136.19,120.96,122.73,674499.65,87673375.33,133.56,direct,,LTC
2021-01-29,145.84,131.73,133.56,1307596.84,180451980.11,134.85,direct,,LTC
2021-01-30,135.76,131.03,134.64,1659374.24,221577300.32,133.53,multiply,BTC,LTC
2021-01-31,131.05,127.24,133.53,1087184.95,140852254.21,129.56,multiply,BTC,LTC
2021-02-01,136.59,126.07,129.62,652826.74,85629278.01,132.05,direct,,LTC
2021-02-02,145.94,131.92,132.05,1289565.72,181547105.31,142.16,direct,,LTC
2021-02-03,156.79,142.12,142.16,1232215.99,187334913.15,156.21,direct,,LTC
2021-02-04,158.93,141.39,156.21,1264335.02,189199434.56,145.28,direct,,LTC
2021-02-05,156.97,143.76,145.28,971133.33,147707773.39,155.15,direct,,LTC
2021-02-06,164.12,150.05,155.15,1391258.85,221416068.5,155.7,direct,,LTC
2021-02-07,157.43,145.39,155.7,788655.26,119137248.26,151.01,direct,,LTC
2021-02-08,169.4,148.04,151.01,1254383.11,200942770.65,167.57,direct,,LTC
2021-02-09,184.32,164.57,167.57,1460365.36,251144142.25,181.71,direct,,LTC
2021-02-10,195.19,170.9,181.71,1968966.4,361753937.54,181.87,direct,,LTC
2021-02-11,193.5,175.9,181.87,1178847.49,218883121.73,183.89,direct,,LTC
2021-02-12,199.98,177.01,183.89,1382383.74,260712215.78,196.98,direct,,LTC
2021-02-13,229.21,192.08,196.98,2203377.23,463253630.21,226.54,direct,,LTC
2021-02-14,234.9,210.72,226.53,2876696.97,615262242.07,213.88,multiply,BTC,LTC
2021-02-15,219.98,186.04,213.82,2004965.73,411286992.47,207.99,direct,,LTC
2021-02-16,221.88,200.41,207.99,1296326.07,273685984.05,210.27,direct,,LTC
2021-02-17,237.57,203.55,210.27,1376512.39,307096631.17,237.49,direct,,LTC
2021-02-18,239.02,220.88,237.49,1053285.24,241625952.07,226.65,direct,,LTC
2021-02-19,241.93,220.22,226.65,1140022.14,265271164.49,236.69,direct,,LTC
2021-02-20,246.92,215.9,236.69,1405413.73,331163992.6,227.14,direct,,LTC
2021-02-21,233.71,220.23,227.14,980291.79,223486126.51,227.5,direct,,LTC
2021-02-22,227.6,178.74,227.5,2240215.15,463489792.91,208.04,direct,,LTC
2021-02-23,208.67,159.02,208.04,3028202.51,537643828.9,177.58,direct,,LTC
2021-02-24,189.58,169.08,177.58,1227253.09,222549598.17,181.64,direct,,LTC
2021-02-25,205.17,175.28,181.64,1416138.44,270550831.24,179.3,direct,,LTC
2021-02-26,182.59,162.66,179.3,1291766.94,223595611.48,170.32,direct,,LTC
2021-02-27,180.41,167.31,170.32,683739.91,119553814.33,172.03,direct,,LTC
2021-02-28,173.05,153.13,172.03,994991.95,160664085.01,165.6,direct,,LTC
2021-03-01,176.63,163.59,165.6,730075.61,124538386.18,176.07,direct,,LTC
2021-03-02,185.36,170.84,176.07,819880.52,145196197.78,179.09,direct,,LTC
2021-03-03,196.59,177.19,179.09,967492.02,183655223.27,187.86,direct,,LTC
2021-03-04,194.37,177.03,187.86,781745.14,144557545.83,180.67,direct,,LTC
2021-03-05,183.52,168.69,180.67,765737.42,134154446.82,180.55,direct,,LTC
2021-03-06,184.68,174.76,180.55,528040.53,95398254.59,182.8,direct,,LTC
2021-03-07,192.1,182.48,182.8,465300.57,86807498.26,190.6,direct,,LTC
2021-03-08,195.2,180.0,190.6,685695.53,128104824.72,191.87,direct,,LTC
2021-03-09,205.09,189.13,191.87,807022.49,160053490.21,203.94,direct,,LTC
2021-03-10,207.99,191.46,203.94,954742.3,191699505.05,200.27,direct,,LTC
2021-03-11,203.44,191.13,200.27,678146.45,134566344.11,201.46,direct,,LTC
2021-03-12,224.22,198.72,201.46,1345378.33,284464073.69,220.76,direct,,LTC
2021-03-13,229.96,212.76,220.76,933272.29,208702036.43,226.18,direct,,LTC
2021-03-14,227.93,214.05,226.18,456057.36,100453531.06,214.06,direct,,LTC
2021-03-15,222.38,197.77,214.06,915949.3,189362629.67,200.8,direct,,LTC
2021-03-16,205.17,191.33,200.8,715945.56,142372184.09,201.62,direct,,LTC
2021-03-17,206.81,194.39,201.62,555501.49,111518718.09,206.01,direct,,LTC
2021-03-18,208.19,199.1,206.01,594281.82,121298403.87,199.67,direct,,LTC
2021-03-19,204.89,195.88,199.67,392421.14,78961630.33,200.06,direct,,LTC
2021-03-20,206.04,198.9,200.06,322306.64,65352024.56,200.08,direct,,LTC
2021-03-21,201.86,192.41,200.08,360835.6,70992058.27,195.52,direct,,LTC
2021-03-22,198.97,184.98,195.52,499398.37,95932660.18,185.77,direct,,LTC
2021-03-23,189.43,181.01,185.77,448185.88,83244063.31,185.96,direct,,LTC
2021-03-24,196.98,172.45,185.96,718236.18,134358793.89,176.13,direct,,LTC
2021-03-25,178.14,167.93,176.13,578515.89,100433288.43,171.69,direct,,LTC
2021-03-26,183.87,171.52,171.69,425012.41,75975610.8,183.65,direct,,LTC
2021-03-27,186.15,177.87,183.65,291194.08,53170833.2,184.16,direct,,LTC
2021-03-28,185.42,182.79,184.13,580928.0,107065295.91,184.3,multiply,BTC,LTC
2021-03-29,197.52,182.4,184.24,593895.93,114666750.38,193.72,direct,,LTC
2021-03-30,200.08,190.23,193.72,487355.59,95196464.02,195.79,direct,,LTC
2021-03-31,198.96,187.22,195.79,499846.58,96696222.43,196.72,direct,,LTC
2021-04-01,204.89,194.27,196.72,577898.06,115398915.97,202.58,direct,,LTC
2021-04-02,213.54,200.84,202.58,626532.55,129354332.05,211.58,direct,,LTC
2021-04-03,217.74,195.07,211.58,621513.31,129180741.22,195.32,direct,,LTC
2021-04-04,204.68,192.29,195.32,389487.81,78112838.97,202.29,direct,,LTC
2021-04-05,225.04,198.22,202.29,1071637.24,228468089.24,221.38,direct,,LTC
2021-04-06,244.33,213.16,221.38,1838493.1,425212661.37,236.9,direct,,LTC
2021-04-07,242.78,211.01,236.9,1619046.3,364033650.81,219.24,direct,,LTC
2021-04-08,228.05,217.04,219.24,707892.33,158146983.44,226.31,direct,,LTC
2021-04-09,228.84,219.03,226.31,475797.97,106900751.15,220.97,direct,,LTC
2021-04-10,256.35,219.22,220.97,1131401.66,269740764.89,255.96,direct,,LTC
2021-04-11,263.07,244.73,255.96,912878.96,231441970.25,252.23,direct,,LTC
2021-04-12,258.69,240.21,252.23,781953.3,194634450.79,244.54,direct,,LTC
2021-04-13,273.17,244.43,244.54,1100603.41,288722037.02,267.34,direct,,LTC
2021-04-14,282.99,255.34,267.34,1350190.46,365829000.33,278.89,direct,,LTC
2021-04-15,291.13,266.12,278.89,954934.39,266722846.04,286.21,direct,,LTC
2021-04-16,318.2,266.29,286.21,2382454.33,701867521.32,308.72,direct,,LTC
2021-04-17,335.41,297.49,308.72,1822705.46,577827444.11,301.24,direct,,LTC
2021-04-18,304.99,238.18,301.24,2690250.19,721992191.64,274.02,direct,,LTC
2021-04-19,282.85,250.87,274.02,1386419.77,369748228.18,261.47,direct,,LTC
2021-04-20,274.67,234.42,261.47,1646589.02,417935878.15,261.21,direct,,LTC
2021-04-21,276.83,251.19,261.21,1077750.19,284852046.11,257.87,direct,,LTC
2021-04-22,289.68,240.15,257.87,1709894.06,455895210.57,252.94,direct,,LTC
2021-04-23,256.89,207.91,252.94,1966020.06,456486913.72,241.72,direct,,LTC
2021-04-24,241.73,220.97,241.72,770656.78,177173328.87,225.33,direct,,LTC
2021-04-25,235.74,211.2,225.33,685522.11,154072124.61,224.06,direct,,LTC
2021-04-26,248.42,221.61,224.06,995517.4,238573893.7,247.69,direct,,LTC
2021-04-27,263.61,244.14,247.69,712019.31,181571702.65,260.09,direct,,LTC
2021-04-28,266.89,248.56,260.09,738050.2,189383458.54,258.82,direct,,LTC
2021-04-29,262.87,248.73,258.82,628566.77,160333337.98,255.54,direct,,LTC
2021-04-30,273.71,252.84,255.54,641622.47,169993577.42,271.53,direct,,LTC
2021-05-01,278.42,266.35,271.53,503061.52,136696853.75,276.92,direct,,LTC
2021-05-02,277.48,265.29,276.92,411551.9,111302585.83,269.09,direct,,LTC
2021-05-03,299.66,268.75,269.09,939530.97,268879056.14,294.71,direct,,LTC
2021-05-04,327.63,272.78,294.71,2364745.77,719220940.96,305.43,direct,,LTC
2021-05-05,359.89,301.43,305.43,2245654.39,765206303.9,356.55,direct,,LTC
2021-05-06,364.99,320.29,356.55,1863266.61,637588404.14,354.51,direct,,LTC
2021-05-07,372.56,333.86,354.51,1618059.69,575035954.47,345.47,direct,,LTC
2021-05-08,356.87,334.99,345.47,805326.12,278750033.07,347.59,direct,,LTC
2021-05-09,389.41,334.41,347.59,1234640.11,444787813.1,388.28,direct,,LTC
2021-05-10,413.63,336.72,388.28,2188413.47,842770823.07,359.52,direct,,LTC
2021-05-11,379.77,345.53,359.52,1276007.12,461496494.75,378.04,direct,,LTC
2021-05-12,394.2,302.23,378.04,1952676.38,697131904.98,309.67,direct,,LTC
2021-05-13,333.33,291.71,309.67,1962718.75,616888573.31,317.93,direct,,LTC
2021-05-14,339.42,308.62,317.93,841437.56,273179870.18,326.54,direct,,LTC
2021-05-15,331.77,296.8,326.54,892762.06,279202236.35,299.79,direct,,LTC
2021-05-16,324.07,279.8,299.79,1072505.89,322286604.51,296.41,direct,,LTC
2021-05-17,296.59,261.75,296.41,1476738.99,412872782.1,281.36,direct,,LTC
2021-05-18,318.21,278.78,281.36,1398761.36,421655486.34,294.22,direct,,LTC
2021-05-19,300.21,147.03,294.22,3780217.26,840711035.58,186.64,direct,,LTC
2021-05-20,229.0,167.5,186.64,2940017.84,601260255.37,210.94,direct,,LTC
2021-05-21,219.05,157.34,210.94,2075498.65,384454576.04,180.42,direct,,LTC
2021-05-22,184.73,162.14,180.42,1236702.86,216094170.29,169.49,direct,,LTC
2021-05-23,176.36,118.45,169.49,2437809.47,345893708.79,142.75,direct,,LTC
2021-05-24,185.17,140.02,142.75,2029344.74,330654169.55,185.16,direct,,LTC
2021-05-25,194.68,167.62,185.16,1470926.23,263400631.94,183.82,direct,,LTC
2021-05-26,204.31,179.93,183.82,1171635.0,227429580.5,199.17,direct,,LTC
2021-05-27,208.72,180.76,199.17,1054225.25,205370793.53,193.97,direct,,LTC
2021-05-28,198.72,165.78,193.97,1370804.38,245092106.18,177.4,direct,,LTC
2021-05-29,188.61,157.82,177.4,1197307.97,205015366.49,163.95,direct,,LTC
2021-05-30,181.0,155.39,163.95,893557.59,152302795.95,170.68,direct,,LTC
2021-05-31,188.4,163.85,170.68,903305.8,160732159.47,188.11,direct,,LTC
2021-06-01,193.12,176.07,188.11,737296.09,134949444.04,182.94,direct,,LTC
2021-06-02,191.21,178.5,182.94,540073.3,99996262.95,187.27,direct,,LTC
2021-06-03,197.61,182.17,187.27,568843.36,108344667.46,193.46,direct,,LTC
2021-06-04,193.75,169.35,193.46,660842.84,117852794.28,178.6,direct,,LTC
2021-06-05,185.46,167.76,178.6,489061.51,86060695.75,173.01,direct,,LTC
2021-06-06,179.97,172.18,173.01,385530.04,67973377.16,176.29,direct,,LTC
2021-06-07,182.19,160.38,176.29,605466.64,105149939.49,162.01,direct,,LTC
2021-06-08,164.48,145.2,162.01,1006946.72,157670631.7,160.78,direct,,LTC
2021-06-09,173.21,152.58,160.78,770532.15,126435612.32,172.44,direct,,LTC
2021-06-10,174.62,162.32,172.44,519653.24,87567338.17,168.03,direct,,LTC
2021-06-11,173.69,160.69,168.03,480082.61,80633659.18,162.86,direct,,LTC
2021-06-12,164.25,154.31,162.86,437096.92,69643639.81,161.69,direct,,LTC
2021-06-13,171.66,156.65,161.69,357751.73,58665331.81,170.93,direct,,LTC
2021-06-14,180.07,166.4,170.93,525886.14,90566493.16,179.97,direct,,LTC
2021-06-15,181.1,172.26,179.97,356192.18,62928538.78,175.24,direct,,LTC
2021-06-16,177.22,164.56,175.24,414828.2,70518443.71,166.54,direct,,LTC
2021-06-17,173.31,162.98,166.54,337246.29,56846883.67,167.1,direct,,LTC
2021-06-18,167.35,151.4,167.1,469111.21,74691207.26,156.34,direct,,LTC
2021-06-19,160.79,152.46,156.34,258251.22,40477986.21,152.77,direct,,LTC
2021-06-20,156.14,143.97,152.77,393598.12,59263087.04,154.86,direct,,LTC
2021-06-21,155.42,124.18,154.86,1015655.74,138024627.34,124.64,direct,,LTC
2021-06-22,133.01,105.23,124.64,1520215.82,178671008.57,119.75,direct,,LTC
2021-06-23,135.35,115.85,119.75,741495.24,94675987.55,129.06,direct,,LTC
2021-06-24,137.34,123.84,129.06,460826.24,60928878.69,134.51,direct,,LTC
2021-06-25,138.36,124.39,134.51,491368.61,64220527.88,125.2,direct,,LTC
2021-06-26,129.32,118.89,125.2,424147.66,52448054.98,126.75,direct,,LTC
2021-06-27,132.63,124.78,126.75,378949.62,48524423.87,132.63,direct,,LTC
2021-06-28,139.52,130.0,132.63,415082.81,55727801.63,137.55,direct,,LTC
2021-06-29,149.18,137.34,137.55,549334.81,79044442.68,144.09,direct,,LTC
2021-06-30,146.73,136.18,144.09,410303.84,58001462.91,144.3,direct,,LTC
2021-07-01,144.35,134.25,144.3,394546.72,54210961.31,137.28,direct,,LTC
2021-07-02,138.96,130.69,137.28,285322.52,38207988.19,136.92,direct,,LTC
2021-07-03,141.31,134.64,136.92,183167.38,25412365.01,140.17,direct,,LTC
2021-07-04,147.98,136.98,140.17,237862.66,34275080.73,144.92,direct,,LTC
2021-07-05,144.95,134.14,144.92,291542.47,40541390.37,137.91,direct,,LTC
2021-07-06,142.68,135.77,137.91,249668.29,34666274.12,138.93,direct,,LTC
2021-07-07,142.88,137.06,138.93,243860.66,34233091.46,137.42,direct,,LTC
2021-07-08,137.75,127.99,137.42,326786.37,43233106.13,132.15,direct,,LTC
2021-07-09,135.75,126.19,132.15,236200.47,31081231.8,134.56,direct,,LTC
2021-07-10,134.26,131.11,134.47,350040.65,46891436.59,133.96,multiply,BTC,LTC
2021-07-11,137.34,133.78,133.96,328442.89,44073343.29,134.19,multiply,BTC,LTC
2021-07-12,139.61,131.84,134.24,312893.07,42539917.49,133.43,direct,,LTC
2021-07-13,134.09,129.71,133.28,450673.57,59281220.34,131.54,multiply,BTC,LTC
2021-07-14,132.33,124.07,131.45,253970.15,32708937.21,131.0,direct,,LTC
2021-07-15,133.02,122.09,131.0,266071.52,33692968.25,125.77,direct,,LTC
2021-07-16,127.82,120.52,125.77,227918.31,28265746.69,120.69,direct,,LTC
2021-07-17,122.86,117.84,120.69,207025.09,24880119.98,120.0,direct,,LTC
2021-07-18,124.02,116.58,120.0,224326.67,26959514.48,119.29,direct,,LTC
2021-07-19,120.64,111.96,119.29,266432.52,30772436.79,113.16,direct,,LTC
2021-07-20,114.94,104.0,113.16,444959.3,47927510.69,107.3,direct,,LTC
2021-07-21,119.13,105.15,107.3,410308.91,46697056.65,117.61,direct,,LTC
2021-07-22,122.0,115.73,117.61,227845.44,27079825.68,120.75,direct,,LTC
2021-07-23,124.82,117.14,120.75,237662.77,28609582.75,124.24,direct,,LTC
2021-07-24,127.72,123.42,124.24,264730.25,33273082.39,126.11,direct,,LTC
2021-07-25,128.05,123.74,126.11,248943.92,31242237.46,127.62,direct,,LTC
2021-07-26,140.36,127.09,127.62,646418.04,87861542.26,131.25,direct,,LTC
2021-07-27,135.14,127.52,131.25,398321.92,52310911.1,134.76,direct,,LTC
2021-07-28,141.96,132.55,134.76,481728.05,66172878.32,140.42,direct,,LTC
2021-07-29,142.96,136.86,140.42,312645.02,43617143.76,141.47,direct,,LTC
2021-07-30,145.87,135.99,141.47,346570.77,48723350.46,145.63,direct,,LTC
2021-07-31,146.61,141.99,145.63,243988.45,35223856.93,144.44,direct,,LTC
2021-08-01,149.76,138.25,144.44,397472.93,57900372.04,140.42,direct,,LTC
2021-08-02,145.8,138.97,140.42,345307.67,49184141.54,141.37,direct,,LTC
2021-08-03,143.18,135.77,141.37,247186.53,34324893.5,138.4,direct,,LTC
2021-08-04,144.45,135.63,138.4,240132.45,33786508.3,142.56,direct,,LTC
2021-08-05,145.15,136.29,142.56,352253.28,49785467.28,143.57,direct,,LTC
2021-08-06,150.9,142.0,143.57,418405.22,61478796.45,147.88,direct,,LTC
2021-08-07,156.45,147.28,147.88,457470.85,69859892.18,156.08,direct,,LTC
2021-08-08,157.64,147.27,156.08,279535.75,42600243.25,149.83,direct,,LTC
2021-08-09,170.52,145.47,149.83,662716.48,107003937.19,166.51,direct,,LTC
2021-08-10,168.32,158.96,166.51,534422.0,87649250.26,165.46,direct,,LTC
2021-08-11,176.06,164.36,165.46,602538.85,103040653.88,170.92,direct,,LTC
2021-08-12,179.71,160.94,170.92,607736.97,102934584.99,165.31,direct,,LTC
2021-08-13,184.52,164.21,165.31,661336.83,117217383.73,183.49,direct,,LTC
2021-08-14,184.97,174.97,183.49,427536.12,77124373.06,182.91,direct,,LTC
2021-08-15,186.55,175.92,182.91,402913.58,73103268.32,184.83,direct,,LTC
2021-08-16,189.03,176.79,184.83,502425.31,92287834.5,178.08,direct,,LTC
2021-08-17,184.19,168.16,178.08,521169.44,92097362.82,168.61,direct,,LTC
2021-08-18,174.47,163.13,168.61,432231.17,72895034.23,166.68,direct,,LTC
2021-08-19,175.77,162.87,166.68,401785.9,67928564.38,175.57,direct,,LTC
2021-08-20,184.01,174.24,175.57,377775.78,67759187.95,183.66,direct,,LTC
2021-08-21,184.46,176.96,183.66,296009.77,53538424.53,179.84,direct,,LTC
2021-08-22,189.65,178.8,179.84,451744.25,83355634.12,186.02,direct,,LTC
2021-08-23,191.51,183.63,186.02,422883.04,79509668.69,187.14,direct,,LTC
2021-08-24,188.54,172.64,187.14,453429.0,81760058.87,173.6,direct,,LTC
2021-08-25,178.9,169.38,173.6,341953.52,59922160.36,177.9,direct,,LTC
2021-08-26,180.19,165.28,177.9,377969.39,64579115.63,167.82,direct,,LTC
2021-08-27,176.31,165.25,167.82,367572.48,62911172.33,176.3,direct,,LTC
2021-08-28,177.08,171.5,176.3,300266.71,52273332.95,175.68,direct,,LTC
2021-08-29,182.68,173.24,175.68,439919.94,78125445.53,174.44,direct,,LTC
2021-08-30,176.54,166.59,174.44,535460.08,91997320.3,167.39,direct,,LTC
2021-08-31,175.36,165.75,167.39,545322.78,93154484.62,171.7,direct,,LTC
2021-09-01,182.69,168.74,171.7,618513.03,108979229.69,180.89,direct,,LTC
2021-09-02,187.92,179.47,180.89,615563.56,113299533.73,183.45,direct,,LTC
2021-09-03,217.74,179.95,183.45,1550296.79,313013024.71,213.18,direct,,LTC
2021-09-04,225.14,208.66,213.18,1059609.69,228542507.22,211.99,direct,,LTC
2021-09-05,232.47,210.71,211.99,1079124.64,239688302.06,232.34,direct,,LTC
2021-09-06,232.4,215.64,232.34,978815.18,218712077.77,219.42,direct,,LTC
2021-09-07,221.97,165.86,219.42,1815581.55,351793454.58,178.17,direct,,LTC
2021-09-08,188.61,169.51,178.17,1507915.68,271791108.91,179.62,direct,,LTC
2021-09-09,188.57,176.83,179.62,1020214.73,186638367.57,180.32,direct,,LTC
2021-09-10,187.25,170.99,180.32,705164.32,125833864.33,174.12,direct,,LTC
2021-09-11,185.96,173.43,174.12,496120.6,89549028.27,178.5,direct,,LTC
2021-09-12,185.98,175.29,178.5,443266.92,80425235.38,183.03,direct,,LTC
2021-09-13,233.83,170.88,183.03,2897745.18,560648613.99,179.32,direct,,LTC
2021-09-14,188.05,176.32,179.32,755882.52,136717194.1,182.98,direct,,LTC
2021-09-15,191.79,179.88,182.98,603080.35,111131926.7,189.21,direct,,LTC
2021-09-16,195.2,181.65,189.21,822000.39,155271763.17,185.37,direct,,LTC
2021-09-17,190.27,177.91,185.37,582488.06,106473630.01,179.86,direct,,LTC
2021-09-18,185.8,178.06,179.86,424355.76,77344234.15,181.4,direct,,LTC
2021-09-19,181.63,172.77,181.4,395929.6,70388156.32,175.68,direct,,LTC
2021-09-20,175.96,153.75,175.68,1121596.11,181334092.7,156.69,direct,,LTC
2021-09-21,162.21,144.89,156.69,828017.57,128919617.81,148.38,direct,,LTC
2021-09-22,161.82,145.5,148.38,689598.38,107161310.26,161.48,direct,,LTC
2021-09-23,164.92,157.36,161.48,541938.0,87500451.56,163.94,direct,,LTC
2021-09-24,166.21,142.03,163.94,1046443.6,158832505.78,152.28,direct,,LTC
2021-09-25,155.95,149.02,152.28,709459.69,108172237.64,151.06,direct,,LTC
2021-09-26,153.46,142.44,151.06,765977.29,114127430.67,150.76,direct,,LTC
2021-09-27,154.97,145.0,150.76,537196.38,81039863.09,145.17,direct,,LTC
2021-09-28,148.83,140.14,145.17,740506.0,107531598.42,140.57,direct,,LTC
2021-09-29,150.31,139.89,140.57,744698.74,108560052.19,144.79,direct,,LTC
2021-09-30,154.37,144.02,144.79,645521.86,97476558.53,153.27,direct,,LTC
2021-10-01,168.13,151.02,153.27,729960.72,117397587.24,166.23,direct,,LTC
2021-10-02,172.8,164.66,166.23,389151.62,65898520.05,169.1,direct,,LTC
2021-10-03,174.96,165.97,169.1,452544.51,76972668.0,170.64,direct,,LTC
2021-10-04,170.81,161.58,170.64,523609.35,87230528.11,167.73,direct,,LTC
2021-10-05,175.46,166.74,167.73,702503.84,120244001.68,173.82,direct,,LTC
2021-10-06,182.98,163.99,173.82,1061335.07,186685149.19,178.5,direct,,LTC
2021-10-07,187.05,173.46,178.49,868104.0,156084666.46,178.57,direct,,LTC
2021-10-08,183.32,174.57,178.56,833548.34,149555676.95,175.85,direct,,LTC
2021-10-09,182.83,174.58,175.85,446826.26,80200315.93,179.88,direct,,LTC
2021-10-10,183.96,174.27,179.88,476422.75,85485798.01,174.93,direct,,LTC
2021-10-11,185.29,172.67,174.93,545418.72,98115389.01,179.29,direct,,LTC
2021-10-12,179.29,166.69,179.29,658393.99,113250785.88,172.59,direct,,LTC
2021-10-13,179.61,167.72,172.59,587846.84,102196286.63,177.6,direct,,LTC
2021-10-14,186.36,177.03,177.6,751413.05,136167765.26,181.3,direct,,LTC
2021-10-15,192.81,176.77,181.3,983259.76,182005169.33,189.63,direct,,LTC
2021-10-16,192.49,185.12,189.63,513006.01,96834852.49,185.9,direct,,LTC
2021-10-17,187.93,176.83,185.9,402299.11,73980623.47,183.71,direct,,LTC
2021-10-18,187.41,178.64,183.71,515866.58,94848607.45,185.62,direct,,LTC
2021-10-19,191.58,183.33,185.62,467553.5,87757995.96,188.83,direct,,LTC
2021-10-20,209.31,185.81,188.83,834042.91,166129257.63,207.32,direct,,LTC
2021-10-21,214.54,195.41,207.32,930858.01,190546381.08,196.89,direct,,LTC
2021-10-22,201.4,187.91,196.89,667102.38,130632811.16,190.95,direct,,LTC
2021-10-23,197.82,189.05,190.95,386360.76,75009817.41,196.39,direct,,LTC
2021-10-24,199.76,185.42,196.39,460359.34,88422302.75,190.52,direct,,LTC
2021-10-25,197.35,189.7,190.52,396691.0,77186285.1,195.38,direct,,LTC
2021-10-26,199.28,190.47,195.38,449095.85,87322669.7,197.48,direct,,LTC
2021-10-27,204.92,172.62,197.48,1216719.85,229365687.51,179.22,direct,,LTC
2021-10-28,194.52,177.89,179.22,783773.15,145983450.52,189.9,direct,,LTC
2021-10-29,198.61,188.4,189.9,569399.75,110034176.59,196.47,direct,,LTC
2021-10-30,197.29,186.84,196.47,390411.84,74902726.13,190.33,direct,,LTC
2021-10-31,195.23,186.93,190.33,435091.39,83073003.65,191.97,direct,,LTC
2021-11-01,201.11,188.15,191.97,541481.09,105023698.25,197.72,direct,,LTC
2021-11-02,204.72,195.34,197.72,492514.86,98561822.26,200.87,direct,,LTC
2021-11-03,209.35,197.57,200.87,768725.2,156745613.7,207.22,direct,,LTC
2021-11-04,207.29,196.47,207.22,547181.55,110598045.42,202.91,direct,,LTC
2021-11-05,203.39,196.96,202.91,398841.9,79820322.74,199.21,direct,,LTC
2021-11-06,201.31,191.38,199.21,332911.37,65383266.43,197.79,direct,,LTC
2021-11-07,202.25,197.24,197.79,310627.16,61987563.68,202.13,direct,,LTC
2021-11-08,229.64,202.13,202.13,1267177.47,276756448.08,228.91,direct,,LTC
2021-11-09,274.51,226.81,228.91,2851418.07,730267834.22,262.1,direct,,LTC
2021-11-10,296.85,252.37,262.1,3267930.67,898480499.88,260.38,direct,,LTC
2021-11-11,274.08,250.9,260.38,1267734.02,333147371.74,262.5,direct,,LTC
2021-11-12,282.63,244.16,262.5,1769513.57,465544541.39,251.24,direct,,LTC
2021-11-13,264.0,245.49,251.24,870523.58,220779015.84,257.84,direct,,LTC
2021-11-14,279.5,248.61,257.84,979223.71,256958059.4,279.22,direct,,LTC
2021-11-15,281.36,259.34,279.22,810178.38,219506109.38,263.11,direct,,LTC
2021-11-16,263.17,224.26,263.11,1718194.29,411640213.3,230.42,direct,,LTC
2021-11-17,235.35,218.83,230.42,990671.52,225714418.23,229.7,direct,,LTC
2021-11-18,232.22,200.06,229.7,1369726.44,293662977.94,204.44,direct,,LTC
2021-11-19,221.46,199.82,204.44,924474.73,195768006.01,218.24,direct,,LTC
2021-11-20,227.95,213.06,218.24,631744.48,139934932.18,227.2,direct,,LTC
2021-11-21,230.87,220.03,227.2,476706.99,107218613.81,221.86,direct,,LTC
2021-11-22,222.02,205.56,221.86,722242.53,154394103.78,209.34,direct,,LTC
2021-11-23,218.71,205.49,209.34,501953.29,106176909.51,216.34,direct,,LTC
2021-11-24,217.52,206.15,216.34,506611.7,106697038.07,212.42,direct,,LTC
2021-11-25,229.74,210.84,212.42,705284.39,156352732.01,223.04,direct,,LTC
2021-11-26,224.93,190.29,223.04,1159955.27,232379118.09,195.52,direct,,LTC
2021-11-27,201.06,190.93,195.52,420296.61,82720814.87,195.45,direct,,LTC
2021-11-28,200.04,182.28,195.45,656272.37,125248842.25,199.64,direct,,LTC
2021-11-29,209.58,195.56,199.64,572472.66,115939725.34,205.8,direct,,LTC
2021-11-30,219.64,197.74,205.8,887201.99,185020919.96,207.82,direct,,LTC
2021-12-01,217.83,205.5,207.82,576814.87,122185220.47,208.96,direct,,LTC
2021-12-02,210.19,200.27,208.96,498578.78,102119620.66,203.62,direct,,LTC
2021-12-03,208.24,181.29,203.62,663212.52,129629835.73,187.98,direct,,LTC
2021-12-04,189.23,136.05,187.98,1763861.06,280242470.43,163.09,direct,,LTC
2021-12-05,165.14,148.91,163.09,1210563.14,189514172.1,156.58,direct,,LTC
2021-12-06,164.67,141.53,156.58,1117666.9,168370538.97,161.81,direct,,LTC
2021-12-07,165.95,158.45,161.81,725853.21,117232755.81,162.06,direct,,LTC
2021-12-08,170.32,156.34,162.06,948937.75,154986552.4,165.22,direct,,LTC
2021-12-09,167.15,151.49,165.22,745136.8,117994563.41,151.5,direct,,LTC
2021-12-10,159.86,147.79,151.5,699230.53,106943313.34,148.53,direct,,LTC
2021-12-11,159.56,145.85,148.53,591969.98,91469703.18,158.0,direct,,LTC
2021-12-12,162.91,153.39,158.0,352574.64,55606715.42,159.1,direct,,LTC
2021-12-13,159.94,142.82,159.1,735181.14,110568462.49,144.66,direct,,LTC
2021-12-14,151.95,143.05,144.66,480332.56,70934048.36,150.55,direct,,LTC
2021-12-15,155.05,141.77,150.55,583465.97,86830506.8,153.58,direct,,LTC
2021-12-16,156.64,148.61,153.58,398668.17,61101099.8,148.81,direct,,LTC
2021-12-17,150.31,141.35,148.81,443660.98,64913120.09,144.12,direct,,LTC
2021-12-18,150.28,142.95,144.12,266436.83,39307098.03,148.74,direct,,LTC
2021-12-19,160.91,147.64,148.74,709466.83,109792887.86,153.21,direct,,LTC
2021-12-20,157.43,145.41,153.21,541498.81,81730103.97,152.7,direct,,LTC
2021-12-21,156.38,149.19,152.7,420792.15,64472221.15,154.8,direct,,LTC
2021-12-22,160.18,153.05,154.8,398747.8,62478507.84,155.44,direct,,LTC
2021-12-23,165.16,153.1,155.44,505529.28,80230428.49,163.67,direct,,LTC
2021-12-24,166.75,160.35,163.67,358227.15,58607317.13,161.25,direct,,LTC
2021-12-25,163.68,157.7,161.25,295525.74,47651507.63,157.77,direct,,LTC
2021-12-26,158.45,153.25,157.77,403294.67,62891431.58,155.91,direct,,LTC
2021-12-27,161.27,154.75,155.91,354611.66,55959900.99,155.85,direct,,LTC
2021-12-28,155.93,144.69,155.85,609323.51,91388095.54,145.69,direct,,LTC
2021-12-29,150.93,144.28,145.69,420598.68,62243921.36,145.54,direct,,LTC
2021-12-30,149.95,142.94,145.54,307116.87,45170829.77,148.01,direct,,LTC
2021-12-31,152.66,143.75,148.01,363963.65,53913968.02,146.16,direct,,LTC
2022-01-01,150.98,146.15,146.16,244628.3,36357889.03,150.82,direct,,LTC
2022-01-02,153.29,147.92,150.82,190409.69,28653196.41,151.18,direct,,LTC
2022-01-03,151.18,146.07,151.18,265086.41,39504073.49,148.42,direct,,LTC
2022-01-04,151.56,145.33,148.42,298324.77,44331314.58,146.51,direct,,LTC
2022-01-05,149.89,129.98,146.51,602185.79,85308848.08,135.27,direct,,LTC
2022-01-06,137.93,132.51,135.27,584018.62,79109678.31,135.97,direct,,LTC
2022-01-07,136.45,126.18,135.97,692550.75,91210028.14,131.28,direct,,LTC
2022-01-08,134.7,125.0,131.28,432150.36,56443357.5,129.48,direct,,LTC
2022-01-09,132.54,127.87,129.48,294288.19,38375669.1,130.89,direct,,LTC
2022-01-10,131.53,120.84,130.89,538282.45,67985549.25,126.54,direct,,LTC
2022-01-11,133.51,125.82,126.54,378881.43,49134467.93,131.62,direct,,LTC
2022-01-12,142.16,130.97,131.62,374030.07,51106640.59,141.98,direct,,LTC
2022-01-13,142.34,134.66,141.98,365205.0,50400582.89,136.75,direct,,LTC
2022-01-14,146.47,136.02,136.75,525766.47,74494135.91,144.71,direct,,LTC
2022-01-15,150.6,144.12,144.71,375348.75,55500288.88,147.72,direct,,LTC
2022-01-16,149.01,143.37,147.72,242040.54,35378878.79,146.47,direct,,LTC
2022-01-17,153.87,144.24,146.47,686536.46,102602237.39,151.23,direct,,LTC
2022-01-18,153.43,138.71,151.23,606738.44,87435897.88,141.53,direct,,LTC
2022-01-19,143.01,133.23,141.53,438761.46,60046429.38,136.23,direct,,LTC
2022-01-20,142.86,128.93,136.23,393288.73,54050909.98,129.79,direct,,LTC
2022-01-21,131.04,110.29,129.79,1012463.33,122949998.87,114.72,direct,,LTC
2022-01-22,116.98,96.85,114.72,1521001.48,163564821.4,108.31,direct,,LTC
2022-01-23,112.72,105.7,108.31,750124.1,81533585.87,112.32,direct,,LTC
2022-01-24,112.33,97.6,112.32,1296302.8,135007090.43,109.64,direct,,LTC
2022-01-25,109.94,105.27,109.64,511766.86,55165680.88,107.85,direct,,LTC
2022-01-26,116.63,104.82,107.85,747870.31,82265347.81,106.99,direct,,LTC
2022-01-27,109.96,102.96,106.99,563379.66,59988247.68,106.95,direct,,LTC
2022-01-28,110.06,105.34,106.95,434885.08,46723866.56,109.49,direct,,LTC
2022-01-29,112.29,107.74,109.49,336985.2,37067316.24,110.83,direct,,LTC
2022-01-30,112.25,107.12,110.83,280806.85,30814894.53,108.64,direct,,LTC
2022-01-31,111.34,104.43,108.64,412308.5,44355108.05,109.57,direct,,LTC
2022-02-01,116.88,108.29,109.57,420563.19,47137745.63,115.11,direct,,LTC
2022-02-02,116.02,107.38,115.11,379602.67,42575570.33,108.36,direct,,LTC
2022-02-03,111.04,105.47,108.36,338547.18,36585572.74,111.01,direct,,LTC
2022-02-04,121.42,108.81,111.01,488803.09,56094548.73,121.36,direct,,LTC
2022-02-05,123.91,118.97,121.36,379753.72,46196760.3,121.84,direct,,LTC
2022-02-06,128.07,120.74,121.84,367258.4,45632856.59,127.7,direct,,LTC
2022-02-07,139.89,125.16,127.7,540006.24,71556381.95,137.33,direct,,LTC
2022-02-08,142.96,130.63,137.33,650831.52,88832852.19,133.64,direct,,LTC
2022-02-09,141.05,132.2,133.64,488382.68,67285701.79,140.14,direct,,LTC
2022-02-10,143.88,134.36,140.14,537708.04,74638137.0,134.64,direct,,LTC
2022-02-11,134.83,125.0,134.64,522641.46,68441027.88,125.74,direct,,LTC
2022-02-12,127.7,120.98,125.74,359276.66,44801403.65,126.78,direct,,LTC
2022-02-13,128.87,123.59,126.78,282532.32,35669717.05,125.7,direct,,LTC
2022-02-14,126.98,121.46,125.7,290227.63,36070055.52,124.62,direct,,LTC
2022-02-15,132.55,124.06,124.62,330389.78,42763675.49,131.73,direct,,LTC
2022-02-16,131.84,125.56,131.73,277200.63,35637208.91,127.8,direct,,LTC
2022-02-17,129.02,114.97,127.8,474193.91,57952281.21,116.41,direct,,LTC
2022-02-18,123.21,114.14,116.41,674634.71,79635826.99,114.9,direct,,LTC
2022-02-19,117.19,113.14,114.9,312675.56,36091452.43,115.64,direct,,LTC
2022-02-20,115.76,108.56,115.64,316690.79,35165189.04,110.68,direct,,LTC
2022-02-21,114.56,102.1,110.68,579280.3,63309051.59,102.78,direct,,LTC
2022-02-22,107.88,100.37,102.78,533414.81,55646371.93,107.52,direct,,LTC
2022-02-23,111.48,105.03,107.52,338664.84,36709756.26,105.44,direct,,LTC
2022-02-24,106.81,91.71,105.44,1048528.22,103257981.92,104.27,direct,,LTC
2022-02-25,110.7,101.66,104.27,440356.55,46442521.26,109.3,direct,,LTC
2022-02-26,114.89,106.61,109.3,342704.0,37758462.4,108.27,direct,,LTC
2022-02-27,110.13,101.31,108.27,334806.85,35441182.65,103.02,direct,,LTC
2022-02-28,113.93,101.3,103.02,453992.22,48655995.78,113.81,direct,,LTC
2022-03-01,115.9,110.09,113.81,511721.97,57721159.97,112.61,direct,,LTC
2022-03-02,114.68,109.23,112.61,324463.05,36217407.57,110.36,direct,,LTC
2022-03-03,112.98,108.06,110.36,381889.97,42292571.77,111.43,direct,,LTC
2022-03-04,112.65,99.03,111.43,595561.08,62367491.27,101.07,direct,,LTC
2022-03-05,105.33,99.51,101.07,227904.29,23359613.4,104.92,direct,,LTC
2022-03-06,105.8,100.75,104.92,212218.88,21927329.68,101.09,direct,,LTC
2022-03-07,103.89,96.34,101.09,468014.71,46737187.75,98.54,direct,,LTC
2022-03-08,102.46,97.84,98.54,341664.73,34279568.28,100.73,direct,,LTC
2022-03-09,109.27,100.5,100.73,372406.4,39598140.31,106.88,direct,,LTC
2022-03-10,107.04,99.74,106.88,347218.99,35592032.05,102.58,direct,,LTC
2022-03-11,106.97,99.77,102.58,358883.59,37091896.37,104.8,direct,,LTC
2022-03-12,107.94,104.55,104.8,214060.48,22725938.31,105.45,direct,,LTC
2022-03-13,107.31,101.12,105.45,233537.43,24460635.58,101.71,direct,,LTC
2022-03-14,106.29,100.89,101.71,339784.16,35208780.29,105.61,direct,,LTC
2022-03-15,108.6,102.57,105.61,294887.93,31151513.56,106.96,direct,,LTC
2022-03-16,111.73,105.74,106.96,452336.52,49170924.26,111.42,direct,,LTC
2022-03-17,111.63,108.66,111.42,240280.26,26499850.05,110.25,direct,,LTC
2022-03-18,113.0,107.88,110.25,247664.97,27367933.06,111.96,direct,,LTC
2022-03-19,117.07,111.51,111.96,302358.4,34298418.01,116.95,direct,,LTC
2022-03-20,118.38,111.45,116.95,360663.11,41361913.42,114.85,direct,,LTC
2022-03-21,116.79,113.21,114.85,295933.78,34077194.75,116.2,direct,,LTC
2022-03-22,123.56,115.62,116.2,495622.87,59749648.21,122.84,direct,,LTC
2022-03-23,124.44,118.67,122.84,302754.1,36659187.43,122.51,direct,,LTC
2022-03-24,127.74,120.22,122.51,399247.19,49381082.74,126.54,direct,,LTC
2022-03-25,127.33,121.84,126.54,334732.16,41895129.33,124.01,direct,,LTC
2022-03-26,125.57,122.0,124.01,177487.17,22005868.53,124.86,direct,,LTC
2022-03-27,129.77,123.35,124.86,254879.68,32187309.55,129.67,direct,,LTC
2022-03-28,132.64,126.77,129.67,368360.05,48183533.16,127.59,direct,,LTC
2022-03-29,132.0,127.2,127.59,284382.03,36867594.93,130.08,direct,,LTC
2022-03-30,134.07,126.12,130.08,358635.87,46869160.77,131.11,direct,,LTC
2022-03-31,132.89,121.53,131.11,567038.06,71693423.87,123.85,direct,,LTC
2022-04-01,126.4,119.19,123.85,312261.59,38544960.8,124.88,direct,,LTC
2022-04-02,128.34,123.76,124.88,231521.96,29222614.02,124.85,direct,,LTC
2022-04-03,129.53,123.76,124.85,232233.88,29458922.26,128.78,direct,,LTC
2022-04-04,128.89,121.32,128.78,303294.03,37779135.06,124.77,direct,,LTC
2022-04-05,127.35,122.63,124.77,189051.35,23598510.82,122.78,direct,,LTC
2022-04-06,123.12,111.46,122.78,448190.26,52457002.47,111.71,direct,,LTC
2022-04-07,116.15,110.22,111.71,260915.89,29544704.32,114.18,direct,,LTC
2022-04-08,115.25,109.68,114.18,292417.44,33062165.17,110.77,direct,,LTC
2022-04-09,112.91,110.07,110.77,167190.67,18630783.15,112.71,direct,,LTC
2022-04-10,114.49,110.15,112.71,188077.25,21182745.15,110.28,direct,,LTC
2022-04-11,110.58,101.93,110.28,375739.24,39728898.17,102.52,direct,,LTC
2022-04-12,105.76,101.77,102.52,255638.68,26568364.2,104.85,direct,,LTC
2022-04-13,110.81,104.02,104.85,307048.57,33125183.52,110.57,direct,,LTC
2022-04-14,112.3,106.02,110.57,245302.25,26755906.81,107.39,direct,,LTC
2022-04-15,112.83,107.11,107.39,294095.41,32536547.66,111.01,direct,,LTC
2022-04-16,114.79,110.19,111.01,219546.25,24637470.45,114.33,direct,,LTC
2022-04-17,115.13,108.33,114.33,200889.59,22640198.96,108.84,direct,,LTC
2022-04-18,111.46,105.37,108.84,362200.81,39087487.29,111.24,direct,,LTC
2022-04-19,114.15,110.64,111.24,213283.56,23963307.1,113.83,direct,,LTC
2022-04-20,114.15,110.82,113.83,203831.46,22927857.04,111.88,direct,,LTC
2022-04-21,114.51,105.49,111.88,293622.68,32549319.61,106.71,direct,,LTC
2022-04-22,108.65,104.92,106.71,242335.21,25893614.29,105.36,direct,,LTC
2022-04-23,107.22,104.43,105.36,199241.61,21132307.52,105.16,direct,,LTC
2022-04-24,105.9,103.64,105.16,137971.78,14471417.66,104.59,direct,,LTC
2022-04-25,104.86,98.51,104.59,359658.27,36619884.39,104.58,direct,,LTC
2022-04-26,105.35,96.41,104.58,345205.46,35006350.27,98.57,direct,,LTC
2022-04-27,101.93,97.76,98.57,228670.41,22860823.05,100.62,direct,,LTC
2022-04-28,104.38,99.75,100.62,357770.77,36548915.62,103.33,direct,,LTC
2022-04-29,104.43,98.37,103.33,277652.83,28090522.68,100.37,direct,,LTC
2022-04-30,101.55,94.18,100.37,291838.92,29000810.41,95.91,direct,,LTC
2022-05-01,100.01,94.47,95.91,232187.53,22620761.67,99.31,direct,,LTC
2022-05-02,101.86,98.34,99.31,260528.79,26046711.85,100.64,direct,,LTC
2022-05-03,101.37,97.44,100.64,229145.6,22908700.18,99.35,direct,,LTC
2022-05-04,107.05,99.04,99.35,364701.87,37539729.28,106.26,direct,,LTC
2022-05-05,106.83,94.88,106.26,407349.35,40788750.02,96.88,direct,,LTC
2022-05-06,98.39,92.89,96.88,372613.12,35754508.74,96.7,direct,,LTC
2022-05-07,97.3,92.6,96.7,222923.95,21331605.49,94.27,direct,,LTC
2022-05-08,95.69,91.53,94.27,279621.28,26159591.17,93.88,direct,,LTC
2022-05-09,94.92,75.41,93.88,829882.85,69991989.9,76.23,direct,,LTC
2022-05-10,84.99,73.46,76.23,904517.06,72657198.22,80.19,direct,,LTC
2022-05-11,82.71,64.11,80.19,1172766.86,85935446.85,66.31,direct,,LTC
2022-05-12,69.59,52.34,66.31,1338069.43,82248057.76,64.22,direct,,LTC
2022-05-13,73.04,63.1,64.22,926057.7,64104435.19,67.77,direct,,LTC
2022-05-14,70.14,64.11,67.77,530885.58,35668767.52,68.81,direct,,LTC
2022-05-15,71.66,65.96,68.81,571154.78,38999129.77,71.5,direct,,LTC
2022-05-16,71.53,64.91,71.5,509710.6,34301819.06,67.12,direct,,LTC
2022-05-17,73.75,66.95,67.12,586606.01,41549567.65,73.04,direct,,LTC
2022-05-18,74.27,65.72,73.04,545446.9,37964024.76,65.83,direct,,LTC
2022-05-19,72.59,64.65,65.83,522408.47,35927379.81,72.04,direct,,LTC
2022-05-20,73.25,66.72,72.04,521913.4,36254431.81,68.51,direct,,LTC
2022-05-21,70.55,67.81,68.51,253715.97,17597474.88,69.78,direct,,LTC
2022-05-22,72.41,69.32,69.78,243412.08,17290001.02,71.62,direct,,LTC
2022-05-23,73.89,68.3,71.62,458990.46,32644987.36,68.95,direct,,LTC
2022-05-24,70.7,66.95,68.95,472872.01,32733364.29,70.2,direct,,LTC
2022-05-25,71.59,67.82,70.2,380388.18,26300187.98,68.18,direct,,LTC
2022-05-26,68.76,60.36,68.18,548464.75,35368273.29,63.41,direct,,LTC
2022-05-27,64.03,60.87,63.41,365465.29,22790129.06,61.5,direct,,LTC
2022-05-28,63.95,61.27,61.5,249604.25,15657167.73,63.01,direct,,LTC
2022-05-29,64.35,61.82,63.01,271268.42,17149457.18,63.6,direct,,LTC
2022-05-30,69.67,63.22,63.6,418733.95,27879968.85,69.04,direct,,LTC
2022-05-31,69.68,66.72,69.04,282207.46,19321580.26,68.33,direct,,LTC
2022-06-01,70.51,61.7,68.33,524214.93,34729044.86,62.64,direct,,LTC
2022-06-02,64.72,62.04,62.64,299347.88,18959105.79,64.42,direct,,LTC
2022-06-03,64.83,61.36,64.42,240771.33,15113765.08,62.55,direct,,LTC
2022-06-04,64.28,61.31,62.55,206641.72,12967309.75,63.71,direct,,LTC
2022-06-05,63.81,61.66,63.71,194231.11,12220128.24,63.1,direct,,LTC
2022-06-06,66.45,62.89,63.1,297045.82,19305429.59,64.4,direct,,LTC
2022-06-07,65.44,60.16,64.4,446293.05,27886741.99,63.79,direct,,LTC
2022-06-08,64.39,61.12,63.79,347952.97,21732914.78,61.35,direct,,LTC
2022-06-09,62.33,59.2,61.35,275590.18,16798406.15,60.18,direct,,LTC
2022-06-10,58.34,56.1,60.17,1070623.9,60653331.66,56.65,multiply,BTC,LTC
2022-06-11,57.74,51.64,56.63,778855.42,42356981.43,52.11,direct,,LTC
2022-06-12,52.6,47.32,52.11,716805.71,35917662.31,47.91,direct,,LTC
2022-06-13,48.22,40.77,47.91,1267942.44,55382092.01,43.45,direct,,LTC
2022-06-14,46.43,40.34,43.45,1195300.55,53096475.62,46.14,direct,,LTC
2022-06-15,50.95,41.64,46.14,956757.68,43200596.74,50.61,direct,,LTC
2022-06-16,51.15,44.01,50.61,711806.76,33538616.83,44.74,direct,,LTC
2022-06-17,48.37,44.41,44.74,669044.95,31146806.26,47.54,direct,,LTC
2022-06-18,48.28,41.44,47.54,1009164.07,45524834.42,47.17,direct,,LTC
2022-06-19,56.21,44.88,47.17,1684708.36,84703441.66,54.23,direct,,LTC
2022-06-20,54.67,51.29,54.23,734891.52,38665759.95,52.71,direct,,LTC
2022-06-21,55.67,51.86,52.71,578027.71,30893803.45,53.48,direct,,LTC
2022-06-22,53.52,50.4,53.48,494323.66,25633344.0,52.07,direct,,LTC
2022-06-23,56.68,51.88,52.07,647550.0,35433915.25,55.7,direct,,LTC
2022-06-24,57.28,54.37,55.7,431014.17,24080334.36,55.79,direct,,LTC
2022-06-25,59.68,54.61,55.79,422490.16,24136641.74,58.83,direct,,LTC
2022-06-26,60.4,56.59,58.83,337185.31,19814783.0,56.63,direct,,LTC
2022-06-27,58.59,54.88,56.63,339562.3,19261962.54,55.84,direct,,LTC
2022-06-28,56.93,52.53,55.84,447873.29,24504552.54,52.65,direct,,LTC
2022-06-29,54.37,51.37,52.65,378851.21,19973983.66,53.57,direct,,LTC
2022-06-30,53.93,50.11,53.57,490241.62,25333090.27,53.81,direct,,LTC
2022-07-01,56.2,50.02,53.81,543590.04,28288743.85,51.12,direct,,LTC
2022-07-02,51.6,49.71,51.12,275704.02,13957094.9,50.48,direct,,LTC
2022-07-03,52.06,49.08,50.48,284900.06,14356836.08,50.86,direct,,LTC
2022-07-04,52.35,49.67,50.86,293952.18,14964391.62,52.19,direct,,LTC
2022-07-05,52.4,47.92,52.19,472992.86,23587500.65,49.66,direct,,LTC
2022-07-06,51.11,48.91,49.66,368902.14,18423391.01,50.29,direct,,LTC
2022-07-07,52.58,49.73,50.29,319177.52,16242459.98,52.11,direct,,LTC
2022-07-08,53.96,50.75,52.11,369946.42,19360801.36,51.3,direct,,LTC
2022-07-09,54.77,51.29,51.3,272137.04,14342732.41,54.06,direct,,LTC
2022-07-10,55.01,50.68,54.06,402149.18,21442810.15,52.1,direct,,LTC
2022-07-11,52.19,48.26,52.1,319307.61,16145179.23,48.68,direct,,LTC
2022-07-12,49.31,47.27,48.68,326647.22,15794694.12,47.32,direct,,LTC
2022-07-13,49.65,46.44,47.32,411714.71,19755043.65,49.53,direct,,LTC
2022-07-14,51.69,47.93,49.53,331481.9,16506108.43,51.3,direct,,LTC
2022-07-15,52.72,50.64,51.3,389150.38,20056702.54,51.76,direct,,LTC
2022-07-16,55.49,51.08,51.76,323339.62,17235875.22,55.1,direct,,LTC
2022-07-17,57.0,54.45,55.1,337993.08,18773548.1,55.71,direct,,LTC
2022-07-18,59.26,55.24,55.71,496729.33,28600768.96,58.62,direct,,LTC
2022-07-19,59.59,55.83,58.62,489254.12,28201202.86,57.92,direct,,LTC
2022-07-20,61.77,56.42,57.92,582859.39,34307585.47,57.22,direct,,LTC
2022-07-21,58.66,55.18,57.22,325842.07,18520461.25,58.05,direct,,LTC
2022-07-22,59.21,55.54,58.05,288416.97,16620608.66,56.08,direct,,LTC
2022-07-23,57.25,54.51,56.08,288811.55,16150655.41,56.34,direct,,LTC
2022-07-24,59.78,56.33,56.34,256573.51,14917080.84,58.4,direct,,LTC
2022-07-25,58.95,53.95,58.4,310329.31,17441929.09,53.95,direct,,LTC
2022-07-26,54.14,51.99,53.95,293957.06,15576016.31,53.87,direct,,LTC
2022-07-27,59.07,53.02,53.87,382774.89,21316359.11,59.03,direct,,LTC
2022-07-28,64.25,58.03,59.03,568690.12,34822500.06,63.45,direct,,LTC
2022-07-29,64.56,59.79,63.45,420439.53,26069929.72,60.71,direct,,LTC
2022-07-30,64.18,59.98,60.71,492913.44,30598546.44,60.47,direct,,LTC
2022-07-31,62.97,59.67,60.47,309492.82,18961212.29,59.77,direct,,LTC
2022-08-01,60.73,58.29,59.77,404003.08,24021537.25,59.47,direct,,LTC
2022-08-02,59.85,56.65,59.47,376345.29,21874960.08,58.1,direct,,LTC
2022-08-03,60.12,56.72,58.1,289918.65,16953753.13,57.77,direct,,LTC
2022-08-04,60.74,57.66,57.77,280177.28,16561589.96,59.7,direct,,LTC
2022-08-05,62.56,59.64,59.7,281615.06,17270507.92,62.48,direct,,LTC
2022-08-06,62.55,60.55,62.48,149993.48,9219945.4,60.87,direct,,LTC
2022-08-07,62.01,59.96,60.87,184721.49,11289568.86,61.12,direct,,LTC
2022-08-08,64.08,60.82,61.12,315511.43,19803708.55,62.63,direct,,LTC
2022-08-09,62.85,58.3,62.63,335479.63,20251072.14,59.21,direct,,LTC
2022-08-10,62.33,57.6,59.21,414524.13,24964972.77,61.61,direct,,LTC
2022-08-11,63.51,61.48,61.61,318579.8,19883586.64,61.89,direct,,LTC
2022-08-12,63.08,60.7,61.89,245078.22,15155347.15,62.96,direct,,LTC
2022-08-13,65.67,62.69,62.96,270284.2,17313325.76,63.84,direct,,LTC
2022-08-14,65.81,62.47,63.84,276360.91,17776024.28,63.16,direct,,LTC
2022-08-15,65.32,59.7,63.16,386671.49,23948511.21,60.71,direct,,LTC
2022-08-16,61.75,60.04,60.71,295344.61,17996008.01,61.33,direct,,LTC
2022-08-17,64.68,59.72,61.33,431983.03,26690224.23,60.47,direct,,LTC
2022-08-18,61.67,59.37,60.47,283347.98,17214118.94,60.02,direct,,LTC
2022-08-19,60.14,53.28,60.02,520336.83,29136553.0,54.02,direct,,LTC
2022-08-20,55.61,52.65,54.02,380595.11,20764769.39,54.11,direct,,LTC
2022-08-21,56.0,53.84,54.11,212988.9,11680357.77,55.62,direct,,LTC
2022-08-22,57.43,52.33,55.62,455233.21,25095183.09,57.27,direct,,LTC
2022-08-23,57.71,53.94,57.27,291786.76,16461413.25,57.08,direct,,LTC
2022-08-24,57.65,55.59,57.08,361934.37,20496911.84,56.44,direct,,LTC
2022-08-25,57.5,55.86,56.44,263219.51,14922370.44,56.67,direct,,LTC
2022-08-26,58.27,52.13,56.67,379907.53,20983966.63,52.7,direct,,LTC
2022-08-27,53.44,51.71,52.7,378196.07,19873399.44,53.03,direct,,LTC
2022-08-28,55.96,52.47,53.03,398665.65,21649318.61,53.37,direct,,LTC
2022-08-29,56.7,52.57,53.37,365818.1,20134879.91,55.79,direct,,LTC
2022-08-30,56.21,51.89,55.79,328366.45,17706483.66,53.0,direct,,LTC
2022-08-31,55.25,53.0,53.0,311804.04,16940300.94,53.84,direct,,LTC
2022-09-01,57.78,53.22,53.84,519409.93,28927125.99,57.57,direct,,LTC
2022-09-02,62.39,56.5,57.57,593575.21,35501402.43,61.02,direct,,LTC
2022-09-03,62.2,59.55,61.02,376409.21,22880621.39,60.18,direct,,LTC
2022-09-04,61.0,58.62,60.18,267650.74,15973801.12,60.92,direct,,LTC
2022-09-05,61.61,59.27,60.92,331340.76,19937846.47,60.36,direct,,LTC
2022-09-06,62.73,54.03,60.36,687823.9,39987157.29,54.11,direct,,LTC
2022-09-07,58.27,52.95,54.11,481316.77,26505329.89,57.31,direct,,LTC
2022-09-08,58.59,56.09,57.31,396700.61,22686058.35,57.99,direct,,LTC
2022-09-09,61.92,57.72,57.99,391558.81,23646853.05,61.19,direct,,LTC
2022-09-10,64.7,60.61,61.19,395321.69,24816301.9,63.33,direct,,LTC
2022-09-11,64.44,61.4,63.33,265006.45,16660378.38,62.22,direct,,LTC
2022-09-12,63.22,60.13,62.22,334478.79,20565268.05,61.4,direct,,LTC
2022-09-13,67.45,58.36,61.4,704721.59,44178197.33,59.09,direct,,LTC
2022-09-14,61.19,58.24,59.09,377266.36,22529015.96,60.19,direct,,LTC
2022-09-15,60.82,55.88,60.19,514988.55,30074020.18,56.33,direct,,LTC
2022-09-16,56.91,54.65,56.33,387112.8,21560992.48,55.95,direct,,LTC
2022-09-17,58.41,55.81,55.95,203680.14,11650211.39,57.83,direct,,LTC
2022-09-18,57.85,52.45,57.83,315532.69,17490565.99,52.66,direct,,LTC
2022-09-19,53.71,50.11,52.66,512629.81,26494055.82,52.91,direct,,LTC
2022-09-20,53.82,50.88,52.91,507362.24,26481027.61,52.34,direct,,LTC
2022-09-21,55.5,50.28,52.34,667361.83,35299830.76,51.11,direct,,LTC
2022-09-22,54.08,50.64,51.11,288283.94,15195965.64,53.56,direct,,LTC
2022-09-23,55.33,51.42,53.56,411756.45,21974184.38,55.23,direct,,LTC
2022-09-24,55.92,53.18,55.23,295713.13,16236842.87,53.44,direct,,LTC
2022-09-25,54.4,52.31,53.44,250194.88,13433551.77,52.56,direct,,LTC
2022-09-26,53.7,51.9,52.56,283581.85,15004396.81,53.44,direct,,LTC
2022-09-27,55.51,51.84,53.44,333979.58,18013982.17,52.68,direct,,LTC
2022-09-28,53.8,51.04,52.68,292485.56,15425408.55,53.28,direct,,LTC
2022-09-29,54.11,52.27,53.28,265123.59,14164861.49,53.96,direct,,LTC
2022-09-30,55.1,52.87,53.96,307996.98,16566066.86,53.47,direct,,LTC
2022-10-01,53.82,52.47,53.47,182838.05,9734536.3,52.92,direct,,LTC
2022-10-02,53.46,51.68,52.92,205910.11,10847358.08,51.81,direct,,LTC
2022-10-03,54.34,51.51,51.81,262763.6,13977402.28,54.19,direct,,LTC
2022-10-04,55.73,53.91,54.19,239718.22,13137098.7,55.32,direct,,LTC
2022-10-05,55.32,53.32,55.32,247740.73,13467557.82,54.64,direct,,LTC
2022-10-06,55.06,53.37,54.64,271727.86,14770425.53,53.54,direct,,LTC
2022-10-07,53.86,52.3,53.54,237487.13,12595463.92,52.86,direct,,LTC
2022-10-08,53.53,52.45,52.86,177195.09,9414674.43,52.81,direct,,LTC
2022-10-09,54.0,52.71,52.81,152191.65,8132192.49,53.95,direct,,LTC
2022-10-10,54.47,52.51,53.95,270076.06,14416761.77,52.63,direct,,LTC
2022-10-11,52.65,51.2,52.63,219459.71,11393516.57,52.02,direct,,LTC
2022-10-12,54.11,51.64,52.02,258696.54,13594821.29,52.23,direct,,LTC
2022-10-13,52.51,48.37,52.23,378918.28,19101776.15,51.14,direct,,LTC
2022-10-14,52.58,50.93,51.14,215890.33,11172330.19,51.31,direct,,LTC
2022-10-15,51.66,50.29,51.31,133013.58,6810358.16,50.4,direct,,LTC
2022-10-16,51.81,50.31,50.4,130422.19,6654417.27,51.44,direct,,LTC
2022-10-17,52.16,51.06,51.44,149221.49,7702672.96,51.84,direct,,LTC
2022-10-18,52.22,50.78,51.84,340397.48,17565202.82,51.87,direct,,LTC
2022-10-19,52.01,50.79,51.87,400460.6,20588606.51,50.94,direct,,LTC
2022-10-20,52.1,50.58,50.94,402107.36,20644050.29,51.23,direct,,LTC
2022-10-21,51.81,49.58,51.23,434967.17,22171070.01,51.63,direct,,LTC
2022-10-22,52.48,51.39,51.63,238024.57,12380985.36,52.19,direct,,LTC
2022-10-23,54.05,51.84,52.19,285849.02,15048284.87,54.03,direct,,LTC
2022-10-24,54.21,52.12,54.03,451696.51,23937965.53,52.55,direct,,LTC
2022-10-25,56.84,52.29,52.55,665620.76,36211167.89,55.95,direct,,LTC
2022-10-26,57.6,55.7,55.95,556950.65,31480413.44,56.41,direct,,LTC
2022-10-27,56.79,54.53,56.41,526123.83,29358706.42,54.76,direct,,LTC
2022-10-28,55.57,53.51,54.76,435464.41,23779690.99,54.94,direct,,LTC
2022-10-29,57.59,54.7,54.94,455239.82,25491402.74,56.64,direct,,LTC
2022-10-30,57.51,54.77,56.64,393181.7,22025135.77,55.38,direct,,LTC
2022-10-31,56.41,54.01,55.38,636515.58,35054765.09,55.02,direct,,LTC
2022-11-01,55.88,54.5,55.02,438740.23,24197029.51,55.11,direct,,LTC
2022-11-02,62.6,54.68,55.11,1310600.91,78194351.76,60.95,direct,,LTC
2022-11-03,64.73,60.13,60.95,1104078.99,68931032.0,61.88,direct,,LTC
2022-11-04,70.34,61.68,61.88,1090008.13,72060018.58,67.61,direct,,LTC
2022-11-05,71.84,67.12,67.61,761032.94,52901785.61,69.3,direct,,LTC
2022-11-06,70.79,67.56,69.3,577156.2,39967242.83,68.28,direct,,LTC
2022-11-07,73.22,66.29,68.28,1044532.51,73188729.31,67.47,direct,,LTC
2022-11-08,68.83,54.11,67.47,1376503.34,86414979.07,57.79,direct,,LTC
2022-11-09,59.78,47.57,57.79,1164438.73,63997011.63,50.52,direct,,LTC
2022-11-10,61.11,49.65,50.52,944804.87,52374745.22,60.35,direct,,LTC
2022-11-11,64.05,58.5,60.35,598929.08,36638692.49,61.32,direct,,LTC
2022-11-12,61.56,58.14,61.32,432505.15,25930534.44,59.86,direct,,LTC
2022-11-13,60.2,56.22,59.86,260238.13,15111798.5,57.32,direct,,LTC
2022-11-14,59.12,53.44,57.32,452922.89,25542577.88,56.6,direct,,LTC
2022-11-15,59.47,56.47,56.6,298989.95,17378543.99,57.96,direct,,LTC
2022-11-16,60.08,56.69,57.96,322625.37,18672466.24,57.47,direct,,LTC
2022-11-17,63.2,56.99,57.47,570565.63,34157033.21,62.54,direct,,LTC
2022-11-18,63.79,61.49,62.54,357266.71,22345936.52,62.54,direct,,LTC
2022-11-19,64.46,61.31,62.54,218464.12,13773115.91,63.86,direct,,LTC
2022-11-20,64.75,60.4,63.86,280916.18,17530571.9,62.01,direct,,LTC
2022-11-21,63.4,59.3,62.01,558503.43,34113874.74,61.25,direct,,LTC
2022-11-22,71.16,61.02,61.25,801342.84,53578412.12,70.54,direct,,LTC
2022-11-23,82.63,69.54,70.54,1255928.97,98033984.28,78.89,direct,,LTC
2022-11-24,79.36,75.15,78.89,680937.94,52816784.06,78.61,direct,,LTC
2022-11-25,79.53,73.19,78.61,611560.19,46322437.14,74.01,direct,,LTC
2022-11-26,79.56,73.87,74.01,493841.13,37922138.94,76.43,direct,,LTC
2022-11-27,79.16,74.25,76.43,388849.93,29816043.53,74.89,direct,,LTC
2022-11-28,75.28,70.54,74.89,643292.17,46725049.12,73.88,direct,,LTC
2022-11-29,77.83,73.44,73.88,481667.75,36642133.59,75.76,direct,,LTC
2022-11-30,80.56,75.46,75.76,512618.83,40148454.53,79.22,direct,,LTC
2022-12-01,80.55,76.32,79.22,456062.48,35337399.7,77.56,direct,,LTC
2022-12-02,78.09,75.44,77.56,313593.11,24010626.61,77.95,direct,,LTC
2022-12-03,78.08,75.47,77.95,193823.13,14855015.83,76.46,direct,,LTC
2022-12-04,77.45,75.8,76.46,201308.71,15429129.78,77.15,direct,,LTC
2022-12-05,84.73,76.84,77.15,686685.81,56074235.83,80.21,direct,,LTC
2022-12-06,81.76,77.71,80.21,405087.25,32225056.92,79.88,direct,,LTC
2022-12-07,80.36,75.65,79.88,451264.91,34965631.25,76.87,direct,,LTC
2022-12-08,78.72,74.51,76.87,487627.84,37162682.94,78.31,direct,,LTC
2022-12-09,78.78,75.87,78.31,288810.47,22340335.63,76.31,direct,,LTC
2022-12-10,77.4,75.68,76.31,200159.66,15300800.47,76.36,direct,,LTC
2022-12-11,78.39,76.33,76.36,199988.35,15475026.87,76.55,direct,,LTC
2022-12-12,76.69,73.56,76.55,337432.29,25327486.1,76.23,direct,,LTC
2022-12-13,79.79,74.4,76.23,516793.44,39928843.82,77.38,direct,,LTC
2022-12-14,79.07,74.29,77.38,418626.74,32315646.19,75.37,direct,,LTC
2022-12-15,75.49,71.79,75.37,353641.1,26106851.19,72.42,direct,,LTC
2022-12-16,73.55,65.04,72.42,642265.77,44175877.19,66.12,direct,,LTC
2022-12-17,67.7,62.76,66.12,489056.27,31665634.42,64.92,direct,,LTC
2022-12-18,65.9,63.1,64.92,285613.03,18383357.3,64.42,direct,,LTC
2022-12-19,65.03,61.04,64.42,459641.99,28911061.28,63.39,direct,,LTC
2022-12-20,66.6,63.12,63.39,442465.51,28753105.21,65.59,direct,,LTC
2022-12-21,66.8,64.63,65.59,284990.37,18689932.28,65.43,direct,,LTC
2022-12-22,66.66,64.28,65.43,266165.68,17431606.74,66.19,direct,,LTC
2022-12-23,66.68,65.05,66.19,209187.89,13772030.35,65.76,direct,,LTC
2022-12-24,66.03,65.05,65.76,108139.18,7097999.24,65.76,direct,,LTC
2022-12-25,69.64,65.34,65.76,239368.71,16074394.08,69.14,direct,,LTC
2022-12-26,71.4,68.62,69.14,311145.34,21782278.48,70.75,direct,,LTC
2022-12-27,71.11,67.77,70.75,273104.39,18979627.76,68.67,direct,,LTC
2022-12-28,69.43,65.68,68.67,413759.58,27902756.54,66.29,direct,,LTC
2022-12-29,67.24,65.56,66.29,258947.52,17217556.89,66.66,direct,,LTC
2022-12-30,68.6,66.06,66.66,282956.25,19024837.84,67.93,direct,,LTC
2022-12-31,70.99,67.58,67.93,274379.27,19042490.44,70.02,direct,,LTC
2023-01-01,71.46,68.93,70.02,281180.11,19728044.22,70.89,direct,,LTC
2023-01-02,77.75,70.04,70.89,473497.34,35131870.52,74.73,direct,,LTC
2023-01-03,76.31,73.68,74.73,353388.58,26551610.56,75.54,direct,,LTC
2023-01-04,77.9,74.34,75.54,513397.78,39062430.5,75.43,direct,,LTC
2023-01-05,76.24,73.65,75.43,360349.24,26964371.29,74.2,direct,,LTC
2023-01-06,76.49,72.59,74.2,550865.82,40990868.58,75.93,direct,,LTC
2023-01-07,76.76,75.48,75.93,214680.47,16330431.47,76.36,direct,,LTC
2023-01-08,78.7,75.14,76.36,311650.5,23792690.55,78.56,direct,,LTC
2023-01-09,83.53,78.12,78.56,713806.36,58341538.93,81.63,direct,,LTC
2023-01-10,82.81,79.48,81.63,477946.31,38757400.53,80.88,direct,,LTC
2023-01-11,84.87,79.93,80.88,499868.88,41066008.63,84.08,direct,,LTC
2023-01-12,87.2,81.4,84.08,675437.9,57050016.98,86.1,direct,,LTC
2023-01-13,87.86,83.63,86.1,453728.83,38580851.0,86.27,direct,,LTC
2023-01-14,91.08,86.02,86.27,844535.66,74678776.66,87.85,direct,,LTC
2023-01-15,88.7,85.53,87.85,403614.77,35244739.35,87.37,direct,,LTC
2023-01-16,89.14,84.18,87.37,527348.68,45660727.47,85.9,direct,,LTC
2023-01-17,89.3,84.63,85.9,451912.37,39217951.73,87.05,direct,,LTC
2023-01-18,88.38,82.19,87.05,558143.55,47511855.6,82.68,direct,,LTC
2023-01-19,84.55,81.75,82.68,304552.26,25325649.48,84.23,direct,,LTC
2023-01-20,91.13,83.01,84.23,377546.08,32773055.21,90.35,direct,,LTC
2023-01-21,91.92,87.72,90.35,492600.87,44183937.55,87.93,direct,,LTC
2023-01-22,90.02,86.66,87.93,355683.81,31475129.35,87.6,direct,,LTC
2023-01-23,93.02,87.54,87.6,447771.9,40299691.97,89.91,direct,,LTC
2023-01-24,91.44,86.21,89.91,341942.04,30625863.94,87.25,direct,,LTC
2023-01-25,91.95,85.6,87.25,381497.51,33606258.39,89.35,direct,,LTC
2023-01-26,89.95,86.9,89.35,245289.99,21701009.16,87.58,direct,,LTC
2023-01-27,89.22,85.94,87.58,300713.64,26376376.54,88.92,direct,,LTC
2023-01-28,89.93,87.04,88.92,217624.39,19257586.49,89.75,direct,,LTC
2023-01-29,97.71,89.73,89.75,822182.38,78273018.52,94.87,direct,,LTC
2023-01-30,96.01,88.71,94.87,582473.38,53896328.19,91.35,direct,,LTC
2023-01-31,96.21,91.35,91.35,634863.56,59848710.63,94.15,direct,,LTC
2023-02-01,102.32,93.75,94.15,776713.44,75106493.35,100.32,direct,,LTC
2023-02-02,102.24,98.09,100.32,378594.2,37922968.93,98.66,direct,,LTC
2023-02-03,100.73,97.53,98.66,392253.84,38877567.19,99.91,direct,,LTC
2023-02-04,101.31,98.29,99.91,210774.1,20961945.59,98.51,direct,,LTC
2023-02-05,98.86,94.89,98.51,233267.73,22618856.46,96.68,direct,,LTC
2023-02-06,97.93,94.86,96.68,254283.92,24544289.13,95.94,direct,,LTC
2023-02-07,101.43,95.91,95.94,415173.91,41206877.15,100.88,direct,,LTC
2023-02-08,102.33,96.89,100.88,414437.85,41427667.78,99.21,direct,,LTC
2023-02-09,99.47,90.13,99.21,634607.04,60090759.35,92.09,direct,,LTC
2023-02-10,94.15,91.12,92.09,445679.86,41208485.25,93.39,direct,,LTC
2023-02-11,94.8,92.69,93.39,176264.9,16532053.66,94.35,direct,,LTC
2023-02-12,94.57,91.03,94.35,174367.42,16274403.82,92.49,direct,,LTC
2023-02-13,94.96,88.29,92.49,455337.34,41448962.2,91.08,direct,,LTC
2023-02-14,95.95,90.4,91.08,339569.39,31642236.5,95.81,direct,,LTC
2023-02-15,103.02,95.08,95.81,413632.29,40800542.42,102.86,direct,,LTC
2023-02-16,105.56,98.5,102.86,415639.45,42406536.11,98.56,direct,,LTC
2023-02-17,101.69,98.24,98.56,272378.18,27209268.13,100.18,direct,,LTC
2023-02-18,101.9,98.99,100.18,241874.49,24278573.29,99.75,direct,,LTC
2023-02-19,101.48,96.9,99.75,299399.22,29674928.72,97.47,direct,,LTC
2023-02-20,98.65,94.5,97.47,356413.56,34432071.62,95.92,direct,,LTC
2023-02-21,96.8,91.77,95.92,555234.82,52176933.7,93.8,direct,,LTC
2023-02-22,95.52,91.66,93.8,610549.73,57397846.29,95.21,direct,,LTC
2023-02-23,96.19,93.42,95.21,271256.93,25749175.43,94.64,direct,,LTC
2023-02-24,95.24,90.01,94.64,312206.91,28890259.06,91.58,direct,,LTC
2023-02-25,93.48,90.46,91.58,218126.72,20026153.69,93.15,direct,,LTC
2023-02-26,95.5,92.8,93.15,205778.84,19388439.42,95.26,direct,,LTC
2023-02-27,96.04,92.55,95.26,270485.46,25533300.59,94.08,direct,,LTC
2023-02-28,96.0,93.1,94.08,249055.85,23514220.88,93.78,direct,,LTC
2023-03-01,98.31,93.63,93.78,313081.81,30260464.65,97.78,direct,,LTC
2023-03-02,98.33,93.96,97.78,272042.24,26123519.44,95.37,direct,,LTC
2023-03-03,95.45,86.09,95.37,614350.51,55016326.3,90.58,direct,,LTC
2023-03-04,90.82,87.64,90.58,181051.52,16238964.54,89.36,direct,,LTC
2023-03-05,91.76,89.22,89.36,348667.42,31594665.6,89.93,direct,,LTC
2023-03-06,90.6,86.56,89.93,498890.13,44050701.7,87.36,direct,,LTC
2023-03-07,88.93,84.13,87.36,487690.84,42038527.52,86.28,direct,,LTC
2023-03-08,86.58,81.42,86.28,465445.01,39088325.98,82.72,direct,,LTC
2023-03-09,84.91,75.1,82.72,800372.81,64302221.99,76.71,direct,,LTC
2023-03-10,76.8,68.15,76.71,1086464.44,77957798.02,71.71,direct,,LTC
2023-03-11,74.7,65.6,71.71,956153.65,66658232.85,69.76,direct,,LTC
2023-03-12,76.78,67.97,69.76,615971.94,43903972.06,76.77,direct,,LTC
2023-03-13,83.47,74.46,76.77,819117.9,64895573.03,81.84,direct,,LTC
2023-03-14,88.52,79.61,81.84,932018.92,78887003.98,84.3,direct,,LTC
2023-03-15,85.82,75.38,84.3,692077.45,55301652.6,76.69,direct,,LTC
2023-03-16,80.08,76.1,76.69,981844.78,77148153.84,79.12,direct,,LTC
2023-03-17,85.73,78.45,79.12,498802.74,41212599.13,85.7,direct,,LTC
2023-03-18,88.03,82.23,85.7,761865.38,65343379.18,83.16,direct,,LTC
2023-03-19,86.47,82.33,83.16,362435.15,30642816.1,84.17,direct,,LTC
2023-03-20,84.38,78.06,84.17,536171.74,43946621.21,78.23,direct,,LTC
2023-03-21,83.63,77.04,78.23,672460.19,54468142.77,82.75,direct,,LTC
2023-03-22,88.43,79.48,82.75,925872.46,76377934.09,87.43,direct,,LTC
2023-03-23,94.7,85.8,87.43,895808.16,81744449.68,93.85,direct,,LTC
2023-03-24,96.02,89.25,93.85,1124193.0,103250796.5,93.78,direct,,LTC
2023-03-25,94.14,90.14,93.78,645319.83,59617270.21,91.55,direct,,LTC
2023-03-26,94.88,90.73,91.55,581990.43,54351787.02,93.43,direct,,LTC
2023-03-27,94.09,87.9,93.43,740152.15,67032764.05,89.26,direct,,LTC
2023-03-28,89.59,85.69,89.26,850506.92,74231555.02,89.11,direct,,LTC
2023-03-29,92.99,89.02,89.11,700309.04,63946076.21,91.29,direct,,LTC
2023-03-30,93.29,86.73,91.29,1012170.96,90755204.6,89.07,direct,,LTC
2023-03-31,90.28,87.33,89.07,367234.05,32753484.55,89.6,direct,,LTC
2023-04-01,94.2,89.4,89.6,324776.45,30132668.11,92.56,direct,,LTC
2023-04-02,94.45,90.44,92.56,214831.55,19935873.81,92.83,direct,,LTC
2023-04-03,95.83,90.53,92.83,527944.27,48771335.04,92.99,direct,,LTC
2023-04-04,94.04,91.64,92.99,354122.71,32884634.79,92.6,direct,,LTC
2023-04-05,95.05,91.19,92.6,344143.06,32132168.76,92.66,direct,,LTC
2023-04-06,92.66,89.88,92.66,245063.39,22369932.95,91.0,direct,,LTC
2023-04-07,91.51,89.15,91.0,162487.95,14667719.65,90.63,direct,,LTC
2023-04-08,91.46,89.36,90.63,124799.21,11280174.91,89.96,direct,,LTC
2023-04-09,91.08,89.22,89.96,134905.11,12167390.13,90.65,direct,,LTC
2023-04-10,94.49,89.96,90.65,259165.33,23900028.67,93.82,direct,,LTC
2023-04-11,96.99,93.23,93.82,415631.98,39571877.37,94.28,direct,,LTC
2023-04-12,94.75,91.09,94.28,356619.96,32891907.42,92.14,direct,,LTC
2023-04-13,94.61,91.79,92.14,222272.22,20817915.34,94.26,direct,,LTC
2023-04-14,99.32,93.81,94.26,511891.66,49492239.72,96.41,direct,,LTC
2023-04-15,97.39,94.86,96.41,153579.64,14762601.53,96.8,direct,,LTC
2023-04-16,102.18,95.25,96.8,494453.22,49160767.14,100.06,direct,,LTC
2023-04-17,100.32,97.48,100.06,312767.79,30920151.64,98.88,direct,,LTC
2023-04-18,103.33,97.7,98.88,369122.6,37395650.28,101.9,direct,,LTC
2023-04-19,101.9,87.73,101.9,603538.36,57116876.15,90.52,direct,,LTC
2023-04-20,92.37,87.17,90.52,466144.45,41916291.42,90.25,direct,,LTC
2023-04-21,90.88,84.57,90.25,443100.99,39032902.61,85.36,direct,,LTC
2023-04-22,87.2,84.8,85.36,180958.29,15607358.94,87.05,direct,,LTC
2023-04-23,87.11,84.37,87.05,221731.14,19080908.37,86.78,direct,,LTC
2023-04-24,88.99,85.98,86.78,290207.68,25422803.46,88.32,direct,,LTC
2023-04-25,91.75,87.23,88.32,338696.72,30305766.88,91.03,direct,,LTC
2023-04-26,93.94,84.34,91.03,675458.12,60532061.34,88.17,direct,,LTC
2023-04-27,90.64,87.38,88.17,440010.08,39227627.86,89.75,direct,,LTC
2023-04-28,90.38,87.77,89.75,274973.8,24546105.01,89.72,direct,,LTC
2023-04-29,91.65,89.33,89.72,155089.59,14021637.2,91.12,direct,,LTC
2023-04-30,91.43,87.84,91.12,201274.45,18121313.58,88.2,direct,,LTC
2023-05-01,88.89,85.21,88.2,319097.93,27734648.74,86.76,direct,,LTC
2023-05-02,89.14,86.05,86.76,248441.35,21843169.18,88.22,direct,,LTC
2023-05-03,89.86,85.49,88.22,276463.38,24121394.82,88.86,direct,,LTC
2023-05-04,89.15,87.48,88.86,146430.97,12917754.36,88.45,direct,,LTC
2023-05-05,89.73,86.52,88.45,252898.67,22319818.36,88.73,direct,,LTC
2023-05-06,89.4,80.95,88.73,345355.58,29204819.97,83.46,direct,,LTC
2023-05-07,84.79,83.1,83.46,161057.0,13507993.2,83.53,direct,,LTC
2023-05-08,85.33,75.49,83.53,474261.62,37838936.78,77.85,direct,,LTC
2023-05-09,80.13,77.43,77.85,286640.12,22591501.64,79.98,direct,,LTC
2023-05-10,82.08,77.33,79.98,442625.49,35525083.01,81.03,direct,,LTC
2023-05-11,81.97,78.47,81.03,357942.58,28760534.32,80.96,direct,,LTC
2023-05-12,81.51,77.19,80.96,353215.79,27917214.96,80.48,direct,,LTC
2023-05-13,81.1,79.89,80.48,158265.0,12731882.79,80.28,direct,,LTC
2023-05-14,84.01,79.7,80.28,261491.03,21411681.53,83.53,direct,,LTC
2023-05-15,88.58,82.22,83.53,494401.96,42809203.53,86.93,direct,,LTC
2023-05-16,90.47,86.21,86.93,521229.57,46324446.55,89.99,direct,,LTC
2023-05-17,94.99,89.66,89.99,575581.73,53263459.19,93.88,direct,,LTC
2023-05-18,94.18,89.25,93.88,366650.0,33649702.8,90.38,direct,,LTC
2023-05-19,93.29,90.28,90.38,308521.52,28358318.7,91.78,direct,,LTC
2023-05-20,92.8,90.67,91.78,121924.95,11173126.82,92.44,direct,,LTC
2023-05-21,93.46,91.26,92.44,169561.27,15647348.3,92.2,direct,,LTC
2023-05-22,92.76,89.9,92.2,195396.6,17815015.89,90.86,direct,,LTC
2023-05-23,93.11,90.43,90.86,174275.32,15967098.06,91.7,direct,,LTC
2023-05-24,91.88,84.55,91.7,433157.35,37557288.58,85.85,direct,,LTC
2023-05-25,86.76,82.68,85.85,302027.22,25555386.8,86.64,direct,,LTC
2023-05-26,88.19,86.1,86.64,274381.04,23933287.34,87.13,direct,,LTC
2023-05-27,88.85,86.96,87.13,126179.62,11107566.18,88.6,direct,,LTC
2023-05-28,92.3,88.22,88.6,239331.24,21553427.87,91.5,direct,,LTC
2023-05-29,92.2,90.18,91.5,239791.2,21840779.08,90.91,direct,,LTC
2023-05-30,93.3,90.6,90.91,267852.82,24627091.83,92.31,direct,,LTC
2023-05-31,92.71,87.97,92.31,413567.11,37042469.62,90.44,direct,,LTC
2023-06-01,95.9,89.3,90.44,515184.06,47994580.56,94.2,direct,,LTC
2023-06-02,95.66,92.61,94.2,283469.49,26811624.6,95.52,direct,,LTC
2023-06-03,97.47,94.22,95.52,191307.63,18375548.86,96.04,direct,,LTC
2023-06-04,96.5,93.92,96.04,208355.6,19897586.73,94.22,direct,,LTC
2023-06-05,94.56,83.82,94.22,593961.97,52809840.88,87.77,direct,,LTC
2023-06-06,93.25,85.76,87.77,424543.38,37711088.73,90.98,direct,,LTC
2023-06-07,91.4,87.84,90.98,338648.07,30326045.94,88.85,direct,,LTC
2023-06-08,89.53,87.23,88.85,163008.02,14401214.74,88.52,direct,,LTC
2023-06-09,90.03,86.83,88.52,263876.01,23413637.25,89.3,direct,,LTC
2023-06-10,89.35,74.57,89.3,998875.77,78606316.29,77.21,direct,,LTC
2023-06-11,78.98,76.25,77.21,218320.88,16974862.02,77.72,direct,,LTC
2023-06-12,77.9,75.09,77.72,303565.61,23267847.15,77.52,direct,,LTC
2023-06-13,79.75,76.3,77.52,313321.3,24393411.31,77.5,direct,,LTC
2023-06-14,78.12,71.45,77.5,363257.39,27308859.35,73.15,direct,,LTC
2023-06-15,75.06,72.0,73.15,265357.38,19493955.92,74.54,direct,,LTC
2023-06-16,76.76,74.09,74.54,209779.94,15830506.47,76.08,direct,,LTC
2023-06-17,77.72,75.67,76.08,146869.76,11302550.55,76.86,direct,,LTC
2023-06-18,78.47,76.25,76.86,131111.36,10146769.95,77.18,direct,,LTC
2023-06-19,77.72,76.09,77.18,173194.85,13325408.85,77.44,direct,,LTC
2023-06-20,80.9,75.77,77.44,310569.03,24322430.96,80.38,direct,,LTC
2023-06-21,87.37,80.06,80.38,516122.19,43544155.78,85.06,direct,,LTC
2023-06-22,88.85,84.42,85.06,331340.79,28632279.4,85.97,direct,,LTC
2023-06-23,93.08,85.09,85.97,460750.87,40987587.1,91.32,direct,,LTC
2023-06-24,93.78,86.49,91.32,310173.87,27891127.48,89.79,direct,,LTC
2023-06-25,90.44,86.72,89.79,190492.16,16896783.5,88.26,direct,,LTC
2023-06-26,90.33,85.94,88.26,283461.32,24822985.1,87.22,direct,,LTC
2023-06-27,89.45,86.96,87.22,209032.89,18451501.77,88.08,direct,,LTC
2023-06-28,88.11,81.77,88.08,340662.17,28856897.6,83.01,direct,,LTC
2023-06-29,85.74,82.94,83.01,177325.29,14964796.71,84.73,direct,,LTC
2023-06-30,111.45,84.35,84.73,1648121.53,165072524.97,108.65,direct,,LTC
2023-07-01,112.61,103.19,108.65,669815.78,71666295.32,107.15,direct,,LTC
2023-07-02,113.97,105.13,107.15,751873.81,83015110.4,113.6,direct,,LTC
2023-07-03,114.95,105.6,113.6,580662.97,63591882.14,107.28,direct,,LTC
2023-07-04,109.53,103.7,107.28,428202.58,45629476.85,104.24,direct,,LTC
2023-07-05,106.62,98.65,104.24,577233.13,59121387.79,102.61,direct,,LTC
2023-07-06,105.92,95.18,102.61,629841.75,63363589.96,95.26,direct,,LTC
2023-07-07,98.6,94.22,95.26,401836.8,38897820.48,98.25,direct,,LTC
2023-07-08,98.39,96.61,98.25,185599.94,18117343.23,97.81,direct,,LTC
2023-07-09,98.39,94.59,97.81,199180.95,19277101.07,95.1,direct,,LTC
2023-07-10,97.82,91.89,95.1,477395.84,45328977.83,96.77,direct,,LTC
2023-07-11,98.23,95.54,96.77,264944.85,25704207.3,96.78,direct,,LTC
2023-07-12,97.85,94.23,96.78,217487.13,20953593.32,96.23,direct,,LTC
2023-07-13,104.42,95.61,96.23,700734.72,70909940.35,101.94,direct,,LTC
2023-07-14,103.61,92.52,101.94,805731.73,78549549.33,95.2,direct,,LTC
2023-07-15,95.84,93.87,95.2,174083.53,16496463.55,94.81,direct,,LTC
2023-07-16,95.36,91.94,94.81,167280.82,15779406.13,92.95,direct,,LTC
2023-07-17,93.62,89.33,92.95,285470.03,26166328.27,92.24,direct,,LTC
2023-07-18,92.96,89.46,92.24,202543.86,18455150.71,91.59,direct,,LTC
2023-07-19,94.22,91.46,91.59,213258.94,19773358.68,92.01,direct,,LTC
2023-07-20,94.96,91.5,92.01,265933.25,24675737.65,92.36,direct,,LTC
2023-07-21,94.64,91.74,92.36,258307.97,24136975.42,94.09,direct,,LTC
2023-07-22,96.43,91.34,94.09,226743.93,21265857.36,92.06,direct,,LTC
2023-07-23,93.58,91.55,92.06,182021.82,16827055.21,93.18,direct,,LTC
2023-07-24,93.42,87.51,93.18,299450.24,26866705.06,89.13,direct,,LTC
2023-07-25,90.14,88.58,89.13,149906.73,13385836.36,89.46,direct,,LTC
2023-07-26,91.15,88.57,89.46,170553.34,15291328.64,90.62,direct,,LTC
2023-07-27,91.92,89.63,90.62,139185.64,12636012.41,90.58,direct,,LTC
2023-07-28,91.97,90.52,90.58,126533.09,11544906.69,91.47,direct,,LTC
2023-07-29,94.9,90.86,91.47,146302.94,13509490.0,94.33,direct,,LTC
2023-07-30,98.78,91.09,94.33,600354.47,56683056.35,94.04,direct,,LTC
2023-07-31,95.1,91.1,94.04,311824.68,29001372.31,92.28,direct,,LTC
2023-08-01,94.0,88.02,92.28,453458.3,41722852.86,93.89,direct,,LTC
2023-08-02,94.57,85.95,93.89,522712.07,46798145.65,87.52,direct,,LTC
2023-08-03,88.33,81.68,87.52,370175.83,31664324.25,82.51,direct,,LTC
2023-08-04,83.84,80.68,82.51,417298.93,34366375.31,82.07,direct,,LTC
2023-08-05,83.34,81.26,82.07,132376.78,10911733.72,83.07,direct,,LTC
2023-08-06,83.4,81.72,83.07,109994.25,9097401.42,82.46,direct,,LTC
2023-08-07,83.3,79.28,82.46,203603.27,16632670.83,82.41,direct,,LTC
2023-08-08,85.38,81.7,82.41,289297.99,24161783.01,83.85,direct,,LTC
2023-08-09,84.57,83.2,83.85,170528.24,14283732.8,84.03,direct,,LTC
2023-08-10,84.35,82.58,84.03,105750.99,8833575.21,83.07,direct,,LTC
2023-08-11,83.59,82.62,83.07,134809.0,11193267.63,83.5,direct,,LTC
2023-08-12,83.92,83.23,83.5,60609.59,5065725.77,83.42,direct,,LTC
2023-08-13,83.74,81.09,83.42,97425.74,8065757.47,81.87,direct,,LTC
2023-08-14,83.02,81.47,81.87,116704.87,9590362.21,82.03,direct,,LTC
2023-08-15,82.17,77.05,82.03,259121.14,20690775.17,79.18,direct,,LTC
2023-08-16,79.52,72.82,79.18,401860.12,30694845.56,74.48,direct,,LTC
2023-08-17,75.74,59.92,74.48,608995.72,42568940.43,64.8,direct,,LTC
2023-08-18,65.98,63.29,64.8,423160.99,27377896.43,63.97,direct,,LTC
2023-08-19,64.97,63.51,63.97,195232.49,12509243.78,64.15,direct,,LTC
2023-08-20,65.89,63.98,64.15,172703.76,11166877.9,65.26,direct,,LTC
2023-08-21,67.21,64.38,65.26,329909.56,21776114.43,66.99,direct,,LTC
2023-08-22,67.35,62.09,66.99,382328.79,24865177.82,64.79,direct,,LTC
2023-08-23,66.74,64.04,64.79,220847.41,14457189.48,65.64,direct,,LTC
2023-08-24,65.89,63.89,65.64,135863.25,8823670.97,64.86,direct,,LTC
2023-08-25,65.4,63.57,64.86,175307.24,11323942.2,65.1,direct,,LTC
2023-08-26,65.53,64.86,65.1,77486.31,5049513.93,64.99,direct,,LTC
2023-08-27,65.9,64.82,64.99,87295.17,5698861.55,65.38,direct,,LTC
2023-08-28,65.7,63.96,65.38,146404.53,9503197.35,65.47,direct,,LTC
2023-08-29,70.64,64.58,65.47,409541.02,27912978.71,68.88,direct,,LTC
2023-08-30,69.02,66.57,68.88,173485.81,11714480.85,67.66,direct,,LTC
2023-08-31,68.29,63.26,67.66,235597.96,15514701.93,63.89,direct,,LTC
2023-09-01,64.24,61.88,63.89,161256.71,10207411.98,62.97,direct,,LTC
2023-09-02,64.67,62.95,62.97,117126.35,7493807.66,64.59,direct,,LTC
2023-09-03,64.88,63.58,64.59,96006.29,6161243.6,63.93,direct,,LTC
2023-09-04,64.99,63.01,63.93,110686.88,7081033.72,63.74,direct,,LTC
2023-09-05,63.78,62.54,63.74,121397.53,7657584.33,63.14,direct,,LTC
2023-09-06,63.79,61.56,63.14,148376.48,9319300.76,62.84,direct,,LTC
2023-09-07,64.44,62.46,62.84,137286.14,8675320.55,63.71,direct,,LTC
2023-09-08,64.19,61.53,63.71,129358.78,8135887.75,62.6,direct,,LTC
2023-09-09,63.27,62.53,62.6,70196.13,4415082.65,63.05,direct,,LTC
2023-09-10,63.07,60.21,63.05,189972.29,11642922.19,61.12,direct,,LTC
2023-09-11,61.63,57.67,61.12,240122.39,14338105.03,58.85,direct,,LTC
2023-09-12,61.44,58.66,58.85,220552.0,13288748.34,59.97,direct,,LTC
2023-09-13,62.76,59.63,59.97,266525.05,16344229.64,61.98,direct,,LTC
2023-09-14,63.41,61.95,61.98,192482.71,12067284.09,62.84,direct,,LTC
2023-09-15,66.25,62.6,62.84,205198.69,13160154.49,65.9,direct,,LTC
2023-09-16,67.01,64.43,65.9,127572.41,8367704.76,65.41,direct,,LTC
2023-09-17,65.43,62.9,65.41,115985.24,7408178.9,63.57,direct,,LTC
2023-09-18,67.81,62.99,63.57,269531.28,17815410.44,65.88,direct,,LTC
2023-09-19,68.38,65.64,65.88,205858.65,13858327.04,67.29,direct,,LTC
2023-09-20,67.84,63.38,67.29,363629.81,23693917.74,64.56,direct,,LTC
2023-09-21,65.02,62.96,64.56,228588.13,14707559.76,64.71,direct,,LTC
2023-09-22,65.86,63.98,64.71,185830.46,12042830.44,64.37,direct,,LTC
2023-09-23,65.26,64.37,64.37,103906.76,6735627.26,65.09,direct,,LTC
2023-09-24,65.11,63.3,65.09,84612.09,5453265.98,63.58,direct,,LTC
2023-09-25,65.04,62.61,63.58,115840.35,7439905.71,64.34,direct,,LTC
2023-09-26,65.06,63.1,64.34,110895.55,7115972.19,63.78,direct,,LTC
2023-09-27,65.49,63.05,63.78,127151.7,8140885.35,63.5,direct,,LTC
2023-09-28,65.49,63.13,63.5,151962.45,9773838.9,65.23,direct,,LTC
2023-09-29,66.47,64.93,65.23,154584.76,10163516.91,65.55,direct,,LTC
2023-09-30,66.59,65.36,65.55,78494.55,5180915.34,65.97,direct,,LTC
2023-10-01,68.77,65.84,65.97,168014.29,11261918.23,68.16,direct,,LTC
2023-10-02,68.39,64.35,68.16,196442.18,13132999.03,66.0,direct,,LTC
2023-10-03,66.9,65.27,66.0,125999.88,8297490.28,65.51,direct,,LTC
2023-10-04,65.52,63.16,65.51,163236.39,10472158.68,64.41,direct,,LTC
2023-10-05,65.27,63.81,64.41,112384.49,7261913.9,64.81,direct,,LTC
2023-10-06,65.98,64.41,64.81,108388.24,7082782.17,65.53,direct,,LTC
2023-10-07,66.26,65.0,65.53,72261.7,4744582.66,65.51,direct,,LTC
2023-10-08,66.02,65.04,65.51,75634.86,4954276.2,65.4,direct,,LTC
2023-10-09,65.41,61.63,65.4,162523.67,10294886.84,63.1,direct,,LTC
2023-10-10,63.83,62.59,63.1,112061.68,7086259.44,63.62,direct,,LTC
2023-10-11,63.75,61.12,63.62,226166.37,14045669.8,61.53,direct,,LTC
2023-10-12,61.55,60.37,61.53,135312.35,8255427.2,61.13,direct,,LTC
2023-10-13,62.11,61.06,61.13,118956.87,7312644.57,61.58,direct,,LTC
2023-10-14,61.98,61.4,61.58,67469.06,4162790.77,61.62,direct,,LTC
2023-10-15,62.17,61.4,61.62,75603.16,4664338.31,61.64,direct,,LTC
2023-10-16,66.3,61.58,61.64,315949.74,20091397.6,63.24,direct,,LTC
2023-10-17,63.36,61.43,63.24,159653.17,9979453.77,62.09,direct,,LTC
2023-10-18,62.81,60.01,62.09,175161.35,10747052.05,60.21,direct,,LTC
2023-10-19,61.95,59.77,60.21,165023.31,10074881.23,61.8,direct,,LTC
2023-10-20,64.29,61.63,61.8,284362.24,17968372.89,63.42,direct,,LTC
2023-10-21,65.38,63.38,63.42,155446.7,10026341.03,64.75,direct,,LTC
2023-10-22,66.34,63.26,64.75,199136.9,12886353.1,65.29,direct,,LTC
2023-10-23,69.91,64.93,65.29,473684.98,31816978.25,69.04,direct,,LTC
2023-10-24,72.82,67.2,69.04,412224.71,28681966.88,69.13,direct,,LTC
2023-10-25,70.41,67.75,69.13,262450.47,18146864.54,68.73,direct,,LTC
2023-10-26,70.61,66.22,68.73,297946.53,20465887.19,68.77,direct,,LTC
2023-10-27,69.05,65.71,68.77,227138.13,15332004.95,67.03,direct,,LTC
2023-10-28,68.4,66.99,67.03,188955.31,12831404.37,67.75,direct,,LTC
2023-10-29,69.31,67.05,67.75,151213.99,10323187.36,68.81,direct,,LTC
2023-10-30,69.8,67.68,68.81,194530.91,13397823.32,69.25,direct,,LTC
2023-10-31,70.53,67.69,69.25,217710.92,15052203.08,68.92,direct,,LTC
2023-11-01,70.47,66.55,68.92,347527.02,23778539.97,69.97,direct,,LTC
2023-11-02,70.79,67.46,69.97,336023.58,23459171.57,69.45,direct,,LTC
2023-11-03,69.57,67.54,69.45,134456.86,9258395.67,69.5,direct,,LTC
2023-11-04,74.64,68.8,69.5,141022.17,9869379.28,70.51,direct,,LTC
2023-11-05,72.38,69.98,70.51,231077.83,16475571.16,71.68,direct,,LTC
2023-11-06,74.96,70.89,71.68,208550.18,15255780.73,74.47,direct,,LTC
2023-11-07,74.53,71.1,74.47,226667.18,16567499.8,73.46,direct,,LTC
2023-11-08,74.32,72.49,73.46,177142.81,13005379.67,73.1,direct,,LTC
2023-11-09,76.24,69.46,73.1,509569.12,37212329.38,73.87,direct,,LTC
2023-11-10,75.42,70.82,73.87,313552.02,22913635.67,73.3,direct,,LTC
2023-11-11,75.95,70.95,73.3,403611.64,29972649.94,75.27,direct,,LTC
2023-11-12,76.82,72.23,75.27,244424.69,18309696.91,74.91,direct,,LTC
2023-11-13,76.08,70.55,74.91,287488.24,21032896.54,71.15,direct,,LTC
2023-11-14,72.54,68.04,71.15,379251.7,26829644.06,70.64,direct,,LTC
2023-11-15,74.41,70.56,70.64,216433.2,15696377.41,74.14,direct,,LTC
2023-11-16,74.38,69.83,74.14,271400.0,19597294.71,70.97,direct,,LTC
2023-11-17,71.65,68.07,70.97,408697.34,28672624.48,70.31,direct,,LTC
2023-11-18,70.36,67.56,70.31,115440.41,8003091.24,69.91,direct,,LTC
2023-11-19,70.72,68.56,69.91,111314.74,7765814.66,70.6,direct,,LTC
2023-11-20,71.05,68.73,70.6,141087.77,9897127.39,69.56,direct,,LTC
2023-11-21,71.87,65.32,69.56,303093.83,20872786.37,66.21,direct,,LTC
2023-11-22,69.13,66.06,66.21,140565.41,9534208.36,68.73,direct,,LTC
2023-11-23,70.71,68.44,68.73,175772.83,12214032.17,69.53,direct,,LTC
2023-11-24,71.77,69.46,69.53,153106.16,10775513.72,70.78,direct,,LTC
2023-11-25,72.22,70.59,70.78,105556.12,7549155.36,71.88,direct,,LTC
2023-11-26,71.9,68.98,71.88,111365.12,7846163.87,70.05,direct,,LTC
2023-11-27,70.51,67.96,70.05,143006.97,9883516.68,69.23,direct,,LTC
2023-11-28,70.26,67.84,69.23,172553.53,11937511.22,69.78,direct,,LTC
2023-11-29,70.47,69.17,69.78,98436.78,6872172.8,70.01,direct,,LTC
2023-11-30,70.16,69.12,70.01,117108.25,8142287.4,69.44,direct,,LTC
2023-12-01,72.32,69.24,69.44,242477.26,17267737.16,71.62,direct,,LTC
2023-12-02,72.72,71.27,71.62,142770.23,10275691.18,72.23,direct,,LTC
2023-12-03,72.75,71.38,72.23,129355.88,9314520.8,72.32,direct,,LTC
2023-12-04,75.05,71.9,72.32,483804.46,35439186.52,72.9,direct,,LTC
2023-12-05,74.38,71.26,72.9,263076.81,19109895.65,74.35,direct,,LTC
2023-12-06,74.86,72.18,74.35,261459.18,19226166.2,72.43,direct,,LTC
2023-12-07,74.5,71.92,72.43,229343.44,16849671.02,74.04,direct,,LTC
2023-12-08,78.87,73.37,74.04,449127.39,34249328.24,78.53,direct,,LTC
2023-12-09,79.53,75.84,78.53,284806.26,22141542.45,76.34,direct,,LTC
2023-12-10,78.99,76.34,76.34,197266.59,15337657.94,77.17,direct,,LTC
2023-12-11,77.51,70.74,77.17,370514.39,27181085.54,72.66,direct,,LTC
2023-12-12,73.69,70.99,72.66,173198.65,12560449.47,72.34,direct,,LTC
2023-12-13,74.04,70.21,72.34,253741.48,18346212.91,73.17,direct,,LTC
2023-12-14,74.03,71.38,73.17,350334.24,25443480.76,72.94,direct,,LTC
2023-12-15,72.97,70.65,72.94,214150.56,15395878.85,70.93,direct,,LTC
2023-12-16,72.49,70.49,70.93,130293.66,9379715.53,72.15,direct,,LTC
2023-12-17,73.54,70.83,72.15,163755.55,11864809.78,71.14,direct,,LTC
2023-12-18,71.49,68.07,71.14,217978.2,15213091.12,70.85,direct,,LTC
2023-12-19,71.61,69.7,70.85,133381.58,9454687.04,70.69,direct,,LTC
2023-12-20,71.87,69.39,70.69,352044.93,24963342.73,69.8,direct,,LTC
2023-12-21,71.08,68.96,69.8,308831.47,21631922.4,70.93,direct,,LTC
2023-12-22,73.83,70.36,70.93,330369.94,23843683.57,73.67,direct,,LTC
2023-12-23,74.15,71.47,73.67,218120.8,15791943.01,72.51,direct,,LTC
2023-12-24,72.98,70.12,72.51,204348.45,14720322.54,71.17,direct,,LTC
2023-12-25,72.77,70.62,71.17,140170.96,10097018.37,72.24,direct,,LTC
2023-12-26,74.41,71.1,72.24,322722.77,23451433.66,73.25,direct,,LTC
2023-12-27,77.27,72.1,73.25,487284.88,36634356.63,76.03,direct,,LTC
2023-12-28,77.6,74.55,76.03,440688.9,33561238.38,76.54,direct,,LTC
2023-12-29,77.83,72.91,76.54,435478.89,32904812.89,73.23,direct,,LTC
2023-12-30,73.99,72.42,73.23,250697.87,18371519.08,73.24,direct,,LTC
2023-12-31,74.2,71.59,73.24,181195.5,13298831.14,72.82,direct,,LTC
2024-01-01,74.81,72.06,72.82,167784.39,12329474.65,74.74,direct,,LTC
2024-01-02,75.92,72.55,74.74,255506.09,18998554.26,72.98,direct,,LTC
2024-01-03,73.63,59.75,72.98,547951.27,36518838.45,65.29,direct,,LTC
2024-01-04,67.16,64.6,65.29,352178.56,23214617.35,66.49,direct,,LTC
2024-01-05,66.79,63.58,66.49,363093.61,23742254.58,66.05,direct,,LTC
2024-01-06,66.14,63.31,66.05,175180.9,11415654.61,65.69,direct,,LTC
2024-01-07,66.39,63.75,65.69,168884.62,11029667.15,64.31,direct,,LTC
2024-01-08,68.41,61.14,64.31,470959.08,30666145.45,67.79,direct,,LTC
2024-01-09,67.84,64.3,67.79,423195.12,27926816.06,67.01,direct,,LTC
2024-01-10,71.21,65.05,67.01,455858.19,30834638.51,70.1,direct,,LTC
2024-01-11,74.62,69.59,70.1,509741.21,36710138.23,71.9,direct,,LTC
2024-01-12,77.1,70.44,71.9,673154.34,49709734.75,72.92,direct,,LTC
2024-01-13,73.55,71.02,72.92,239196.24,17209216.69,72.0,direct,,LTC
2024-01-14,72.27,69.45,72.0,244223.28,17374189.51,69.74,direct,,LTC
2024-01-15,71.57,68.76,69.74,198047.17,13908864.33,69.08,direct,,LTC
2024-01-16,70.49,68.36,69.08,211987.08,14767116.03,69.42,direct,,LTC
2024-01-17,69.94,68.32,69.42,192389.14,13317062.27,69.4,direct,,LTC
2024-01-18,70.25,66.22,69.4,300369.74,20575647.8,68.03,direct,,LTC
2024-01-19,71.47,66.92,68.03,311285.19,21596939.57,71.24,direct,,LTC
2024-01-20,72.73,70.43,71.24,270033.57,19276210.0,71.31,direct,,LTC
2024-01-21,72.26,70.47,71.31,152400.4,10854627.46,71.66,direct,,LTC
2024-01-22,72.64,66.63,71.66,421226.23,29466974.01,67.3,direct,,LTC
2024-01-23,68.36,63.16,67.3,318205.58,20811729.38,65.46,direct,,LTC
2024-01-24,66.32,64.86,65.46,196147.33,12838102.26,66.11,direct,,LTC
2024-01-25,66.13,64.57,66.11,171183.44,11206377.63,65.48,direct,,LTC
2024-01-26,67.53,65.19,65.48,170626.05,11352046.14,67.02,direct,,LTC
2024-01-27,68.32,66.36,67.02,129161.74,8711456.14,68.08,direct,,LTC
2024-01-28,68.48,67.34,68.08,145024.72,9859221.98,68.37,direct,,LTC
2024-01-29,68.77,66.85,68.37,197984.04,13456429.22,68.44,direct,,LTC
2024-01-30,68.73,67.19,68.44,163082.14,11122629.18,67.5,direct,,LTC
2024-01-31,69.96,66.16,67.5,224942.33,15309005.11,66.73,direct,,LTC
2024-02-01,68.08,65.73,66.73,154142.81,10305856.36,67.52,direct,,LTC
2024-02-02,68.36,67.33,67.52,129649.55,8795118.17,68.02,direct,,LTC
2024-02-03,69.15,67.89,68.02,114731.95,7843508.58,68.81,direct,,LTC
2024-02-04,68.86,66.53,68.81,161002.82,10906711.27,66.93,direct,,LTC
2024-02-05,68.17,66.59,66.93,132428.03,8941164.38,67.63,direct,,LTC
2024-02-06,68.78,67.5,67.63,159528.78,10860572.17,68.27,direct,,LTC
2024-02-07,68.78,67.69,68.27,316170.48,21560445.72,68.61,direct,,LTC
2024-02-08,70.66,68.38,68.61,222620.37,15386161.39,70.55,direct,,LTC
2024-02-09,71.94,70.13,70.55,325216.42,23060355.49,70.68,direct,,LTC
2024-02-10,71.22,70.0,70.68,135690.67,9591150.63,70.82,direct,,LTC
2024-02-11,73.09,70.67,70.82,203010.47,14639026.05,71.57,direct,,LTC
2024-02-12,73.44,70.34,71.57,187666.86,13515767.29,72.86,direct,,LTC
2024-02-13,73.18,68.17,72.86,372119.02,26017874.34,69.01,direct,,LTC
2024-02-14,70.78,68.49,69.01,347043.43,24165523.12,69.89,direct,,LTC
2024-02-15,70.95,69.09,69.89,293484.14,20539682.54,69.83,direct,,LTC
2024-02-16,70.98,68.89,69.83,247688.74,17356210.93,70.64,direct,,LTC
2024-02-17,70.76,68.15,70.64,190797.2,13307291.12,70.01,direct,,LTC
2024-02-18,71.34,69.88,70.01,165588.43,11666498.11,70.8,direct,,LTC
2024-02-19,71.73,70.5,70.8,203920.93,14493613.42,71.32,direct,,LTC
2024-02-20,71.46,67.59,71.32,328720.58,22939548.72,69.66,direct,,LTC
2024-02-21,69.7,67.33,69.66,214962.88,14721240.42,68.94,direct,,LTC
2024-02-22,69.75,67.95,68.94,292108.0,20170680.4,68.76,direct,,LTC
2024-02-23,69.09,67.51,68.76,188465.14,12901254.62,68.78,direct,,LTC
2024-02-24,70.65,68.65,68.78,155857.33,10896026.81,70.4,direct,,LTC
2024-02-25,70.58,69.76,70.4,132005.04,9260274.16,70.15,direct,,LTC
2024-02-26,73.03,69.13,70.15,351274.32,24993871.27,71.96,direct,,LTC
2024-02-27,76.39,71.96,71.96,565544.07,42187714.78,74.01,direct,,LTC
2024-02-28,77.95,70.53,74.01,776916.14,57909996.11,74.57,direct,,LTC
2024-02-29,84.94,74.0,74.57,1034723.5,84061294.2,79.94,direct,,LTC
2024-03-01,86.18,79.94,79.94,599779.57,50325936.83,84.96,direct,,LTC
2024-03-02,94.66,84.51,84.96,938748.34,85021715.09,94.64,direct,,LTC
2024-03-03,94.82,84.56,94.64,579682.99,52735042.57,90.76,direct,,LTC
2024-03-04,92.66,87.62,90.76,903270.73,81238752.35,89.03,direct,,LTC
2024-03-05,91.97,72.1,89.03,1242774.5,105817085.49,82.03,direct,,LTC
2024-03-06,87.4,79.88,82.03,506232.61,42419512.16,85.94,direct,,LTC
2024-03-07,89.73,83.48,85.94,485769.59,42241823.96,88.14,direct,,LTC
2024-03-08,89.6,84.2,88.14,608874.45,53299046.8,88.53,direct,,LTC
2024-03-09,91.12,87.02,88.53,328203.31,29267881.13,90.86,direct,,LTC
2024-03-10,90.97,85.53,90.86,291802.02,25796121.84,87.53,direct,,LTC
2024-03-11,105.68,83.39,87.53,1245276.62,121757114.07,103.82,direct,,LTC
2024-03-12,104.21,91.79,103.82,733631.82,71807991.47,97.56,direct,,LTC
2024-03-13,98.97,94.16,97.56,447732.48,43455538.86,97.28,direct,,LTC
2024-03-14,98.19,89.56,97.28,652194.6,61655353.06,94.08,direct,,LTC
2024-03-15,95.35,83.39,94.08,662882.37,58637983.14,89.76,direct,,LTC
2024-03-16,90.71,82.26,89.76,427439.26,37080304.11,84.07,direct,,LTC
2024-03-17,86.74,80.67,84.07,306301.37,26016373.67,85.85,direct,,LTC
2024-03-18,88.06,80.77,85.85,444501.1,37344466.06,86.78,direct,,LTC
2024-03-19,87.8,77.1,86.78,960656.03,77678790.42,78.46,direct,,LTC
2024-03-20,85.36,76.98,78.46,648096.64,52672507.36,84.69,direct,,LTC
2024-03-21,87.13,83.62,84.69,386721.68,33039442.91,85.73,direct,,LTC
2024-03-22,86.17,80.61,85.73,330623.09,27511883.98,83.41,direct,,LTC
2024-03-23,87.48,82.91,83.41,332345.92,28486151.19,85.28,direct,,LTC
2024-03-24,90.64,85.26,85.28,495540.14,43923622.0,89.64,direct,,LTC
2024-03-25,92.06,88.58,89.64,487463.18,44005416.91,90.62,direct,,LTC
2024-03-26,96.98,87.64,90.62,973506.11,89974360.15,95.77,direct,,LTC
2024-03-27,98.85,92.37,95.77,867530.08,83072142.16,93.52,direct,,LTC
2024-03-28,96.52,93.41,93.52,575652.72,54741218.59,94.15,direct,,LTC
2024-03-29,110.44,92.87,94.15,1158101.38,118163109.49,109.09,direct,,LTC
2024-03-30,109.24,101.15,109.09,504534.02,52576240.8,102.91,direct,,LTC
2024-03-31,106.72,101.41,102.91,412037.42,42821107.85,105.06,direct,,LTC
2024-04-01,112.88,97.29,105.06,949149.92,99581249.66,99.3,direct,,LTC
2024-04-02,108.98,93.42,99.3,1331236.77,136116976.48,106.78,direct,,LTC
2024-04-03,109.85,96.62,106.78,754941.24,76745609.47,98.35,direct,,LTC
2024-04-04,104.2,96.3,98.35,771998.64,77283388.71,98.47,direct,,LTC
2024-04-05,100.22,95.16,98.47,496859.6,48755238.23,97.9,direct,,LTC
2024-04-06,102.47,97.25,97.9,280215.68,28068569.05,101.63,direct,,LTC
2024-04-07,105.92,100.19,101.63,440202.02,45340933.05,101.22,direct,,LTC
2024-04-08,105.99,99.63,101.22,538413.34,55716288.28,103.24,direct,,LTC
2024-04-09,103.4,96.5,103.24,412713.33,41058511.78,97.53,direct,,LTC
2024-04-10,98.25,93.53,97.53,378489.18,36403771.57,96.71,direct,,LTC
2024-04-11,99.97,94.92,96.71,346993.0,33890584.64,98.75,direct,,LTC
2024-04-12,99.51,80.31,98.75,922658.84,82456180.47,86.16,direct,,LTC
2024-04-13,86.6,70.87,86.16,1103376.45,88089927.14,77.5,direct,,LTC
2024-04-14,80.44,73.93,77.5,668565.82,51936486.16,79.82,direct,,LTC
2024-04-15,82.87,75.7,79.82,546475.85,43353831.63,78.11,direct,,LTC
2024-04-16,80.45,75.46,78.11,360614.54,28221238.07,80.0,direct,,LTC
2024-04-17,80.8,76.42,80.0,317077.3,25023982.64,80.18,direct,,LTC
2024-04-18,82.52,78.68,80.18,353505.88,28590487.57,80.8,direct,,LTC
2024-04-19,82.18,75.85,80.8,351378.18,28137265.87,80.89,direct,,LTC
2024-04-20,86.01,80.35,80.89,222895.42,18602954.96,85.09,direct,,LTC
2024-04-21,85.69,82.77,85.09,158346.14,13384834.49,84.17,direct,,LTC
2024-04-22,86.5,83.99,84.17,222681.36,18996021.88,85.45,direct,,LTC
2024-04-23,86.44,84.05,85.45,220228.35,18723131.78,85.05,direct,,LTC
2024-04-24,87.68,82.3,85.05,359746.39,30716486.04,83.2,direct,,LTC
2024-04-25,85.03,81.85,83.2,273768.62,22868962.23,83.77,direct,,LTC
2024-04-26,88.51,83.11,83.77,551602.87,47746948.56,88.06,direct,,LTC
2024-04-27,88.41,83.17,88.06,379152.29,32373408.55,83.84,direct,,LTC
2024-04-28,85.4,83.61,83.84,180209.68,15247498.83,83.97,direct,,LTC
2024-04-29,85.6,81.78,83.97,259586.65,21638732.46,83.48,direct,,LTC
2024-04-30,84.5,77.26,83.48,338944.28,27098332.28,79.44,direct,,LTC
2024-05-01,80.79,74.57,79.44,374708.63,29166126.61,80.06,direct,,LTC
2024-05-02,81.26,78.63,80.06,219650.93,17569311.68,80.05,direct,,LTC
2024-05-03,84.68,79.38,80.05,224091.84,18178047.55,81.91,direct,,LTC
2024-05-04,82.97,81.63,81.91,170216.64,13977909.25,81.69,direct,,LTC
2024-05-05,81.79,80.43,81.69,182876.44,14856421.55,81.34,direct,,LTC
2024-05-06,84.18,80.05,81.34,345591.3,28322717.62,80.8,direct,,LTC
2024-05-07,82.63,79.83,80.8,246726.11,20094244.61,80.84,direct,,LTC
2024-05-08,82.28,79.34,80.84,259585.36,21014526.43,81.66,direct,,LTC
2024-05-09,83.14,80.7,81.66,187659.5,15392301.7,83.07,direct,,LTC
2024-05-10,83.47,79.58,83.07,181231.35,14788983.21,80.22,direct,,LTC
2024-05-11,82.23,80.14,80.22,139591.78,11308126.53,81.37,direct,,LTC
2024-05-12,82.13,80.86,81.37,108509.29,8850332.48,81.38,direct,,LTC
2024-05-13,82.49,78.92,81.38,244152.03,19813206.19,80.61,direct,,LTC
2024-05-14,82.02,78.56,80.61,279424.25,22326524.14,78.73,direct,,LTC
2024-05-15,82.89,78.25,78.73,255436.3,20497897.44,82.52,direct,,LTC
2024-05-16,83.26,81.41,82.52,211998.18,17449893.63,82.45,direct,,LTC
2024-05-17,84.24,81.94,82.45,187041.12,15566544.72,84.19,direct,,LTC
2024-05-18,84.82,83.49,84.19,144541.99,12150627.68,83.88,direct,,LTC
2024-05-19,84.4,81.84,83.88,121530.99,10103805.08,82.39,direct,,LTC
2024-05-20,89.13,82.38,82.39,291061.19,24844694.07,88.65,direct,,LTC
2024-05-21,89.61,86.98,88.65,381028.89,33650490.78,88.24,direct,,LTC
2024-05-22,88.46,84.88,88.24,330665.19,28578105.69,85.74,direct,,LTC
2024-05-23,87.93,80.82,85.74,507549.0,43196305.37,85.43,direct,,LTC
2024-05-24,86.44,84.01,85.43,282631.7,24083407.34,85.0,direct,,LTC
2024-05-25,85.93,84.45,85.0,131760.76,11211726.19,85.0,direct,,LTC
2024-05-26,85.27,83.56,85.0,136176.9,11498194.48,83.86,direct,,LTC
2024-05-27,86.36,83.78,83.86,150959.57,12838886.75,85.18,direct,,LTC
2024-05-28,85.46,82.01,85.18,225969.91,18848048.11,83.36,direct,,LTC
2024-05-29,84.12,82.58,83.36,177746.23,14855419.0,83.48,direct,,LTC
2024-05-30,85.51,81.92,83.48,263852.43,22201192.71,84.43,direct,,LTC
2024-05-31,84.62,81.99,84.43,173980.49,14540590.22,83.14,direct,,LTC
2024-06-01,83.77,82.86,83.14,96736.06,8057419.15,83.43,direct,,LTC
2024-06-02,83.47,82.16,83.43,114525.17,9492296.11,83.09,direct,,LTC
2024-06-03,84.23,82.61,83.09,155172.32,12943344.64,82.82,direct,,LTC
2024-06-04,83.72,81.14,82.82,174070.44,14371248.17,83.68,direct,,LTC
2024-06-05,85.46,83.54,83.68,170328.53,14365188.11,85.44,direct,,LTC
2024-06-06,85.78,84.14,85.44,200821.7,17080214.6,84.17,direct,,LTC
2024-06-07,84.82,75.31,84.17,423554.89,34057866.52,80.1,direct,,LTC
2024-06-08,80.44,78.9,80.1,141222.94,11269342.98,79.98,direct,,LTC
2024-06-09,80.7,79.52,79.98,96700.71,7753251.5,80.47,direct,,LTC
2024-06-10,80.49,79.06,80.47,178666.01,14249242.15,79.63,direct,,LTC
2024-06-11,79.76,75.65,79.63,461276.09,35874356.26,77.29,direct,,LTC
2024-06-12,79.27,76.36,77.29,324738.38,25331876.06,78.49,direct,,LTC
2024-06-13,79.79,77.29,78.49,403766.28,31760123.69,79.12,direct,,LTC
2024-06-14,80.25,76.35,79.12,394185.67,30903254.36,77.57,direct,,LTC
2024-06-15,79.41,77.37,77.57,153014.19,12024474.52,79.19,direct,,LTC
2024-06-16,80.08,78.57,79.19,152459.61,12086196.53,78.95,direct,,LTC
2024-06-17,79.2,75.11,78.95,273635.89,21154629.96,76.6,direct,,LTC
2024-06-18,76.74,70.68,76.6,528513.58,38394616.21,72.64,direct,,LTC
2024-06-19,74.94,72.5,72.64,202120.69,14952772.12,73.76,direct,,LTC
2024-06-20,75.32,73.2,73.76,236259.32,17583919.62,74.69,direct,,LTC
2024-06-21,74.71,72.16,74.69,241835.24,17763575.01,74.15,direct,,LTC
2024-06-22,74.86,73.55,74.15,120160.91,8918326.85,74.57,direct,,LTC
2024-06-23,75.0,73.29,74.57,158832.07,11803929.02,73.33,direct,,LTC
2024-06-24,73.39,67.6,73.33,389991.87,27262120.6,69.67,direct,,LTC
2024-06-25,71.97,69.39,69.67,202906.9,14366105.46,71.34,direct,,LTC
2024-06-26,71.95,70.41,71.34,189311.8,13490007.85,70.98,direct,,LTC
2024-06-27,73.25,70.51,70.98,172447.06,12380934.77,73.17,direct,,LTC
2024-06-28,74.66,72.46,73.17,351586.28,25819528.31,72.78,direct,,LTC
2024-06-29,76.7,72.76,72.78,280353.54,20954930.05,74.83,direct,,LTC
2024-06-30,75.89,74.01,74.83,240389.72,18007636.84,75.22,direct,,LTC
2024-07-01,75.84,74.1,75.22,211150.43,15804247.52,74.31,direct,,LTC
2024-07-02,76.09,74.2,74.31,187035.13,14022721.59,75.92,direct,,LTC
2024-07-03,76.13,71.72,75.92,277032.56,20473489.01,72.07,direct,,LTC
2024-07-04,72.35,65.03,72.07,398461.6,27360769.1,65.4,direct,,LTC
2024-07-05,65.56,57.0,65.4,846628.34,51030436.78,61.88,direct,,LTC
2024-07-06,65.68,61.46,61.88,293121.66,18658884.97,65.41,direct,,LTC
2024-07-07,65.58,61.64,65.41,230358.62,14695794.02,62.05,direct,,LTC
2024-07-08,66.93,59.3,62.05,448345.44,28611434.94,64.91,direct,,LTC
2024-07-09,66.27,64.27,64.91,198423.21,12984682.94,65.32,direct,,LTC
2024-07-10,67.29,64.54,65.32,212149.37,14030333.46,66.98,direct,,LTC
2024-07-11,69.14,66.47,66.98,231193.18,15726517.1,67.37,direct,,LTC
2024-07-12,69.43,66.81,67.37,305083.97,20942087.84,69.29,direct,,LTC
2024-07-13,70.67,69.18,69.29,215343.59,15052923.19,69.85,direct,,LTC
2024-07-14,70.54,69.28,69.85,164915.9,11538510.82,69.97,direct,,LTC
2024-07-15,72.55,69.73,69.97,311407.89,22107448.29,72.34,direct,,LTC
2024-07-16,74.1,70.39,72.34,278209.39,20219117.11,73.24,direct,,LTC
2024-07-17,74.27,71.16,73.24,256425.05,18634536.99,71.38,direct,,LTC
2024-07-18,72.95,70.55,71.38,209330.03,15022733.18,71.63,direct,,LTC
2024-07-19,74.15,69.67,71.63,245285.54,17657871.74,73.46,direct,,LTC
2024-07-20,73.93,72.38,73.46,136192.22,9974798.94,73.06,direct,,LTC
2024-07-21,74.14,71.35,73.06,179369.03,13120970.48,74.0,direct,,LTC
2024-07-22,74.8,71.08,74.11,2018331.48,144010982.15,71.35,multiply,BTC,LTC
2024-07-23,73.27,70.49,71.29,226503.27,16312111.02,72.92,direct,,LTC
2024-07-24,74.35,70.79,72.92,163105.07,11836244.01,71.29,direct,,LTC
2024-07-25,71.67,67.31,71.29,305570.92,21080154.68,68.81,direct,,LTC
2024-07-26,71.68,68.76,68.81,184312.4,13062382.14,71.33,direct,,LTC
2024-07-27,72.34,70.33,71.33,147969.05,10587270.31,71.33,direct,,LTC
2024-07-28,71.76,70.35,71.33,133149.97,9478709.27,71.09,direct,,LTC
2024-07-29,76.74,71.05,71.09,439012.55,32741380.73,73.7,direct,,LTC
2024-07-30,74.53,71.11,73.7,218111.82,15906693.28,71.68,direct,,LTC
2024-07-31,72.89,69.89,71.68,235764.18,16851299.82,70.14,direct,,LTC
2024-08-01,71.41,65.94,70.14,308405.15,21264706.81,69.53,direct,,LTC
2024-08-02,69.89,63.95,69.53,324747.54,21697438.76,64.99,direct,,LTC
2024-08-03,66.32,62.56,64.99,270867.68,17460062.61,64.63,direct,,LTC
2024-08-04,65.2,60.4,64.63,253363.22,16038585.68,62.44,direct,,LTC
2024-08-05,62.54,49.95,62.44,1269712.55,69522815.77,56.1,direct,,LTC
2024-08-06,59.34,56.03,56.1,384396.44,22371305.63,58.3,direct,,LTC
2024-08-07,59.54,55.37,58.3,399793.2,22927540.81,55.97,direct,,LTC
2024-08-08,61.98,55.23,55.97,309097.34,18264848.18,61.18,direct,,LTC
2024-08-09,61.26,59.39,61.18,265292.91,16010312.57,60.73,direct,,LTC
2024-08-10,61.55,60.17,60.73,177116.4,10779008.73,61.18,direct,,LTC
2024-08-11,62.36,58.84,61.18,234312.06,14262875.66,59.75,direct,,LTC
2024-08-12,62.06,59.23,59.75,289106.97,17636427.79,61.51,direct,,LTC
2024-08-13,63.52,61.15,61.51,247726.27,15468547.57,63.46,direct,,LTC
2024-08-14,64.71,62.63,63.46,284191.42,18165419.94,64.08,direct,,LTC
2024-08-15,66.9,63.62,64.08,490057.56,31886248.83,65.35,direct,,LTC
2024-08-16,66.81,64.37,65.35,348306.84,22954159.73,66.53,direct,,LTC
2024-08-17,67.88,65.93,66.53,192913.27,12939454.45,67.61,direct,,LTC
2024-08-18,68.15,66.13,67.61,177300.22,11899145.95,66.37,direct,,LTC
2024-08-19,67.45,66.03,66.37,246210.32,16399002.53,66.35,direct,,LTC
2024-08-20,67.34,63.23,66.35,257708.38,16839489.48,64.42,direct,,LTC
2024-08-21,64.79,62.06,64.42,291752.09,18523551.99,64.3,direct,,LTC
2024-08-22,64.39,62.55,64.3,252257.89,16008580.28,63.76,direct,,LTC
2024-08-23,66.9,63.52,63.76,199480.65,12934671.52,66.17,direct,,LTC
2024-08-24,68.02,65.49,66.17,168853.61,11273813.75,66.62,direct,,LTC
2024-08-25,66.91,64.48,66.62,148924.4,9753963.74,64.88,direct,,LTC
2024-08-26,65.12,63.03,64.88,184318.75,11807771.64,63.05,direct,,LTC
2024-08-27,63.99,59.11,63.05,243331.23,15155860.33,60.43,direct,,LTC
2024-08-28,62.37,59.44,60.43,284509.05,17361094.93,61.82,direct,,LTC
2024-08-29,63.96,61.16,61.82,246189.78,15403598.27,62.49,direct,,LTC
2024-08-30,65.43,61.62,62.49,350246.1,22226534.36,64.92,direct,,LTC
2024-08-31,66.46,64.89,64.92,248108.78,16254902.65,64.98,direct,,LTC
2024-09-01,65.13,62.91,64.98,138741.05,8920326.86,63.58,direct,,LTC
2024-09-02,65.74,62.62,63.58,195828.23,12577677.08,65.37,direct,,LTC
2024-09-03,66.35,64.32,65.37,202388.02,13233583.91,64.36,direct,,LTC
2024-09-04,66.23,62.11,64.36,257184.37,16739360.1,65.43,direct,,LTC
2024-09-05,68.52,64.46,65.43,411718.6,27209264.2,66.07,direct,,LTC
2024-09-06,66.81,61.31,66.07,318519.73,20533844.36,63.04,direct,,LTC
2024-09-07,64.14,61.68,63.04,213206.26,13439327.78,62.07,direct,,LTC
2024-09-08,62.3,59.95,62.07,243814.61,14944373.99,60.96,direct,,LTC
2024-09-09,61.77,59.71,60.96,339418.1,20619273.68,61.43,direct,,LTC
2024-09-10,61.77,60.36,61.43,226236.94,13812232.54,61.55,direct,,LTC
2024-09-11,62.44,60.14,61.55,216891.82,13331946.04,62.21,direct,,LTC
2024-09-12,63.15,61.53,62.21,162164.51,10106705.41,62.87,direct,,LTC
2024-09-13,65.05,62.45,62.87,180380.16,11530848.56,64.98,direct,,LTC
2024-09-14,66.78,64.93,64.98,163575.0,10780981.13,65.97,direct,,LTC
2024-09-15,66.36,62.97,65.97,135373.28,8763820.02,63.3,direct,,LTC
2024-09-16,63.74,62.09,63.3,133742.22,8397386.27,62.62,direct,,LTC
2024-09-17,64.04,61.93,62.62,182054.22,11482416.01,63.78,direct,,LTC
2024-09-18,64.85,62.43,63.78,174413.77,11115516.18,64.84,direct,,LTC
2024-09-19,66.09,64.73,64.84,197790.82,12933094.37,65.42,direct,,LTC
2024-09-20,66.44,64.33,65.42,202688.73,13258745.12,65.33,direct,,LTC
2024-09-21,67.14,64.85,65.33,138124.73,9134091.06,66.87,direct,,LTC
2024-09-22,68.8,66.5,66.87,180941.56,12199433.53,68.72,direct,,LTC
2024-09-23,69.31,66.65,68.72,204662.72,13866969.7,66.96,direct,,LTC
2024-09-24,67.16,65.7,66.96,195897.96,13013498.88,66.71,direct,,LTC
2024-09-25,67.85,65.15,66.71,164097.07,10984800.69,66.8,direct,,LTC
2024-09-26,68.61,65.66,66.8,204691.28,13823041.75,68.58,direct,,LTC
2024-09-27,71.24,68.33,68.58,249393.04,17420943.4,71.16,direct,,LTC
2024-09-28,71.54,69.05,71.16,175530.76,12337881.5,70.0,direct,,LTC
2024-09-29,70.33,68.53,70.0,142545.51,9904117.57,69.3,direct,,LTC
2024-09-30,69.38,66.33,69.3,229208.58,15478590.03,66.83,direct,,LTC
2024-10-01,68.58,62.01,66.83,278654.94,18196879.49,63.42,direct,,LTC
2024-10-02,64.77,62.25,63.42,230840.05,14649917.04,62.96,direct,,LTC
2024-10-03,63.98,61.96,62.96,171512.28,10828118.7,63.49,direct,,LTC
2024-10-04,65.18,63.32,63.49,171021.33,11023964.77,64.97,direct,,LTC
2024-10-05,66.34,64.71,64.97,137967.49,9052716.13,66.31,direct,,LTC
2024-10-06,67.65,66.16,66.31,131993.13,8851618.19,67.05,direct,,LTC
2024-10-07,67.96,64.53,67.05,187069.65,12419806.8,64.73,direct,,LTC
2024-10-08,66.11,64.55,64.73,127463.05,8345254.1,65.66,direct,,LTC
2024-10-09,65.93,64.09,65.66,131688.28,8571066.01,64.54,direct,,LTC
2024-10-10,65.01,63.21,64.54,133239.27,8568311.06,64.27,direct,,LTC
2024-10-11,65.93,64.25,64.27,129352.29,8437551.65,65.57,direct,,LTC
2024-10-12,66.65,65.06,65.57,108451.68,7167106.8,66.2,direct,,LTC
2024-10-13,66.29,64.43,66.2,120973.52,7887485.75,64.78,direct,,LTC
2024-10-14,67.35,64.13,64.78,234954.23,15530868.07,66.82,direct,,LTC
2024-10-15,71.92,65.32,66.82,512063.61,35144045.82,70.88,direct,,LTC
2024-10-16,73.0,69.36,70.88,415084.46,29552323.37,70.09,direct,,LTC
2024-10-17,73.96,69.9,70.09,312123.29,22398128.06,72.78,direct,,LTC
2024-10-18,74.81,71.89,72.78,304367.71,22204993.45,73.09,direct,,LTC
2024-10-19,76.15,73.04,73.09,198766.6,14852665.93,74.9,direct,,LTC
2024-10-20,75.79,73.63,74.9,171017.66,12763709.88,74.29,direct,,LTC
2024-10-21,74.55,70.33,74.29,240989.53,17410058.18,70.75,direct,,LTC
2024-10-22,71.55,69.37,70.75,245116.4,17240619.41,70.0,direct,,LTC
2024-10-23,70.34,67.82,70.0,200997.45,13880246.6,69.99,direct,,LTC
2024-10-24,71.27,69.24,69.99,175003.26,12316002.3,71.12,direct,,LTC
2024-10-25,72.24,66.81,71.12,230038.34,16216238.45,68.75,direct,,LTC
2024-10-26,69.62,68.04,68.75,128761.46,8856186.42,68.41,direct,,LTC
2024-10-27,71.14,67.95,68.41,123905.78,8642333.94,71.02,direct,,LTC
2024-10-28,71.46,69.58,71.02,209290.41,14781319.53,70.77,direct,,LTC
2024-10-29,74.33,70.71,70.77,266678.01,19388708.19,73.95,direct,,LTC
2024-10-30,74.23,71.45,73.95,178695.69,12946883.61,71.79,direct,,LTC
2024-10-31,72.06,68.37,71.79,204508.92,14374907.8,69.23,direct,,LTC
2024-11-01,71.03,67.66,69.23,218922.11,15255209.44,70.23,direct,,LTC
2024-11-02,71.22,68.88,70.23,144417.36,10097249.4,69.19,direct,,LTC
2024-11-03,69.26,65.29,69.19,190582.26,12770845.71,66.86,direct,,LTC
2024-11-04,67.65,64.44,66.86,174965.18,11616130.95,65.52,direct,,LTC
2024-11-05,67.25,64.9,65.52,311759.06,20638682.47,65.39,direct,,LTC
2024-11-06,71.66,65.37,65.39,483757.02,33668636.28,71.1,direct,,LTC
2024-11-07,72.46,69.98,71.1,265376.3,18951499.13,71.51,direct,,LTC
2024-11-08,73.1,70.74,71.51,281687.6,20289747.04,72.85,direct,,LTC
2024-11-09,74.22,71.65,72.85,255585.3,18629902.87,74.05,direct,,LTC
2024-11-10,78.27,73.49,74.05,494237.47,37764140.78,76.63,direct,,LTC
2024-11-11,80.43,74.68,76.63,565029.72,43921088.13,80.15,direct,,LTC
2024-11-12,82.8,74.14,80.15,698366.37,54377463.91,76.79,direct,,LTC
2024-11-13,77.99,71.99,76.79,628160.25,47151644.74,75.49,direct,,LTC
2024-11-14,84.94,74.28,75.49,1336084.8,108586292.18,82.34,direct,,LTC
2024-11-15,87.32,78.92,82.34,950109.55,79155432.75,83.72,direct,,LTC
2024-11-16,98.51,82.88,83.72,1394720.47,126962770.17,95.48,direct,,LTC
2024-11-17,97.41,85.11,95.48,882218.82,79456230.61,87.22,direct,,LTC
2024-11-18,94.77,86.49,87.22,994951.6,89870293.7,89.24,direct,,LTC
2024-11-19,90.21,85.2,89.24,558040.39,48973541.42,86.78,direct,,LTC
2024-11-20,87.88,82.46,86.78,428526.77,36502820.33,83.47,direct,,LTC
2024-11-21,92.04,81.69,83.47,778487.49,68856358.69,89.62,direct,,LTC
2024-11-22,92.75,87.83,89.62,705519.89,63751777.05,92.31,direct,,LTC
2024-11-23,106.5,92.22,92.31,1351794.41,135833012.17,99.63,direct,,LTC
2024-11-24,103.27,91.74,99.63,742440.02,72081182.65,96.99,direct,,LTC
2024-11-25,99.25,90.93,96.99,586630.6,56180360.18,92.3,direct,,LTC
2024-11-26,95.34,87.99,92.3,597535.26,54628841.58,92.83,direct,,LTC
2024-11-27,99.19,91.5,92.83,573461.59,54844445.12,97.26,direct,,LTC
2024-11-28,98.4,93.71,97.26,312557.95,30031190.45,95.57,direct,,LTC
2024-11-29,104.86,94.78,95.57,636410.23,63667864.91,104.82,direct,,LTC
2024-11-30,105.11,100.36,104.82,426319.77,43609887.1,102.78,direct,,LTC
2024-12-01,122.0,99.44,102.78,1053694.04,116104635.33,119.65,direct,,LTC
2024-12-02,139.73,114.88,119.65,2578050.99,326162108.31,132.89,direct,,LTC
2024-12-03,135.25,121.6,132.89,1460474.74,189690229.77,130.95,direct,,LTC
2024-12-04,135.84,122.07,130.95,1160400.25,150493219.9,133.88,direct,,LTC
2024-12-05,147.19,125.12,133.88,1783991.2,242537763.82,135.96,direct,,LTC
2024-12-06,139.3,130.26,135.96,909430.62,122564359.84,136.1,direct,,LTC
2024-12-07,138.86,131.93,136.1,504496.57,68455854.97,133.91,direct,,LTC
2024-12-08,135.96,130.2,133.91,341802.46,45561475.51,134.99,direct,,LTC
2024-12-09,135.1,103.52,134.99,1386981.9,162872350.64,110.62,direct,,LTC
2024-12-10,114.85,101.34,110.62,1328975.36,144537027.84,109.92,direct,,LTC
2024-12-11,119.05,106.11,109.92,790570.03,90089034.01,117.39,direct,,LTC
2024-12-12,125.07,116.57,117.39,803261.71,97313730.05,119.3,direct,,LTC
2024-12-13,125.3,117.12,119.3,521095.08,62854491.75,124.52,direct,,LTC
2024-12-14,125.34,115.45,124.52,373602.97,45017084.18,118.21,direct,,LTC
2024-12-15,122.13,114.06,118.21,383096.63,45358773.9,121.08,direct,,LTC
2024-12-16,124.05,115.36,121.08,649208.02,77772033.35,118.06,direct,,LTC
2024-12-17,131.44,114.45,118.06,879512.18,108366877.92,125.54,direct,,LTC
2024-12-18,129.09,106.98,125.54,1032849.85,120732947.39,108.29,direct,,LTC
2024-12-19,111.68,94.61,108.29,780932.81,80992427.4,99.29,direct,,LTC
2024-12-20,103.14,86.69,99.29,706632.73,67508622.85,101.34,direct,,LTC
2024-12-21,105.95,97.76,101.34,412304.02,42057443.53,101.5,direct,,LTC
2024-12-22,103.86,96.66,101.5,311771.75,31295102.73,99.69,direct,,LTC
2024-12-23,107.46,97.86,99.69,366639.99,37688821.67,106.62,direct,,LTC
2024-12-24,110.75,103.85,106.62,333344.2,35875929.51,108.29,direct,,LTC
2024-12-25,110.56,106.88,108.29,205279.28,22289210.96,109.78,direct,,LTC
2024-12-26,110.22,100.98,109.78,294876.07,30807032.06,102.12,direct,,LTC
2024-12-27,106.36,99.58,102.12,281694.57,28895734.64,100.45,direct,,LTC
2024-12-28,101.61,98.56,100.45,159005.64,15914702.85,100.57,direct,,LTC
2024-12-29,101.47,96.71,100.57,163241.35,16223715.41,98.34,direct,,LTC
2024-12-30,102.83,97.21,98.34,273391.39,27352607.03,99.25,direct,,LTC
2024-12-31,104.65,97.63,99.25,292652.3,29932870.91,103.07,direct,,LTC
2025-01-01,107.94,101.87,103.07,276435.86,29007752.81,105.03,direct,,LTC
2025-01-02,108.55,104.55,105.03,275086.48,29223320.45,105.03,direct,,LTC
2025-01-03,114.76,104.06,105.03,315004.87,34425862.5,112.69,direct,,LTC
2025-01-04,112.81,110.09,112.69,189166.11,21083073.49,111.22,direct,,LTC
2025-01-05,116.12,110.6,111.22,207657.09,23415481.63,115.65,direct,,LTC
2025-01-06,117.29,111.62,115.65,338609.89,38787762.69,114.05,direct,,LTC
2025-01-07,114.94,102.14,114.05,411732.7,44759738.44,102.73,direct,,LTC
2025-01-08,105.0,97.24,102.73,336635.35,34246168.72,101.42,direct,,LTC
2025-01-09,105.8,99.91,101.42,309548.4,31807345.15,102.25,direct,,LTC
2025-01-10,106.27,102.09,102.25,240334.13,25084639.32,103.97,direct,,LTC
2025-01-11,104.94,102.14,103.97,156716.17,16219572.77,104.37,direct,,LTC
2025-01-12,105.25,101.35,104.37,151122.63,15623705.47,102.33,direct,,LTC
2025-01-13,104.38,92.65,102.33,338729.1,32988119.79,98.37,direct,,LTC
2025-01-14,102.53,97.57,98.37,214325.32,21424078.34,102.43,direct,,LTC
2025-01-15,118.66,100.77,102.43,510268.54,55799852.88,117.03,direct,,LTC
2025-01-16,130.35,114.14,117.03,1397712.94,170263122.01,124.37,direct,,LTC
2025-01-17,141.07,124.37,124.37,1091170.07,147544735.71,137.07,direct,,LTC
2025-01-18,139.52,123.19,137.07,804348.45,103218320.5,125.27,direct,,LTC
2025-01-19,128.46,111.29,125.27,885823.6,106266599.12,115.45,direct,,LTC
2025-01-20,127.16,112.88,115.45,875115.3,104007287.69,118.43,direct,,LTC
2025-01-21,124.74,113.65,118.43,580730.01,69182151.81,119.12,direct,,LTC
2025-01-22,120.25,114.21,119.12,335593.02,39200644.94,115.3,direct,,LTC
2025-01-23,117.29,111.23,115.3,421036.03,48225199.01,116.45,direct,,LTC
2025-01-24,123.64,112.88,116.45,757479.88,89924973.93,118.71,direct,,LTC
2025-01-25,129.31,118.12,118.71,864084.02,107802972.86,123.87,direct,,LTC
2025-01-26,125.07,116.89,123.87,414807.83,50696787.25,117.07,direct,,LTC
2025-01-27,117.91,106.2,117.07,808543.98,90611737.25,115.02,direct,,LTC
2025-01-28,118.02,109.13,115.02,428470.16,48825994.04,109.94,direct,,LTC
2025-01-29,119.47,109.83,109.94,497139.04,56795151.62,115.9,direct,,LTC
2025-01-30,134.05,114.14,115.9,993330.75,126517128.38,130.15,direct,,LTC
2025-01-31,135.25,125.18,130.15,674820.96,87199811.05,128.02,direct,,LTC
2025-02-01,132.97,117.71,128.02,645329.28,80598800.6,118.04,direct,,LTC
2025-02-02,121.29,104.14,118.04,883704.66,100233272.29,109.14,direct,,LTC
2025-02-03,109.15,80.79,109.14,1743282.52,170886480.75,106.98,direct,,LTC
2025-02-04,108.77,98.52,106.98,784423.13,80350964.24,101.16,direct,,LTC
2025-02-05,109.43,100.56,101.16,550576.21,57679039.33,103.42,direct,,LTC
2025-02-06,109.66,99.58,103.42,739666.66,77219586.57,101.72,direct,,LTC
2025-02-07,108.14,100.64,101.72,509193.06,53189926.2,103.13,direct,,LTC
2025-02-08,105.17,101.78,103.13,303207.31,31393023.89,104.72,direct,,LTC
2025-02-09,109.14,102.4,104.72,417459.89,44463368.35,107.18,direct,,LTC
2025-02-10,122.42,107.16,107.18,1106360.31,127748832.25,120.19,direct,,LTC
2025-02-11,132.11,117.81,120.19,1247636.27,156052107.98,119.29,direct,,LTC
2025-02-12,125.14,111.49,119.29,1021668.44,121404596.67,122.07,direct,,LTC
2025-02-13,129.54,118.95,122.07,1051557.46,130436335.99,126.67,direct,,LTC
2025-02-14,133.8,124.41,126.67,1141566.77,146494899.35,124.92,direct,,LTC
2025-02-15,134.97,124.31,124.92,951250.49,124833655.29,133.84,direct,,LTC
2025-02-16,137.47,125.03,133.84,850430.15,112307171.73,125.67,direct,,LTC
2025-02-17,128.84,120.07,125.67,792263.74,98239493.65,122.31,direct,,LTC
2025-02-18,129.71,119.91,122.31,925629.32,115846858.1,129.65,direct,,LTC
2025-02-19,139.79,129.62,129.65,1054024.03,141851434.64,134.93,direct,,LTC
2025-02-20,135.16,125.92,134.93,849836.38,110270298.56,130.87,direct,,LTC
2025-02-21,139.99,123.76,130.87,1153692.08,153040578.36,128.09,direct,,LTC
2025-02-22,131.17,125.71,128.09,392210.3,50201858.63,125.95,direct,,LTC
2025-02-23,130.38,125.29,125.95,250741.32,32014027.78,129.87,direct,,LTC
2025-02-24,130.45,112.44,129.87,678457.99,82371081.25,114.78,direct,,LTC
2025-02-25,117.13,106.18,114.78,972301.18,109204911.46,114.48,direct,,LTC
2025-02-26,128.5,113.89,114.48,1298080.47,160448862.12,124.52,direct,,LTC
2025-02-27,131.94,121.72,124.52,999732.08,126758970.46,126.78,direct,,LTC
2025-02-28,129.49,114.07,126.78,1173858.54,144019297.27,128.0,direct,,LTC
2025-03-01,130.85,122.94,128.0,450591.06,56928898.48,124.28,direct,,LTC
2025-03-02,129.99,117.61,124.28,927858.26,115650268.7,127.85,direct,,LTC
2025-03-03,130.3,106.7,127.85,1067737.92,124269151.64,109.83,direct,,LTC
2025-03-04,110.85,94.05,109.83,1319432.15,135167888.71,103.65,direct,,LTC
2025-03-05,106.77,100.64,103.65,502789.73,52112032.14,104.76,direct,,LTC
2025-03-06,112.98,102.17,104.76,764454.64,81632477.94,103.41,direct,,LTC
2025-03-07,106.67,97.43,103.41,671772.65,69120656.91,103.66,direct,,LTC
2025-03-08,108.64,101.69,103.66,432347.79,45275867.6,102.29,direct,,LTC
2025-03-09,102.73,93.69,102.29,515090.27,50695455.08,94.57,direct,,LTC
2025-03-10,99.06,86.31,94.57,735608.81,68103369.92,87.43,direct,,LTC
2025-03-11,93.21,83.39,87.43,779232.55,69278861.58,90.42,direct,,LTC
2025-03-12,92.89,87.33,90.42,375276.79,33866364.53,91.51,direct,,LTC
2025-03-13,91.74,86.27,91.51,382294.5,33823659.66,88.06,direct,,LTC
2025-03-14,92.82,87.81,88.06,308482.0,27924355.66,91.3,direct,,LTC
2025-03-15,94.24,90.98,91.3,213824.75,19823190.03,92.47,direct,,LTC
2025-03-16,92.68,88.39,92.47,209534.52,18971521.64,90.25,direct,,LTC
2025-03-17,94.37,90.25,90.25,355465.48,33086770.55,92.31,direct,,LTC
2025-03-18,92.33,87.13,92.31,295683.15,26346312.03,90.05,direct,,LTC
2025-03-19,94.24,89.36,90.05,356575.62,32630584.18,94.11,direct,,LTC
2025-03-20,94.57,90.1,94.11,237617.25,21966385.21,93.25,direct,,LTC
2025-03-21,93.87,90.81,93.25,259457.07,24087537.97,90.82,direct,,LTC
2025-03-22,92.2,90.4,90.82,127635.19,11638691.01,91.34,direct,,LTC
2025-03-23,92.99,90.67,91.34,122702.61,11261905.43,91.48,direct,,LTC
2025-03-24,95.63,90.86,91.48,361702.7,33902254.0,93.78,direct,,LTC
2025-03-25,94.73,91.93,93.78,241289.34,22536987.15,94.4,direct,,LTC
2025-03-26,96.52,90.94,94.4,336897.67,31709451.98,92.41,direct,,LTC
2025-03-27,95.0,92.19,92.41,241587.3,22543805.68,92.79,direct,,LTC
2025-03-28,93.39,85.69,92.79,337027.23,29797638.49,87.34,direct,,LTC
2025-03-29,88.0,84.19,87.34,217823.74,18740026.14,85.43,direct,,LTC
2025-03-30,86.79,84.69,85.43,220098.43,18942435.8,86.07,direct,,LTC
2025-03-31,86.2,80.84,86.07,456449.96,38083164.95,82.96,direct,,LTC
2025-04-01,85.88,82.86,82.96,245362.5,20737416.99,84.49,direct,,LTC
2025-04-02,88.44,80.97,84.49,522788.39,44021426.02,81.53,direct,,LTC
2025-04-03,84.63,80.18,81.53,319210.45,26359168.0,83.41,direct,,LTC
2025-04-04,85.69,81.62,83.41,410758.02,34422114.56,84.39,direct,,LTC
2025-04-05,84.93,81.63,84.39,142410.25,11851738.18,82.67,direct,,LTC
2025-04-06,83.08,68.43,82.67,560347.59,42199096.05,70.6,direct,,LTC
2025-04-07,72.95,63.1,70.6,792105.0,54336986.35,70.98,direct,,LTC
2025-04-08,73.48,68.19,70.98,437489.89,31102157.77,69.11,direct,,LTC
2025-04-09,78.27,66.52,69.11,671234.09,48799411.37,76.01,direct,,LTC
2025-04-10,76.06,71.07,76.01,404978.17,29734802.79,73.77,direct,,LTC
2025-04-11,77.47,73.7,73.77,375343.48,28523035.44,76.2,direct,,LTC
2025-04-12,80.06,74.9,76.2,279289.41,21656184.42,78.61,direct,,LTC
2025-04-13,80.0,76.43,78.61,265497.92,20809763.37,77.82,direct,,LTC
2025-04-14,80.6,75.75,77.82,289630.69,22556939.76,77.15,direct,,LTC
2025-04-15,78.68,74.67,77.15,229000.17,17559032.7,75.27,direct,,LTC
2025-04-16,76.53,73.33,75.27,264549.56,19846526.36,74.33,direct,,LTC
2025-04-17,76.51,73.67,74.33,224905.75,16917953.41,74.94,direct,,LTC
2025-04-18,77.05,74.63,74.94,185681.67,14087495.23,76.0,direct,,LTC
2025-04-19,76.73,74.26,76.0,171182.52,12981948.26,76.1,direct,,LTC
2025-04-20,78.46,75.31,76.1,167867.25,12871180.12,77.79,direct,,LTC
2025-04-21,81.73,77.44,77.79,271449.49,21537977.41,78.12,direct,,LTC
2025-04-22,84.71,77.44,78.12,333493.09,27142105.67,83.52,direct,,LTC
2025-04-23,85.24,82.26,83.52,333268.01,28012866.38,83.29,direct,,LTC
2025-04-24,84.61,80.81,83.29,258768.25,21410506.78,84.32,direct,,LTC
2025-04-25,87.33,82.96,84.32,265995.9,22788757.31,86.34,direct,,LTC
2025-04-26,88.07,85.26,86.34,173758.59,15124092.15,87.11,direct,,LTC
2025-04-27,87.63,84.64,87.11,161112.92,13892129.99,85.41,direct,,LTC
2025-04-28,88.09,83.78,85.41,306285.04,26264963.05,85.69,direct,,LTC
2025-04-29,87.44,84.58,85.69,290474.7,24994698.32,85.6,direct,,LTC
2025-04-30,86.64,81.51,85.6,336893.28,28408687.7,83.55,direct,,LTC
2025-05-01,91.03,83.34,83.55,371865.15,32466548.69,88.88,direct,,LTC
2025-05-02,91.48,87.15,88.88,230922.32,20514292.37,88.01,direct,,LTC
2025-05-03,88.04,85.63,88.01,160001.4,13909993.24,86.58,direct,,LTC
2025-05-04,86.92,84.85,86.58,198152.69,17061321.83,85.07,direct,,LTC
2025-05-05,89.5,82.2,85.07,477123.82,41142884.68,83.27,direct,,LTC
2025-05-06,92.62,81.08,83.27,641148.4,54552862.32,91.59,direct,,LTC
2025-05-07,93.59,87.26,91.59,619053.91,56406202.48,89.55,direct,,LTC
2025-05-08,95.4,89.43,89.55,658287.57,60860149.09,94.96,direct,,LTC
2025-05-09,101.51,93.86,94.96,636737.53,62403171.89,100.52,direct,,LTC
2025-05-10,106.96,100.48,100.52,700473.0,72588653.53,105.26,direct,,LTC
2025-05-11,105.92,98.25,105.26,532314.48,54096321.55,100.13,direct,,LTC
2025-05-12,105.03,98.34,100.13,696677.54,71042046.67,103.85,direct,,LTC
2025-05-13,105.22,99.47,103.85,612486.5,62833093.93,103.45,direct,,LTC
2025-05-14,105.95,98.62,103.45,511751.81,52240136.27,100.99,direct,,LTC
2025-05-15,101.92,95.61,100.99,562220.46,55330956.33,99.28,direct,,LTC
2025-05-16,102.19,98.32,99.28,307534.62,30881778.03,99.5,direct,,LTC
2025-05-17,101.23,95.71,99.5,280561.18,27566118.42,96.1,direct,,LTC
2025-05-18,102.47,95.9,96.1,284845.26,28134103.24,100.98,direct,,LTC
2025-05-19,101.25,94.42,100.98,295029.85,28673974.11,98.28,direct,,LTC
2025-05-20,99.68,92.39,98.28,412203.57,39038477.62,94.5,direct,,LTC
2025-05-21,98.34,93.51,94.5,355087.01,33941895.53,97.15,direct,,LTC
2025-05-22,101.05,97.04,97.15,408736.19,40525430.91,100.28,direct,,LTC
2025-05-23,102.89,94.67,100.28,359563.62,35690648.68,95.29,direct,,LTC
2025-05-24,97.82,94.91,95.29,168918.43,16304346.64,95.62,direct,,LTC
2025-05-25,96.05,93.15,95.62,162291.76,15384886.02,95.67,direct,,LTC
2025-05-26,97.62,94.38,95.67,188254.21,18077301.29,95.06,direct,,LTC
2025-05-27,97.03,93.11,95.06,305241.91,29193828.1,95.95,direct,,LTC
2025-05-28,97.49,93.55,95.95,190710.53,18183862.47,95.37,direct,,LTC
2025-05-29,98.9,92.9,95.37,307859.0,29535342.82,93.21,direct,,LTC
2025-05-30,93.89,84.96,93.21,343760.63,30719011.2,85.69,direct,,LTC
2025-05-31,87.95,83.2,85.69,220264.56,18864692.96,87.09,direct,,LTC
2025-06-01,88.76,85.87,87.09,146527.13,12795696.88,88.44,direct,,LTC
2025-06-02,89.99,87.04,88.44,178097.72,15767846.88,89.58,direct,,LTC
2025-06-03,90.63,88.81,89.58,157837.26,14157977.37,89.55,direct,,LTC
2025-06-04,91.02,87.47,89.55,142657.38,12781518.98,88.02,direct,,LTC
2025-06-05,89.12,81.44,88.02,227624.1,19567361.0,83.65,direct,,LTC
2025-06-06,87.73,83.26,83.65,177627.0,15183559.26,87.34,direct,,LTC
2025-06-07,89.36,86.74,87.34,123861.13,10925272.95,88.39,direct,,LTC
2025-06-08,88.66,86.74,88.39,132863.32,11664798.34,87.24,direct,,LTC
2025-06-09,90.83,86.79,87.24,192107.77,17038580.58,90.8,direct,,LTC
2025-06-10,93.48,89.59,90.8,238325.28,21765408.46,93.33,direct,,LTC
2025-06-11,94.17,90.42,93.33,208033.25,19173212.04,91.58,direct,,LTC
2025-06-12,91.87,86.1,91.58,184281.73,16384821.24,86.2,direct,,LTC
2025-06-13,86.73,81.42,86.2,296910.12,24884599.11,86.61,direct,,LTC
2025-06-14,86.95,84.27,86.61,144691.67,12403288.79,85.24,direct,,LTC
2025-06-15,86.6,84.96,85.24,135899.45,11660165.61,86.32,direct,,LTC
2025-06-16,88.94,85.39,86.32,204287.76,17900437.75,86.67,direct,,LTC
2025-06-17,87.77,82.54,86.67,234305.02,19946739.96,84.26,direct,,LTC
2025-06-18,85.66,83.38,84.26,160737.27,13627679.6,85.13,direct,,LTC
2025-06-19,85.95,84.23,85.13,162093.91,13789770.75,85.14,direct,,LTC
2025-06-20,85.99,81.0,85.14,238708.94,20040137.33,82.94,direct,,LTC
2025-06-21,84.13,78.7,82.94,182258.56,14916125.39,80.27,direct,,LTC
2025-06-22,82.05,76.24,80.27,286431.89,22712090.6,80.25,direct,,LTC
2025-06-23,85.47,79.53,80.25,230518.05,18904526.56,84.96,direct,,LTC
2025-06-24,85.42,83.9,84.96,165827.24,14044159.8,84.88,direct,,LTC
2025-06-25,85.49,84.02,84.88,228407.13,19361461.81,84.74,direct,,LTC
2025-06-26,85.98,83.83,84.74,201702.29,17128287.77,84.33,direct,,LTC
2025-06-27,85.67,83.24,84.33,224565.15,18975316.31,84.86,direct,,LTC
2025-06-28,87.41,84.63,84.86,135992.04,11687887.58,86.36,direct,,LTC
2025-06-29,88.49,85.9,86.36,137844.41,11977577.85,88.0,direct,,LTC
2025-06-30,88.35,84.8,88.0,223554.67,19303722.6,86.01,direct,,LTC
2025-07-01,86.85,82.45,86.01,190711.9,16177762.34,83.26,direct,,LTC
2025-07-02,88.69,83.02,83.26,234801.04,20214016.05,87.35,direct,,LTC
2025-07-03,92.29,86.97,87.35,320457.48,28832461.87,89.08,direct,,LTC
2025-07-04,89.33,85.74,89.08,239549.78,20958561.58,86.87,direct,,LTC
2025-07-05,87.87,85.88,86.87,108161.8,9379340.77,87.6,direct,,LTC
2025-07-06,88.54,86.52,87.6,142784.4,12501614.11,87.38,direct,,LTC
2025-07-07,88.28,85.18,87.38,212173.83,18404546.06,86.08,direct,,LTC
2025-07-08,88.02,85.57,86.08,191884.54,16653184.6,87.8,direct,,LTC
2025-07-09,88.29,87.18,87.8,65860.02,5772182.68,88.02,direct,,LTC
