time,high,low,open,volumefrom,volumeto,close,conversionType,conversionSymbol,symbol
2020-01-17,0.01939,0.0161,0.01604,1368919775.0,25570248.23,0.01868,multiply,BTC,MATIC
2020-01-18,0.01889,0.01728,0.01868,377909295.0,6599123.46,0.01746,multiply,BTC,MATIC
2020-01-19,0.01714,0.01627,0.01746,350635169.0,5767210.48,0.01645,multiply,BTC,MATIC
2020-01-20,0.0171,0.01615,0.01645,293201549.0,4936446.39,0.01684,multiply,BTC,MATIC
2020-01-21,0.01762,0.01684,0.01684,359659652.0,6150426.92,0.0171,multiply,BTC,MATIC
2020-01-22,0.01725,0.01681,0.0171,126985577.0,2168215.51,0.01707,multiply,BTC,MATIC
2020-01-23,0.01662,0.01578,0.01707,193554209.0,3103269.11,0.01603,multiply,BTC,MATIC
2020-01-24,0.01644,0.01568,0.01603,164939180.0,2684110.6,0.01627,multiply,BTC,MATIC
2020-01-25,0.01644,0.01586,0.01627,113391429.0,1816994.42,0.01602,multiply,BTC,MATIC
2020-01-26,0.01669,0.01643,0.01602,83965238.0,1386816.09,0.01652,multiply,BTC,MATIC
2020-01-27,0.01771,0.01673,0.01652,226430144.0,3828477.7,0.01691,multiply,BTC,MATIC
2020-01-28,0.01784,0.01709,0.01691,229561546.0,3923983.98,0.01709,multiply,BTC,MATIC
2020-01-29,0.01709,0.01644,0.01709,124990779.0,2135663.84,0.01709,multiply,BTC,MATIC
2020-01-30,0.01891,0.01729,0.01709,400303087.0,7416691.9,0.01853,multiply,BTC,MATIC
2020-01-31,0.01878,0.01775,0.01853,368668961.0,6578403.33,0.01784,multiply,BTC,MATIC
2020-02-01,0.01839,0.01783,0.01784,102557547.0,1867145.57,0.01821,multiply,BTC,MATIC
2020-02-02,0.01951,0.01802,0.01821,308678542.0,5877816.67,0.01904,multiply,BTC,MATIC
2020-02-03,0.02248,0.0183,0.01904,1117159872.0,24490317.94,0.02192,multiply,BTC,MATIC
2020-02-04,0.02238,0.02018,0.02192,944721517.0,19756124.44,0.02091,multiply,BTC,MATIC
2020-02-05,0.02278,0.02086,0.02091,717430604.0,15445980.16,0.02153,multiply,BTC,MATIC
2020-02-06,0.02517,0.02176,0.02153,1228006017.0,30070377.85,0.02449,multiply,BTC,MATIC
2020-02-07,0.02521,0.02285,0.02449,751512109.0,17322088.08,0.02305,multiply,BTC,MATIC
2020-02-08,0.02326,0.0197,0.02305,1055271920.0,22353038.9,0.02118,multiply,BTC,MATIC
2020-02-09,0.02245,0.02093,0.02118,382296666.0,8387896.52,0.02194,multiply,BTC,MATIC
2020-02-10,0.02188,0.0207,0.02194,424538958.0,9165407.95,0.02159,multiply,BTC,MATIC
2020-02-11,0.02311,0.02177,0.02159,386399325.0,8888545.84,0.023,multiply,BTC,MATIC
2020-02-12,0.02463,0.02214,0.023,635861254.0,14541463.52,0.02287,multiply,BTC,MATIC
2020-02-13,0.02323,0.0219,0.02287,391704676.0,8698313.27,0.02221,multiply,BTC,MATIC
2020-02-14,0.02393,0.02248,0.02221,385657577.0,8989999.18,0.02331,multiply,BTC,MATIC
2020-02-15,0.02298,0.02011,0.02331,540641771.0,11299660.25,0.0209,multiply,BTC,MATIC
2020-02-16,0.02154,0.01906,0.0209,520658094.0,10490628.15,0.02015,multiply,BTC,MATIC
2020-02-17,0.02018,0.01902,0.02015,470131638.0,9442186.63,0.02008,multiply,BTC,MATIC
2020-02-18,0.02199,0.02087,0.02008,525767812.0,11349808.64,0.02159,multiply,BTC,MATIC
2020-02-19,0.02209,0.01959,0.02159,269869387.0,5416029.97,0.02007,multiply,BTC,MATIC
2020-02-20,0.02076,0.01941,0.02007,247046857.0,5127459.49,0.02076,multiply,BTC,MATIC
2020-02-21,0.02192,0.02056,0.02076,452197875.0,9384652.6,0.02075,multiply,BTC,MATIC
2020-02-22,0.02108,0.0205,0.02075,135842263.0,2837792.91,0.02089,multiply,BTC,MATIC
2020-02-23,0.02315,0.02135,0.02089,320260128.0,7157606.84,0.02235,multiply,BTC,MATIC
2020-02-24,0.02203,0.0201,0.02235,255669635.0,5312316.84,0.02078,multiply,BTC,MATIC
2020-02-25,0.02012,0.01863,0.02078,314040477.0,5997598.1,0.0191,multiply,BTC,MATIC
2020-02-26,0.01864,0.01706,0.0191,447058112.0,8176907.46,0.01829,multiply,BTC,MATIC
2020-02-27,0.02002,0.01808,0.01829,378431334.0,7444480.39,0.01967,multiply,BTC,MATIC
2020-02-28,0.0204,0.01822,0.01967,374957513.0,7584922.84,0.02023,multiply,BTC,MATIC
2020-02-29,0.02094,0.01948,0.02023,422860425.0,8564072.31,0.02025,multiply,BTC,MATIC
2020-03-01,0.02077,0.01881,0.02025,326341950.0,6305448.23,0.01932,multiply,BTC,MATIC
2020-03-02,0.02176,0.0198,0.01932,279040982.0,5948645.49,0.02132,multiply,BTC,MATIC
2020-03-03,0.02402,0.02051,0.02132,638066434.0,14989470.96,0.02349,multiply,BTC,MATIC
2020-03-04,0.02755,0.02334,0.02349,1273598999.0,32070176.21,0.02518,multiply,BTC,MATIC
2020-03-05,0.02804,0.02541,0.02518,833845737.0,22019969.92,0.02641,multiply,BTC,MATIC
2020-03-06,0.02675,0.02446,0.02641,500203871.0,12509030.73,0.02501,multiply,BTC,MATIC
2020-03-07,0.02858,0.02431,0.02501,1080486865.0,28957261.05,0.0268,multiply,BTC,MATIC
2020-03-08,0.02433,0.02103,0.0268,868438825.0,18613598.62,0.02143,multiply,BTC,MATIC
2020-03-09,0.02256,0.01938,0.02143,1202083469.0,24734064.65,0.02058,multiply,BTC,MATIC
2020-03-10,0.02179,0.01997,0.02058,722634097.0,14889920.81,0.02061,multiply,BTC,MATIC
2020-03-11,0.02153,0.01804,0.02061,962213757.0,18348323.27,0.01907,multiply,BTC,MATIC
2020-03-12,0.0119,0.009047,0.01907,1767769392.0,16514293.06,0.009342,multiply,BTC,MATIC
2020-03-13,0.01155,0.009632,0.009342,1305065467.0,14334227.01,0.01098,multiply,BTC,MATIC
2020-03-14,0.01052,0.009794,0.01098,502482969.0,4947127.23,0.009845,multiply,BTC,MATIC
2020-03-15,0.01039,0.009696,0.009845,528234688.0,5235063.01,0.00991,multiply,BTC,MATIC
2020-03-16,0.009333,0.007769,0.00991,929938538.0,7600294.68,0.008173,multiply,BTC,MATIC
2020-03-17,0.009768,0.00854,0.008173,624463016.0,5766386.28,0.009234,multiply,BTC,MATIC
2020-03-18,0.009419,0.008715,0.009234,406129660.0,3715303.13,0.009148,multiply,BTC,MATIC
2020-03-19,0.01169,0.01033,0.009148,689255046.0,7758586.74,0.01126,multiply,BTC,MATIC
2020-03-20,0.01192,0.01043,0.01126,669292152.0,7269362.77,0.01086,multiply,BTC,MATIC
2020-03-21,0.01177,0.01059,0.01086,447804603.0,5021559.15,0.01121,multiply,BTC,MATIC
2020-03-22,0.01067,0.009966,0.01121,230999537.0,2329098.92,0.01008,multiply,BTC,MATIC
2020-03-23,0.01145,0.01112,0.01008,194136418.0,2171623.87,0.01119,multiply,BTC,MATIC
2020-03-24,0.01184,0.01117,0.01119,237284131.0,2681593.19,0.0113,multiply,BTC,MATIC
2020-03-25,0.01165,0.01098,0.0113,223990394.0,2564040.24,0.01145,multiply,BTC,MATIC
2020-03-26,0.01243,0.01142,0.01145,309686566.0,3683409.54,0.01189,multiply,BTC,MATIC
2020-03-27,0.01143,0.01072,0.01189,168749017.0,1831055.08,0.01085,multiply,BTC,MATIC
2020-03-28,0.01075,0.01032,0.01085,217599869.0,2326525.12,0.01069,multiply,BTC,MATIC
2020-03-29,0.01018,0.009882,0.01069,144401703.0,1443979.49,0.01,multiply,BTC,MATIC
2020-03-30,0.01114,0.01069,0.01,168811391.0,1805189.29,0.01069,multiply,BTC,MATIC
2020-03-31,0.01118,0.01066,0.01069,209217959.0,2311567.47,0.01105,multiply,BTC,MATIC
2020-04-01,0.01193,0.01126,0.01105,325921839.0,3670380.1,0.01126,multiply,BTC,MATIC
2020-04-02,0.01204,0.0113,0.01126,315111081.0,3623610.36,0.0115,multiply,BTC,MATIC
2020-04-03,0.0116,0.01133,0.0115,162450005.0,1873323.55,0.01153,multiply,BTC,MATIC
2020-04-04,0.0119,0.01162,0.01153,123486296.0,1443445.51,0.01169,multiply,BTC,MATIC
2020-04-05,0.01166,0.01133,0.01169,95326944.0,1092539.4,0.01146,multiply,BTC,MATIC
2020-04-06,0.01374,0.01227,0.01146,631005598.0,8576853.36,0.01359,multiply,BTC,MATIC
2020-04-07,0.01368,0.01275,0.01359,449390784.0,5825374.54,0.01296,multiply,BTC,MATIC
2020-04-08,0.01392,0.01311,0.01296,276758451.0,3812896.17,0.01378,multiply,BTC,MATIC
2020-04-09,0.01401,0.01335,0.01378,258207501.0,3503324.0,0.01357,multiply,BTC,MATIC
2020-04-10,0.01279,0.01162,0.01357,387665051.0,4665105.98,0.01203,multiply,BTC,MATIC
2020-04-11,0.01267,0.01192,0.01203,257131205.0,3134699.89,0.01219,multiply,BTC,MATIC
2020-04-12,0.01258,0.01203,0.01219,159445203.0,1951187.58,0.01224,multiply,BTC,MATIC
2020-04-13,0.01221,0.01187,0.01224,151676554.66,1820725.74,0.012,multiply,BTC,MATIC
2020-04-14,0.01238,0.01197,0.012,144383886.43,1758106.1,0.01218,multiply,BTC,MATIC
2020-04-15,0.0118,0.01154,0.01218,88127609.0,1028272.1,0.01167,multiply,BTC,MATIC
2020-04-16,0.01274,0.01231,0.01167,142576927.6,1805579.81,0.01266,multiply,BTC,MATIC
2020-04-17,0.01295,0.01246,0.01266,167352503.09,2143376.96,0.01281,multiply,BTC,MATIC
2020-04-18,0.01358,0.01308,0.01281,110742838.68,1488265.98,0.01344,multiply,BTC,MATIC
2020-04-19,0.01341,0.01284,0.01344,187762449.54,2424109.51,0.01291,multiply,BTC,MATIC
2020-04-20,0.01266,0.01191,0.01291,198904999.86,2395355.63,0.01204,multiply,BTC,MATIC
2020-04-21,0.01227,0.01179,0.01204,178148922.88,2149365.61,0.01206,multiply,BTC,MATIC
2020-04-22,0.01292,0.01249,0.01206,114967272.49,1468406.14,0.01277,multiply,BTC,MATIC
2020-04-23,0.01483,0.01318,0.01277,592584017.56,8476598.82,0.0143,multiply,BTC,MATIC
2020-04-24,0.01562,0.01434,0.0143,619305549.26,9115250.21,0.01472,multiply,BTC,MATIC
2020-04-25,0.01547,0.01449,0.01472,352976816.94,5327775.6,0.01509,multiply,BTC,MATIC
2020-04-26,0.01617,0.01525,0.01509,400928437.79,6298888.06,0.01571,multiply,BTC,MATIC
2020-04-27,0.0162,0.01503,0.01571,384519619.82,5928935.63,0.01542,multiply,BTC,MATIC
2020-04-28,0.01591,0.01506,0.01542,231044918.75,3639754.48,0.01575,multiply,BTC,MATIC
2020-04-29,0.0181,0.01616,0.01575,584149671.68,9596337.9,0.01643,multiply,BTC,MATIC
2020-04-30,0.01641,0.01486,0.01643,568641735.61,8791902.03,0.01546,multiply,BTC,MATIC
2020-05-01,0.01642,0.01563,0.01546,242108686.77,3847691.97,0.01589,multiply,BTC,MATIC
2020-05-02,0.01724,0.01599,0.01589,290253630.93,4926851.6,0.01697,multiply,BTC,MATIC
2020-05-03,0.01773,0.01639,0.01697,442076493.59,7560305.9,0.0171,multiply,BTC,MATIC
2020-05-04,0.0175,0.01616,0.0171,343041321.78,5849804.07,0.01705,multiply,BTC,MATIC
2020-05-05,0.01743,0.0168,0.01705,182829790.15,3087196.65,0.01689,multiply,BTC,MATIC
2020-05-06,0.01803,0.01702,0.01689,385736282.51,6567141.69,0.01702,multiply,BTC,MATIC
2020-05-07,0.0192,0.0172,0.01702,495303627.59,8618222.79,0.0174,multiply,BTC,MATIC
2020-05-08,0.01834,0.01707,0.0174,346944326.06,6227293.09,0.01795,multiply,BTC,MATIC
2020-05-09,0.01794,0.01708,0.01795,213813057.12,3692432.89,0.01727,multiply,BTC,MATIC
2020-05-10,0.01581,0.01441,0.01727,498429387.37,7619159.84,0.01529,multiply,BTC,MATIC
2020-05-11,0.01525,0.01414,0.01529,492897327.28,7391261.59,0.015,multiply,BTC,MATIC
2020-05-12,0.018,0.01526,0.015,882097863.97,15251042.31,0.01729,multiply,BTC,MATIC
2020-05-13,0.0205,0.01798,0.01729,1117100864.57,22690574.21,0.02031,multiply,BTC,MATIC
2020-05-14,0.02223,0.01978,0.02031,1087041169.88,21929937.47,0.02017,multiply,BTC,MATIC
2020-05-15,0.02011,0.0189,0.02017,455046207.34,8771105.88,0.01928,multiply,BTC,MATIC
2020-05-16,0.02093,0.01877,0.01928,586758508.51,11787010.99,0.02009,multiply,BTC,MATIC
2020-05-17,0.02128,0.01992,0.02009,349309656.34,7093841.98,0.02031,multiply,BTC,MATIC
2020-05-18,0.02129,0.02003,0.02031,288736953.64,5979573.37,0.02071,multiply,BTC,MATIC
2020-05-19,0.02318,0.02073,0.02071,793912555.98,17703341.76,0.0223,multiply,BTC,MATIC
2020-05-20,0.02187,0.01959,0.0223,623999931.03,13054571.52,0.02092,multiply,BTC,MATIC
2020-05-21,0.02002,0.01866,0.02092,455514188.3,8748292.65,0.01921,multiply,BTC,MATIC
2020-05-22,0.021,0.01926,0.01921,314166920.78,6396137.79,0.02036,multiply,BTC,MATIC
2020-05-23,0.02058,0.01975,0.02036,203020476.67,4084316.43,0.02012,multiply,BTC,MATIC
2020-05-24,0.0204,0.01901,0.02012,482775215.1,9344137.36,0.01936,multiply,BTC,MATIC
2020-05-25,0.02163,0.01958,0.01936,569805019.57,12173059.17,0.02136,multiply,BTC,MATIC
2020-05-26,0.02689,0.02096,0.02136,1891052544.09,48670955.4,0.02574,multiply,BTC,MATIC
2020-05-27,0.02761,0.02375,0.02574,1576678974.78,38603863.99,0.02448,multiply,BTC,MATIC
2020-05-28,0.02721,0.02462,0.02448,904269764.52,22782748.74,0.02519,multiply,BTC,MATIC
2020-05-29,0.02705,0.0245,0.02519,647118798.07,16771834.11,0.02592,multiply,BTC,MATIC
2020-05-30,0.02677,0.02309,0.02592,780388057.04,18772589.32,0.02406,multiply,BTC,MATIC
2020-05-31,0.02476,0.01956,0.02406,1388017809.73,28333628.65,0.02041,multiply,BTC,MATIC
2020-06-01,0.0241,0.02124,0.02041,802945219.77,17463994.21,0.02175,multiply,BTC,MATIC
2020-06-02,0.02124,0.02,0.02175,599724435.86,12451343.8,0.02076,multiply,BTC,MATIC
2020-06-03,0.02214,0.02059,0.02076,327171485.54,7083908.63,0.02165,multiply,BTC,MATIC
2020-06-04,0.02233,0.02116,0.02165,454088000.83,9829168.66,0.02165,multiply,BTC,MATIC
2020-06-05,0.02175,0.01953,0.02165,365277121.63,7556613.11,0.02069,multiply,BTC,MATIC
2020-06-06,0.02089,0.02031,0.02069,146488777.88,3017699.56,0.0206,multiply,BTC,MATIC
2020-06-07,0.02096,0.02018,0.0206,182035366.99,3691942.29,0.02028,multiply,BTC,MATIC
2020-06-08,0.02093,0.02015,0.02028,128263972.49,2609885.35,0.02035,multiply,BTC,MATIC
2020-06-09,0.02054,0.02005,0.02035,128327181.19,2585302.75,0.02015,multiply,BTC,MATIC
2020-06-10,0.02226,0.02038,0.02015,613877112.53,13116328.22,0.02137,multiply,BTC,MATIC
2020-06-11,0.02058,0.01946,0.02137,411365292.89,8082684.47,0.01965,multiply,BTC,MATIC
2020-06-12,0.02054,0.01987,0.01965,161955453.35,3326140.54,0.02054,multiply,BTC,MATIC
2020-06-13,0.02094,0.02037,0.02054,140175448.42,2895287.02,0.02065,multiply,BTC,MATIC
2020-06-14,0.02128,0.02007,0.02065,346245076.79,7142162.36,0.02063,multiply,BTC,MATIC
2020-06-15,0.02084,0.0199,0.02063,236630068.34,4842005.03,0.02046,multiply,BTC,MATIC
2020-06-16,0.02096,0.0202,0.02046,211799886.96,4378526.14,0.02067,multiply,BTC,MATIC
2020-06-17,0.02128,0.02034,0.02067,217589061.85,4507465.06,0.02072,multiply,BTC,MATIC
2020-06-18,0.02064,0.02007,0.02072,168272107.71,3441141.15,0.02045,multiply,BTC,MATIC
2020-06-19,0.02065,0.01991,0.02045,174463344.1,3521537.56,0.02018,multiply,BTC,MATIC
2020-06-20,0.02274,0.02031,0.02018,463718727.28,10502865.43,0.02265,multiply,BTC,MATIC
2020-06-21,0.02277,0.02119,0.02265,424230161.92,9027844.77,0.02128,multiply,BTC,MATIC
2020-06-22,0.02297,0.02142,0.02128,400610538.02,8968716.13,0.02239,multiply,BTC,MATIC
2020-06-23,0.02291,0.02175,0.02239,225512812.53,5122150.99,0.02271,multiply,BTC,MATIC
2020-06-24,0.0224,0.021,0.02271,279708774.23,6264353.62,0.0224,multiply,BTC,MATIC
2020-06-25,0.02236,0.02144,0.0224,151571612.69,3277688.96,0.02162,multiply,BTC,MATIC
2020-06-26,0.0217,0.02061,0.02162,200775159.21,4173878.42,0.02079,multiply,BTC,MATIC
2020-06-27,0.02081,0.01891,0.02079,260889071.75,5075707.09,0.01946,multiply,BTC,MATIC
2020-06-28,0.02034,0.01833,0.01946,232802938.43,4671157.9,0.02006,multiply,BTC,MATIC
2020-06-29,0.02067,0.01874,0.02006,263934863.39,5189046.46,0.01966,multiply,BTC,MATIC
2020-06-30,0.01973,0.01873,0.01966,114097828.49,2168298.89,0.019,multiply,BTC,MATIC
2020-07-01,0.01968,0.01848,0.019,343195273.79,6436609.07,0.01875,multiply,BTC,MATIC
2020-07-02,0.01909,0.01837,0.01875,185234987.13,3503353.76,0.01891,multiply,BTC,MATIC
2020-07-03,0.01958,0.01859,0.01891,217722700.41,4204564.95,0.01931,multiply,BTC,MATIC
2020-07-04,0.01975,0.0192,0.01931,106160344.81,2076953.68,0.01956,multiply,BTC,MATIC
2020-07-05,0.01962,0.01889,0.01956,134150420.68,2558385.89,0.01907,multiply,BTC,MATIC
2020-07-06,0.0201,0.01944,0.01907,140537968.7,2811137.0,0.02,multiply,BTC,MATIC
2020-07-07,0.02055,0.01953,0.02,288674594.62,5825729.75,0.02018,multiply,BTC,MATIC
2020-07-08,0.02199,0.0202,0.02018,415831061.89,9027758.89,0.02171,multiply,BTC,MATIC
2020-07-09,0.02125,0.01968,0.02171,312649133.97,6470351.36,0.0207,multiply,BTC,MATIC
2020-07-10,0.02164,0.02025,0.0207,241785707.74,5120523.11,0.02118,multiply,BTC,MATIC
2020-07-11,0.0218,0.0206,0.02118,242592480.58,5198791.21,0.02143,multiply,BTC,MATIC
2020-07-12,0.02167,0.02065,0.02143,176594651.51,3744895.49,0.02121,multiply,BTC,MATIC
2020-07-13,0.02356,0.02097,0.02121,730764682.14,16336751.47,0.02236,multiply,BTC,MATIC
2020-07-14,0.02268,0.0212,0.02236,362194913.23,8113053.56,0.0224,multiply,BTC,MATIC
2020-07-15,0.02372,0.02206,0.0224,494792307.6,11007937.58,0.02225,multiply,BTC,MATIC
2020-07-16,0.02292,0.02,0.02225,434029265.62,9077764.06,0.02092,multiply,BTC,MATIC
2020-07-17,0.02179,0.02069,0.02092,168491770.06,3579397.51,0.02124,multiply,BTC,MATIC
2020-07-18,0.02166,0.02083,0.02124,135211822.91,2903632.63,0.02147,multiply,BTC,MATIC
2020-07-19,0.02175,0.02101,0.02147,161385960.86,3435746.72,0.02129,multiply,BTC,MATIC
2020-07-20,0.02282,0.02099,0.02129,464744926.25,10051517.76,0.02163,multiply,BTC,MATIC
2020-07-21,0.02245,0.02076,0.02163,340024579.08,7249910.26,0.02132,multiply,BTC,MATIC
2020-07-22,0.02222,0.02108,0.02132,186434160.3,3965090.15,0.02127,multiply,BTC,MATIC
2020-07-23,0.02145,0.02056,0.02056,397117.94,8528.06,0.02145,direct,,MATIC
2020-07-24,0.02145,0.02141,0.02145,1529942.85,31876.2,0.02141,direct,,MATIC
2020-07-25,0.02141,0.02118,0.02141,1197245.35,25511.24,0.02118,direct,,MATIC
2020-07-26,0.02123,0.02118,0.02118,2518850.53,53417.35,0.02123,direct,,MATIC
2020-07-27,0.02145,0.02029,0.02123,17459261.81,347065.93,0.02029,direct,,MATIC
2020-07-28,0.02029,0.02022,0.02029,8232246.24,168024.63,0.02022,direct,,MATIC
2020-07-29,0.0207,0.02022,0.02022,1816802.86,37320.35,0.0207,direct,,MATIC
2020-07-30,0.02161,0.01843,0.0207,715968.95,14982.72,0.02029,direct,,MATIC
2020-07-31,0.02161,0.01843,0.02029,2565533.89,52940.08,0.02029,direct,,MATIC
2020-08-01,0.0206,0.02029,0.02029,7696144.36,160581.5,0.0206,direct,,MATIC
2020-08-02,0.02156,0.01843,0.0206,6489022.99,133342.26,0.02029,direct,,MATIC
2020-08-03,0.02041,0.02029,0.02029,5471685.39,112943.22,0.02041,direct,,MATIC
2020-08-04,0.02074,0.02041,0.02041,1210115.23,25053.26,0.0207,direct,,MATIC
2020-08-05,0.0207,0.02069,0.0207,3199777.58,68811.72,0.02069,direct,,MATIC
2020-08-06,0.02175,0.02069,0.02069,1557575.86,34330.73,0.02175,direct,,MATIC
2020-08-07,0.022,0.02175,0.02175,629399.46,13598.07,0.022,direct,,MATIC
2020-08-08,0.02298,0.02166,0.022,776269.93,17251.94,0.02293,direct,,MATIC
2020-08-09,0.02376,0.02241,0.02293,1268742.29,29452.18,0.02314,direct,,MATIC
2020-08-10,0.0247,0.022,0.02314,456073.13,10798.89,0.02411,direct,,MATIC
2020-08-11,0.02621,0.02212,0.02411,1711235.08,41259.7,0.02258,direct,,MATIC
2020-08-12,0.02603,0.02258,0.02258,1053438.51,25964.99,0.02589,direct,,MATIC
2020-08-13,0.02847,0.02448,0.02589,3097508.97,84317.9,0.02743,direct,,MATIC
2020-08-14,0.02878,0.02675,0.02743,805083.91,22051.98,0.02846,direct,,MATIC
2020-08-15,0.0322,0.02728,0.02846,3457845.85,105444.48,0.03059,direct,,MATIC
2020-08-16,0.031,0.02864,0.03059,1539847.55,46173.8,0.02977,direct,,MATIC
2020-08-17,0.0319,0.02822,0.02977,2968251.84,88542.57,0.02911,direct,,MATIC
2020-08-18,0.02985,0.02652,0.02911,1080155.61,30690.03,0.02741,direct,,MATIC
2020-08-19,0.02741,0.02428,0.02741,1627694.8,42095.2,0.02552,direct,,MATIC
2020-08-20,0.02684,0.02492,0.02552,382618.07,10041.41,0.02684,direct,,MATIC
2020-08-21,0.0289,0.025,0.02684,1170589.9,32251.66,0.025,direct,,MATIC
2020-08-22,0.02638,0.02396,0.025,399989.08,10186.43,0.02542,direct,,MATIC
2020-08-23,0.026,0.02529,0.02542,287653.28,7359.23,0.02529,direct,,MATIC
2020-08-24,0.02847,0.02529,0.02529,476431.47,13100.46,0.02801,direct,,MATIC
2020-08-25,0.0296,0.02531,0.02801,446422.13,11846.97,0.02556,direct,,MATIC
2020-08-26,0.02772,0.02556,0.02556,412308.41,11193.82,0.02705,direct,,MATIC
2020-08-27,0.02742,0.02524,0.02705,419487.65,11125.35,0.02599,direct,,MATIC
2020-08-28,0.02739,0.02599,0.02599,439647.97,11777.63,0.02714,direct,,MATIC
2020-08-29,0.02821,0.02671,0.02714,479952.83,13213.89,0.02781,direct,,MATIC
2020-08-30,0.02864,0.02756,0.02781,154571.5,4345.12,0.02769,direct,,MATIC
2020-08-31,0.02769,0.02666,0.02769,211404.18,5713.92,0.02691,direct,,MATIC
2020-09-01,0.02702,0.02589,0.02691,1259118.11,33140.43,0.02589,direct,,MATIC
2020-09-02,0.0265,0.02214,0.02589,1030816.82,25498.83,0.02383,direct,,MATIC
2020-09-03,0.02411,0.01814,0.02383,675525.06,14576.74,0.01975,direct,,MATIC
2020-09-04,0.02023,0.01857,0.01975,1459481.65,28278.84,0.01955,direct,,MATIC
2020-09-05,0.02042,0.0175,0.01955,548830.65,10299.67,0.0185,direct,,MATIC
2020-09-06,0.0193,0.01749,0.0185,1303980.6,24485.14,0.01878,direct,,MATIC
2020-09-07,0.019,0.0175,0.01878,140597.38,2554.17,0.019,direct,,MATIC
2020-09-08,0.01927,0.018,0.019,105096.22,1973.24,0.01817,direct,,MATIC
2020-09-09,0.02118,0.01817,0.01817,1513885.76,30199.27,0.02058,direct,,MATIC
2020-09-10,0.02158,0.02025,0.02058,1579612.56,32925.0,0.02055,direct,,MATIC
2020-09-11,0.0216,0.02013,0.02055,526417.91,10776.63,0.02137,direct,,MATIC
2020-09-12,0.02139,0.0208,0.02137,387963.14,8196.19,0.0213,direct,,MATIC
2020-09-13,0.02156,0.01951,0.0213,1429291.94,28932.01,0.01985,direct,,MATIC
2020-09-14,0.02057,0.01985,0.01985,331783.41,6727.21,0.02055,direct,,MATIC
2020-09-15,0.02177,0.02019,0.02055,1801114.47,38058.38,0.0204,direct,,MATIC
2020-09-16,0.02051,0.0196,0.0204,363359.27,7275.65,0.0201,direct,,MATIC
2020-09-17,0.02055,0.01966,0.0201,404226.79,8201.17,0.02055,direct,,MATIC
2020-09-18,0.02165,0.02015,0.02055,879485.17,18413.54,0.02112,direct,,MATIC
2020-09-19,0.02155,0.02059,0.02112,238898.95,5028.81,0.02099,direct,,MATIC
2020-09-20,0.02245,0.02058,0.02099,943209.52,20367.39,0.02196,direct,,MATIC
2020-09-21,0.02331,0.019,0.02196,655509.65,13513.22,0.01916,direct,,MATIC
2020-09-22,0.01991,0.01833,0.01916,164548.88,3179.41,0.01965,direct,,MATIC
2020-09-23,0.01965,0.01789,0.01965,132952.86,2481.18,0.01789,direct,,MATIC
2020-09-24,0.01903,0.0175,0.01789,152200.75,2786.04,0.01903,direct,,MATIC
2020-09-25,0.01963,0.0186,0.01903,23895.85,458.83,0.01963,direct,,MATIC
2020-09-26,0.01963,0.01881,0.01963,77793.52,1488.87,0.01898,direct,,MATIC
2020-09-27,0.01931,0.0183,0.01898,48264.5,901.53,0.01899,direct,,MATIC
2020-09-28,0.0205,0.01899,0.01899,170715.35,3391.46,0.019,direct,,MATIC
2020-09-29,0.02013,0.01888,0.019,192385.39,3749.73,0.01968,direct,,MATIC
2020-09-30,0.0204,0.0193,0.01968,588025.1,11644.51,0.0204,direct,,MATIC
2020-10-01,0.02054,0.0187,0.0204,131102.69,2522.44,0.01901,direct,,MATIC
2020-10-02,0.01932,0.0178,0.01901,543521.24,9979.24,0.01859,direct,,MATIC
2020-10-03,0.01907,0.01826,0.01859,504487.03,9502.99,0.01872,direct,,MATIC
2020-10-04,0.01897,0.01857,0.01872,103918.28,1948.77,0.01885,direct,,MATIC
2020-10-05,0.0192,0.01851,0.01885,773714.4,14670.58,0.01908,direct,,MATIC
2020-10-06,0.01922,0.0173,0.01908,768278.06,14091.99,0.0174,direct,,MATIC
2020-10-07,0.01775,0.017,0.0174,156979.57,2721.99,0.0171,direct,,MATIC
2020-10-08,0.01715,0.01575,0.0171,566501.38,9407.37,0.01715,direct,,MATIC
2020-10-09,0.01768,0.0165,0.01715,813314.0,13982.53,0.01729,direct,,MATIC
2020-10-10,0.01787,0.01728,0.01729,277694.9,4834.4,0.01747,direct,,MATIC
2020-10-11,0.01821,0.01747,0.01747,227825.38,4031.74,0.01785,direct,,MATIC
2020-10-12,0.01859,0.01785,0.01785,2692159.35,49387.74,0.01857,direct,,MATIC
2020-10-13,0.01857,0.0177,0.01857,675238.02,12339.38,0.01798,direct,,MATIC
2020-10-14,0.018,0.01733,0.01798,290200.31,5112.5,0.01748,direct,,MATIC
2020-10-15,0.01763,0.0169,0.01748,114127.22,1966.23,0.0175,direct,,MATIC
2020-10-16,0.0175,0.01638,0.0175,862171.1,14424.63,0.01663,direct,,MATIC
2020-10-17,0.017,0.01631,0.01663,222742.55,3722.26,0.017,direct,,MATIC
2020-10-18,0.01719,0.01691,0.017,316079.82,5377.81,0.017,direct,,MATIC
2020-10-19,0.01719,0.01649,0.017,425912.82,7164.03,0.01656,direct,,MATIC
2020-10-20,0.01666,0.01568,0.01656,1375793.92,22067.41,0.01596,direct,,MATIC
2020-10-21,0.0169,0.01596,0.01596,426573.95,7001.62,0.01646,direct,,MATIC
2020-10-22,0.01825,0.0164,0.01646,1261273.59,21954.78,0.0176,direct,,MATIC
2020-10-23,0.0176,0.01671,0.0176,111987.25,1920.16,0.01723,direct,,MATIC
2020-10-24,0.0178,0.01709,0.01723,201302.67,3520.38,0.0178,direct,,MATIC
2020-10-25,0.01791,0.0174,0.0178,51175.9,905.74,0.01746,direct,,MATIC
2020-10-26,0.01775,0.0164,0.01746,259581.24,4419.18,0.01673,direct,,MATIC
2020-10-27,0.01673,0.016,0.01673,654178.88,10615.86,0.016,direct,,MATIC
2020-10-28,0.01648,0.01513,0.016,2204007.34,34242.98,0.01549,direct,,MATIC
2020-10-29,0.01549,0.01395,0.01549,835658.8,12295.42,0.0141,direct,,MATIC
2020-10-30,0.01432,0.01319,0.0141,1016006.2,13873.91,0.01406,direct,,MATIC
2020-10-31,0.0145,0.0139,0.01406,185911.82,2630.39,0.0139,direct,,MATIC
2020-11-01,0.01445,0.0139,0.0139,388628.57,5519.41,0.01417,direct,,MATIC
2020-11-02,0.0145,0.01384,0.01417,500862.41,7045.69,0.01386,direct,,MATIC
2020-11-03,0.01398,0.0128,0.01386,677432.46,9009.46,0.0128,direct,,MATIC
2020-11-04,0.01283,0.012,0.0128,350015.2,4359.6,0.01243,direct,,MATIC
2020-11-05,0.01359,0.01235,0.01243,203475.19,2715.26,0.01359,direct,,MATIC
2020-11-06,0.01604,0.01351,0.01359,1198982.09,17515.03,0.0154,direct,,MATIC
2020-11-07,0.01709,0.01398,0.0154,825584.41,13124.26,0.01398,direct,,MATIC
2020-11-08,0.016,0.01398,0.01398,796795.58,12428.18,0.01586,direct,,MATIC
2020-11-09,0.0166,0.01565,0.01586,650020.46,10396.52,0.01565,direct,,MATIC
2020-11-10,0.01749,0.01565,0.01565,1204593.21,20610.53,0.01739,direct,,MATIC
2020-11-11,0.01755,0.01678,0.01739,435762.87,7461.81,0.01681,direct,,MATIC
2020-11-12,0.01737,0.01596,0.01681,932922.52,15524.25,0.01609,direct,,MATIC
2020-11-13,0.0171,0.01607,0.01609,512719.83,8449.51,0.01689,direct,,MATIC
2020-11-14,0.01691,0.0161,0.01689,520227.82,8549.64,0.01686,direct,,MATIC
2020-11-15,0.0171,0.01599,0.01686,852719.97,13988.66,0.0163,direct,,MATIC
2020-11-16,0.01689,0.0163,0.0163,414538.06,6888.39,0.01669,direct,,MATIC
2020-11-17,0.01844,0.01659,0.01669,1659251.17,29013.19,0.01793,direct,,MATIC
2020-11-18,0.01855,0.01645,0.01793,539425.46,9243.29,0.01705,direct,,MATIC
2020-11-19,0.01785,0.01688,0.01705,782458.2,13636.98,0.01767,direct,,MATIC
2020-11-20,0.01833,0.01761,0.01767,803051.9,14343.75,0.0179,direct,,MATIC
2020-11-21,0.0197,0.01788,0.0179,1215627.36,22557.8,0.0197,direct,,MATIC
2020-11-22,0.02003,0.01801,0.0197,1553647.0,30155.51,0.01947,direct,,MATIC
2020-11-23,0.02157,0.01886,0.01947,1344650.77,27793.47,0.02104,direct,,MATIC
2020-11-24,0.02245,0.02053,0.02104,1664879.63,35563.29,0.02146,direct,,MATIC
2020-11-25,0.0238,0.0207,0.02146,1662486.13,37469.8,0.02142,direct,,MATIC
2020-11-26,0.025,0.016,0.02142,1770527.75,32179.23,0.01789,direct,,MATIC
2020-11-27,0.01859,0.017,0.01789,514906.24,9128.38,0.01758,direct,,MATIC
2020-11-28,0.01891,0.01748,0.01758,705524.5,13030.34,0.01891,direct,,MATIC
2020-11-29,0.01898,0.01844,0.01891,211734.23,3949.5,0.01898,direct,,MATIC
2020-11-30,0.01973,0.01854,0.01898,666960.86,12884.5,0.01944,direct,,MATIC
2020-12-01,0.02,0.018,0.01944,922540.6,17660.22,0.01893,direct,,MATIC
2020-12-02,0.0195,0.01851,0.01893,195312.65,3733.41,0.01943,direct,,MATIC
2020-12-03,0.02102,0.01899,0.01943,931546.39,18900.79,0.02058,direct,,MATIC
2020-12-04,0.02106,0.01878,0.02058,831910.94,16300.83,0.01882,direct,,MATIC
2020-12-05,0.0196,0.0185,0.01882,854222.21,16473.08,0.0196,direct,,MATIC
2020-12-06,0.02001,0.01902,0.0196,758874.49,14907.78,0.01957,direct,,MATIC
2020-12-07,0.01961,0.01915,0.01957,419997.81,8088.82,0.01943,direct,,MATIC
2020-12-08,0.01943,0.01751,0.01943,508916.14,9281.21,0.01786,direct,,MATIC
2020-12-09,0.01843,0.0168,0.01786,818539.02,14324.38,0.01843,direct,,MATIC
2020-12-10,0.01843,0.01732,0.01843,235243.71,4210.65,0.0181,direct,,MATIC
2020-12-11,0.0181,0.01686,0.0181,115007.14,2037.78,0.01755,direct,,MATIC
2020-12-12,0.01807,0.01755,0.01755,254341.9,4573.66,0.01793,direct,,MATIC
2020-12-13,0.01863,0.01773,0.01793,542850.7,9889.78,0.0183,direct,,MATIC
2020-12-14,0.01858,0.01813,0.0183,196271.26,3618.36,0.01858,direct,,MATIC
2020-12-15,0.01962,0.01858,0.01858,1135246.33,21537.44,0.01921,direct,,MATIC
2020-12-16,0.02,0.01862,0.01921,638597.88,12380.58,0.01988,direct,,MATIC
2020-12-17,0.01988,0.01871,0.01988,513052.91,9903.27,0.01872,direct,,MATIC
2020-12-18,0.0206,0.01872,0.01872,736251.77,14361.54,0.0205,direct,,MATIC
2020-12-19,0.02077,0.0199,0.0205,242663.43,4940.81,0.02,direct,,MATIC
2020-12-20,0.02009,0.019,0.02,390990.94,7655.99,0.01906,direct,,MATIC
2020-12-21,0.01959,0.018,0.01906,834141.72,15488.62,0.01862,direct,,MATIC
2020-12-22,0.01889,0.0175,0.01862,914869.49,16567.06,0.01846,direct,,MATIC
2020-12-23,0.01863,0.01475,0.01846,1093370.05,18320.42,0.01518,direct,,MATIC
2020-12-24,0.01798,0.01455,0.01518,937105.11,15030.33,0.01637,direct,,MATIC
2020-12-25,0.01717,0.0161,0.01637,1070882.57,17813.53,0.01662,direct,,MATIC
2020-12-26,0.01958,0.01641,0.01662,1713414.17,31119.2,0.01908,direct,,MATIC
2020-12-27,0.02,0.01757,0.01908,959478.37,18063.61,0.01839,direct,,MATIC
2020-12-28,0.01949,0.01838,0.01839,532391.24,10064.58,0.01864,direct,,MATIC
2020-12-29,0.01908,0.01793,0.01864,820370.11,15084.35,0.01818,direct,,MATIC
2020-12-30,0.01869,0.01786,0.01818,308782.83,5646.35,0.01823,direct,,MATIC
2020-12-31,0.01823,0.01708,0.01823,868835.92,15313.62,0.01782,direct,,MATIC
2021-01-01,0.01882,0.0175,0.01782,636555.97,11523.21,0.01781,direct,,MATIC
2021-01-02,0.01939,0.01716,0.01781,1149537.08,21309.78,0.01861,direct,,MATIC
2021-01-03,0.02099,0.01861,0.01861,904986.71,17827.88,0.02034,direct,,MATIC
2021-01-04,0.02482,0.0175,0.02034,2438415.19,52091.37,0.02414,direct,,MATIC
2021-01-05,0.02657,0.02316,0.02414,2593774.02,64669.64,0.0246,direct,,MATIC
2021-01-06,0.03612,0.02401,0.0246,3036057.33,93345.12,0.03472,direct,,MATIC
2021-01-07,0.039,0.02893,0.03472,3228956.98,109673.85,0.03297,direct,,MATIC
2021-01-08,0.0346,0.0179,0.03297,2011625.66,60560.35,0.0312,direct,,MATIC
2021-01-09,0.03451,0.019,0.0312,1023000.02,32371.56,0.03346,direct,,MATIC
2021-01-10,0.03452,0.0235,0.03346,2135053.25,69047.06,0.03075,direct,,MATIC
2021-01-11,0.03075,0.02285,0.03075,1375597.3,35153.23,0.02559,direct,,MATIC
2021-01-12,0.02899,0.025,0.02559,1052528.46,27909.57,0.02604,direct,,MATIC
2021-01-13,0.03057,0.02485,0.02604,638983.1,17564.08,0.03057,direct,,MATIC
2021-01-14,0.03263,0.02914,0.03057,626691.01,19439.42,0.03263,direct,,MATIC
2021-01-15,0.03514,0.02922,0.03263,924952.9,30169.28,0.03359,direct,,MATIC
2021-01-16,0.03587,0.03157,0.03359,518247.92,17804.9,0.03261,direct,,MATIC
2021-01-17,0.03455,0.03055,0.03261,963189.58,31478.44,0.0336,direct,,MATIC
2021-01-18,0.037,0.03343,0.0336,723578.49,25718.58,0.03537,direct,,MATIC
2021-01-19,0.03566,0.032,0.03537,868287.13,29961.78,0.03274,direct,,MATIC
2021-01-20,0.0345,0.03033,0.03274,1300835.82,42190.42,0.03384,direct,,MATIC
2021-01-21,0.03468,0.02829,0.03384,814679.92,25188.78,0.029,direct,,MATIC
2021-01-22,0.03284,0.02686,0.029,567834.85,17307.58,0.03122,direct,,MATIC
2021-01-23,0.03494,0.03069,0.03122,481949.88,16217.6,0.03408,direct,,MATIC
2021-01-24,0.0349,0.032,0.03408,509847.32,17317.29,0.0329,direct,,MATIC
2021-01-25,0.03611,0.0329,0.0329,518445.31,17907.34,0.0333,direct,,MATIC
2021-01-26,0.04414,0.03197,0.0333,4449043.26,173279.08,0.04364,direct,,MATIC
2021-01-27,0.0474,0.03737,0.04364,1354864.72,57783.02,0.04244,direct,,MATIC
2021-01-28,0.04419,0.03856,0.04244,1201785.76,50042.44,0.03884,direct,,MATIC
2021-01-29,0.043,0.0372,0.03884,1312773.57,52170.29,0.04,direct,,MATIC
2021-01-30,0.04617,0.03927,0.04,1883950.76,77552.64,0.03976,direct,,MATIC
2021-01-31,0.0402,0.03585,0.03976,1779977.07,66615.68,0.03784,direct,,MATIC
2021-02-01,0.04076,0.03622,0.03784,2323528.64,87658.32,0.03999,direct,,MATIC
2021-02-02,0.041,0.03914,0.03999,609798.95,24377.2,0.041,direct,,MATIC
2021-02-03,0.04407,0.03972,0.041,1457493.81,60972.94,0.04407,direct,,MATIC
2021-02-04,0.049,0.03934,0.04407,1212528.95,53335.07,0.04674,direct,,MATIC
2021-02-05,0.05611,0.04643,0.04674,1860968.04,94819.14,0.05473,direct,,MATIC
2021-02-06,0.05522,0.04678,0.05473,1257761.62,64676.05,0.0524,direct,,MATIC
2021-02-07,0.06826,0.04875,0.0524,1242187.85,73060.11,0.0667,direct,,MATIC
2021-02-08,0.07988,0.051,0.0667,4933146.49,349207.12,0.07182,direct,,MATIC
2021-02-09,0.1071,0.06875,0.07182,3976038.09,355461.97,0.09702,direct,,MATIC
2021-02-10,0.1436,0.094,0.09702,6998316.48,832003.51,0.1156,direct,,MATIC
2021-02-11,0.144,0.1,0.1156,2618379.07,331922.25,0.1232,direct,,MATIC
2021-02-12,0.13,0.114,0.1232,2459789.06,299530.51,0.1218,direct,,MATIC
2021-02-13,0.1262,0.1054,0.1218,2606593.2,304341.27,0.1128,direct,,MATIC
2021-02-14,0.1158,0.09459,0.1128,1955821.29,205544.61,0.1015,direct,,MATIC
2021-02-15,0.1222,0.08169,0.1015,2716474.12,292607.99,0.1055,direct,,MATIC
2021-02-16,0.1154,0.1017,0.1055,1028556.96,109615.83,0.1086,direct,,MATIC
2021-02-17,0.118,0.09644,0.1086,1164698.43,126398.3,0.1132,direct,,MATIC
2021-02-18,0.134,0.1132,0.1132,2390826.49,300791.36,0.1223,direct,,MATIC
2021-02-19,0.1627,0.1198,0.1223,2704602.55,363386.39,0.1567,direct,,MATIC
2021-02-20,0.1996,0.1333,0.1567,5719334.87,996220.46,0.1399,direct,,MATIC
2021-02-21,0.184,0.13,0.1399,1632394.76,275306.39,0.1615,direct,,MATIC
2021-02-22,0.1657,0.12,0.1615,2784472.38,407711.33,0.1495,direct,,MATIC
2021-02-23,0.1509,0.099,0.1495,4438704.32,555082.96,0.1374,direct,,MATIC
2021-02-24,0.1716,0.05001,0.1374,35595119.61,5648656.76,0.1606,direct,,MATIC
2021-02-25,0.2219,0.1593,0.1606,120910692.94,23119017.48,0.1747,direct,,MATIC
2021-02-26,0.2038,0.1591,0.1747,73400225.24,13297764.41,0.19,direct,,MATIC
2021-02-27,0.2312,0.1886,0.19,82510018.22,17404535.76,0.1974,direct,,MATIC
2021-02-28,0.2324,0.1736,0.1974,69834139.57,14274929.78,0.231,direct,,MATIC
2021-03-01,0.2533,0.2167,0.231,81337512.09,19192488.38,0.249,direct,,MATIC
2021-03-02,0.2503,0.213,0.249,39337840.71,9005016.48,0.2329,direct,,MATIC
2021-03-03,0.2379,0.2188,0.2329,25742172.71,5860558.62,0.2235,direct,,MATIC
2021-03-04,0.2364,0.1942,0.2235,34426768.49,7320601.6,0.199,direct,,MATIC
2021-03-05,0.2248,0.1839,0.199,37643472.73,7646223.32,0.2131,direct,,MATIC
2021-03-06,0.2294,0.2055,0.2131,24984986.03,5451604.84,0.213,direct,,MATIC
2021-03-07,0.2228,0.2073,0.213,13428429.89,2895952.33,0.213,direct,,MATIC
2021-03-08,0.2215,0.205,0.213,14500587.64,3081768.45,0.2177,direct,,MATIC
2021-03-09,0.3088,0.216,0.2177,70128691.07,18693345.8,0.298,direct,,MATIC
2021-03-10,0.3393,0.2811,0.298,84502164.09,26299215.42,0.2873,direct,,MATIC
2021-03-11,0.5383,0.2801,0.2873,147302241.18,56518783.43,0.4106,direct,,MATIC
2021-03-12,0.5165,0.3968,0.4106,135917694.81,61125154.13,0.4141,direct,,MATIC
2021-03-13,0.4691,0.4104,0.4141,87252559.92,37567466.59,0.4251,direct,,MATIC
2021-03-14,0.438,0.3759,0.4251,58911564.42,23160641.84,0.3801,direct,,MATIC
2021-03-15,0.4308,0.3787,0.3801,59910272.95,24549431.5,0.3915,direct,,MATIC
2021-03-16,0.3957,0.3449,0.3915,42637089.0,15731793.21,0.3732,direct,,MATIC
2021-03-17,0.4261,0.3718,0.3732,58478398.16,23565532.21,0.4011,direct,,MATIC
2021-03-18,0.4372,0.385,0.4011,31756634.24,13061024.8,0.3895,direct,,MATIC
2021-03-19,0.4231,0.3759,0.3895,23281062.57,9424523.18,0.4097,direct,,MATIC
2021-03-20,0.4203,0.3828,0.4097,20499224.95,8292329.18,0.3832,direct,,MATIC
2021-03-21,0.4007,0.364,0.3832,22129538.96,8446925.75,0.3799,direct,,MATIC
2021-03-22,0.3839,0.3228,0.3799,20024498.97,7273071.19,0.3465,direct,,MATIC
2021-03-23,0.365,0.3266,0.3465,18409025.03,6343346.21,0.3303,direct,,MATIC
2021-03-24,0.378,0.305,0.3303,29191792.33,10170962.81,0.3229,direct,,MATIC
2021-03-25,0.3372,0.2985,0.3229,20139482.52,6339264.22,0.3004,direct,,MATIC
2021-03-26,0.3465,0.3002,0.3004,21004773.62,6848713.6,0.3364,direct,,MATIC
2021-03-27,0.3567,0.3312,0.3364,19741799.23,6725775.81,0.3319,direct,,MATIC
2021-03-28,0.3553,0.3283,0.3319,16641619.29,5683079.99,0.3465,direct,,MATIC
2021-03-29,0.4246,0.337,0.3465,53648244.15,20627208.22,0.3846,direct,,MATIC
2021-03-30,0.3884,0.3605,0.3846,19266204.43,7195986.93,0.3716,direct,,MATIC
2021-03-31,0.3823,0.3375,0.3716,24216256.32,8740574.7,0.3607,direct,,MATIC
2021-04-01,0.3782,0.3525,0.3607,18373990.53,6715071.36,0.3633,direct,,MATIC
2021-04-02,0.3949,0.3571,0.3633,22033665.59,8340213.55,0.3835,direct,,MATIC
2021-04-03,0.3986,0.3504,0.3835,17209789.3,6443719.58,0.3518,direct,,MATIC
2021-04-04,0.3735,0.3441,0.3518,8575571.54,3093267.49,0.3607,direct,,MATIC
2021-04-05,0.3708,0.3477,0.3607,11253499.56,4047844.37,0.3699,direct,,MATIC
2021-04-06,0.3895,0.3595,0.3699,19792844.3,7418626.54,0.3731,direct,,MATIC
2021-04-07,0.3757,0.3107,0.3731,19004778.47,6555673.43,0.3376,direct,,MATIC
2021-04-08,0.3604,0.335,0.3376,11720718.85,4102101.76,0.356,direct,,MATIC
2021-04-09,0.3834,0.3495,0.356,14666880.81,5395269.69,0.3665,direct,,MATIC
2021-04-10,0.3753,0.3476,0.3665,12034998.6,4360381.13,0.3583,direct,,MATIC
2021-04-11,0.3698,0.3507,0.3583,8001062.05,2886500.43,0.3683,direct,,MATIC
2021-04-12,0.3728,0.3501,0.3683,9003026.59,3216826.59,0.3578,direct,,MATIC
2021-04-13,0.4237,0.3564,0.3578,42685596.31,17022870.36,0.4224,direct,,MATIC
2021-04-14,0.4488,0.3707,0.4224,31353067.14,12884653.27,0.4141,direct,,MATIC
2021-04-15,0.459,0.4018,0.4141,24640669.98,10682611.84,0.4411,direct,,MATIC
2021-04-16,0.4668,0.4074,0.4411,25300370.83,10877584.65,0.4351,direct,,MATIC
2021-04-17,0.4398,0.3997,0.4351,15615756.26,6558868.78,0.4029,direct,,MATIC
2021-04-18,0.4061,0.3218,0.4029,147997122.46,52811628.05,0.3642,direct,,MATIC
2021-04-19,0.3868,0.3249,0.3642,84554847.92,29658671.43,0.3265,direct,,MATIC
2021-04-20,0.3516,0.2981,0.3265,111985953.18,36437604.97,0.3422,direct,,MATIC
2021-04-21,0.3828,0.3283,0.3422,125107886.35,44629582.59,0.3562,direct,,MATIC
2021-04-22,0.4209,0.3449,0.3562,203075807.75,80126074.92,0.3506,direct,,MATIC
2021-04-23,0.3869,0.2933,0.3506,84656370.45,28313585.22,0.3818,direct,,MATIC
2021-04-24,0.3897,0.3389,0.3818,22829964.28,8329250.95,0.3545,direct,,MATIC
2021-04-25,0.4039,0.3458,0.3545,33611899.26,12660589.18,0.3839,direct,,MATIC
2021-04-26,0.5758,0.3801,0.3839,152266412.61,75541908.53,0.5374,direct,,MATIC
2021-04-27,0.8478,0.5355,0.5374,168785203.98,110200229.79,0.8312,direct,,MATIC
2021-04-28,0.8942,0.6752,0.8312,209298052.0,164174079.63,0.7776,direct,,MATIC
2021-04-29,0.9252,0.7427,0.7776,128533762.33,108351450.17,0.8903,direct,,MATIC
2021-04-30,0.9467,0.7829,0.8903,86860501.94,75374030.79,0.8205,direct,,MATIC
2021-05-01,0.8411,0.7714,0.8205,49921963.65,40375970.78,0.7856,direct,,MATIC
2021-05-02,0.828,0.7409,0.7856,35359099.06,27995290.67,0.8235,direct,,MATIC
2021-05-03,0.8691,0.7767,0.8235,39052299.67,32009953.04,0.7955,direct,,MATIC
2021-05-04,0.7988,0.6859,0.7955,44613133.72,33189217.34,0.7048,direct,,MATIC
2021-05-05,0.8361,0.7009,0.7048,47045712.22,36790802.07,0.8104,direct,,MATIC
2021-05-06,0.8145,0.7267,0.8104,29544922.44,22915262.42,0.7631,direct,,MATIC
2021-05-07,0.8077,0.733,0.7631,28137312.25,21615274.34,0.7528,direct,,MATIC
2021-05-08,0.8552,0.7332,0.7528,39523783.3,31658210.43,0.8501,direct,,MATIC
2021-05-09,1.057,0.7896,0.8501,133063677.5,125486021.0,0.9696,direct,,MATIC
2021-05-10,1.004,0.7866,0.9696,66731007.77,61154470.68,0.8783,direct,,MATIC
2021-05-11,1.088,0.8011,0.8783,79824285.33,74840003.09,1.065,direct,,MATIC
2021-05-12,1.228,0.9972,1.065,117153915.87,133856959.91,1.041,direct,,MATIC
2021-05-13,1.181,0.9533,1.041,89026859.03,95753770.36,1.053,direct,,MATIC
2021-05-14,1.507,1.044,1.053,104458144.17,138701706.54,1.475,direct,,MATIC
2021-05-15,1.887,1.471,1.475,142501330.56,244846754.31,1.593,direct,,MATIC
2021-05-16,1.831,1.468,1.593,74589848.13,122268251.33,1.722,direct,,MATIC
2021-05-17,1.786,1.481,1.722,84763115.12,140467085.65,1.724,direct,,MATIC
2021-05-18,2.737,1.708,1.724,163375493.15,364885705.48,2.444,direct,,MATIC
2021-05-19,2.64,1.051,2.444,258960341.4,527282649.4,1.626,direct,,MATIC
2021-05-20,2.201,1.332,1.626,153803435.34,279699695.68,1.829,direct,,MATIC
2021-05-21,1.956,1.18,1.829,109021436.22,171771773.77,1.487,direct,,MATIC
2021-05-22,1.618,1.128,1.487,100031437.81,133391706.31,1.196,direct,,MATIC
2021-05-23,1.256,0.7466,1.196,163154409.47,158492753.11,1.076,direct,,MATIC
2021-05-24,1.979,1.069,1.076,235018556.44,360276942.58,1.746,direct,,MATIC
2021-05-25,1.949,1.514,1.746,152246839.34,263245311.51,1.936,direct,,MATIC
2021-05-26,2.439,1.836,1.936,168752984.67,370911050.86,2.214,direct,,MATIC
2021-05-27,2.265,1.856,2.214,128482448.99,266958604.64,2.041,direct,,MATIC
2021-05-28,2.062,1.667,2.041,128037500.0,239968733.59,1.821,direct,,MATIC
2021-05-29,1.907,1.517,1.821,89098175.15,152102418.87,1.692,direct,,MATIC
2021-05-30,1.967,1.538,1.692,98743422.84,179979812.71,1.867,direct,,MATIC
2021-05-31,1.934,1.747,1.867,64963402.44,119799231.84,1.873,direct,,MATIC
2021-06-01,1.984,1.765,1.873,59232120.63,110828589.81,1.825,direct,,MATIC
2021-06-02,1.889,1.751,1.825,44590574.42,80961282.89,1.799,direct,,MATIC
2021-06-03,1.883,1.763,1.799,36890012.76,67125433.33,1.823,direct,,MATIC
2021-06-04,1.825,1.553,1.823,90328944.45,149104756.96,1.632,direct,,MATIC
2021-06-05,1.696,1.446,1.632,62608035.96,98594278.58,1.528,direct,,MATIC
2021-06-06,1.59,1.512,1.528,36311446.27,56364805.86,1.581,direct,,MATIC
2021-06-07,1.727,1.46,1.581,72021755.94,116891036.83,1.485,direct,,MATIC
2021-06-08,1.524,1.279,1.485,110719850.38,157197621.21,1.479,direct,,MATIC
2021-06-09,1.534,1.355,1.479,82264198.04,118968302.79,1.491,direct,,MATIC
2021-06-10,1.498,1.354,1.491,51159885.74,72825274.87,1.363,direct,,MATIC
2021-06-11,1.383,1.231,1.363,55841873.98,73932383.79,1.25,direct,,MATIC
2021-06-12,1.395,1.16,1.25,70953652.43,90200947.88,1.339,direct,,MATIC
2021-06-13,1.492,1.313,1.339,53633812.17,74817436.53,1.467,direct,,MATIC
2021-06-14,1.599,1.414,1.467,49107524.95,74070783.62,1.55,direct,,MATIC
2021-06-15,1.709,1.534,1.55,63218820.87,104036067.4,1.63,direct,,MATIC
2021-06-16,1.638,1.447,1.63,58195235.87,90006992.0,1.478,direct,,MATIC
2021-06-17,1.557,1.456,1.478,40133491.3,60386831.51,1.504,direct,,MATIC
2021-06-18,1.514,1.304,1.504,55939385.63,77562607.61,1.379,direct,,MATIC
2021-06-19,1.434,1.35,1.379,45796960.84,63593652.15,1.36,direct,,MATIC
2021-06-20,1.436,1.281,1.36,44492849.94,60291912.03,1.397,direct,,MATIC
2021-06-21,1.409,1.088,1.397,82843490.84,103494953.55,1.101,direct,,MATIC
2021-06-22,1.231,0.9312,1.101,147210770.66,159755134.44,1.074,direct,,MATIC
2021-06-23,1.249,1.03,1.074,79826660.88,93108904.78,1.177,direct,,MATIC
2021-06-24,1.239,1.137,1.177,41442407.38,49159098.47,1.204,direct,,MATIC
2021-06-25,1.231,1.04,1.204,24645510.14,27424725.38,1.042,direct,,MATIC
2021-06-26,1.101,1.008,1.042,29965619.97,31330713.83,1.076,direct,,MATIC
2021-06-27,1.113,1.035,1.076,19594869.39,20989072.26,1.113,direct,,MATIC
2021-06-28,1.163,1.088,1.113,12420534.44,13936772.17,1.12,direct,,MATIC
2021-06-29,1.248,1.117,1.12,18585254.48,22081526.33,1.171,direct,,MATIC
2021-06-30,1.181,1.082,1.171,14906132.97,16897015.37,1.166,direct,,MATIC
2021-07-01,1.168,1.063,1.166,32955598.77,36117583.7,1.074,direct,,MATIC
2021-07-02,1.108,1.044,1.074,27161050.11,29149085.58,1.103,direct,,MATIC
2021-07-03,1.144,1.08,1.103,16190159.17,18095631.49,1.118,direct,,MATIC
2021-07-04,1.179,1.097,1.118,20635583.79,23678426.58,1.148,direct,,MATIC
2021-07-05,1.149,1.082,1.148,17938846.55,20041421.69,1.101,direct,,MATIC
2021-07-06,1.164,1.101,1.101,18974060.59,21425300.42,1.131,direct,,MATIC
2021-07-07,1.177,1.126,1.131,19034544.12,21852492.55,1.129,direct,,MATIC
2021-07-08,1.133,1.015,1.129,27051278.24,28977463.22,1.041,direct,,MATIC
2021-07-09,1.069,1.004,1.041,23912726.95,24833268.89,1.052,direct,,MATIC
2021-07-10,1.071,1.02,1.052,16853798.85,17525800.07,1.03,direct,,MATIC
2021-07-11,1.059,1.021,1.03,10067758.4,10457888.25,1.042,direct,,MATIC
2021-07-12,1.049,0.9622,1.042,23059196.96,23152142.93,0.9951,direct,,MATIC
2021-07-13,0.9951,0.9372,0.9951,22743663.5,21993333.17,0.9456,direct,,MATIC
2021-07-14,0.966,0.8664,0.9456,40554046.53,37271619.8,0.9286,direct,,MATIC
2021-07-15,0.9452,0.8577,0.9286,27507666.21,24629330.5,0.8785,direct,,MATIC
2021-07-16,0.8972,0.8104,0.8785,32883366.35,27858925.43,0.8116,direct,,MATIC
2021-07-17,0.8216,0.7841,0.8116,27673646.27,22161187.25,0.801,direct,,MATIC
2021-07-18,0.8592,0.7903,0.801,23770835.77,19619561.85,0.7943,direct,,MATIC
2021-07-19,0.7996,0.7288,0.7943,29333537.24,22251548.47,0.7331,direct,,MATIC
2021-07-20,0.7382,0.6226,0.7331,102679693.85,70202167.71,0.6886,direct,,MATIC
2021-07-21,0.9441,0.6691,0.6886,158787996.78,133006905.55,0.8888,direct,,MATIC
2021-07-22,0.9315,0.8445,0.8888,118427313.76,105404629.02,0.8808,direct,,MATIC
2021-07-23,0.9572,0.8597,0.8808,71866697.93,65399546.23,0.9486,direct,,MATIC
2021-07-24,0.9884,0.9119,0.9486,48496999.64,45601984.22,0.9487,direct,,MATIC
2021-07-25,0.9649,0.888,0.9487,34930751.12,32323588.86,0.9395,direct,,MATIC
2021-07-26,1.135,0.9317,0.9395,124693291.59,130837329.78,1.015,direct,,MATIC
2021-07-27,1.063,0.9377,1.015,74463329.97,74607347.03,1.041,direct,,MATIC
2021-07-28,1.058,0.9932,1.041,52013121.48,53304805.94,1.018,direct,,MATIC
2021-07-29,1.042,0.9916,1.018,19088663.61,19324278.76,1.028,direct,,MATIC
2021-07-30,1.071,0.9961,1.028,38292629.83,39691279.37,1.067,direct,,MATIC
2021-07-31,1.101,1.027,1.067,28311926.26,29982896.88,1.083,direct,,MATIC
2021-08-01,1.135,1.043,1.083,37774263.86,41155546.51,1.05,direct,,MATIC
2021-08-02,1.078,1.021,1.05,29705306.08,31242580.94,1.046,direct,,MATIC
2021-08-03,1.06,1.006,1.046,22008609.47,22568261.6,1.022,direct,,MATIC
2021-08-04,1.071,1.01,1.022,17154748.84,17928957.79,1.053,direct,,MATIC
2021-08-05,1.075,1.012,1.053,23448122.94,24574159.84,1.065,direct,,MATIC
2021-08-06,1.098,1.036,1.065,26157376.18,28006011.32,1.08,direct,,MATIC
2021-08-07,1.196,1.07,1.08,53551906.56,61320087.54,1.169,direct,,MATIC
2021-08-08,1.18,1.07,1.169,36443690.47,41034808.3,1.082,direct,,MATIC
2021-08-09,1.158,1.039,1.082,38038886.76,42128928.64,1.127,direct,,MATIC
2021-08-10,1.178,1.108,1.127,43028680.58,49122419.76,1.157,direct,,MATIC
2021-08-11,1.425,1.154,1.157,92942105.9,122345185.52,1.372,direct,,MATIC
2021-08-12,1.41,1.262,1.41,35264134.87,46231228.71,1.323,direct,,MATIC
2021-08-13,1.516,1.315,1.323,66866472.21,95310645.52,1.511,direct,,MATIC
2021-08-14,1.513,1.405,1.511,40430730.69,58778484.48,1.443,direct,,MATIC
2021-08-15,1.485,1.372,1.443,31810057.71,45454670.5,1.467,direct,,MATIC
2021-08-16,1.56,1.415,1.467,52477009.44,78298977.02,1.419,direct,,MATIC
2021-08-17,1.531,1.338,1.419,53009250.64,75924172.71,1.35,direct,,MATIC
2021-08-18,1.408,1.279,1.35,50171745.61,67473946.67,1.334,direct,,MATIC
2021-08-19,1.471,1.302,1.334,51619541.76,70907825.25,1.469,direct,,MATIC
2021-08-20,1.568,1.452,1.469,50605326.42,76599215.47,1.551,direct,,MATIC
2021-08-21,1.7,1.514,1.551,66922144.76,109033349.49,1.585,direct,,MATIC
2021-08-22,1.669,1.562,1.585,39436564.96,63663736.38,1.625,direct,,MATIC
2021-08-23,1.687,1.592,1.625,39289400.28,64256705.74,1.624,direct,,MATIC
2021-08-24,1.63,1.444,1.624,48510767.48,74419724.24,1.475,direct,,MATIC
2021-08-25,1.553,1.421,1.475,38072039.85,56884598.04,1.528,direct,,MATIC
2021-08-26,1.547,1.366,1.528,46706281.23,66451069.5,1.373,direct,,MATIC
2021-08-27,1.52,1.352,1.373,46259908.33,66604178.68,1.519,direct,,MATIC
2021-08-28,1.53,1.444,1.519,25993504.38,38400284.05,1.459,direct,,MATIC
2021-08-29,1.484,1.397,1.459,24773870.92,35502641.52,1.42,direct,,MATIC
2021-08-30,1.424,1.309,1.42,47216493.23,64910081.01,1.319,direct,,MATIC
2021-08-31,1.418,1.303,1.319,57084825.39,77246415.23,1.339,direct,,MATIC
2021-09-01,1.496,1.312,1.339,82756932.04,117660301.0,1.47,direct,,MATIC
2021-09-02,1.519,1.432,1.47,59860538.02,88258228.0,1.446,direct,,MATIC
2021-09-03,1.498,1.405,1.446,47550861.67,69287757.62,1.457,direct,,MATIC
2021-09-04,1.744,1.447,1.457,107258381.95,173812681.71,1.74,direct,,MATIC
2021-09-05,1.797,1.635,1.74,93886645.14,160779133.5,1.681,direct,,MATIC
2021-09-06,1.718,1.571,1.681,72704875.24,119838563.51,1.644,direct,,MATIC
2021-09-07,1.697,1.116,1.644,193318410.41,276855315.73,1.36,direct,,MATIC
2021-09-08,1.382,1.186,1.36,144127238.78,188318760.68,1.333,direct,,MATIC
2021-09-09,1.492,1.283,1.333,143148831.02,197251719.33,1.368,direct,,MATIC
2021-09-10,1.465,1.268,1.368,109837603.36,149779497.88,1.303,direct,,MATIC
2021-09-11,1.372,1.277,1.303,63105769.89,83447484.69,1.315,direct,,MATIC
2021-09-12,1.372,1.288,1.315,53588721.83,71376552.31,1.328,direct,,MATIC
2021-09-13,1.349,1.201,1.328,86654644.56,108600570.61,1.247,direct,,MATIC
2021-09-14,1.346,1.236,1.247,67636948.88,87813822.06,1.319,direct,,MATIC
2021-09-15,1.421,1.318,1.319,53311569.13,72570795.32,1.416,direct,,MATIC
2021-09-16,1.497,1.349,1.416,87049839.63,124994347.23,1.383,direct,,MATIC
2021-09-17,1.44,1.302,1.383,93710319.47,128216067.28,1.421,direct,,MATIC
2021-09-18,1.439,1.337,1.421,59575121.86,82568104.9,1.365,direct,,MATIC
2021-09-19,1.372,1.302,1.365,51368435.32,68834429.43,1.314,direct,,MATIC
2021-09-20,1.318,1.099,1.314,153929664.85,185164969.37,1.134,direct,,MATIC
2021-09-21,1.187,1.017,1.134,105082947.25,117316958.4,1.046,direct,,MATIC
2021-09-22,1.235,1.03,1.046,90345294.15,102304943.8,1.231,direct,,MATIC
2021-09-23,1.245,1.178,1.231,66156985.28,80472630.15,1.225,direct,,MATIC
2021-09-24,1.23,1.056,1.225,64954273.34,73983674.84,1.127,direct,,MATIC
2021-09-25,1.145,1.085,1.127,60689409.6,68137381.72,1.122,direct,,MATIC
2021-09-26,1.167,1.033,1.122,52400136.59,58221585.5,1.125,direct,,MATIC
2021-09-27,1.169,1.083,1.125,35999587.03,40458556.15,1.085,direct,,MATIC
2021-09-28,1.112,1.046,1.085,35198161.74,37873944.42,1.05,direct,,MATIC
2021-09-29,1.112,1.045,1.05,33301091.58,36162060.23,1.099,direct,,MATIC
2021-09-30,1.149,1.094,1.099,31377600.38,35239805.34,1.126,direct,,MATIC
2021-10-01,1.277,1.126,1.126,54484794.02,65808461.56,1.266,direct,,MATIC
2021-10-02,1.356,1.224,1.266,34131226.49,43921695.83,1.295,direct,,MATIC
2021-10-03,1.345,1.277,1.295,26277268.76,34575779.74,1.326,direct,,MATIC
2021-10-04,1.327,1.238,1.326,33147313.45,42300172.91,1.276,direct,,MATIC
2021-10-05,1.339,1.266,1.276,28197593.08,36774766.87,1.316,direct,,MATIC
2021-10-06,1.318,1.204,1.316,46265219.66,58941322.14,1.257,direct,,MATIC
2021-10-07,1.31,1.229,1.257,45895435.04,58412872.73,1.276,direct,,MATIC
2021-10-08,1.438,1.271,1.276,50549117.54,69058769.42,1.344,direct,,MATIC
2021-10-09,1.383,1.328,1.344,17858376.35,24167993.43,1.35,direct,,MATIC
2021-10-10,1.358,1.238,1.35,24831134.39,32370678.61,1.245,direct,,MATIC
2021-10-11,1.308,1.215,1.245,28396144.99,35700345.87,1.243,direct,,MATIC
2021-10-12,1.243,1.153,1.243,44490447.76,53517229.32,1.222,direct,,MATIC
2021-10-13,1.262,1.19,1.222,39053410.27,47811318.2,1.241,direct,,MATIC
2021-10-14,1.289,1.229,1.241,37285932.84,47021076.4,1.265,direct,,MATIC
2021-10-15,1.636,1.235,1.265,293558099.77,438358672.77,1.602,direct,,MATIC
2021-10-16,1.61,1.5,1.602,56003643.93,86245571.42,1.508,direct,,MATIC
2021-10-17,1.549,1.413,1.508,33355439.46,49499706.75,1.459,direct,,MATIC
2021-10-18,1.617,1.446,1.459,67908126.55,103067906.99,1.481,direct,,MATIC
2021-10-19,1.528,1.439,1.481,38333666.45,56994571.52,1.476,direct,,MATIC
2021-10-20,1.55,1.451,1.476,52941526.49,79541499.75,1.537,direct,,MATIC
2021-10-21,1.632,1.364,1.537,69705757.6,107586855.28,1.506,direct,,MATIC
2021-10-22,1.577,1.491,1.506,50079389.06,76816845.12,1.517,direct,,MATIC
2021-10-23,1.673,1.5,1.517,58887232.3,94289386.73,1.641,direct,,MATIC
2021-10-24,1.644,1.526,1.641,38853197.58,61424273.24,1.571,direct,,MATIC
2021-10-25,1.682,1.563,1.571,49646646.12,81235994.14,1.675,direct,,MATIC
2021-10-26,1.856,1.659,1.675,89003633.6,157879138.67,1.734,direct,,MATIC
2021-10-27,1.936,1.628,1.734,175720960.29,313724824.53,1.757,direct,,MATIC
2021-10-28,2.175,1.757,1.757,158037280.22,308128235.75,2.133,direct,,MATIC
2021-10-29,2.22,1.919,2.133,100785024.01,206228313.92,2.023,direct,,MATIC
2021-10-30,2.028,1.83,2.023,49486332.28,95137080.0,1.874,direct,,MATIC
2021-10-31,2.007,1.797,1.874,67764410.31,128774327.7,1.941,direct,,MATIC
2021-11-01,1.971,1.841,1.941,53236421.7,101435530.84,1.905,direct,,MATIC
2021-11-02,1.97,1.866,1.905,38797416.25,74322147.53,1.939,direct,,MATIC
2021-11-03,2.154,1.939,1.939,67080216.51,137110631.2,2.037,direct,,MATIC
2021-11-04,2.04,1.864,2.037,32300308.47,62781802.41,1.918,direct,,MATIC
2021-11-05,1.951,1.87,1.918,22505952.78,42847709.4,1.898,direct,,MATIC
2021-11-06,1.927,1.813,1.898,22489664.92,42010285.34,1.885,direct,,MATIC
2021-11-07,1.916,1.854,1.885,15811994.62,29848777.62,1.886,direct,,MATIC
2021-11-08,1.942,1.866,1.886,30887624.23,58513287.86,1.895,direct,,MATIC
2021-11-09,1.896,1.763,1.895,37735527.74,69393899.93,1.777,direct,,MATIC
2021-11-10,1.894,1.539,1.777,67066599.57,117240338.56,1.701,direct,,MATIC
2021-11-11,1.788,1.666,1.701,29883823.41,51690942.35,1.756,direct,,MATIC
2021-11-12,1.776,1.638,1.756,32024011.38,54809963.42,1.715,direct,,MATIC
2021-11-13,1.77,1.699,1.715,14764872.81,25563424.8,1.752,direct,,MATIC
2021-11-14,1.775,1.687,1.752,15343737.56,26534677.89,1.729,direct,,MATIC
2021-11-15,1.767,1.689,1.729,18010313.53,31134277.54,1.692,direct,,MATIC
2021-11-16,1.693,1.464,1.692,68855561.72,108799236.57,1.561,direct,,MATIC
2021-11-17,1.674,1.492,1.561,45731622.56,71864667.01,1.638,direct,,MATIC
2021-11-18,1.679,1.448,1.638,46049900.96,71906943.96,1.497,direct,,MATIC
2021-11-19,1.635,1.481,1.497,25953110.1,40650938.83,1.622,direct,,MATIC
2021-11-20,1.68,1.563,1.622,19268150.35,31272961.02,1.667,direct,,MATIC
2021-11-21,1.668,1.51,1.667,19695936.34,31616222.88,1.601,direct,,MATIC
2021-11-22,1.621,1.528,1.601,23482767.24,36847967.9,1.56,direct,,MATIC
2021-11-23,1.763,1.544,1.56,41893673.81,69567362.33,1.752,direct,,MATIC
2021-11-24,1.829,1.653,1.752,51303636.98,88339903.44,1.687,direct,,MATIC
2021-11-25,1.936,1.672,1.687,62446154.26,113931547.78,1.926,direct,,MATIC
2021-11-26,1.967,1.592,1.926,102578509.24,176424277.08,1.64,direct,,MATIC
2021-11-27,1.725,1.589,1.64,30986328.85,51641752.19,1.614,direct,,MATIC
2021-11-28,1.665,1.498,1.614,41274573.57,65078755.54,1.654,direct,,MATIC
2021-11-29,1.834,1.631,1.654,36305785.55,62326363.74,1.818,direct,,MATIC
2021-11-30,1.881,1.693,1.818,66211759.52,118452829.16,1.785,direct,,MATIC
2021-12-01,2.094,1.775,1.785,90265839.18,177377846.98,2.007,direct,,MATIC
2021-12-02,2.201,1.952,2.007,125026707.69,261682277.96,2.126,direct,,MATIC
2021-12-03,2.395,2.083,2.126,147662346.38,331068149.77,2.277,direct,,MATIC
2021-12-04,2.315,1.568,2.277,177429862.28,343620233.13,1.979,direct,,MATIC
2021-12-05,2.2,1.885,1.979,107388777.63,218218502.75,2.051,direct,,MATIC
2021-12-06,2.319,1.716,2.051,149594646.46,299167681.31,2.279,direct,,MATIC
2021-12-07,2.525,2.239,2.279,134223944.92,317268721.1,2.348,direct,,MATIC
2021-12-08,2.582,2.227,2.348,108226178.0,262941002.15,2.419,direct,,MATIC
2021-12-09,2.44,2.062,2.419,96083329.58,213244116.8,2.088,direct,,MATIC
2021-12-10,2.289,2.044,2.088,93353755.86,202463142.6,2.094,direct,,MATIC
2021-12-11,2.166,2.011,2.094,55138846.14,115433239.48,2.137,direct,,MATIC
2021-12-12,2.141,2.029,2.137,33769248.84,70563095.94,2.087,direct,,MATIC
2021-12-13,2.093,1.752,2.087,63278865.87,118867159.4,1.817,direct,,MATIC
2021-12-14,1.946,1.737,1.817,58745609.59,108021194.97,1.941,direct,,MATIC
2021-12-15,2.225,1.831,1.941,91766781.05,185325349.68,2.129,direct,,MATIC
2021-12-16,2.207,2.064,2.129,54881070.74,117664484.43,2.069,direct,,MATIC
2021-12-17,2.159,1.94,2.069,52833085.45,109201883.26,2.129,direct,,MATIC
2021-12-18,2.259,2.057,2.129,44809635.51,97773479.79,2.232,direct,,MATIC
2021-12-19,2.291,2.164,2.232,36688374.86,81966420.39,2.222,direct,,MATIC
2021-12-20,2.249,2.049,2.222,42303429.26,90227669.97,2.128,direct,,MATIC
2021-12-21,2.407,2.11,2.128,56152434.5,128773861.37,2.374,direct,,MATIC
2021-12-22,2.653,2.371,2.374,84725795.81,214731368.29,2.501,direct,,MATIC
2021-12-23,2.735,2.47,2.501,83568916.76,218328665.83,2.684,direct,,MATIC
2021-12-24,2.686,2.426,2.684,47195129.89,121102922.42,2.467,direct,,MATIC
2021-12-25,2.687,2.431,2.467,33315564.28,85627338.89,2.641,direct,,MATIC
2021-12-26,2.888,2.613,2.641,55442211.67,153332948.23,2.877,direct,,MATIC
2021-12-27,2.925,2.713,2.877,41497064.87,117297929.97,2.727,direct,,MATIC
2021-12-28,2.732,2.446,2.727,78316598.51,202980510.57,2.492,direct,,MATIC
2021-12-29,2.617,2.405,2.492,59048362.12,149350509.19,2.474,direct,,MATIC
2021-12-30,2.595,2.416,2.474,37483604.7,94089776.7,2.554,direct,,MATIC
2021-12-31,2.67,2.44,2.554,39088517.99,99801520.59,2.526,direct,,MATIC
2022-01-01,2.603,2.504,2.526,21061601.2,53832514.67,2.573,direct,,MATIC
2022-01-02,2.584,2.505,2.573,15101204.47,38315151.48,2.551,direct,,MATIC
2022-01-03,2.552,2.36,2.551,27317687.64,67164655.01,2.432,direct,,MATIC
2022-01-04,2.506,2.354,2.432,33762815.27,82361972.11,2.365,direct,,MATIC
2022-01-05,2.452,2.021,2.365,46875778.8,106338930.2,2.18,direct,,MATIC
2022-01-06,2.29,2.069,2.18,54214518.75,117522266.68,2.252,direct,,MATIC
2022-01-07,2.264,2.043,2.252,58620615.05,124557035.54,2.051,direct,,MATIC
2022-01-08,2.143,1.902,2.051,40416920.99,81541305.83,1.985,direct,,MATIC
2022-01-09,2.167,1.965,1.985,26640243.54,54957314.97,2.115,direct,,MATIC
2022-01-10,2.146,1.922,2.115,38051465.68,77562149.85,2.073,direct,,MATIC
2022-01-11,2.372,2.048,2.073,47888376.49,107079854.53,2.36,direct,,MATIC
2022-01-12,2.452,2.31,2.36,42243061.76,99993084.28,2.398,direct,,MATIC
2022-01-13,2.439,2.242,2.398,35196454.41,82429904.23,2.263,direct,,MATIC
2022-01-14,2.351,2.184,2.263,26035712.94,59159248.65,2.337,direct,,MATIC
2022-01-15,2.398,2.298,2.337,17370543.98,40984533.27,2.348,direct,,MATIC
2022-01-16,2.374,2.284,2.348,15618011.6,36368100.34,2.333,direct,,MATIC
2022-01-17,2.453,2.167,2.333,43056798.02,99812065.46,2.22,direct,,MATIC
2022-01-18,2.245,2.078,2.22,33804845.3,72747372.44,2.12,direct,,MATIC
2022-01-19,2.142,1.997,2.12,33111670.52,68870490.88,2.03,direct,,MATIC
2022-01-20,2.192,1.952,2.03,57773029.6,119853399.56,1.961,direct,,MATIC
2022-01-21,2.026,1.64,1.961,219387642.21,404153247.58,1.702,direct,,MATIC
2022-01-22,1.756,1.402,1.702,233817310.6,365364273.32,1.537,direct,,MATIC
2022-01-23,1.669,1.511,1.537,123026900.32,194642046.23,1.617,direct,,MATIC
2022-01-24,1.617,1.308,1.617,211539542.91,302926432.85,1.509,direct,,MATIC
2022-01-25,1.612,1.411,1.509,125559158.19,187987731.62,1.558,direct,,MATIC
2022-01-26,1.83,1.525,1.558,201539814.44,333347495.99,1.589,direct,,MATIC
2022-01-27,1.668,1.497,1.589,138001201.3,217800843.89,1.591,direct,,MATIC
2022-01-28,1.702,1.564,1.591,148090066.35,242933446.3,1.675,direct,,MATIC
2022-01-29,1.74,1.651,1.675,69593825.07,118372381.17,1.695,direct,,MATIC
2022-01-30,1.709,1.576,1.695,67679716.32,110973996.87,1.605,direct,,MATIC
2022-01-31,1.653,1.525,1.605,79139536.22,126079145.1,1.643,direct,,MATIC
2022-02-01,1.68,1.615,1.643,101719282.9,167578666.14,1.648,direct,,MATIC
2022-02-02,1.664,1.523,1.648,73057340.37,116467787.5,1.54,direct,,MATIC
2022-02-03,1.562,1.477,1.54,68545392.91,104119330.82,1.556,direct,,MATIC
2022-02-04,1.696,1.537,1.556,70586657.05,113750475.12,1.696,direct,,MATIC
2022-02-05,1.757,1.675,1.696,65122115.54,112285727.64,1.712,direct,,MATIC
2022-02-06,1.756,1.669,1.712,45221291.91,77589991.72,1.74,direct,,MATIC
2022-02-07,2.092,1.699,1.74,167837398.41,321889761.59,2.019,direct,,MATIC
2022-02-08,2.05,1.861,2.019,103288402.35,201429284.01,1.944,direct,,MATIC
2022-02-09,2.061,1.892,1.944,77613404.11,154098672.27,2.038,direct,,MATIC
2022-02-10,2.043,1.874,2.038,106690254.58,209997201.67,1.896,direct,,MATIC
2022-02-11,1.902,1.676,1.896,130854764.55,236936545.61,1.715,direct,,MATIC
2022-02-12,1.765,1.644,1.715,63742685.61,108389679.13,1.701,direct,,MATIC
2022-02-13,1.724,1.644,1.701,38513468.6,65112155.19,1.659,direct,,MATIC
2022-02-14,1.679,1.597,1.659,74898290.63,122460802.34,1.657,direct,,MATIC
2022-02-15,1.879,1.653,1.657,73058137.87,129983616.33,1.872,direct,,MATIC
2022-02-16,1.879,1.751,1.872,70920054.48,129009246.87,1.837,direct,,MATIC
2022-02-17,1.865,1.647,1.837,73660153.65,128577468.6,1.662,direct,,MATIC
2022-02-18,1.714,1.583,1.662,62315966.62,102260090.49,1.594,direct,,MATIC
2022-02-19,1.643,1.56,1.594,34301846.63,55142314.11,1.633,direct,,MATIC
2022-02-20,1.635,1.495,1.633,53893116.05,83195576.82,1.512,direct,,MATIC
2022-02-21,1.616,1.401,1.512,103581178.94,156793921.45,1.406,direct,,MATIC
2022-02-22,1.475,1.349,1.406,98568263.53,139621356.6,1.463,direct,,MATIC
2022-02-23,1.596,1.433,1.463,96406913.52,146507749.0,1.436,direct,,MATIC
2022-02-24,1.501,1.246,1.436,192190630.68,257789664.68,1.441,direct,,MATIC
2022-02-25,1.576,1.404,1.441,78133518.51,116271881.47,1.552,direct,,MATIC
2022-02-26,1.595,1.504,1.552,38300954.07,58979040.65,1.516,direct,,MATIC
2022-02-27,1.547,1.425,1.516,48819111.0,72171725.22,1.453,direct,,MATIC
2022-02-28,1.618,1.422,1.453,65575376.48,99480191.5,1.616,direct,,MATIC
2022-03-01,1.664,1.557,1.616,76272733.24,122751484.4,1.623,direct,,MATIC
2022-03-02,1.699,1.584,1.623,64131291.3,105312049.07,1.637,direct,,MATIC
2022-03-03,1.651,1.545,1.637,45467687.21,72517121.81,1.586,direct,,MATIC
2022-03-04,1.587,1.454,1.586,44023237.29,66922524.7,1.476,direct,,MATIC
2022-03-05,1.515,1.449,1.476,22854014.15,33930716.27,1.508,direct,,MATIC
2022-03-06,1.519,1.432,1.508,22391709.32,32983783.81,1.435,direct,,MATIC
2022-03-07,1.496,1.371,1.435,54097525.75,77291595.46,1.415,direct,,MATIC
2022-03-08,1.475,1.405,1.415,38788720.4,56117369.48,1.447,direct,,MATIC
2022-03-09,1.545,1.445,1.447,43995947.66,66297156.27,1.506,direct,,MATIC
2022-03-10,1.511,1.405,1.506,38649048.9,55676876.87,1.437,direct,,MATIC
2022-03-11,1.473,1.404,1.437,38233233.35,54690128.81,1.405,direct,,MATIC
2022-03-12,1.434,1.394,1.405,18672180.83,26393456.62,1.397,direct,,MATIC
2022-03-13,1.42,1.353,1.397,19968758.61,27820181.4,1.362,direct,,MATIC
2022-03-14,1.393,1.331,1.362,31008072.71,42239909.06,1.379,direct,,MATIC
2022-03-15,1.409,1.333,1.379,27390952.76,37536990.69,1.379,direct,,MATIC
2022-03-16,1.471,1.356,1.379,40148440.13,56511341.75,1.468,direct,,MATIC
2022-03-17,1.499,1.439,1.468,31462057.81,46021936.17,1.447,direct,,MATIC
2022-03-18,1.511,1.418,1.447,31141576.5,45445698.78,1.499,direct,,MATIC
2022-03-19,1.542,1.499,1.499,28821301.06,43887685.65,1.53,direct,,MATIC
2022-03-20,1.537,1.459,1.53,19227369.02,28660300.93,1.464,direct,,MATIC
2022-03-21,1.499,1.443,1.464,22337514.84,32829107.74,1.465,direct,,MATIC
2022-03-22,1.533,1.459,1.465,28219234.61,42570168.97,1.507,direct,,MATIC
2022-03-23,1.559,1.493,1.507,31908755.71,48760634.71,1.556,direct,,MATIC
2022-03-24,1.637,1.546,1.556,45667183.63,73011998.68,1.63,direct,,MATIC
2022-03-25,1.663,1.569,1.63,40118934.08,64892550.13,1.578,direct,,MATIC
2022-03-26,1.616,1.569,1.578,16841562.48,26839335.63,1.612,direct,,MATIC
2022-03-27,1.696,1.603,1.612,25989362.69,42746069.38,1.695,direct,,MATIC
2022-03-28,1.746,1.653,1.695,44488070.48,75963093.57,1.658,direct,,MATIC
2022-03-29,1.737,1.637,1.658,39697855.11,67176612.57,1.676,direct,,MATIC
2022-03-30,1.726,1.627,1.676,38709119.58,65175655.01,1.683,direct,,MATIC
2022-03-31,1.749,1.608,1.683,52047188.32,87521315.07,1.618,direct,,MATIC
2022-04-01,1.712,1.561,1.618,40274127.22,66083868.39,1.695,direct,,MATIC
2022-04-02,1.729,1.646,1.695,31516491.56,53391765.38,1.652,direct,,MATIC
2022-04-03,1.714,1.634,1.652,24362505.71,40873849.21,1.688,direct,,MATIC
2022-04-04,1.689,1.608,1.688,28708475.43,47344924.02,1.648,direct,,MATIC
2022-04-05,1.676,1.588,1.648,25937966.88,42226133.4,1.592,direct,,MATIC
2022-04-06,1.593,1.454,1.592,52443821.59,79897747.2,1.458,direct,,MATIC
2022-04-07,1.52,1.438,1.458,32492983.32,48093986.69,1.513,direct,,MATIC
2022-04-08,1.527,1.424,1.513,28676874.56,42483499.69,1.435,direct,,MATIC
2022-04-09,1.467,1.427,1.435,13348460.44,19335044.72,1.463,direct,,MATIC
2022-04-10,1.49,1.42,1.463,14602967.98,21325845.91,1.426,direct,,MATIC
2022-04-11,1.439,1.314,1.426,41996481.89,57472798.56,1.334,direct,,MATIC
2022-04-12,1.476,1.317,1.334,54849457.05,76859052.82,1.393,direct,,MATIC
2022-04-13,1.438,1.366,1.393,31431366.32,44309001.86,1.419,direct,,MATIC
2022-04-14,1.444,1.353,1.419,26403315.94,36802191.39,1.374,direct,,MATIC
2022-04-15,1.399,1.368,1.374,13893086.76,19261160.15,1.398,direct,,MATIC
2022-04-16,1.403,1.365,1.398,9682712.39,13414535.78,1.389,direct,,MATIC
2022-04-17,1.391,1.333,1.389,13392073.07,18342242.11,1.338,direct,,MATIC
2022-04-18,1.426,1.294,1.338,42814078.61,58088854.05,1.419,direct,,MATIC
2022-04-19,1.45,1.394,1.419,28932879.93,41095182.6,1.428,direct,,MATIC
2022-04-20,1.466,1.397,1.428,30182767.95,43243926.65,1.417,direct,,MATIC
2022-04-21,1.468,1.361,1.417,30707050.75,43701004.59,1.378,direct,,MATIC
2022-04-22,1.505,1.372,1.378,66515507.61,95689168.17,1.398,direct,,MATIC
2022-04-23,1.412,1.345,1.398,22642806.82,31176929.74,1.363,direct,,MATIC
2022-04-24,1.374,1.333,1.363,16880367.02,22819000.45,1.344,direct,,MATIC
2022-04-25,1.355,1.265,1.344,45469356.9,59356301.92,1.353,direct,,MATIC
2022-04-26,1.361,1.226,1.353,34856256.71,44820044.97,1.245,direct,,MATIC
2022-04-27,1.292,1.236,1.245,26087604.67,32896354.29,1.257,direct,,MATIC
2022-04-28,1.279,1.227,1.257,25491491.24,31875791.17,1.238,direct,,MATIC
2022-04-29,1.246,1.128,1.238,45544941.9,53714751.04,1.141,direct,,MATIC
2022-04-30,1.165,1.013,1.141,52389399.3,57358323.48,1.033,direct,,MATIC
2022-05-01,1.123,1.015,1.033,71179057.65,76887617.99,1.099,direct,,MATIC
2022-05-02,1.121,1.037,1.099,59242817.15,63951368.44,1.076,direct,,MATIC
2022-05-03,1.116,1.054,1.076,37259324.74,40497249.84,1.076,direct,,MATIC
2022-05-04,1.173,1.07,1.076,49635260.84,55689357.03,1.172,direct,,MATIC
2022-05-05,1.187,1.03,1.172,55974852.22,61257394.59,1.064,direct,,MATIC
2022-05-06,1.076,1.013,1.064,55731997.17,58306988.53,1.042,direct,,MATIC
2022-05-07,1.066,0.9927,1.042,52198914.23,53851119.8,1.019,direct,,MATIC
2022-05-08,1.029,0.9609,1.019,58511945.29,57889848.2,0.9756,direct,,MATIC
2022-05-09,0.9909,0.7884,0.9756,143255076.13,124386070.4,0.8109,direct,,MATIC
2022-05-10,0.9886,0.792,0.8109,186989346.58,169543567.15,0.8885,direct,,MATIC
2022-05-11,0.911,0.602,0.8885,257819531.88,195324148.88,0.6728,direct,,MATIC
2022-05-12,0.7142,0.4795,0.6728,242633900.91,143328776.0,0.5991,direct,,MATIC
2022-05-13,0.7507,0.5892,0.5991,141773293.42,97799758.26,0.6663,direct,,MATIC
2022-05-14,0.7102,0.6119,0.6663,79576076.89,52569574.62,0.6842,direct,,MATIC
2022-05-15,0.7415,0.6557,0.6842,69086826.4,47712668.04,0.7414,direct,,MATIC
2022-05-16,0.7416,0.6578,0.7414,76810732.95,52784388.23,0.6761,direct,,MATIC
2022-05-17,0.7346,0.6742,0.6761,74328307.55,52476296.6,0.726,direct,,MATIC
2022-05-18,0.7367,0.6232,0.726,90891288.08,60945685.99,0.6255,direct,,MATIC
2022-05-19,0.6719,0.6089,0.6255,84817682.28,54316286.21,0.6578,direct,,MATIC
2022-05-20,0.6784,0.6164,0.6578,78845843.22,50926687.4,0.6336,direct,,MATIC
2022-05-21,0.6595,0.6202,0.6336,53491453.79,34333925.25,0.6485,direct,,MATIC
2022-05-22,0.6813,0.6402,0.6485,50224596.7,33223178.01,0.6758,direct,,MATIC
2022-05-23,0.6993,0.6347,0.6758,85104509.41,57597825.85,0.6407,direct,,MATIC
2022-05-24,0.6672,0.6104,0.6407,84235089.88,53875169.18,0.6624,direct,,MATIC
2022-05-25,0.6729,0.6274,0.6624,71544304.38,46358154.57,0.6449,direct,,MATIC
2022-05-26,0.6591,0.5776,0.6449,124933841.26,76740012.88,0.5981,direct,,MATIC
2022-05-27,0.6102,0.5642,0.5981,114157903.08,66636063.33,0.5737,direct,,MATIC
2022-05-28,0.5959,0.5686,0.5737,52010526.78,30355917.44,0.5868,direct,,MATIC
2022-05-29,0.6002,0.574,0.5868,42545756.32,25035673.99,0.5989,direct,,MATIC
2022-05-30,0.6601,0.5945,0.5989,72370313.23,45735942.11,0.6573,direct,,MATIC
2022-05-31,0.6831,0.6433,0.6573,89458647.64,59215387.62,0.6616,direct,,MATIC
2022-06-01,0.6704,0.5854,0.6616,96427366.6,60645180.66,0.5995,direct,,MATIC
2022-06-02,0.6212,0.5903,0.5995,71957353.75,43494020.01,0.6184,direct,,MATIC
2022-06-03,0.62,0.576,0.6184,64805167.48,38438750.91,0.5887,direct,,MATIC
2022-06-04,0.5998,0.5753,0.5887,28443843.11,16786699.72,0.5955,direct,,MATIC
2022-06-05,0.6061,0.5838,0.5955,32071634.96,19065975.73,0.5969,direct,,MATIC
2022-06-06,0.6553,0.5956,0.5969,69459074.29,44025902.8,0.6323,direct,,MATIC
2022-06-07,0.6328,0.5797,0.6323,72770308.41,43842892.92,0.6167,direct,,MATIC
2022-06-08,0.6321,0.6012,0.6167,47032858.28,28831437.05,0.6061,direct,,MATIC
2022-06-09,0.6517,0.6019,0.6061,49960852.0,31357289.02,0.6331,direct,,MATIC
2022-06-10,0.6621,0.5897,0.6331,98002454.51,61058738.9,0.5937,direct,,MATIC
2022-06-11,0.606,0.531,0.5937,78911573.61,44595098.71,0.5396,direct,,MATIC
2022-06-12,0.5461,0.4957,0.5396,96170381.57,49947871.71,0.4968,direct,,MATIC
2022-06-13,0.5034,0.404,0.4968,266819626.53,117328521.34,0.4298,direct,,MATIC
2022-06-14,0.452,0.3955,0.4298,180298352.72,75973210.68,0.415,direct,,MATIC
2022-06-15,0.4392,0.3636,0.415,205290908.78,80512614.97,0.439,direct,,MATIC
2022-06-16,0.4444,0.3752,0.439,113032936.27,45435347.19,0.3825,direct,,MATIC
2022-06-17,0.4065,0.378,0.3825,95268613.28,37686243.02,0.3992,direct,,MATIC
2022-06-18,0.4067,0.3159,0.3992,188687631.4,66054079.4,0.3453,direct,,MATIC
2022-06-19,0.3843,0.3264,0.3453,121806665.3,42927992.9,0.3837,direct,,MATIC
2022-06-20,0.4105,0.3588,0.3837,131326653.57,50907900.89,0.4005,direct,,MATIC
2022-06-21,0.4538,0.3922,0.4005,121035524.97,51726733.43,0.4196,direct,,MATIC
2022-06-22,0.4709,0.3944,0.4196,154986358.51,66612775.45,0.455,direct,,MATIC
2022-06-23,0.5732,0.455,0.455,272756415.92,138956457.35,0.5622,direct,,MATIC
2022-06-24,0.627,0.5618,0.5622,199789485.77,119165136.03,0.6065,direct,,MATIC
2022-06-25,0.6261,0.5663,0.6065,108807007.15,64959179.74,0.6007,direct,,MATIC
2022-06-26,0.6261,0.5562,0.6007,86871658.28,51451769.89,0.5582,direct,,MATIC
2022-06-27,0.5963,0.5212,0.5582,138407058.3,76458592.83,0.5314,direct,,MATIC
2022-06-28,0.574,0.5034,0.5314,178259383.35,94623720.37,0.5101,direct,,MATIC
2022-06-29,0.5457,0.4848,0.5101,215084735.87,110133310.34,0.4959,direct,,MATIC
2022-06-30,0.4969,0.4168,0.4959,257541587.06,115580688.51,0.4807,direct,,MATIC
2022-07-01,0.4976,0.4492,0.4807,135210599.18,63741538.02,0.4611,direct,,MATIC
2022-07-02,0.4955,0.4482,0.4611,51449644.32,24122126.17,0.4922,direct,,MATIC
2022-07-03,0.4933,0.4416,0.4922,131683145.6,60676956.65,0.4613,direct,,MATIC
2022-07-04,0.4947,0.4508,0.4613,72811973.03,34342426.79,0.4908,direct,,MATIC
2022-07-05,0.5348,0.4855,0.4908,164440889.9,84078992.76,0.5126,direct,,MATIC
2022-07-06,0.5299,0.4924,0.5126,111135748.25,57156880.54,0.5251,direct,,MATIC
2022-07-07,0.5729,0.511,0.5251,116596463.6,63424615.08,0.5627,direct,,MATIC
2022-07-08,0.6189,0.5552,0.5627,150638005.34,87935064.59,0.6057,direct,,MATIC
2022-07-09,0.6101,0.5823,0.6057,57234439.53,33998943.37,0.5895,direct,,MATIC
2022-07-10,0.59,0.5523,0.5895,55721782.83,31818108.66,0.571,direct,,MATIC
2022-07-11,0.5976,0.5363,0.571,119670552.96,67916150.5,0.5628,direct,,MATIC
2022-07-12,0.5927,0.5343,0.5628,129903621.98,73868713.71,0.5356,direct,,MATIC
2022-07-13,0.6451,0.5212,0.5356,210972504.02,119405855.98,0.6385,direct,,MATIC
2022-07-14,0.7155,0.6132,0.6385,264346145.72,173981097.71,0.709,direct,,MATIC
2022-07-15,0.7344,0.676,0.709,159589337.87,112112336.35,0.7032,direct,,MATIC
2022-07-16,0.7439,0.6823,0.7032,105075157.39,75293628.56,0.7292,direct,,MATIC
2022-07-17,0.7891,0.7188,0.7292,148319057.45,112559332.48,0.7525,direct,,MATIC
2022-07-18,0.983,0.7452,0.7525,301398664.95,269885670.59,0.96,direct,,MATIC
2022-07-19,0.9788,0.8836,0.96,203999368.88,188198639.46,0.9265,direct,,MATIC
2022-07-20,0.9524,0.8121,0.9265,238007639.55,211231083.06,0.832,direct,,MATIC
2022-07-21,0.9283,0.797,0.832,167048603.48,145179811.79,0.9056,direct,,MATIC
2022-07-22,0.9343,0.8446,0.9056,127684215.46,113597127.68,0.8507,direct,,MATIC
2022-07-23,0.8873,0.8143,0.8507,90145312.03,76423323.29,0.8718,direct,,MATIC
2022-07-24,0.9092,0.8463,0.8718,93567708.9,82044730.12,0.8797,direct,,MATIC
2022-07-25,0.8847,0.7685,0.8797,134718335.48,111297482.29,0.7689,direct,,MATIC
2022-07-26,0.7848,0.7224,0.7689,127384368.45,95953646.03,0.7837,direct,,MATIC
2022-07-27,0.8989,0.762,0.7837,188675550.02,155860731.33,0.8975,direct,,MATIC
2022-07-28,0.9751,0.8504,0.8975,228470950.99,207650669.51,0.9346,direct,,MATIC
2022-07-29,0.9931,0.9054,0.9346,182553404.27,173479719.63,0.9382,direct,,MATIC
2022-07-30,0.9832,0.9149,0.9382,102395282.09,96946554.57,0.9308,direct,,MATIC
2022-07-31,1.016,0.9112,0.9308,114692927.74,109990191.7,0.9288,direct,,MATIC
2022-08-01,0.9466,0.8784,0.9288,106588317.91,96898063.26,0.8919,direct,,MATIC
2022-08-02,0.9064,0.8494,0.8919,88416797.22,77572218.4,0.8766,direct,,MATIC
2022-08-03,0.926,0.8569,0.8766,61697451.75,55465052.08,0.8888,direct,,MATIC
2022-08-04,0.9127,0.8759,0.8888,44057205.24,39350608.8,0.8916,direct,,MATIC
2022-08-05,0.9378,0.8893,0.8916,64703260.79,59263476.72,0.9277,direct,,MATIC
2022-08-06,0.9411,0.9031,0.9277,48838981.61,45115211.87,0.9078,direct,,MATIC
2022-08-07,0.9253,0.8928,0.9078,31646457.05,28814445.68,0.9071,direct,,MATIC
2022-08-08,0.9517,0.905,0.9071,48987314.5,45604928.74,0.9223,direct,,MATIC
2022-08-09,0.931,0.87,0.9223,55316605.37,49681859.28,0.8913,direct,,MATIC
2022-08-10,0.9414,0.8713,0.8913,73687758.46,67236259.67,0.9385,direct,,MATIC
2022-08-11,0.9565,0.9163,0.9385,54372527.26,50961542.87,0.9217,direct,,MATIC
2022-08-12,0.9355,0.9066,0.9217,39353619.48,36313835.13,0.935,direct,,MATIC
2022-08-13,1.033,0.93,0.935,125028136.71,124442197.22,1.026,direct,,MATIC
2022-08-14,1.055,0.9874,1.026,60999364.67,62127317.82,1.001,direct,,MATIC
2022-08-15,1.034,0.9317,1.001,92888372.08,90341520.86,0.9511,direct,,MATIC
2022-08-16,0.9678,0.9244,0.9511,57493702.89,54213648.99,0.9349,direct,,MATIC
2022-08-17,0.9641,0.8773,0.9349,75460536.85,68984357.27,0.8844,direct,,MATIC
2022-08-18,0.9092,0.8559,0.8844,42587788.95,37910127.64,0.8572,direct,,MATIC
2022-08-19,0.8577,0.7638,0.8572,119817363.15,95688240.88,0.7696,direct,,MATIC
2022-08-20,0.8165,0.7587,0.7696,82060744.73,64830096.23,0.7862,direct,,MATIC
2022-08-21,0.8304,0.7788,0.7862,55920949.63,44983553.16,0.8204,direct,,MATIC
2022-08-22,0.8228,0.7687,0.8204,49434573.12,39231845.9,0.8098,direct,,MATIC
2022-08-23,0.8368,0.7914,0.8098,55973962.44,45786858.96,0.8315,direct,,MATIC
2022-08-24,0.8402,0.8022,0.8315,49630457.29,40683700.59,0.8135,direct,,MATIC
2022-08-25,0.832,0.8055,0.8135,42053344.33,34410899.14,0.819,direct,,MATIC
2022-08-26,0.846,0.7556,0.819,108907004.07,87206873.86,0.7659,direct,,MATIC
2022-08-27,0.8136,0.7565,0.7659,73469397.09,57827979.34,0.8053,direct,,MATIC
2022-08-28,0.8329,0.7782,0.8053,64492763.55,52442927.21,0.7823,direct,,MATIC
2022-08-29,0.8212,0.7621,0.7823,67672225.31,53656367.35,0.817,direct,,MATIC
2022-08-30,0.8418,0.7832,0.817,67947063.26,55284461.75,0.8149,direct,,MATIC
2022-08-31,0.8569,0.8149,0.8149,65206876.04,54316067.23,0.8325,direct,,MATIC
2022-09-01,0.8952,0.8226,0.8325,83575636.66,71190029.72,0.8846,direct,,MATIC
2022-09-02,0.9128,0.863,0.8846,74426095.35,65963837.67,0.8719,direct,,MATIC
2022-09-03,0.8903,0.8668,0.8719,34307252.34,30119147.1,0.8892,direct,,MATIC
2022-09-04,0.8985,0.8724,0.8892,29531357.88,26153888.72,0.8951,direct,,MATIC
2022-09-05,0.9029,0.8622,0.8951,36237806.44,31866169.03,0.8819,direct,,MATIC
2022-09-06,0.9233,0.8132,0.8819,88881825.59,76953455.7,0.816,direct,,MATIC
2022-09-07,0.8509,0.7918,0.816,63039495.96,51537669.86,0.8403,direct,,MATIC
2022-09-08,0.8497,0.8159,0.8403,53563970.72,44687059.44,0.8453,direct,,MATIC
2022-09-09,0.9005,0.8427,0.8453,52751550.3,46357284.75,0.891,direct,,MATIC
2022-09-10,0.9119,0.8787,0.891,39574579.04,35405614.7,0.9061,direct,,MATIC
2022-09-11,0.9175,0.8765,0.9061,24619667.09,22074232.63,0.894,direct,,MATIC
2022-09-12,0.9403,0.8722,0.894,85658088.75,78349179.59,0.931,direct,,MATIC
2022-09-13,0.9436,0.8397,0.931,108176534.48,95920348.78,0.8461,direct,,MATIC
2022-09-14,0.8681,0.8309,0.8461,55133337.85,47001635.74,0.865,direct,,MATIC
2022-09-15,0.876,0.8174,0.865,63415981.67,53562028.83,0.8246,direct,,MATIC
2022-09-16,0.8309,0.7877,0.8246,46702761.42,37742465.74,0.8068,direct,,MATIC
2022-09-17,0.8308,0.8051,0.8068,18026862.99,14760163.4,0.8284,direct,,MATIC
2022-09-18,0.8362,0.7501,0.8284,37333314.4,29631718.56,0.7533,direct,,MATIC
2022-09-19,0.7754,0.7251,0.7533,47890910.43,35938431.62,0.7657,direct,,MATIC
2022-09-20,0.7692,0.7302,0.7657,48163922.42,36040534.95,0.7333,direct,,MATIC
2022-09-21,0.7771,0.6906,0.7333,89102305.13,65237290.63,0.7009,direct,,MATIC
2022-09-22,0.7624,0.7003,0.7009,57732127.16,42628222.89,0.752,direct,,MATIC
2022-09-23,0.7849,0.723,0.752,67774489.19,50817734.83,0.7787,direct,,MATIC
2022-09-24,0.7822,0.7499,0.7787,32901994.23,25289783.7,0.7528,direct,,MATIC
2022-09-25,0.7671,0.7312,0.7528,28233839.56,21223437.87,0.7397,direct,,MATIC
2022-09-26,0.7616,0.7263,0.7397,53506086.73,39891127.47,0.756,direct,,MATIC
2022-09-27,0.7934,0.7264,0.756,69870001.92,53376091.35,0.7389,direct,,MATIC
2022-09-28,0.7542,0.7126,0.7389,44829461.99,32961994.43,0.7474,direct,,MATIC
2022-09-29,0.7647,0.7317,0.7474,32957678.04,24645251.01,0.7633,direct,,MATIC
2022-09-30,0.7897,0.762,0.7633,52154797.36,40434333.46,0.7779,direct,,MATIC
2022-10-01,0.7811,0.7603,0.7779,14579393.91,11232453.22,0.7669,direct,,MATIC
2022-10-02,0.7835,0.7612,0.7669,20340976.01,15705544.11,0.7633,direct,,MATIC
2022-10-03,0.8076,0.7557,0.7633,45506685.22,35818811.15,0.8005,direct,,MATIC
2022-10-04,0.8434,0.8003,0.8005,62092283.8,51384099.86,0.8356,direct,,MATIC
2022-10-05,0.8608,0.8212,0.8356,49204370.19,41367485.17,0.8517,direct,,MATIC
2022-10-06,0.8596,0.8308,0.8517,51271777.68,43266557.77,0.8337,direct,,MATIC
2022-10-07,0.8482,0.8186,0.8337,31069608.91,25972634.97,0.8315,direct,,MATIC
2022-10-08,0.8348,0.8083,0.8315,13387283.15,10976279.38,0.8146,direct,,MATIC
2022-10-09,0.8302,0.8081,0.8146,13731851.37,11270120.4,0.8256,direct,,MATIC
2022-10-10,0.843,0.812,0.8256,38585646.94,32061726.53,0.8136,direct,,MATIC
2022-10-11,0.8136,0.7846,0.8136,34981872.67,27948375.55,0.7908,direct,,MATIC
2022-10-12,0.8015,0.7824,0.7908,20333918.23,16097432.91,0.7829,direct,,MATIC
2022-10-13,0.7874,0.7165,0.7829,83049011.27,62436223.43,0.7756,direct,,MATIC
2022-10-14,0.8224,0.7755,0.7756,48137120.93,38591354.56,0.7933,direct,,MATIC
2022-10-15,0.8098,0.7864,0.7933,21204376.13,16910097.71,0.7891,direct,,MATIC
2022-10-16,0.8099,0.7881,0.7891,13619401.27,10879177.75,0.7987,direct,,MATIC
2022-10-17,0.8502,0.7961,0.7987,42456814.04,35288576.65,0.8482,direct,,MATIC
2022-10-18,0.8792,0.8358,0.8482,69651347.2,59818417.59,0.8641,direct,,MATIC
2022-10-19,0.8811,0.8398,0.8641,60761239.59,52545372.83,0.8446,direct,,MATIC
2022-10-20,0.8481,0.8055,0.8446,64109574.84,53241007.34,0.8096,direct,,MATIC
2022-10-21,0.8337,0.7756,0.8096,59377721.98,47761653.34,0.8321,direct,,MATIC
2022-10-22,0.8403,0.8132,0.8321,23440839.73,19445578.24,0.8319,direct,,MATIC
2022-10-23,0.9039,0.8209,0.8319,44152634.04,37944196.9,0.899,direct,,MATIC
2022-10-24,0.9086,0.8723,0.899,73553448.8,65625451.36,0.8933,direct,,MATIC
2022-10-25,0.9475,0.8747,0.8933,83303095.48,76014725.52,0.9178,direct,,MATIC
2022-10-26,0.9678,0.9178,0.9178,73778474.04,69625022.68,0.9379,direct,,MATIC
2022-10-27,0.9476,0.8941,0.9379,70323762.72,64879568.93,0.9037,direct,,MATIC
2022-10-28,0.9472,0.895,0.9037,57552139.19,53079587.36,0.9448,direct,,MATIC
2022-10-29,0.9588,0.9264,0.9448,51713094.42,48629769.6,0.9339,direct,,MATIC
2022-10-30,0.949,0.8842,0.9339,41331531.74,38112554.36,0.9086,direct,,MATIC
2022-10-31,0.9297,0.8933,0.9086,47327941.98,43037885.98,0.9029,direct,,MATIC
2022-11-01,0.9093,0.8732,0.9029,37953306.28,33804602.34,0.874,direct,,MATIC
2022-11-02,0.9237,0.8371,0.874,105111535.99,90702271.84,0.8735,direct,,MATIC
2022-11-03,0.9859,0.8687,0.8735,157282503.71,148802899.29,0.9511,direct,,MATIC
2022-11-04,1.197,0.9506,0.9511,238372804.12,264679931.27,1.169,direct,,MATIC
2022-11-05,1.292,1.155,1.169,143285968.25,173555820.25,1.185,direct,,MATIC
2022-11-06,1.215,1.132,1.185,98350191.5,114643744.9,1.135,direct,,MATIC
2022-11-07,1.29,1.13,1.135,180373241.34,219666575.67,1.257,direct,,MATIC
2022-11-08,1.274,0.9092,1.257,267220187.86,297450144.26,1.044,direct,,MATIC
2022-11-09,1.07,0.7591,1.044,255466910.48,227447645.17,0.8092,direct,,MATIC
2022-11-10,1.157,0.797,0.8092,201109217.84,200446842.13,1.122,direct,,MATIC
2022-11-11,1.156,0.9686,1.122,131166484.37,137933082.05,1.062,direct,,MATIC
2022-11-12,1.065,0.9245,1.062,83285650.13,80515749.35,0.938,direct,,MATIC
2022-11-13,0.9666,0.8643,0.938,69001765.87,62514984.95,0.8882,direct,,MATIC
2022-11-14,0.9632,0.8311,0.8882,91223167.56,82671545.6,0.9168,direct,,MATIC
2022-11-15,0.9722,0.9062,0.9168,67404908.95,63409559.2,0.9405,direct,,MATIC
2022-11-16,0.955,0.8782,0.9405,54015949.36,48952895.49,0.8976,direct,,MATIC
2022-11-17,0.9114,0.8613,0.8976,52723094.87,46528216.8,0.8732,direct,,MATIC
2022-11-18,0.8992,0.867,0.8732,34740581.17,30696593.68,0.8784,direct,,MATIC
2022-11-19,0.8824,0.8488,0.8784,27925315.88,24204231.89,0.8754,direct,,MATIC
2022-11-20,0.8805,0.7984,0.8754,46982445.96,39219890.14,0.8059,direct,,MATIC
2022-11-21,0.8202,0.7639,0.8059,64784803.35,51318574.92,0.7953,direct,,MATIC
2022-11-22,0.8654,0.7776,0.7953,75205283.94,62259826.06,0.8505,direct,,MATIC
2022-11-23,0.8718,0.8356,0.8505,58631176.11,50063086.65,0.8608,direct,,MATIC
2022-11-24,0.8903,0.8414,0.8608,43075205.37,37088963.03,0.8485,direct,,MATIC
2022-11-25,0.8489,0.819,0.8485,29560752.21,24723140.76,0.8436,direct,,MATIC
2022-11-26,0.8711,0.8384,0.8436,25927139.85,22191345.32,0.8457,direct,,MATIC
2022-11-27,0.8654,0.8403,0.8457,25950372.38,22184374.55,0.8435,direct,,MATIC
2022-11-28,0.8485,0.8037,0.8435,44638156.77,36614907.54,0.821,direct,,MATIC
2022-11-29,0.8488,0.813,0.821,29344330.47,24493744.66,0.8383,direct,,MATIC
2022-11-30,0.9444,0.8371,0.8383,84752681.92,75449563.75,0.9339,direct,,MATIC
2022-12-01,0.9447,0.9058,0.9339,70083289.93,64697561.88,0.9084,direct,,MATIC
2022-12-02,0.9492,0.8986,0.9084,56318676.78,51840618.64,0.9488,direct,,MATIC
2022-12-03,0.95,0.8998,0.9488,27043178.74,24940852.98,0.9023,direct,,MATIC
2022-12-04,0.9245,0.9015,0.9023,21779689.82,19926844.65,0.9217,direct,,MATIC
2022-12-05,0.9451,0.9001,0.9217,46196432.71,42542590.96,0.9115,direct,,MATIC
2022-12-06,0.9213,0.8972,0.9115,30053366.6,27340787.36,0.9179,direct,,MATIC
2022-12-07,0.9197,0.8715,0.9179,44274350.57,39364773.01,0.8977,direct,,MATIC
2022-12-08,0.93,0.8875,0.8977,35455055.76,32222821.66,0.9277,direct,,MATIC
2022-12-09,0.9344,0.9081,0.9277,25760244.47,23696039.2,0.9097,direct,,MATIC
2022-12-10,0.9164,0.9007,0.9097,17181287.37,15587813.04,0.9082,direct,,MATIC
2022-12-11,0.9149,0.8888,0.9082,20677907.88,18698357.8,0.8925,direct,,MATIC
2022-12-12,0.9129,0.8706,0.8925,31864317.47,28353255.66,0.9109,direct,,MATIC
2022-12-13,0.9418,0.8799,0.9109,56938193.4,52230845.11,0.9241,direct,,MATIC
2022-12-14,0.9381,0.8943,0.9241,37731243.85,34652004.95,0.9029,direct,,MATIC
2022-12-15,0.9063,0.872,0.9029,33254321.57,29569613.59,0.8783,direct,,MATIC
2022-12-16,0.8909,0.782,0.8783,56808106.88,47605529.98,0.7943,direct,,MATIC
2022-12-17,0.8189,0.782,0.7943,35831945.83,28765054.26,0.8161,direct,,MATIC
2022-12-18,0.8262,0.8023,0.8161,18623537.6,15154879.33,0.8124,direct,,MATIC
2022-12-19,0.8217,0.7583,0.8124,46313444.18,36433708.74,0.7736,direct,,MATIC
2022-12-20,0.8088,0.7682,0.7736,45678378.28,36357059.62,0.8016,direct,,MATIC
2022-12-21,0.8034,0.7856,0.8016,30266528.62,24015008.23,0.7942,direct,,MATIC
2022-12-22,0.7975,0.7699,0.7942,28885168.2,22724435.62,0.7961,direct,,MATIC
2022-12-23,0.8072,0.7915,0.7961,21617159.73,17278093.78,0.799,direct,,MATIC
2022-12-24,0.801,0.793,0.799,10361464.38,8262346.96,0.7954,direct,,MATIC
2022-12-25,0.799,0.7857,0.7954,11503870.05,9119317.47,0.795,direct,,MATIC
2022-12-26,0.8166,0.7937,0.795,16203043.61,13029964.35,0.8145,direct,,MATIC
2022-12-27,0.8192,0.7973,0.8145,19302364.57,15620615.13,0.806,direct,,MATIC
2022-12-28,0.808,0.7744,0.806,28985314.53,22833146.41,0.7823,direct,,MATIC
2022-12-29,0.7862,0.7687,0.7823,21525029.4,16762624.35,0.7768,direct,,MATIC
2022-12-30,0.7806,0.7482,0.7768,38373459.06,29177358.35,0.7607,direct,,MATIC
2022-12-31,0.7715,0.7534,0.7607,15541154.6,11825224.72,0.7574,direct,,MATIC
2023-01-01,0.7624,0.7474,0.7574,13716360.45,10345548.01,0.7602,direct,,MATIC
2023-01-02,0.7898,0.7487,0.7602,25984290.5,20060136.18,0.7806,direct,,MATIC
2023-01-03,0.7882,0.7704,0.7806,21621290.27,16827629.55,0.7794,direct,,MATIC
2023-01-04,0.8143,0.777,0.7794,48411920.38,38813888.59,0.8067,direct,,MATIC
2023-01-05,0.8104,0.7846,0.8067,31788081.47,25280597.28,0.7886,direct,,MATIC
2023-01-06,0.8002,0.7708,0.7886,27692188.3,21723737.42,0.7989,direct,,MATIC
2023-01-07,0.811,0.7979,0.7989,16931031.21,13616140.1,0.8062,direct,,MATIC
2023-01-08,0.8442,0.7965,0.8062,27467206.41,22356348.31,0.8401,direct,,MATIC
2023-01-09,0.8763,0.8348,0.8401,54050677.04,46242124.05,0.8426,direct,,MATIC
2023-01-10,0.861,0.8322,0.8426,28548917.76,24244159.65,0.8583,direct,,MATIC
2023-01-11,0.9006,0.8449,0.8583,32120548.43,27794457.37,0.8927,direct,,MATIC
2023-01-12,0.9237,0.8592,0.8927,61835161.54,55323075.54,0.9156,direct,,MATIC
2023-01-13,0.9403,0.8956,0.9156,40151266.3,36790899.23,0.9305,direct,,MATIC
2023-01-14,1.054,0.9293,0.9305,118250025.97,116696403.31,0.9985,direct,,MATIC
2023-01-15,1.003,0.9542,0.9985,42682528.98,41693149.48,0.9835,direct,,MATIC
2023-01-16,1.048,0.9676,0.9835,78269202.36,78706561.11,1.02,direct,,MATIC
2023-01-17,1.037,0.9927,1.02,49043876.13,49652666.1,0.9943,direct,,MATIC
2023-01-18,1.019,0.9292,0.9943,60374070.97,58825460.6,0.9388,direct,,MATIC
2023-01-19,0.9569,0.9171,0.9388,27453207.27,25806776.37,0.9531,direct,,MATIC
2023-01-20,1.028,0.9374,0.9531,45205583.96,44373973.8,1.027,direct,,MATIC
2023-01-21,1.041,0.9867,1.027,47510948.47,48271535.23,0.9895,direct,,MATIC
2023-01-22,1.032,0.9752,0.9895,45543988.55,45559829.89,0.9942,direct,,MATIC
2023-01-23,1.014,0.9715,0.9942,37069865.25,36987229.39,0.9936,direct,,MATIC
2023-01-24,1.041,0.9452,0.9936,52938450.84,52796705.34,0.9555,direct,,MATIC
2023-01-25,1.018,0.9326,0.9555,46620864.15,44933598.16,0.9912,direct,,MATIC
2023-01-26,1.127,0.9876,0.9912,99278447.2,105807472.95,1.125,direct,,MATIC
2023-01-27,1.189,1.062,1.125,101566510.96,114471450.46,1.159,direct,,MATIC
2023-01-28,1.169,1.092,1.159,52973136.75,60184375.97,1.145,direct,,MATIC
2023-01-29,1.2,1.129,1.145,51059304.79,59546832.58,1.178,direct,,MATIC
2023-01-30,1.18,1.066,1.178,55991750.54,62345145.55,1.087,direct,,MATIC
2023-01-31,1.123,1.078,1.087,35744849.01,39402223.9,1.109,direct,,MATIC
2023-02-01,1.205,1.065,1.109,63188606.86,71295705.51,1.194,direct,,MATIC
2023-02-02,1.256,1.175,1.194,72161044.78,88364303.15,1.181,direct,,MATIC
2023-02-03,1.253,1.167,1.181,56958534.27,68819782.59,1.245,direct,,MATIC
2023-02-04,1.284,1.216,1.245,35702791.23,44704597.35,1.254,direct,,MATIC
2023-02-05,1.259,1.185,1.254,48070044.91,58405955.66,1.203,direct,,MATIC
2023-02-06,1.238,1.174,1.203,35631514.36,43040395.3,1.19,direct,,MATIC
2023-02-07,1.272,1.188,1.19,50481554.34,62379894.14,1.271,direct,,MATIC
2023-02-08,1.35,1.254,1.271,83003612.36,107714275.42,1.304,direct,,MATIC
2023-02-09,1.347,1.203,1.304,110633078.87,141911246.12,1.229,direct,,MATIC
2023-02-10,1.313,1.21,1.229,79916941.19,101214794.49,1.231,direct,,MATIC
2023-02-11,1.258,1.214,1.231,23809247.78,29450099.78,1.249,direct,,MATIC
2023-02-12,1.303,1.223,1.249,35753141.73,45352771.89,1.237,direct,,MATIC
2023-02-13,1.244,1.137,1.237,73217975.9,86255184.72,1.186,direct,,MATIC
2023-02-14,1.26,1.155,1.186,73107971.0,88673995.09,1.259,direct,,MATIC
2023-02-15,1.333,1.233,1.259,58027674.0,74585150.44,1.329,direct,,MATIC
2023-02-16,1.466,1.319,1.329,106828655.79,148607947.8,1.371,direct,,MATIC
2023-02-17,1.548,1.37,1.371,89372894.6,130402092.93,1.526,direct,,MATIC
2023-02-18,1.566,1.474,1.526,46743616.92,71120348.21,1.485,direct,,MATIC
2023-02-19,1.536,1.463,1.485,39293003.57,59100045.51,1.481,direct,,MATIC
2023-02-20,1.507,1.434,1.481,36073913.34,53250044.69,1.475,direct,,MATIC
2023-02-21,1.503,1.363,1.475,58644706.79,83315261.81,1.386,direct,,MATIC
2023-02-22,1.401,1.321,1.386,53195779.6,72157648.48,1.395,direct,,MATIC
2023-02-23,1.419,1.334,1.395,31456982.68,43240238.69,1.354,direct,,MATIC
2023-02-24,1.363,1.244,1.354,51174506.96,66224815.05,1.265,direct,,MATIC
2023-02-25,1.278,1.197,1.265,39481111.67,48874193.21,1.248,direct,,MATIC
2023-02-26,1.3,1.238,1.248,33886347.41,43050374.06,1.281,direct,,MATIC
2023-02-27,1.287,1.214,1.281,46968911.85,58609195.62,1.234,direct,,MATIC
2023-02-28,1.244,1.181,1.234,50890958.45,62107292.82,1.196,direct,,MATIC
2023-03-01,1.262,1.191,1.196,45938492.63,56897046.6,1.25,direct,,MATIC
2023-03-02,1.253,1.192,1.25,28056206.13,34022327.54,1.227,direct,,MATIC
2023-03-03,1.228,1.128,1.227,46790273.47,54494949.08,1.169,direct,,MATIC
2023-03-04,1.177,1.094,1.169,17393420.42,19867663.84,1.128,direct,,MATIC
2023-03-05,1.159,1.118,1.128,24581218.13,28093590.76,1.136,direct,,MATIC
2023-03-06,1.147,1.114,1.136,30342744.71,34276485.09,1.131,direct,,MATIC
2023-03-07,1.169,1.112,1.131,49892697.83,56875796.82,1.15,direct,,MATIC
2023-03-08,1.157,1.039,1.15,64303312.41,70320373.59,1.051,direct,,MATIC
2023-03-09,1.093,0.977,1.051,72403432.86,75257078.97,1.017,direct,,MATIC
2023-03-10,1.07,0.9438,1.017,98074428.68,98987204.88,1.062,direct,,MATIC
2023-03-11,1.099,0.9929,1.062,64388283.34,67295527.14,1.064,direct,,MATIC
2023-03-12,1.16,1.048,1.064,52086202.57,57354772.08,1.158,direct,,MATIC
2023-03-13,1.205,1.096,1.158,75063067.77,87034776.1,1.197,direct,,MATIC
2023-03-14,1.248,1.148,1.197,72771301.87,87554117.45,1.201,direct,,MATIC
2023-03-15,1.233,1.079,1.201,65371379.13,75626685.16,1.116,direct,,MATIC
2023-03-16,1.159,1.102,1.116,34656742.58,39289906.69,1.15,direct,,MATIC
2023-03-17,1.231,1.138,1.15,42397513.43,50488307.47,1.225,direct,,MATIC
2023-03-18,1.253,1.168,1.225,42232426.36,51483163.49,1.173,direct,,MATIC
2023-03-19,1.221,1.161,1.173,27985372.98,33403323.28,1.169,direct,,MATIC
2023-03-20,1.175,1.102,1.169,48841488.32,55733599.53,1.106,direct,,MATIC
2023-03-21,1.17,1.083,1.106,44927370.82,51050999.14,1.156,direct,,MATIC
2023-03-22,1.163,1.09,1.156,46297096.95,52476279.82,1.11,direct,,MATIC
2023-03-23,1.159,1.102,1.11,35645176.35,40205967.46,1.138,direct,,MATIC
2023-03-24,1.149,1.066,1.138,40623244.39,44993544.77,1.098,direct,,MATIC
2023-03-25,1.114,1.063,1.098,19032291.36,20752605.37,1.079,direct,,MATIC
2023-03-26,1.12,1.074,1.079,18896946.39,20736490.76,1.105,direct,,MATIC
2023-03-27,1.109,1.026,1.105,35647701.57,37826089.45,1.046,direct,,MATIC
2023-03-28,1.109,1.034,1.046,32699228.73,34862672.96,1.086,direct,,MATIC
2023-03-29,1.145,1.085,1.086,27202743.2,30609449.45,1.123,direct,,MATIC
2023-03-30,1.142,1.08,1.123,26268238.75,29070170.14,1.093,direct,,MATIC
2023-03-31,1.124,1.075,1.093,21087485.14,23238016.66,1.118,direct,,MATIC
2023-04-01,1.128,1.099,1.118,13282557.06,14743247.81,1.112,direct,,MATIC
2023-04-02,1.122,1.082,1.112,11022268.22,12140310.1,1.096,direct,,MATIC
2023-04-03,1.119,1.07,1.096,22464970.03,24640012.73,1.097,direct,,MATIC
2023-04-04,1.152,1.093,1.097,25086539.53,28299703.18,1.139,direct,,MATIC
2023-04-05,1.168,1.122,1.139,24936680.93,28565146.71,1.141,direct,,MATIC
2023-04-06,1.141,1.108,1.141,17284679.09,19385577.94,1.115,direct,,MATIC
2023-04-07,1.12,1.097,1.115,13265021.37,14681890.62,1.108,direct,,MATIC
2023-04-08,1.118,1.101,1.108,4857945.16,5393080.51,1.103,direct,,MATIC
2023-04-09,1.11,1.085,1.103,7925792.57,8693062.28,1.102,direct,,MATIC
2023-04-10,1.125,1.089,1.102,14068106.56,15561897.82,1.122,direct,,MATIC
2023-04-11,1.132,1.11,1.122,19379109.41,21720316.43,1.113,direct,,MATIC
2023-04-12,1.118,1.083,1.113,18072184.93,19874496.89,1.104,direct,,MATIC
2023-04-13,1.14,1.097,1.104,18802642.1,21218936.74,1.135,direct,,MATIC
2023-04-14,1.191,1.135,1.135,54140474.37,63179327.15,1.161,direct,,MATIC
2023-04-15,1.186,1.145,1.161,25216225.32,29457882.17,1.171,direct,,MATIC
2023-04-16,1.19,1.152,1.171,19436240.17,22762305.28,1.184,direct,,MATIC
2023-04-17,1.185,1.15,1.184,28019477.8,32628097.51,1.153,direct,,MATIC
2023-04-18,1.184,1.143,1.153,27781557.77,32452679.14,1.172,direct,,MATIC
2023-04-19,1.178,1.062,1.172,54203293.54,60650015.66,1.085,direct,,MATIC
2023-04-20,1.099,1.038,1.085,25722846.55,27490983.19,1.046,direct,,MATIC
2023-04-21,1.057,1.001,1.046,22587026.18,23276888.24,1.012,direct,,MATIC
2023-04-22,1.028,1.006,1.012,10562644.57,10758750.19,1.025,direct,,MATIC
2023-04-23,1.032,0.9801,1.025,15942863.09,15990787.04,1.004,direct,,MATIC
2023-04-24,1.023,0.9737,1.004,18534639.41,18445834.85,0.9893,direct,,MATIC
2023-04-25,1.017,0.9503,0.9893,20260696.76,19719897.44,1.005,direct,,MATIC
2023-04-26,1.058,0.9455,1.005,36527659.25,36678815.16,0.9863,direct,,MATIC
2023-04-27,1.031,0.9803,0.9863,25819422.75,26002018.84,1.013,direct,,MATIC
2023-04-28,1.016,0.9803,1.013,15495531.86,15486857.33,0.9992,direct,,MATIC
2023-04-29,1.024,0.9935,0.9992,14048486.52,14193717.44,1.004,direct,,MATIC
2023-04-30,1.016,0.9759,1.004,12368843.37,12362137.86,0.9809,direct,,MATIC
2023-05-01,0.9882,0.9472,0.9809,16053387.81,15529069.68,0.9596,direct,,MATIC
2023-05-02,0.9811,0.953,0.9596,13342760.96,12891183.09,0.9776,direct,,MATIC
2023-05-03,1.017,0.9641,0.9776,18492258.87,18294484.52,1.006,direct,,MATIC
2023-05-04,1.008,0.9797,1.006,9229816.17,9168502.78,0.983,direct,,MATIC
2023-05-05,1.009,0.9781,0.983,11304669.61,11254587.86,0.9988,direct,,MATIC
2023-05-06,1.006,0.9525,0.9988,13152500.09,12817170.61,0.9779,direct,,MATIC
2023-05-07,0.9872,0.9632,0.9779,7706061.95,7524080.44,0.9652,direct,,MATIC
2023-05-08,0.9695,0.8775,0.9652,30163906.58,27763696.91,0.9023,direct,,MATIC
2023-05-09,0.9092,0.8688,0.9023,15996619.36,14147167.55,0.8778,direct,,MATIC
2023-05-10,0.905,0.8302,0.8778,33181473.69,28991921.14,0.8777,direct,,MATIC
2023-05-11,0.878,0.8305,0.8777,26676740.35,22615502.83,0.8413,direct,,MATIC
2023-05-12,0.872,0.8193,0.8413,31632791.25,26680603.28,0.8651,direct,,MATIC
2023-05-13,0.8666,0.8481,0.8651,8002801.3,6851477.58,0.8493,direct,,MATIC
2023-05-14,0.8683,0.8406,0.8493,10247081.1,8769985.83,0.8593,direct,,MATIC
2023-05-15,0.8777,0.8473,0.8593,20767924.92,17963300.78,0.8592,direct,,MATIC
2023-05-16,0.8651,0.8186,0.8592,19011072.89,16095879.42,0.8455,direct,,MATIC
2023-05-17,0.9013,0.8404,0.8455,27523783.25,23941330.17,0.8868,direct,,MATIC
2023-05-18,0.891,0.8433,0.8868,20435661.86,17757784.55,0.8721,direct,,MATIC
2023-05-19,0.8806,0.8639,0.8721,9835019.75,8566065.75,0.8718,direct,,MATIC
2023-05-20,0.8796,0.8645,0.8718,5555904.11,4843526.43,0.877,direct,,MATIC
2023-05-21,0.8801,0.8538,0.877,6209207.75,5385009.13,0.857,direct,,MATIC
2023-05-22,0.8761,0.8442,0.857,12777568.84,11034890.47,0.8718,direct,,MATIC
2023-05-23,0.8932,0.8696,0.8718,14150318.91,12518224.3,0.8894,direct,,MATIC
2023-05-24,0.8904,0.8566,0.8894,18236172.38,15871690.81,0.8733,direct,,MATIC
2023-05-25,0.8996,0.8558,0.8733,21004395.43,18559046.46,0.8897,direct,,MATIC
2023-05-26,0.9698,0.8881,0.8897,33208777.23,30581655.14,0.9109,direct,,MATIC
2023-05-27,0.9233,0.9073,0.9109,8890463.61,8166686.82,0.9209,direct,,MATIC
2023-05-28,0.9551,0.9183,0.9209,14570740.84,13586189.02,0.941,direct,,MATIC
2023-05-29,0.9502,0.9042,0.941,14441551.46,13377987.19,0.909,direct,,MATIC
2023-05-30,0.9165,0.8844,0.909,18655376.08,16841579.46,0.9015,direct,,MATIC
2023-05-31,0.9055,0.8793,0.9015,18357058.83,16310543.61,0.8922,direct,,MATIC
2023-06-01,0.8988,0.877,0.8922,9331877.84,8319780.36,0.8892,direct,,MATIC
2023-06-02,0.909,0.8823,0.8892,9084421.87,8171096.66,0.8997,direct,,MATIC
2023-06-03,0.9067,0.893,0.8997,4647653.05,4183096.97,0.9,direct,,MATIC
2023-06-04,0.9072,0.8905,0.9,6419555.66,5789878.1,0.8932,direct,,MATIC
2023-06-05,0.8932,0.8259,0.8932,25982024.46,22196731.2,0.8358,direct,,MATIC
2023-06-06,0.8368,0.7883,0.8358,60208604.24,48988267.35,0.8231,direct,,MATIC
2023-06-07,0.8243,0.7601,0.8231,46480375.22,36453135.1,0.7652,direct,,MATIC
2023-06-08,0.7851,0.7556,0.7652,15771149.38,12197142.66,0.7813,direct,,MATIC
2023-06-09,0.7887,0.7207,0.7813,28861218.38,21711123.68,0.7259,direct,,MATIC
2023-06-10,0.7262,0.5164,0.7259,120611232.77,72647954.5,0.6108,direct,,MATIC
2023-06-11,0.6604,0.592,0.6108,37890568.47,23755894.43,0.6355,direct,,MATIC
2023-06-12,0.6648,0.6173,0.6355,28680544.84,18275203.55,0.6432,direct,,MATIC
2023-06-13,0.6778,0.6241,0.6432,20929908.22,13547055.52,0.6448,direct,,MATIC
2023-06-14,0.6616,0.6082,0.6448,23082445.52,14745504.28,0.6193,direct,,MATIC
2023-06-15,0.6269,0.5592,0.6193,33394547.98,19829502.89,0.5902,direct,,MATIC
2023-06-16,0.599,0.5584,0.5902,27103524.52,15749232.67,0.5899,direct,,MATIC
2023-06-17,0.6342,0.5851,0.5899,23155305.28,14258608.33,0.6132,direct,,MATIC
2023-06-18,0.6183,0.5936,0.6132,11126043.77,6756587.08,0.597,direct,,MATIC
2023-06-19,0.6212,0.5907,0.597,12573287.99,7601085.65,0.6149,direct,,MATIC
2023-06-20,0.6326,0.5915,0.6149,20851058.85,12816537.85,0.6317,direct,,MATIC
2023-06-21,0.6768,0.6284,0.6317,37369776.24,24532880.53,0.6684,direct,,MATIC
2023-06-22,0.7106,0.6534,0.6684,32665960.18,22150603.3,0.656,direct,,MATIC
2023-06-23,0.6949,0.6556,0.656,20028110.6,13531134.12,0.6758,direct,,MATIC
2023-06-24,0.6888,0.645,0.6758,15810898.0,10491141.67,0.6547,direct,,MATIC
2023-06-25,0.68,0.649,0.6547,9863885.57,6580937.36,0.6667,direct,,MATIC
2023-06-26,0.6709,0.6374,0.6667,14593754.19,9512538.23,0.6455,direct,,MATIC
2023-06-27,0.6724,0.6431,0.6455,12332407.2,8170109.71,0.6623,direct,,MATIC
2023-06-28,0.6629,0.6009,0.6623,28069453.98,17758767.52,0.6132,direct,,MATIC
2023-06-29,0.6439,0.6111,0.6132,13570564.51,8506850.29,0.6241,direct,,MATIC
2023-06-30,0.6698,0.6097,0.6241,37795518.11,24458062.69,0.6614,direct,,MATIC
2023-07-01,0.6773,0.6484,0.6614,16502573.89,10993046.1,0.6771,direct,,MATIC
2023-07-02,0.6886,0.6602,0.6771,15256658.77,10254105.19,0.6819,direct,,MATIC
2023-07-03,0.7208,0.6782,0.6819,24762465.58,17325388.63,0.7149,direct,,MATIC
2023-07-04,0.7189,0.691,0.7149,16753414.66,11775836.14,0.6957,direct,,MATIC
2023-07-05,0.7057,0.6604,0.6957,21201633.85,14438741.53,0.6703,direct,,MATIC
2023-07-06,0.6999,0.6479,0.6703,23782995.21,16095215.06,0.6604,direct,,MATIC
2023-07-07,0.6802,0.6537,0.6604,10903290.89,7305384.25,0.6767,direct,,MATIC
2023-07-08,0.6866,0.6709,0.6767,11470708.76,7791064.12,0.6797,direct,,MATIC
2023-07-09,0.7003,0.6782,0.6797,14945326.06,10324839.08,0.6884,direct,,MATIC
2023-07-10,0.7487,0.6715,0.6884,35482329.25,25304038.08,0.7353,direct,,MATIC
2023-07-11,0.7492,0.7321,0.7353,17120566.7,12669220.44,0.7427,direct,,MATIC
2023-07-12,0.7586,0.7152,0.7427,19305412.92,14166456.6,0.7235,direct,,MATIC
2023-07-13,0.889,0.7128,0.7235,67157292.35,54444813.86,0.8507,direct,,MATIC
2023-07-14,0.885,0.7779,0.8507,40037285.59,33202641.64,0.8087,direct,,MATIC
2023-07-15,0.8258,0.795,0.8087,8415350.27,6803423.02,0.8,direct,,MATIC
2023-07-16,0.8029,0.7644,0.8,8388029.32,6586507.82,0.7677,direct,,MATIC
2023-07-17,0.7896,0.7513,0.7677,12840427.01,9927937.44,0.7778,direct,,MATIC
2023-07-18,0.7839,0.7307,0.7778,12222678.88,9157720.5,0.7387,direct,,MATIC
2023-07-19,0.7566,0.7283,0.7387,15553949.0,11594662.43,0.744,direct,,MATIC
2023-07-20,0.8016,0.7428,0.744,19407279.89,14949993.19,0.7674,direct,,MATIC
2023-07-21,0.7823,0.7586,0.7674,13226219.44,10220432.44,0.77,direct,,MATIC
2023-07-22,0.7754,0.7402,0.77,8315851.22,6288612.5,0.7462,direct,,MATIC
2023-07-23,0.7676,0.7395,0.7462,8344579.24,6288638.66,0.7574,direct,,MATIC
2023-07-24,0.7616,0.7124,0.7574,14691789.94,10724319.37,0.728,direct,,MATIC
2023-07-25,0.729,0.7022,0.728,13206748.22,9446944.66,0.7079,direct,,MATIC
2023-07-26,0.7311,0.6968,0.7079,15815352.27,11306424.31,0.7225,direct,,MATIC
2023-07-27,0.7359,0.7117,0.7225,10500358.01,7574296.32,0.7167,direct,,MATIC
2023-07-28,0.7214,0.705,0.7167,7141130.74,5090777.09,0.7092,direct,,MATIC
2023-07-29,0.7244,0.7077,0.7092,6411309.28,4587988.41,0.7187,direct,,MATIC
2023-07-30,0.7195,0.6816,0.7187,8203485.44,5766204.76,0.6974,direct,,MATIC
2023-07-31,0.7076,0.6807,0.6974,10862607.96,7545734.35,0.6876,direct,,MATIC
2023-08-01,0.7033,0.6626,0.6876,13284589.67,9045611.66,0.7017,direct,,MATIC
2023-08-02,0.7027,0.6752,0.7017,11242123.17,7766899.79,0.6802,direct,,MATIC
2023-08-03,0.6845,0.6619,0.6802,11617130.37,7837575.63,0.6673,direct,,MATIC
2023-08-04,0.6778,0.6575,0.6673,10298953.35,6876762.64,0.6637,direct,,MATIC
2023-08-05,0.6684,0.6568,0.6637,4365346.02,2896254.02,0.667,direct,,MATIC
2023-08-06,0.6753,0.6622,0.667,5956835.1,3981363.89,0.6663,direct,,MATIC
2023-08-07,0.6824,0.6481,0.6663,13983483.59,9293084.08,0.6656,direct,,MATIC
2023-08-08,0.6974,0.6614,0.6656,17970236.3,12241920.68,0.6853,direct,,MATIC
2023-08-09,0.6994,0.6801,0.6853,11684282.47,8062649.8,0.6897,direct,,MATIC
2023-08-10,0.7014,0.6831,0.6897,10232158.64,7064345.03,0.6847,direct,,MATIC
2023-08-11,0.6884,0.6745,0.6847,6489928.84,4429818.37,0.6804,direct,,MATIC
2023-08-12,0.6835,0.6766,0.6804,3820125.96,2598168.66,0.6818,direct,,MATIC
2023-08-13,0.6908,0.6736,0.6818,3550702.91,2418251.83,0.6769,direct,,MATIC
2023-08-14,0.6847,0.6713,0.6769,9711126.53,6602085.46,0.679,direct,,MATIC
2023-08-15,0.6792,0.6221,0.679,13403388.41,8721596.08,0.6384,direct,,MATIC
2023-08-16,0.6384,0.6044,0.6384,22413861.01,13981010.76,0.6231,direct,,MATIC
2023-08-17,0.6276,0.5439,0.6231,36578761.04,21668818.86,0.573,direct,,MATIC
2023-08-18,0.5846,0.5632,0.573,18333370.22,10533024.15,0.5775,direct,,MATIC
2023-08-19,0.5879,0.571,0.5775,7549518.24,4371513.98,0.577,direct,,MATIC
2023-08-20,0.581,0.5703,0.577,6954982.7,4008638.9,0.5802,direct,,MATIC
2023-08-21,0.5806,0.5486,0.5802,15422346.49,8676656.7,0.5571,direct,,MATIC
2023-08-22,0.5583,0.5284,0.5571,27414680.42,14872265.06,0.5489,direct,,MATIC
2023-08-23,0.5697,0.544,0.5489,15993436.94,8880895.15,0.5569,direct,,MATIC
2023-08-24,0.5601,0.5371,0.5569,9270437.22,5083781.27,0.5471,direct,,MATIC
2023-08-25,0.5558,0.5357,0.5471,8600616.08,4671787.34,0.5461,direct,,MATIC
2023-08-26,0.5487,0.5438,0.5461,3350035.1,1831277.13,0.5483,direct,,MATIC
2023-08-27,0.5676,0.5449,0.5483,6964983.23,3861879.98,0.5557,direct,,MATIC
2023-08-28,0.5669,0.5454,0.5557,8563411.55,4775929.55,0.5618,direct,,MATIC
2023-08-29,0.634,0.5517,0.5618,28554283.64,16906425.51,0.5935,direct,,MATIC
2023-08-30,0.5947,0.5672,0.5935,9514438.03,5485577.6,0.5749,direct,,MATIC
2023-08-31,0.5878,0.5431,0.5749,14157409.34,7959890.75,0.5489,direct,,MATIC
2023-09-01,0.5536,0.5315,0.5489,11474994.46,6226492.2,0.5402,direct,,MATIC
2023-09-02,0.5471,0.5361,0.5402,4752054.7,2573253.56,0.5409,direct,,MATIC
2023-09-03,0.5461,0.5372,0.5409,4487617.78,2431933.37,0.5421,direct,,MATIC
2023-09-04,0.5544,0.5399,0.5421,9540497.31,5224623.42,0.5543,direct,,MATIC
2023-09-05,0.5664,0.5503,0.5543,12578266.62,7023041.09,0.5581,direct,,MATIC
2023-09-06,0.5687,0.5427,0.5581,12519273.58,6954764.86,0.5583,direct,,MATIC
2023-09-07,0.5651,0.55,0.5583,9671215.42,5372731.78,0.5552,direct,,MATIC
2023-09-08,0.5583,0.5335,0.5552,11117245.85,6068199.91,0.5437,direct,,MATIC
2023-09-09,0.5437,0.5391,0.5437,3498260.81,1892532.43,0.5393,direct,,MATIC
2023-09-10,0.5394,0.5121,0.5393,15065886.34,7896858.68,0.5232,direct,,MATIC
2023-09-11,0.5244,0.4925,0.5232,17360530.76,8774061.67,0.5035,direct,,MATIC
2023-09-12,0.5185,0.4998,0.5035,15347638.09,7811096.21,0.5064,direct,,MATIC
2023-09-13,0.5229,0.5051,0.5064,12003460.56,6157138.73,0.5135,direct,,MATIC
2023-09-14,0.5277,0.5133,0.5135,11515279.77,6009306.8,0.5223,direct,,MATIC
2023-09-15,0.5345,0.515,0.5223,12197225.86,6387336.77,0.53,direct,,MATIC
2023-09-16,0.5358,0.5242,0.53,4919707.87,2602927.61,0.5286,direct,,MATIC
2023-09-17,0.5286,0.5127,0.5286,6140241.45,3198033.5,0.5173,direct,,MATIC
2023-09-18,0.5354,0.5115,0.5173,9992613.21,5261410.47,0.5264,direct,,MATIC
2023-09-19,0.5454,0.5246,0.5264,10571076.14,5691578.21,0.5449,direct,,MATIC
2023-09-20,0.5493,0.535,0.5449,10804123.52,5860436.9,0.541,direct,,MATIC
2023-09-21,0.5436,0.5183,0.541,7571166.46,4002859.63,0.5195,direct,,MATIC
2023-09-22,0.5246,0.5153,0.5195,5303856.46,2758654.86,0.5209,direct,,MATIC
2023-09-23,0.5234,0.5188,0.5209,2443888.61,1273934.06,0.5207,direct,,MATIC
2023-09-24,0.5266,0.5112,0.5207,4155039.12,2162301.69,0.5137,direct,,MATIC
2023-09-25,0.5199,0.5067,0.5137,5438747.8,2798950.55,0.5193,direct,,MATIC
2023-09-26,0.5257,0.5057,0.5193,4252677.11,2199034.64,0.5097,direct,,MATIC
2023-09-27,0.516,0.5005,0.5097,8374748.54,4239463.39,0.5032,direct,,MATIC
2023-09-28,0.5231,0.5027,0.5032,9017944.57,4638564.15,0.5197,direct,,MATIC
2023-09-29,0.5274,0.5165,0.5197,7182514.82,3752922.2,0.5258,direct,,MATIC
2023-09-30,0.5374,0.5242,0.5258,6992195.06,3717776.58,0.5329,direct,,MATIC
2023-10-01,0.577,0.5325,0.5329,28472712.6,15817800.45,0.5686,direct,,MATIC
2023-10-02,0.5708,0.5437,0.5686,13974066.93,7809757.92,0.5473,direct,,MATIC
2023-10-03,0.5778,0.5472,0.5473,24791511.26,14068557.55,0.5665,direct,,MATIC
2023-10-04,0.5983,0.5503,0.5665,25477621.2,14551419.88,0.5626,direct,,MATIC
2023-10-05,0.5665,0.5443,0.5626,13096659.37,7289563.32,0.5446,direct,,MATIC
2023-10-06,0.5707,0.5446,0.5446,12731909.73,7108125.43,0.5638,direct,,MATIC
2023-10-07,0.581,0.5575,0.5638,13006656.95,7407052.31,0.5641,direct,,MATIC
2023-10-08,0.5689,0.5567,0.5641,6961511.37,3914615.53,0.5611,direct,,MATIC
2023-10-09,0.5612,0.5202,0.5611,19553820.58,10481369.74,0.5293,direct,,MATIC
2023-10-10,0.5343,0.5111,0.5293,16289175.18,8483963.58,0.5172,direct,,MATIC
2023-10-11,0.5225,0.5067,0.5172,9921992.68,5097513.93,0.5144,direct,,MATIC
2023-10-12,0.517,0.5009,0.5144,10753573.45,5467330.09,0.5077,direct,,MATIC
2023-10-13,0.5243,0.5069,0.5077,10602174.26,5449729.6,0.5148,direct,,MATIC
2023-10-14,0.5216,0.514,0.5148,5647349.69,2925356.69,0.5175,direct,,MATIC
2023-10-15,0.5205,0.5128,0.5175,8120267.52,4192532.55,0.5151,direct,,MATIC
2023-10-16,0.5436,0.514,0.5151,20206596.03,10648018.47,0.5338,direct,,MATIC
2023-10-17,0.5347,0.5159,0.5338,9556437.0,5009777.65,0.5193,direct,,MATIC
2023-10-18,0.5243,0.5099,0.5193,6744844.74,3480651.75,0.5106,direct,,MATIC
2023-10-19,0.5199,0.5031,0.5106,11106429.17,5696631.61,0.5174,direct,,MATIC
2023-10-20,0.5472,0.5146,0.5174,24699964.21,13210880.08,0.536,direct,,MATIC
2023-10-21,0.5772,0.5335,0.536,18630349.84,10436214.51,0.5728,direct,,MATIC
2023-10-22,0.612,0.5584,0.5728,25588026.74,14936521.28,0.61,direct,,MATIC
2023-10-23,0.6461,0.5997,0.61,45192174.25,27929568.88,0.637,direct,,MATIC
2023-10-24,0.6647,0.6169,0.637,47653345.8,30528929.9,0.6244,direct,,MATIC
2023-10-25,0.6485,0.6144,0.6244,35052359.63,22225678.44,0.6307,direct,,MATIC
2023-10-26,0.6588,0.6156,0.6307,23649746.89,15064241.06,0.6322,direct,,MATIC
2023-10-27,0.6327,0.6009,0.6322,23069335.84,14222383.51,0.6088,direct,,MATIC
2023-10-28,0.6268,0.6085,0.6088,12709305.51,7889746.56,0.6204,direct,,MATIC
2023-10-29,0.6425,0.612,0.6204,13557989.48,8561237.38,0.6387,direct,,MATIC
2023-10-30,0.6503,0.6268,0.6387,19800213.38,12704009.74,0.6501,direct,,MATIC
2023-10-31,0.6573,0.6199,0.6501,23025166.66,14741819.42,0.6366,direct,,MATIC
2023-11-01,0.6699,0.6167,0.6366,29857416.27,19143572.59,0.6696,direct,,MATIC
2023-11-02,0.6887,0.6436,0.6696,24601750.51,16415546.25,0.6602,direct,,MATIC
2023-11-03,0.6733,0.6426,0.6602,14588960.66,9610862.37,0.6721,direct,,MATIC
2023-11-04,0.6822,0.6622,0.6721,8908462.45,5967021.94,0.6772,direct,,MATIC
2023-11-05,0.6991,0.6735,0.6772,16263815.11,11197425.27,0.6922,direct,,MATIC
2023-11-06,0.7368,0.6898,0.6922,21183158.65,15067973.48,0.7364,direct,,MATIC
2023-11-07,0.7471,0.6949,0.7364,30848915.69,22368801.24,0.7412,direct,,MATIC
2023-11-08,0.8098,0.7353,0.7412,49572088.41,38463254.87,0.7882,direct,,MATIC
2023-11-09,0.8602,0.7685,0.7882,58903456.32,48121918.62,0.8546,direct,,MATIC
2023-11-10,0.8725,0.8137,0.8546,46739506.46,39369872.38,0.843,direct,,MATIC
2023-11-11,0.8453,0.7951,0.843,81532863.5,66643445.17,0.8031,direct,,MATIC
2023-11-12,0.9273,0.7722,0.8031,91192274.45,77965360.26,0.898,direct,,MATIC
2023-11-13,0.9541,0.8556,0.898,97969615.15,88291056.2,0.8826,direct,,MATIC
2023-11-14,0.9813,0.8429,0.8826,111635136.57,101979485.56,0.9177,direct,,MATIC
2023-11-15,0.962,0.8868,0.9177,93844726.84,86711818.25,0.9199,direct,,MATIC
2023-11-16,0.9447,0.8323,0.9199,80785919.32,71976725.86,0.845,direct,,MATIC
2023-11-17,0.8743,0.7888,0.845,42568282.0,35293574.32,0.831,direct,,MATIC
2023-11-18,0.8327,0.7778,0.831,22825505.78,18524553.27,0.8325,direct,,MATIC
2023-11-19,0.8567,0.812,0.8325,22576853.64,18924421.94,0.8526,direct,,MATIC
2023-11-20,0.8672,0.806,0.8526,29398664.11,24614513.36,0.8108,direct,,MATIC
2023-11-21,0.8208,0.721,0.8108,53851711.55,41288054.06,0.7283,direct,,MATIC
2023-11-22,0.7862,0.7266,0.7283,34286993.02,26128454.56,0.7728,direct,,MATIC
2023-11-23,0.7856,0.7645,0.7728,15374333.55,11920214.52,0.7721,direct,,MATIC
2023-11-24,0.7968,0.7545,0.7721,24573342.66,19041202.99,0.7604,direct,,MATIC
2023-11-25,0.7799,0.7566,0.7604,15634999.17,12068683.61,0.7797,direct,,MATIC
2023-11-26,0.7867,0.7424,0.7797,24786145.26,19016127.19,0.7625,direct,,MATIC
2023-11-27,0.7685,0.7285,0.7625,20614802.1,15331349.16,0.7427,direct,,MATIC
2023-11-28,0.7586,0.7273,0.7427,15809591.65,11779057.95,0.7488,direct,,MATIC
2023-11-29,0.7718,0.7433,0.7488,22764976.22,17206947.84,0.7578,direct,,MATIC
2023-11-30,0.7816,0.7515,0.7578,26707092.15,20461558.38,0.7626,direct,,MATIC
2023-12-01,0.8,0.7551,0.7626,27493889.1,21508328.59,0.7995,direct,,MATIC
2023-12-02,0.8259,0.7968,0.7995,29539119.88,23902404.04,0.8155,direct,,MATIC
2023-12-03,0.824,0.7999,0.8155,21013269.68,17070171.44,0.8142,direct,,MATIC
2023-12-04,0.8375,0.7847,0.8142,31915150.66,25897266.06,0.8102,direct,,MATIC
2023-12-05,0.8203,0.7844,0.8102,18425621.36,14802366.26,0.8134,direct,,MATIC
2023-12-06,0.848,0.8015,0.8134,28417393.89,23515606.79,0.8196,direct,,MATIC
2023-12-07,0.8578,0.8104,0.8196,33817953.3,28261126.29,0.8425,direct,,MATIC
2023-12-08,0.9168,0.8422,0.8425,35761111.69,31458420.89,0.9063,direct,,MATIC
2023-12-09,0.9453,0.8772,0.9063,37875558.86,34544148.06,0.8839,direct,,MATIC
2023-12-10,0.9312,0.8782,0.8839,24026501.39,21828052.81,0.9228,direct,,MATIC
2023-12-11,0.9397,0.8109,0.9228,46750976.32,40047531.26,0.842,direct,,MATIC
2023-12-12,0.9016,0.8403,0.842,36358536.75,31535677.64,0.8856,direct,,MATIC
2023-12-13,0.8984,0.8278,0.8856,30770444.33,26788504.1,0.8878,direct,,MATIC
2023-12-14,0.9028,0.8591,0.8878,36477477.42,31999944.47,0.8842,direct,,MATIC
2023-12-15,0.8848,0.837,0.8842,24227689.38,20878960.18,0.838,direct,,MATIC
2023-12-16,0.866,0.8303,0.838,12994856.66,11048147.43,0.8507,direct,,MATIC
2023-12-17,0.8526,0.8131,0.8507,13894070.04,11570092.76,0.8168,direct,,MATIC
2023-12-18,0.8252,0.755,0.8168,59652172.25,46729795.09,0.8008,direct,,MATIC
2023-12-19,0.8227,0.7504,0.8008,60143145.67,47051809.57,0.7656,direct,,MATIC
2023-12-20,0.7964,0.7538,0.7656,74695005.82,58193904.2,0.7759,direct,,MATIC
2023-12-21,0.8195,0.7693,0.7759,54062662.4,42668546.26,0.8167,direct,,MATIC
2023-12-22,0.8782,0.8124,0.8167,47080894.57,39728008.81,0.8782,direct,,MATIC
2023-12-23,0.8818,0.8283,0.8782,21360393.4,18149644.9,0.8579,direct,,MATIC
2023-12-24,0.8843,0.8316,0.8579,34205852.71,29317006.21,0.8479,direct,,MATIC
2023-12-25,0.9241,0.8351,0.8479,47065199.9,42040589.24,0.9129,direct,,MATIC
2023-12-26,1.031,0.8607,0.9129,104566092.26,99116287.72,1.019,direct,,MATIC
2023-12-27,1.092,0.9855,1.019,104706982.87,109413387.44,1.037,direct,,MATIC
2023-12-28,1.07,0.9871,1.037,48026684.87,49239552.3,1.003,direct,,MATIC
2023-12-29,1.019,0.9418,1.003,41959454.12,41257574.67,0.9737,direct,,MATIC
2023-12-30,0.9887,0.9411,0.9737,17105820.54,16498623.6,0.9507,direct,,MATIC
2023-12-31,1.024,0.9436,0.9507,34479181.03,34122023.78,0.9703,direct,,MATIC
2024-01-01,1.019,0.9557,0.9703,25562771.26,25336125.54,1.016,direct,,MATIC
2024-01-02,1.033,0.9625,1.016,31758713.91,31809628.8,0.9696,direct,,MATIC
2024-01-03,0.9892,0.7898,0.9696,62132631.02,54449658.75,0.8545,direct,,MATIC
2024-01-04,0.8935,0.838,0.8545,23046411.47,20095832.06,0.8843,direct,,MATIC
2024-01-05,0.8877,0.8206,0.8843,26561905.52,22544902.53,0.8534,direct,,MATIC
2024-01-06,0.8541,0.7969,0.8534,12528099.22,10316883.9,0.8284,direct,,MATIC
2024-01-07,0.8443,0.7933,0.8284,9381354.82,7736762.58,0.8017,direct,,MATIC
2024-01-08,0.8441,0.7371,0.8017,30570474.39,24250329.03,0.8425,direct,,MATIC
2024-01-09,0.8452,0.7824,0.8425,20293721.5,16338603.9,0.8065,direct,,MATIC
2024-01-10,0.9138,0.803,0.8065,43247385.09,36731275.3,0.8998,direct,,MATIC
2024-01-11,0.9586,0.8826,0.8998,43284802.84,39994193.6,0.9265,direct,,MATIC
2024-01-12,0.9459,0.8355,0.9265,34543018.99,31110206.6,0.8631,direct,,MATIC
2024-01-13,0.8878,0.8407,0.8631,11890984.2,10381332.08,0.8815,direct,,MATIC
2024-01-14,0.8827,0.8366,0.8815,12486907.18,10790285.98,0.837,direct,,MATIC
2024-01-15,0.8667,0.8353,0.837,10696540.2,9106377.64,0.844,direct,,MATIC
2024-01-16,0.8577,0.8278,0.844,12551927.9,10634426.09,0.8449,direct,,MATIC
2024-01-17,0.852,0.8017,0.8449,14606062.8,12062983.26,0.8098,direct,,MATIC
2024-01-18,0.8196,0.7715,0.8098,15126996.13,12057210.38,0.7851,direct,,MATIC
2024-01-19,0.7962,0.7427,0.7851,19496815.57,14890999.8,0.7616,direct,,MATIC
2024-01-20,0.7872,0.7507,0.7616,10123390.41,7801733.63,0.7868,direct,,MATIC
2024-01-21,0.8066,0.7801,0.7868,10015644.24,7934451.25,0.7827,direct,,MATIC
2024-01-22,0.791,0.7306,0.7827,18464512.28,13965662.88,0.7464,direct,,MATIC
2024-01-23,0.764,0.6914,0.7464,16910034.67,12113970.94,0.725,direct,,MATIC
2024-01-24,0.7454,0.7158,0.725,15036914.79,10984815.17,0.7387,direct,,MATIC
2024-01-25,0.7389,0.7166,0.7387,9091719.26,6623805.87,0.7321,direct,,MATIC
2024-01-26,0.7625,0.7265,0.7321,11903179.05,8908487.22,0.7586,direct,,MATIC
2024-01-27,0.7886,0.7556,0.7586,12513129.87,9665437.49,0.7881,direct,,MATIC
2024-01-28,0.81,0.7812,0.7881,14375108.14,11430432.48,0.7891,direct,,MATIC
2024-01-29,0.8168,0.7739,0.7891,17036246.07,13628091.79,0.8132,direct,,MATIC
2024-01-30,0.822,0.7959,0.8132,17621158.02,14274561.32,0.7993,direct,,MATIC
2024-01-31,0.8335,0.7786,0.7993,19332622.94,15582156.21,0.7867,direct,,MATIC
2024-02-01,0.8166,0.7655,0.7867,13714008.88,10844023.31,0.811,direct,,MATIC
2024-02-02,0.8219,0.7805,0.811,14190849.65,11425505.34,0.7991,direct,,MATIC
2024-02-03,0.8058,0.7804,0.7991,6245305.33,4944399.72,0.7849,direct,,MATIC
2024-02-04,0.7879,0.7704,0.7849,7062782.46,5500315.66,0.7733,direct,,MATIC
2024-02-05,0.7943,0.7625,0.7733,10330632.28,8063043.38,0.7793,direct,,MATIC
2024-02-06,0.8171,0.7767,0.7793,16845286.56,13436038.12,0.8051,direct,,MATIC
2024-02-07,0.8377,0.7867,0.8051,15552642.68,12694267.72,0.8342,direct,,MATIC
2024-02-08,0.8484,0.8227,0.8342,23773040.96,19903729.23,0.8338,direct,,MATIC
2024-02-09,0.8592,0.8314,0.8338,24811190.4,20974034.49,0.8535,direct,,MATIC
2024-02-10,0.8688,0.8381,0.8535,14730969.71,12556691.57,0.8491,direct,,MATIC
2024-02-11,0.8655,0.8319,0.8491,13753406.29,11667651.81,0.8353,direct,,MATIC
2024-02-12,0.8854,0.8182,0.8353,30326026.06,25970565.27,0.8804,direct,,MATIC
2024-02-13,0.885,0.8437,0.8804,16367896.9,14178668.48,0.8545,direct,,MATIC
2024-02-14,0.894,0.8448,0.8545,34105136.78,29958647.64,0.8909,direct,,MATIC
2024-02-15,0.9102,0.8729,0.8909,28300842.91,25250986.27,0.8903,direct,,MATIC
2024-02-16,0.9568,0.8869,0.8903,41307874.62,38345209.9,0.9515,direct,,MATIC
2024-02-17,0.9593,0.9047,0.9515,21645411.26,20181237.93,0.9284,direct,,MATIC
2024-02-18,0.9999,0.9183,0.9284,25693421.57,24852130.79,0.9995,direct,,MATIC
2024-02-19,1.011,0.9742,0.9995,27445384.26,27266897.03,0.9972,direct,,MATIC
2024-02-20,1.034,0.9444,0.9972,42810943.12,42311558.11,1.023,direct,,MATIC
2024-02-21,1.036,0.9076,1.023,39635845.66,37979292.66,0.9514,direct,,MATIC
2024-02-22,1.05,0.9209,0.9514,52906654.46,52240000.59,0.9923,direct,,MATIC
2024-02-23,1.006,0.9431,0.9923,29996168.34,29439842.05,0.987,direct,,MATIC
2024-02-24,1.031,0.9735,0.987,18389765.76,18411217.03,0.9945,direct,,MATIC
2024-02-25,1.004,0.9636,0.9945,19454320.77,19087811.73,0.999,direct,,MATIC
2024-02-26,1.072,0.9725,0.999,47534772.36,49333675.48,1.06,direct,,MATIC
2024-02-27,1.078,1.016,1.06,36131556.52,37730715.2,1.029,direct,,MATIC
2024-02-28,1.069,0.9638,1.029,46569067.69,47292609.49,1.01,direct,,MATIC
2024-02-29,1.062,0.9811,1.01,50022247.86,51580613.73,1.002,direct,,MATIC
2024-03-01,1.029,1.002,1.002,28576063.57,29084331.68,1.026,direct,,MATIC
2024-03-02,1.1,1.024,1.026,37729814.24,40458526.72,1.095,direct,,MATIC
2024-03-03,1.119,1.028,1.095,31463980.79,34031918.43,1.09,direct,,MATIC
2024-03-04,1.15,1.082,1.09,47508467.06,53097624.9,1.146,direct,,MATIC
2024-03-05,1.148,0.9502,1.146,64100479.05,68889104.8,1.035,direct,,MATIC
2024-03-06,1.119,0.9949,1.035,43687954.6,46434110.92,1.119,direct,,MATIC
2024-03-07,1.176,1.101,1.119,44886609.09,51419033.83,1.162,direct,,MATIC
2024-03-08,1.178,1.099,1.162,30130019.39,34346596.01,1.128,direct,,MATIC
2024-03-09,1.16,1.12,1.128,24110242.53,27446368.9,1.159,direct,,MATIC
2024-03-10,1.249,1.147,1.159,63052389.25,76087737.94,1.23,direct,,MATIC
2024-03-11,1.25,1.167,1.23,33108301.86,40205284.35,1.242,direct,,MATIC
2024-03-12,1.247,1.122,1.242,42170547.76,49674199.69,1.182,direct,,MATIC
2024-03-13,1.291,1.176,1.182,42087480.93,52799565.52,1.271,direct,,MATIC
2024-03-14,1.285,1.162,1.271,38852870.0,47348456.53,1.222,direct,,MATIC
2024-03-15,1.23,1.065,1.222,47505072.91,53852358.55,1.142,direct,,MATIC
2024-03-16,1.168,1.024,1.142,27939665.09,30671553.43,1.042,direct,,MATIC
2024-03-17,1.099,1.005,1.042,22963634.04,24375130.3,1.088,direct,,MATIC
2024-03-18,1.089,1.009,1.088,19695355.99,20631559.77,1.031,direct,,MATIC
2024-03-19,1.036,0.9093,1.031,41758136.28,39926461.21,0.9319,direct,,MATIC
2024-03-20,1.016,0.9106,0.9319,33646641.63,32531987.86,1.008,direct,,MATIC
2024-03-21,1.013,0.9715,1.008,17912114.98,17838424.84,0.9953,direct,,MATIC
2024-03-22,1.019,0.9506,0.9953,18840543.45,18441904.49,0.973,direct,,MATIC
2024-03-23,1.003,0.9549,0.973,18536727.53,18170187.92,0.9796,direct,,MATIC
2024-03-24,1.015,0.9756,0.9796,12953324.16,12933925.99,1.011,direct,,MATIC
2024-03-25,1.061,1.002,1.011,19113653.38,19821231.94,1.046,direct,,MATIC
2024-03-26,1.078,1.025,1.046,17070976.96,17937359.77,1.046,direct,,MATIC
2024-03-27,1.086,0.9996,1.046,27451999.38,28378617.04,1.008,direct,,MATIC
2024-03-28,1.025,0.9956,1.008,19224361.82,19390749.36,1.002,direct,,MATIC
2024-03-29,1.006,0.9771,1.002,17820292.19,17699294.55,0.9912,direct,,MATIC
2024-03-30,1.004,0.9756,0.9912,10820305.45,10735885.29,0.98,direct,,MATIC
2024-03-31,1.004,0.9774,0.98,8774987.3,8738241.18,1.003,direct,,MATIC
2024-04-01,1.007,0.9262,1.003,22808620.84,21820957.21,0.9513,direct,,MATIC
2024-04-02,0.9515,0.8853,0.9513,18374960.1,16672653.79,0.9004,direct,,MATIC
2024-04-03,0.923,0.8741,0.9004,13767311.02,12375710.1,0.8954,direct,,MATIC
2024-04-04,0.9228,0.8729,0.8954,20019538.1,17986500.72,0.9058,direct,,MATIC
2024-04-05,0.9094,0.8608,0.9058,12705365.77,11208355.15,0.8843,direct,,MATIC
2024-04-06,0.9065,0.8815,0.8843,6338414.36,5672441.36,0.8975,direct,,MATIC
2024-04-07,0.9235,0.8938,0.8975,12205368.48,11102710.96,0.9109,direct,,MATIC
2024-04-08,0.9489,0.89,0.9109,15866324.05,14746760.02,0.9471,direct,,MATIC
2024-04-09,0.9499,0.8936,0.9471,11992716.38,11079446.02,0.8973,direct,,MATIC
2024-04-10,0.9024,0.8536,0.8973,15338481.51,13488844.25,0.8873,direct,,MATIC
2024-04-11,0.8959,0.8616,0.8873,14554164.74,12780981.99,0.8781,direct,,MATIC
2024-04-12,0.8941,0.735,0.8781,39090878.41,31115676.63,0.7656,direct,,MATIC
2024-04-13,0.7727,0.5904,0.7656,54222409.44,36708632.51,0.6539,direct,,MATIC
2024-04-14,0.719,0.6323,0.6539,33997860.12,23002643.97,0.7117,direct,,MATIC
2024-04-15,0.7525,0.6843,0.7117,27288194.21,19609706.62,0.7078,direct,,MATIC
2024-04-16,0.7306,0.6731,0.7078,25462084.84,17786521.0,0.7034,direct,,MATIC
2024-04-17,0.71,0.6556,0.7034,14279136.21,9698826.78,0.6679,direct,,MATIC
2024-04-18,0.6919,0.6504,0.6679,19384512.36,13056009.1,0.676,direct,,MATIC
2024-04-19,0.6912,0.62,0.676,24010642.46,16004979.49,0.6732,direct,,MATIC
2024-04-20,0.7407,0.6642,0.6732,13176059.45,9312482.35,0.7384,direct,,MATIC
2024-04-21,0.7449,0.7011,0.7384,11146412.86,8077550.4,0.7138,direct,,MATIC
2024-04-22,0.7498,0.7093,0.7138,13040599.01,9593528.95,0.7429,direct,,MATIC
2024-04-23,0.7489,0.723,0.7429,9278468.33,6810236.8,0.729,direct,,MATIC
2024-04-24,0.764,0.6975,0.729,16394819.93,11992087.41,0.7051,direct,,MATIC
2024-04-25,0.7276,0.6915,0.7051,12149709.17,8624681.14,0.7204,direct,,MATIC
2024-04-26,0.7318,0.6995,0.7204,10366506.92,7405148.38,0.7029,direct,,MATIC
2024-04-27,0.7353,0.6811,0.7029,11159721.38,7897854.01,0.7325,direct,,MATIC
2024-04-28,0.749,0.7183,0.7325,8239463.39,6067402.88,0.7211,direct,,MATIC
2024-04-29,0.733,0.6891,0.7211,14884816.44,10490390.99,0.704,direct,,MATIC
2024-04-30,0.7126,0.6476,0.704,17063764.2,11413436.67,0.6669,direct,,MATIC
2024-05-01,0.6967,0.6318,0.6669,19645142.8,13078665.57,0.6911,direct,,MATIC
2024-05-02,0.7264,0.6728,0.6911,11304095.99,7987092.87,0.7207,direct,,MATIC
2024-05-03,0.7417,0.7148,0.7207,10355889.95,7556927.46,0.7326,direct,,MATIC
2024-05-04,0.7402,0.7244,0.7326,6953935.17,5093224.4,0.7292,direct,,MATIC
2024-05-05,0.741,0.7191,0.7292,7537837.46,5513769.21,0.7338,direct,,MATIC
2024-05-06,0.7776,0.7097,0.7338,21202107.74,15693012.38,0.71,direct,,MATIC
2024-05-07,0.7186,0.6895,0.71,11264863.45,7950892.62,0.6932,direct,,MATIC
2024-05-08,0.6951,0.6724,0.6932,10598565.29,7237695.71,0.681,direct,,MATIC
2024-05-09,0.6987,0.6712,0.681,9532137.0,6532410.89,0.6944,direct,,MATIC
2024-05-10,0.7018,0.6642,0.6944,11464719.84,7833417.17,0.6719,direct,,MATIC
2024-05-11,0.6876,0.6713,0.6719,4893002.02,3337134.35,0.6755,direct,,MATIC
2024-05-12,0.6839,0.6683,0.6755,4000680.97,2708130.17,0.6706,direct,,MATIC
2024-05-13,0.6798,0.6472,0.6706,9987439.11,6631362.12,0.6632,direct,,MATIC
2024-05-14,0.6773,0.648,0.6632,8808274.62,5782902.48,0.6491,direct,,MATIC
2024-05-15,0.6886,0.6434,0.6491,12587641.06,8410886.34,0.6865,direct,,MATIC
2024-05-16,0.699,0.6672,0.6865,9534138.51,6531417.54,0.6944,direct,,MATIC
2024-05-17,0.7211,0.6903,0.6944,10301576.12,7288005.28,0.7137,direct,,MATIC
2024-05-18,0.7223,0.7079,0.7137,5768539.37,4119928.24,0.7092,direct,,MATIC
2024-05-19,0.7126,0.6798,0.7092,6494352.67,4509109.52,0.683,direct,,MATIC
2024-05-20,0.7563,0.6754,0.683,15586846.72,11218540.03,0.7506,direct,,MATIC
2024-05-21,0.7588,0.7186,0.7506,33901903.13,25095363.69,0.7287,direct,,MATIC
2024-05-22,0.7329,0.7024,0.7287,20110716.34,14548419.49,0.7228,direct,,MATIC
2024-05-23,0.7586,0.6961,0.7228,21322636.59,15624912.55,0.7434,direct,,MATIC
2024-05-24,0.7558,0.7042,0.7434,9099281.23,6623402.17,0.7233,direct,,MATIC
2024-05-25,0.7333,0.7204,0.7233,4513440.39,3284322.43,0.7294,direct,,MATIC
2024-05-26,0.7331,0.7113,0.7294,4986049.6,3599064.24,0.7156,direct,,MATIC
2024-05-27,0.7502,0.7133,0.7156,8620881.97,6349111.3,0.7437,direct,,MATIC
2024-05-28,0.7493,0.722,0.7437,11302267.1,8302626.17,0.7313,direct,,MATIC
2024-05-29,0.7453,0.7131,0.7313,13051536.53,9500561.63,0.7139,direct,,MATIC
2024-05-30,0.722,0.6882,0.7139,11388233.31,8014156.06,0.6962,direct,,MATIC
2024-05-31,0.7083,0.6834,0.6962,8813214.01,6127502.14,0.6937,direct,,MATIC
2024-06-01,0.7025,0.6905,0.6937,4884933.43,3409231.43,0.6985,direct,,MATIC
2024-06-02,0.7049,0.6857,0.6985,5300012.12,3687623.27,0.6894,direct,,MATIC
2024-06-03,0.7125,0.6825,0.6894,8843375.03,6224700.23,0.7046,direct,,MATIC
2024-06-04,0.7193,0.6971,0.7046,6437603.09,4564248.99,0.7151,direct,,MATIC
2024-06-05,0.7265,0.7074,0.7151,8389659.14,6016736.45,0.7249,direct,,MATIC
2024-06-06,0.7404,0.7141,0.7249,15588078.72,11337544.27,0.7255,direct,,MATIC
2024-06-07,0.7279,0.6206,0.7255,32675515.3,22363396.81,0.6667,direct,,MATIC
2024-06-08,0.6689,0.6406,0.6667,8550729.6,5595552.64,0.6498,direct,,MATIC
2024-06-09,0.6564,0.6443,0.6498,5542366.41,3611839.69,0.6551,direct,,MATIC
2024-06-10,0.6664,0.6358,0.6551,11097573.39,7207946.0,0.6494,direct,,MATIC
2024-06-11,0.6514,0.6096,0.6494,15966892.07,10042305.87,0.6176,direct,,MATIC
2024-06-12,0.6507,0.6058,0.6176,13648415.14,8638949.73,0.6446,direct,,MATIC
2024-06-13,0.6458,0.5999,0.6446,11704860.17,7231104.44,0.6045,direct,,MATIC
2024-06-14,0.6124,0.5719,0.6045,18856708.29,11162295.4,0.5913,direct,,MATIC
2024-06-15,0.618,0.5908,0.5913,9965940.67,6032818.52,0.617,direct,,MATIC
2024-06-16,0.6276,0.604,0.617,15779896.77,9730683.74,0.6191,direct,,MATIC
2024-06-17,0.6201,0.5757,0.6191,13881262.79,8269768.96,0.5841,direct,,MATIC
2024-06-18,0.5865,0.5179,0.5841,34396643.44,18818169.0,0.5571,direct,,MATIC
2024-06-19,0.5811,0.5541,0.5571,10892726.54,6239277.35,0.577,direct,,MATIC
2024-06-20,0.5967,0.5676,0.577,8578741.59,4981286.38,0.5733,direct,,MATIC
2024-06-21,0.5821,0.5661,0.5733,6985727.05,4011895.77,0.5686,direct,,MATIC
2024-06-22,0.5736,0.5626,0.5686,3786313.54,2150639.06,0.5708,direct,,MATIC
2024-06-23,0.5845,0.5567,0.5708,5526951.54,3154908.1,0.5613,direct,,MATIC
2024-06-24,0.5665,0.5339,0.5613,16746824.17,9252530.01,0.5611,direct,,MATIC
2024-06-25,0.5764,0.5578,0.5611,10578671.39,6035665.28,0.5673,direct,,MATIC
2024-06-26,0.5714,0.5463,0.5673,6196524.58,3452589.46,0.5514,direct,,MATIC
2024-06-27,0.5705,0.5432,0.5514,9043915.37,5078520.61,0.5662,direct,,MATIC
2024-06-28,0.5704,0.5515,0.5662,7579569.08,4272834.19,0.5521,direct,,MATIC
2024-06-29,0.5625,0.5462,0.5521,5371121.44,2978623.23,0.547,direct,,MATIC
2024-06-30,0.5646,0.5439,0.547,5399814.5,2973303.77,0.5601,direct,,MATIC
2024-07-01,0.5688,0.553,0.5601,6815096.99,3825650.57,0.5574,direct,,MATIC
2024-07-02,0.5733,0.5552,0.5574,9127349.16,5167056.89,0.5706,direct,,MATIC
2024-07-03,0.573,0.526,0.5706,12958857.68,7055909.41,0.5306,direct,,MATIC
2024-07-04,0.5349,0.4927,0.5306,20724364.25,10567016.36,0.4941,direct,,MATIC
2024-07-05,0.4946,0.4295,0.4941,36919878.83,16809073.72,0.4677,direct,,MATIC
2024-07-06,0.5086,0.4657,0.4677,9764817.89,4743585.27,0.5064,direct,,MATIC
2024-07-07,0.5064,0.475,0.5064,7151369.74,3525782.45,0.4778,direct,,MATIC
2024-07-08,0.5147,0.4603,0.4778,15057317.54,7400625.76,0.5019,direct,,MATIC
2024-07-09,0.5083,0.4936,0.5019,9246190.61,4621864.4,0.5011,direct,,MATIC
2024-07-10,0.5155,0.4931,0.5011,8248360.52,4182137.24,0.513,direct,,MATIC
2024-07-11,0.5247,0.4966,0.513,8973764.22,4582338.1,0.4983,direct,,MATIC
2024-07-12,0.5102,0.4916,0.4983,4736758.68,2371925.46,0.5074,direct,,MATIC
2024-07-13,0.5361,0.5055,0.5074,8082461.0,4211081.09,0.5312,direct,,MATIC
2024-07-14,0.5352,0.5181,0.5312,6136643.75,3231704.69,0.5311,direct,,MATIC
2024-07-15,0.5499,0.5292,0.5311,12592144.53,6765510.92,0.549,direct,,MATIC
2024-07-16,0.5523,0.5199,0.549,12426562.25,6724177.97,0.5435,direct,,MATIC
2024-07-17,0.5611,0.5394,0.5435,11183896.44,6164306.36,0.5396,direct,,MATIC
2024-07-18,0.5518,0.5104,0.5396,14202701.08,7538295.41,0.5166,direct,,MATIC
2024-07-19,0.5347,0.5063,0.5166,11717376.78,6105091.01,0.5333,direct,,MATIC
2024-07-20,0.5427,0.528,0.5333,6193700.81,3322288.7,0.5416,direct,,MATIC
2024-07-21,0.5494,0.5224,0.5416,7656038.84,4128972.57,0.5482,direct,,MATIC
2024-07-22,0.5523,0.5275,0.5482,8245353.14,4449864.22,0.5308,direct,,MATIC
2024-07-23,0.5578,0.52,0.5308,19193793.06,10324085.54,0.5326,direct,,MATIC
2024-07-24,0.54,0.5136,0.5326,9290749.67,4930939.3,0.517,direct,,MATIC
2024-07-25,0.5199,0.4815,0.517,14707078.62,7321956.01,0.4973,direct,,MATIC
2024-07-26,0.5153,0.4968,0.4973,7116102.3,3618506.48,0.5147,direct,,MATIC
2024-07-27,0.5238,0.5084,0.5147,6312112.79,3260750.69,0.5173,direct,,MATIC
2024-07-28,0.5203,0.5049,0.5173,4487954.52,2295019.09,0.5087,direct,,MATIC
2024-07-29,0.5245,0.5086,0.5087,7841276.45,4053700.65,0.5105,direct,,MATIC
2024-07-30,0.525,0.4999,0.5105,8695414.15,4447517.46,0.5052,direct,,MATIC
2024-07-31,0.5201,0.4914,0.5052,11817574.04,6018625.86,0.4956,direct,,MATIC
2024-08-01,0.5048,0.4659,0.4956,21538753.81,10408186.83,0.4916,direct,,MATIC
2024-08-02,0.4942,0.4567,0.4916,10739408.99,5090667.87,0.4677,direct,,MATIC
2024-08-03,0.4732,0.442,0.4677,10998422.47,5041820.48,0.4546,direct,,MATIC
2024-08-04,0.4578,0.4093,0.4546,13555742.54,5821271.41,0.4213,direct,,MATIC
2024-08-05,0.4242,0.3457,0.4213,65799069.45,24397362.23,0.3845,direct,,MATIC
2024-08-06,0.4178,0.3842,0.3845,18703614.16,7609096.1,0.408,direct,,MATIC
2024-08-07,0.4172,0.3876,0.408,15355409.87,6184098.65,0.392,direct,,MATIC
2024-08-08,0.4329,0.3867,0.392,13402069.81,5526855.91,0.432,direct,,MATIC
2024-08-09,0.432,0.4141,0.432,8952079.15,3784488.3,0.4221,direct,,MATIC
2024-08-10,0.4315,0.4187,0.4221,4511984.28,1918501.36,0.4264,direct,,MATIC
2024-08-11,0.4377,0.4026,0.4264,6555458.47,2754550.16,0.4032,direct,,MATIC
2024-08-12,0.4329,0.4019,0.4032,11415728.0,4808104.81,0.4263,direct,,MATIC
2024-08-13,0.4271,0.4114,0.4263,6950068.68,2925090.01,0.4222,direct,,MATIC
2024-08-14,0.4255,0.4075,0.4222,8096743.98,3385055.04,0.4239,direct,,MATIC
2024-08-15,0.4319,0.3969,0.4239,14391055.19,5937166.24,0.4014,direct,,MATIC
2024-08-16,0.4078,0.3924,0.4014,6511356.11,2611934.29,0.4041,direct,,MATIC
2024-08-17,0.4105,0.4015,0.4041,3321867.89,1349694.23,0.4105,direct,,MATIC
2024-08-18,0.4191,0.4073,0.4105,5147127.48,2127294.31,0.4116,direct,,MATIC
2024-08-19,0.4305,0.4093,0.4116,8478173.88,3572453.35,0.4301,direct,,MATIC
2024-08-20,0.4668,0.4291,0.4301,14709674.66,6595436.23,0.4613,direct,,MATIC
2024-08-21,0.5292,0.4565,0.4613,30971674.23,15496420.85,0.5254,direct,,MATIC
2024-08-22,0.5399,0.5163,0.5254,30209588.13,15943616.25,0.5319,direct,,MATIC
2024-08-23,0.5437,0.5191,0.5319,17360409.51,9234575.36,0.5382,direct,,MATIC
2024-08-24,0.582,0.5311,0.5382,18182381.88,10109054.77,0.5714,direct,,MATIC
2024-08-25,0.575,0.523,0.5714,18645961.34,10087505.34,0.5246,direct,,MATIC
2024-08-26,0.5281,0.5019,0.5246,11439644.69,5898649.88,0.5026,direct,,MATIC
2024-08-27,0.5144,0.4593,0.5026,14640706.64,7216733.67,0.4664,direct,,MATIC
2024-08-28,0.4666,0.4259,0.4664,34171837.6,15384313.71,0.4369,direct,,MATIC
2024-08-29,0.4462,0.4143,0.4369,19668993.25,8524486.99,0.4251,direct,,MATIC
2024-08-30,0.4302,0.3992,0.4251,14814163.61,6161922.04,0.4209,direct,,MATIC
2024-08-31,0.427,0.4172,0.4209,5669589.29,2389023.09,0.4197,direct,,MATIC
2024-09-01,0.4202,0.3971,0.4197,7477980.21,3059937.86,0.4026,direct,,MATIC
2024-09-02,0.4149,0.3958,0.4026,10616389.84,4305589.54,0.4108,direct,,MATIC
2024-09-03,0.4149,0.3969,0.4108,12765931.94,5194238.8,0.3978,direct,,MATIC
2024-09-04,0.4,0.3599,0.3978,22549453.32,8577247.8,0.3813,direct,,MATIC
2024-09-05,0.3877,0.363,0.3813,12864270.64,4800573.78,0.3684,direct,,MATIC
2024-09-06,0.3793,0.3556,0.3684,12159762.22,4466651.86,0.3658,direct,,MATIC
2024-09-07,0.3761,0.3643,0.3658,4422127.13,1642942.77,0.3694,direct,,MATIC
2024-09-08,0.3797,0.3668,0.3694,4140605.21,1542282.81,0.3758,direct,,MATIC
2024-09-09,0.3856,0.3723,0.3758,7840292.9,2975434.7,0.3824,direct,,MATIC
2024-09-10,0.3906,0.3771,0.3824,6981256.96,2671677.51,0.3893,direct,,MATIC
2024-09-11,0.3906,0.3663,0.3893,10769293.24,4040513.58,0.3739,direct,,MATIC
2024-09-12,0.3867,0.3716,0.3739,6972574.74,2634803.92,0.379,direct,,MATIC
2024-09-13,0.4459,0.3751,0.379,21141594.47,8834200.36,0.4111,direct,,MATIC
2024-09-14,0.426,0.3981,0.4111,8097829.98,3330383.55,0.4057,direct,,MATIC
2024-09-15,0.4083,0.3871,0.4057,6815485.98,2723716.8,0.389,direct,,MATIC
2024-09-16,0.392,0.3726,0.389,7689852.77,2919478.0,0.3757,direct,,MATIC
2024-09-17,0.3907,0.3742,0.3757,5122114.5,1965334.02,0.3815,direct,,MATIC
2024-09-18,0.3904,0.3728,0.3815,7382240.29,2800920.88,0.3903,direct,,MATIC
2024-09-19,0.4021,0.3891,0.3903,6637224.12,2632324.39,0.3989,direct,,MATIC
2024-09-20,0.4099,0.3936,0.3989,7543936.17,3035357.91,0.401,direct,,MATIC
2024-09-21,0.4116,0.3959,0.401,3533405.33,1427146.51,0.4115,direct,,MATIC
2024-09-22,0.4115,0.3923,0.4115,4359835.11,1752929.51,0.4008,direct,,MATIC
2024-09-23,0.4089,0.3946,0.4008,5373525.93,2172826.01,0.4058,direct,,MATIC
2024-09-24,0.4096,0.3991,0.4058,4737924.68,1917814.63,0.4093,direct,,MATIC
2024-09-25,0.4188,0.4034,0.4093,7237296.27,2978948.52,0.4094,direct,,MATIC
2024-09-26,0.4324,0.4029,0.4094,7930451.4,3338915.11,0.4257,direct,,MATIC
2024-09-27,0.4382,0.4234,0.4257,6705812.8,2901907.56,0.4335,direct,,MATIC
2024-09-28,0.4395,0.4176,0.4335,5564792.46,2366910.58,0.4241,direct,,MATIC
2024-09-29,0.4264,0.4135,0.4241,4128526.17,1736780.56,0.4212,direct,,MATIC
2024-09-30,0.4223,0.3935,0.4212,5423653.99,2208466.88,0.396,direct,,MATIC
2024-10-01,0.4052,0.3663,0.396,8323665.09,3195306.74,0.3759,direct,,MATIC
2024-10-02,0.3872,0.368,0.3759,4890148.5,1850078.15,0.3734,direct,,MATIC
2024-10-03,0.3789,0.3635,0.3734,8069687.76,2993384.26,0.3759,direct,,MATIC
2024-10-04,0.3861,0.3749,0.3759,5392682.73,2054069.0,0.3839,direct,,MATIC
2024-10-05,0.3854,0.376,0.3839,1831185.14,698116.31,0.3788,direct,,MATIC
2024-10-06,0.3845,0.377,0.3788,2429408.97,926002.99,0.3826,direct,,MATIC
2024-10-07,0.3897,0.3732,0.3826,4123394.36,1578289.3,0.3739,direct,,MATIC
2024-10-08,0.3793,0.3703,0.3739,4565937.64,1710919.95,0.3761,direct,,MATIC
2024-10-09,0.3806,0.3612,0.3761,6298721.51,2334937.26,0.3665,direct,,MATIC
2024-10-10,0.3702,0.3601,0.3665,3399987.6,1243112.15,0.3684,direct,,MATIC
2024-10-11,0.3748,0.3665,0.3684,2577602.67,957583.25,0.3731,direct,,MATIC
2024-10-12,0.3756,0.3705,0.3731,1888278.01,703915.35,0.3714,direct,,MATIC
2024-10-13,0.372,0.3608,0.3714,2699773.08,987922.88,0.3658,direct,,MATIC
2024-10-14,0.3775,0.3632,0.3658,4617355.43,1721714.58,0.3759,direct,,MATIC
2024-10-15,0.3784,0.3614,0.3759,5506767.08,2048369.46,0.3699,direct,,MATIC
2024-10-16,0.3741,0.3666,0.3699,3954458.38,1461044.44,0.3713,direct,,MATIC
2024-10-17,0.3735,0.3611,0.3713,2904140.28,1063845.32,0.3658,direct,,MATIC
2024-10-18,0.3703,0.3641,0.3658,3438877.72,1264412.54,0.3695,direct,,MATIC
2024-10-19,0.3821,0.3695,0.3695,3282411.03,1224633.59,0.3714,direct,,MATIC
2024-10-20,0.3855,0.3677,0.3714,4333385.46,1631081.53,0.385,direct,,MATIC
2024-10-21,0.3878,0.3684,0.385,4763046.51,1792783.25,0.3707,direct,,MATIC
2024-10-22,0.374,0.3631,0.3707,3971252.49,1458231.76,0.3659,direct,,MATIC
2024-10-23,0.3661,0.3458,0.3659,6733386.87,2399796.42,0.3548,direct,,MATIC
2024-10-24,0.36,0.3517,0.3548,3840767.35,1365810.51,0.3557,direct,,MATIC
2024-10-25,0.3564,0.3068,0.3557,12236578.62,4138171.4,0.3216,direct,,MATIC
2024-10-26,0.3297,0.318,0.3216,4691056.84,1520114.44,0.3286,direct,,MATIC
2024-10-27,0.339,0.3234,0.3286,5217457.25,1716415.75,0.3302,direct,,MATIC
2024-10-28,0.3305,0.3127,0.3302,5969311.97,1924834.58,0.3255,direct,,MATIC
2024-10-29,0.3383,0.3215,0.3255,8262538.83,2740619.62,0.3346,direct,,MATIC
2024-10-30,0.3371,0.3262,0.3346,6197473.61,2063750.33,0.3321,direct,,MATIC
2024-10-31,0.3336,0.3152,0.3321,5326384.15,1724020.78,0.3206,direct,,MATIC
2024-11-01,0.3247,0.3121,0.3206,3922405.59,1247829.9,0.3179,direct,,MATIC
2024-11-02,0.3206,0.3103,0.3179,4210524.13,1324617.55,0.3125,direct,,MATIC
2024-11-03,0.3137,0.2936,0.3125,5257202.16,1588948.91,0.3005,direct,,MATIC
2024-11-04,0.304,0.2854,0.3005,6035549.81,1777564.05,0.2916,direct,,MATIC
2024-11-05,0.3077,0.2916,0.2916,5618850.93,1688555.85,0.3031,direct,,MATIC
2024-11-06,0.3369,0.3031,0.3031,11876088.02,3847563.15,0.3343,direct,,MATIC
2024-11-07,0.354,0.3315,0.3343,11266029.56,3872926.47,0.3458,direct,,MATIC
2024-11-08,0.4061,0.3389,0.3458,23556223.9,8870062.64,0.3925,direct,,MATIC
2024-11-09,0.3966,0.3728,0.3925,16212130.34,6199529.9,0.3854,direct,,MATIC
2024-11-10,0.426,0.3812,0.3854,32165154.43,12970282.68,0.4072,direct,,MATIC
2024-11-11,0.43,0.3981,0.4072,22103874.48,9161204.55,0.4285,direct,,MATIC
2024-11-12,0.4472,0.3813,0.4285,23904825.27,9785064.08,0.4005,direct,,MATIC
2024-11-13,0.4041,0.3612,0.4005,21123931.66,8064934.23,0.3767,direct,,MATIC
2024-11-14,0.3835,0.3535,0.3767,15309972.45,5629963.73,0.3578,direct,,MATIC
2024-11-15,0.3785,0.3493,0.3578,12857367.21,4672576.71,0.3716,direct,,MATIC
2024-11-16,0.4391,0.3693,0.3716,28954042.76,11818732.85,0.425,direct,,MATIC
2024-11-17,0.442,0.3911,0.425,18744918.49,7856844.12,0.3999,direct,,MATIC
2024-11-18,0.4708,0.3959,0.3999,20593590.2,9044534.4,0.4573,direct,,MATIC
2024-11-19,0.459,0.4248,0.4573,13432530.41,5876383.08,0.4329,direct,,MATIC
2024-11-20,0.4693,0.417,0.4329,18142418.72,8042108.9,0.4318,direct,,MATIC
2024-11-21,0.46,0.418,0.4318,15009519.12,6659197.56,0.4543,direct,,MATIC
2024-11-22,0.4952,0.446,0.4543,27649941.59,12969784.56,0.4949,direct,,MATIC
2024-11-23,0.6125,0.4894,0.4949,60842374.04,33710097.53,0.5714,direct,,MATIC
2024-11-24,0.6027,0.5224,0.5714,25059654.53,14167070.93,0.5758,direct,,MATIC
2024-11-25,0.6185,0.5404,0.5758,26621096.07,15234079.32,0.5473,direct,,MATIC
2024-11-26,0.5632,0.496,0.5473,17530815.16,9268424.98,0.5279,direct,,MATIC
2024-11-27,0.5845,0.5152,0.5279,15474667.96,8680623.32,0.5812,direct,,MATIC
2024-11-28,0.5813,0.5474,0.5812,9083380.32,5091377.09,0.563,direct,,MATIC
2024-11-29,0.5972,0.5569,0.563,13610208.43,7780760.59,0.5837,direct,,MATIC
2024-11-30,0.6174,0.5731,0.5837,17118805.9,10167552.43,0.5973,direct,,MATIC
2024-12-01,0.612,0.575,0.5973,15658470.45,9291178.84,0.6028,direct,,MATIC
2024-12-02,0.6569,0.5715,0.6028,41070019.86,25486127.17,0.6569,direct,,MATIC
2024-12-03,0.7664,0.6441,0.6569,53154105.65,37120938.77,0.702,direct,,MATIC
2024-12-04,0.7525,0.6981,0.702,26900832.31,19393388.82,0.7097,direct,,MATIC
2024-12-05,0.7233,0.6641,0.7097,31205142.94,21795462.16,0.6808,direct,,MATIC
2024-12-06,0.7262,0.6605,0.6808,20704838.96,14427944.41,0.7149,direct,,MATIC
2024-12-07,0.718,0.6893,0.7149,9951556.65,7005590.36,0.7002,direct,,MATIC
2024-12-08,0.7074,0.6777,0.7002,10813518.19,7541151.59,0.7031,direct,,MATIC
2024-12-09,0.7033,0.5213,0.7031,33603420.31,20809591.34,0.5839,direct,,MATIC
2024-12-10,0.6033,0.5242,0.5839,23623263.11,13382294.12,0.5803,direct,,MATIC
2024-12-11,0.6364,0.5552,0.5803,15030801.1,9085521.0,0.6302,direct,,MATIC
2024-12-12,0.6696,0.6158,0.6302,14457503.24,9290183.27,0.6247,direct,,MATIC
2024-12-13,0.639,0.6085,0.6247,8842709.64,5477694.52,0.6216,direct,,MATIC
2024-12-14,0.6287,0.5845,0.6216,6797625.73,4111453.17,0.6009,direct,,MATIC
2024-12-15,0.6189,0.5812,0.6009,6288112.8,3783145.68,0.6162,direct,,MATIC
2024-12-16,0.6266,0.5851,0.6162,12216865.47,7372770.39,0.5927,direct,,MATIC
2024-12-17,0.5999,0.5588,0.5927,10601580.79,6181170.17,0.5664,direct,,MATIC
2024-12-18,0.5685,0.5055,0.5664,13442699.68,7298161.12,0.5157,direct,,MATIC
2024-12-19,0.5268,0.4585,0.5157,16590510.81,8200991.84,0.4746,direct,,MATIC
2024-12-20,0.5041,0.4117,0.4746,13191197.46,6039067.01,0.499,direct,,MATIC
2024-12-21,0.5228,0.4638,0.499,6150699.5,3020422.16,0.4729,direct,,MATIC
2024-12-22,0.4902,0.4608,0.4729,5498328.57,2614910.46,0.473,direct,,MATIC
2024-12-23,0.5052,0.4613,0.473,6057692.07,2917793.86,0.5008,direct,,MATIC
2024-12-24,0.5333,0.4893,0.5008,8921075.54,4580507.99,0.5283,direct,,MATIC
2024-12-25,0.5283,0.5053,0.5283,5890095.07,3046964.88,0.5139,direct,,MATIC
2024-12-26,0.5192,0.471,0.5139,4561940.11,2220595.76,0.4759,direct,,MATIC
2024-12-27,0.4998,0.4712,0.4759,5867881.27,2843372.13,0.4791,direct,,MATIC
2024-12-28,0.4919,0.4726,0.4791,4825798.45,2316755.16,0.4876,direct,,MATIC
2024-12-29,0.4887,0.4605,0.4876,4509799.76,2140237.42,0.4647,direct,,MATIC
2024-12-30,0.4816,0.4429,0.4647,8044526.43,3727103.69,0.46,direct,,MATIC
2024-12-31,0.4749,0.448,0.46,6501608.3,2975983.77,0.4506,direct,,MATIC
2025-01-01,0.4774,0.4393,0.4506,8270157.74,3783418.54,0.4725,direct,,MATIC
2025-01-02,0.4967,0.4644,0.4725,9024055.11,4365565.05,0.4834,direct,,MATIC
2025-01-03,0.5228,0.4791,0.4834,7359941.7,3716133.78,0.5188,direct,,MATIC
2025-01-04,0.5293,0.5066,0.5188,6640683.56,3447613.04,0.5225,direct,,MATIC
2025-01-05,0.5238,0.5059,0.5225,4465639.38,2306550.15,0.516,direct,,MATIC
2025-01-06,0.5377,0.5081,0.516,6070309.61,3177543.87,0.5243,direct,,MATIC
2025-01-07,0.5265,0.4664,0.5243,6657982.77,3283632.64,0.4697,direct,,MATIC
2025-01-08,0.4835,0.4382,0.4697,6536945.83,3009432.42,0.4639,direct,,MATIC
2025-01-09,0.4669,0.4388,0.4639,10426592.93,4749024.9,0.4484,direct,,MATIC
2025-01-10,0.4643,0.4448,0.4484,5122757.75,2330797.11,0.4577,direct,,MATIC
2025-01-11,0.4647,0.4509,0.4577,3752305.34,1713365.27,0.4595,direct,,MATIC
2025-01-12,0.4631,0.4448,0.4595,3456809.74,1577044.88,0.4499,direct,,MATIC
2025-01-13,0.4594,0.4099,0.4499,8865645.02,3796912.62,0.4393,direct,,MATIC
2025-01-14,0.4578,0.437,0.4393,5146924.67,2307784.38,0.4554,direct,,MATIC
2025-01-15,0.4884,0.4464,0.4554,7029251.51,3298494.13,0.4871,direct,,MATIC
2025-01-16,0.4887,0.4673,0.4871,6879060.78,3290653.2,0.4734,direct,,MATIC
2025-01-17,0.5191,0.4734,0.4734,9690110.94,4870459.73,0.5071,direct,,MATIC
2025-01-18,0.5132,0.4688,0.5071,9782132.64,4729974.24,0.4827,direct,,MATIC
2025-01-19,0.4941,0.4309,0.4827,15728455.46,7343902.46,0.445,direct,,MATIC
2025-01-20,0.4846,0.4306,0.445,12756606.37,5780626.69,0.4413,direct,,MATIC
2025-01-21,0.4644,0.4278,0.4413,6776790.19,3031048.27,0.4528,direct,,MATIC
2025-01-22,0.4553,0.439,0.4528,4106257.31,1840089.73,0.4419,direct,,MATIC
2025-01-23,0.4478,0.4295,0.4419,6370751.64,2786135.91,0.442,direct,,MATIC
2025-01-24,0.4495,0.4266,0.442,6706057.88,2941380.06,0.4326,direct,,MATIC
2025-01-25,0.439,0.4233,0.4326,4023483.34,1743838.61,0.4345,direct,,MATIC
2025-01-26,0.4467,0.4326,0.4345,5143502.85,2262057.82,0.4345,direct,,MATIC
2025-01-27,0.4396,0.3899,0.4345,9803190.23,4035464.7,0.4152,direct,,MATIC
2025-01-28,0.4191,0.3859,0.4152,6642174.12,2699431.3,0.3904,direct,,MATIC
2025-01-29,0.4062,0.3834,0.3904,5110008.58,2023083.83,0.3946,direct,,MATIC
2025-01-30,0.4205,0.3915,0.3946,4429966.22,1804829.96,0.4114,direct,,MATIC
2025-01-31,0.4234,0.3975,0.4114,4772371.7,1966363.14,0.4072,direct,,MATIC
2025-02-01,0.4137,0.3719,0.4072,5355322.03,2098950.92,0.3743,direct,,MATIC
2025-02-02,0.3861,0.3184,0.3743,13087948.07,4611827.64,0.3333,direct,,MATIC
2025-02-03,0.3629,0.2811,0.3333,28677062.58,9055378.38,0.3457,direct,,MATIC
2025-02-04,0.3479,0.3026,0.3457,7050301.3,2265969.16,0.3136,direct,,MATIC
2025-02-05,0.3246,0.3073,0.3136,6872248.9,2165166.89,0.311,direct,,MATIC
2025-02-06,0.3206,0.2947,0.311,7789100.38,2376556.23,0.297,direct,,MATIC
2025-02-07,0.326,0.2857,0.297,8063791.96,2418788.14,0.2988,direct,,MATIC
2025-02-08,0.31,0.2966,0.2988,5647191.73,1709829.04,0.3091,direct,,MATIC
2025-02-09,0.3173,0.2924,0.3091,6239961.12,1909314.54,0.3042,direct,,MATIC
2025-02-10,0.3134,0.2945,0.3042,7182717.31,2202588.18,0.3132,direct,,MATIC
2025-02-11,0.3292,0.3043,0.3132,10241231.13,3245739.85,0.3071,direct,,MATIC
2025-02-12,0.3324,0.2998,0.3071,11461455.2,3579473.71,0.329,direct,,MATIC
2025-02-13,0.3315,0.3057,0.329,7372855.01,2345596.78,0.3174,direct,,MATIC
2025-02-14,0.3298,0.3158,0.3174,5854382.13,1882439.91,0.3232,direct,,MATIC
2025-02-15,0.3274,0.3152,0.3232,4474866.06,1439362.94,0.3179,direct,,MATIC
2025-02-16,0.3326,0.3147,0.3179,7672687.4,2486005.34,0.3258,direct,,MATIC
2025-02-17,0.3341,0.3129,0.3258,8845558.1,2859622.66,0.3196,direct,,MATIC
2025-02-18,0.3207,0.2916,0.3196,9710255.29,2947852.39,0.3024,direct,,MATIC
2025-02-19,0.3086,0.2975,0.3024,10533471.06,3182884.92,0.3017,direct,,MATIC
2025-02-20,0.3098,0.2989,0.3017,7277635.03,2211038.79,0.3074,direct,,MATIC
2025-02-21,0.3162,0.29,0.3074,6754528.44,2047780.08,0.2948,direct,,MATIC
2025-02-22,0.3135,0.2927,0.2948,3232503.68,967083.03,0.2986,direct,,MATIC
2025-02-23,0.3061,0.291,0.2986,3438884.99,1013369.16,0.2965,direct,,MATIC
2025-02-24,0.3014,0.2654,0.2965,7595462.29,2140916.48,0.2668,direct,,MATIC
2025-02-25,0.2753,0.2502,0.2668,12615677.33,3314935.45,0.2719,direct,,MATIC
2025-02-26,0.2827,0.264,0.2719,14912453.01,4082244.66,0.2733,direct,,MATIC
2025-02-27,0.2871,0.2696,0.2733,4913821.85,1368404.61,0.2769,direct,,MATIC
2025-02-28,0.2773,0.255,0.2769,10030400.73,2652732.62,0.2718,direct,,MATIC
2025-03-01,0.2854,0.2657,0.2718,6203802.46,1706776.18,0.2823,direct,,MATIC
2025-03-02,0.3105,0.2749,0.2823,10282534.75,3019664.38,0.3032,direct,,MATIC
2025-03-03,0.3036,0.2503,0.3032,15396722.9,4201281.69,0.2548,direct,,MATIC
2025-03-04,0.2622,0.2308,0.2548,15933528.58,3871298.3,0.2498,direct,,MATIC
2025-03-05,0.2595,0.2472,0.2498,4692708.11,1183543.42,0.2559,direct,,MATIC
2025-03-06,0.2603,0.245,0.2559,6682073.76,1692263.84,0.2496,direct,,MATIC
2025-03-07,0.2521,0.237,0.2496,7361071.27,1804005.42,0.2414,direct,,MATIC
2025-03-08,0.2475,0.2369,0.2414,4305330.67,1040136.77,0.2458,direct,,MATIC
2025-03-09,0.2472,0.2198,0.2458,11133517.44,2577997.74,0.2211,direct,,MATIC
2025-03-10,0.2322,0.2037,0.2211,11798674.58,2544723.88,0.2057,direct,,MATIC
2025-03-11,0.2216,0.1964,0.2057,9389542.4,1958867.59,0.2153,direct,,MATIC
2025-03-12,0.2273,0.2093,0.2153,16757365.29,3624082.42,0.2166,direct,,MATIC
2025-03-13,0.2212,0.2058,0.2166,8233760.06,1758153.55,0.2108,direct,,MATIC
2025-03-14,0.2225,0.2099,0.2108,5311189.09,1143549.02,0.2148,direct,,MATIC
2025-03-15,0.22,0.2138,0.2148,5459875.31,1181959.96,0.2189,direct,,MATIC
2025-03-16,0.2196,0.2068,0.2189,9096727.02,1936002.08,0.2101,direct,,MATIC
2025-03-17,0.2201,0.2093,0.2101,8144843.11,1754154.7,0.2142,direct,,MATIC
2025-03-18,0.2146,0.2029,0.2142,9414620.99,1957930.4,0.2119,direct,,MATIC
2025-03-19,0.2213,0.2102,0.2119,6200340.79,1338059.08,0.2203,direct,,MATIC
2025-03-20,0.221,0.2094,0.2203,4400315.14,943904.81,0.2115,direct,,MATIC
2025-03-21,0.2134,0.2039,0.2115,3344838.41,694027.51,0.2057,direct,,MATIC
2025-03-22,0.2129,0.2056,0.2057,2367244.38,496067.61,0.2091,direct,,MATIC
2025-03-23,0.2141,0.2077,0.2091,3611902.89,761560.65,0.2129,direct,,MATIC
2025-03-24,0.2223,0.2098,0.2129,6191208.44,1353669.83,0.2196,direct,,MATIC
2025-03-25,0.23,0.217,0.2196,7789773.03,1747998.63,0.2293,direct,,MATIC
2025-03-26,0.2484,0.2284,0.2293,12562666.6,2990518.53,0.2326,direct,,MATIC
2025-03-27,0.2427,0.2297,0.2326,8405465.42,1973135.57,0.2309,direct,,MATIC
2025-03-28,0.2311,0.2075,0.2309,8775051.54,1896780.72,0.2126,direct,,MATIC
2025-03-29,0.2203,0.1976,0.2126,9710305.31,1973336.85,0.2028,direct,,MATIC
2025-03-30,0.207,0.2001,0.2028,3990644.99,812447.55,0.2041,direct,,MATIC
2025-03-31,0.2095,0.2002,0.2041,2804093.74,571262.41,0.2025,direct,,MATIC
2025-04-01,0.2076,0.199,0.2025,4160980.58,845068.0,0.2012,direct,,MATIC
2025-04-02,0.2016,0.1873,0.2012,6518870.48,1270383.06,0.1899,direct,,MATIC
2025-04-03,0.1972,0.18,0.1899,9320498.73,1754108.08,0.1903,direct,,MATIC
2025-04-04,0.1943,0.1867,0.1903,10425726.15,1992368.37,0.1905,direct,,MATIC
2025-04-05,0.1912,0.1857,0.1905,1987105.05,374670.23,0.1877,direct,,MATIC
2025-04-06,0.1886,0.1677,0.1877,8024708.65,1416643.23,0.1711,direct,,MATIC
2025-04-07,0.178,0.1526,0.1711,17983631.62,3009253.39,0.1737,direct,,MATIC
2025-04-08,0.1808,0.1655,0.1737,10476709.13,1810152.01,0.1671,direct,,MATIC
2025-04-09,0.1889,0.1626,0.1671,10704153.76,1872322.83,0.187,direct,,MATIC
2025-04-10,0.189,0.1756,0.187,5900140.41,1071676.64,0.1822,direct,,MATIC
2025-04-11,0.187,0.1809,0.1822,3209382.27,592325.73,0.1827,direct,,MATIC
2025-04-12,0.1928,0.1812,0.1827,4068195.53,767115.55,0.1902,direct,,MATIC
2025-04-13,0.1934,0.1809,0.1902,3162917.7,592359.44,0.1826,direct,,MATIC
2025-04-14,0.1874,0.1802,0.1826,4629560.41,848814.7,0.1824,direct,,MATIC
2025-04-15,0.1905,0.1796,0.1824,3577253.77,663827.98,0.18,direct,,MATIC
2025-04-16,0.1845,0.1757,0.18,3967548.43,712665.07,0.1785,direct,,MATIC
2025-04-17,0.1848,0.1775,0.1785,2028108.36,367414.93,0.1823,direct,,MATIC
2025-04-18,0.1923,0.1819,0.1823,2830092.84,531370.44,0.189,direct,,MATIC
2025-04-19,0.1927,0.189,0.189,1741410.31,332251.13,0.1914,direct,,MATIC
2025-04-20,0.1925,0.1877,0.1914,1683132.53,320258.84,0.1912,direct,,MATIC
2025-04-21,0.2051,0.1909,0.1912,4425578.93,889830.52,0.1999,direct,,MATIC
2025-04-22,0.2227,0.1968,0.1999,9334760.94,2012143.02,0.22,direct,,MATIC
2025-04-23,0.2276,0.2184,0.22,8854106.63,1972990.99,0.222,direct,,MATIC
2025-04-24,0.2679,0.2157,0.222,27125823.4,6705513.66,0.247,direct,,MATIC
2025-04-25,0.2521,0.2387,0.247,11249453.8,2769266.32,0.2494,direct,,MATIC
2025-04-26,0.2543,0.2434,0.2494,5009299.93,1244729.45,0.2454,direct,,MATIC
2025-04-27,0.2504,0.2366,0.2454,7969360.62,1937354.69,0.2404,direct,,MATIC
2025-04-28,0.2475,0.2302,0.2404,14893751.16,3590653.09,0.2392,direct,,MATIC
2025-04-29,0.2439,0.2319,0.2392,7574428.3,1813859.27,0.236,direct,,MATIC
2025-04-30,0.243,0.2264,0.236,6315215.96,1488725.02,0.2377,direct,,MATIC
2025-05-01,0.2465,0.237,0.2377,6728082.89,1630705.78,0.2398,direct,,MATIC
2025-05-02,0.2432,0.2322,0.2398,5841096.5,1394435.84,0.2396,direct,,MATIC
2025-05-03,0.24,0.2282,0.2396,3249213.25,757494.64,0.2298,direct,,MATIC
2025-05-04,0.233,0.2276,0.2298,3997562.27,920708.8,0.2293,direct,,MATIC
2025-05-05,0.2363,0.2208,0.2293,8011730.55,1819402.28,0.2233,direct,,MATIC
2025-05-06,0.2243,0.2083,0.2233,6110472.16,1323358.06,0.2181,direct,,MATIC
2025-05-07,0.2217,0.2153,0.2181,5564824.22,1218000.0,0.2188,direct,,MATIC
2025-05-08,0.2556,0.2171,0.2188,10209220.59,2473740.23,0.2505,direct,,MATIC
2025-05-09,0.2625,0.246,0.2505,8981329.5,2274541.27,0.2526,direct,,MATIC
2025-05-10,0.2754,0.2515,0.2526,6779139.69,1774249.71,0.2745,direct,,MATIC
2025-05-11,0.276,0.2533,0.2745,7299754.25,1918231.82,0.2549,direct,,MATIC
2025-05-12,0.2701,0.247,0.2549,7630066.12,1981635.65,0.2551,direct,,MATIC
2025-05-13,0.2641,0.2449,0.2551,10307105.21,2588378.32,0.2596,direct,,MATIC
2025-05-14,0.2638,0.247,0.2596,5064817.49,1291586.97,0.2493,direct,,MATIC
2025-05-15,0.2514,0.2316,0.2493,7172754.32,1731360.69,0.2355,direct,,MATIC
2025-05-16,0.2462,0.2341,0.2355,3089108.86,744426.84,0.2383,direct,,MATIC
2025-05-17,0.2383,0.2271,0.2383,3015753.05,698291.42,0.2316,direct,,MATIC
2025-05-18,0.2449,0.2279,0.2316,4463552.25,1059767.67,0.2417,direct,,MATIC
2025-05-19,0.2434,0.2269,0.2417,4757092.23,1105084.68,0.2327,direct,,MATIC
2025-05-20,0.2378,0.2259,0.2327,4997411.36,1158605.84,0.2321,direct,,MATIC
2025-05-21,0.2448,0.2294,0.2321,6717528.49,1581218.96,0.2423,direct,,MATIC
2025-05-22,0.2532,0.2422,0.2423,9375871.4,2331734.5,0.251,direct,,MATIC
2025-05-23,0.2573,0.2335,0.251,6478692.99,1602135.97,0.235,direct,,MATIC
2025-05-24,0.2401,0.2318,0.235,4146436.47,981517.44,0.233,direct,,MATIC
2025-05-25,0.2362,0.227,0.233,4997811.24,1155757.93,0.2358,direct,,MATIC
2025-05-26,0.239,0.2286,0.2358,4159058.85,974562.87,0.2309,direct,,MATIC
2025-05-27,0.2355,0.2263,0.2309,4032931.06,930873.27,0.2299,direct,,MATIC
2025-05-28,0.2337,0.2229,0.2299,3201123.12,731057.85,0.2288,direct,,MATIC
2025-05-29,0.2358,0.2241,0.2288,5437918.84,1254992.86,0.2248,direct,,MATIC
2025-05-30,0.2277,0.2052,0.2248,4288857.31,931353.39,0.2065,direct,,MATIC
2025-05-31,0.2177,0.2009,0.2065,4751720.94,994330.6,0.2144,direct,,MATIC
2025-06-01,0.217,0.2101,0.2144,3554447.59,761170.21,0.2152,direct,,MATIC
2025-06-02,0.2194,0.2114,0.2152,2887308.46,620359.62,0.2189,direct,,MATIC
2025-06-03,0.2211,0.2128,0.2189,4386215.13,953901.46,0.2152,direct,,MATIC
2025-06-04,0.2201,0.212,0.2152,3197230.99,694013.19,0.2132,direct,,MATIC
2025-06-05,0.2168,0.1957,0.2132,6817227.91,1414621.59,0.1992,direct,,MATIC
2025-06-06,0.2249,0.1983,0.1992,7074671.34,1505767.49,0.2146,direct,,MATIC
2025-06-07,0.2193,0.2129,0.2146,4699202.4,1014109.83,0.213,direct,,MATIC
2025-06-08,0.2137,0.2082,0.213,4509840.12,951329.4,0.2104,direct,,MATIC
2025-06-09,0.2193,0.208,0.2104,3005787.36,639745.71,0.219,direct,,MATIC
2025-06-10,0.2271,0.2145,0.219,5325199.29,1178384.01,0.2259,direct,,MATIC
2025-06-11,0.2396,0.219,0.2259,6403436.94,1475343.25,0.2303,direct,,MATIC
2025-06-12,0.2329,0.2096,0.2303,4666011.36,1026028.39,0.2106,direct,,MATIC
2025-06-13,0.2106,0.1912,0.2106,5392822.12,1074722.15,0.2045,direct,,MATIC
2025-06-14,0.2047,0.1959,0.2045,1445478.9,289866.68,0.199,direct,,MATIC
2025-06-15,0.2021,0.1953,0.199,1364942.42,271870.59,0.1988,direct,,MATIC
2025-06-16,0.2118,0.1966,0.1988,2237459.92,458015.37,0.1993,direct,,MATIC
2025-06-17,0.2028,0.193,0.1993,2503680.97,493425.17,0.1943,direct,,MATIC
2025-06-18,0.1976,0.1826,0.1943,4452949.27,842000.09,0.19,direct,,MATIC
2025-06-19,0.1935,0.1849,0.19,2454460.63,464215.56,0.187,direct,,MATIC
2025-06-20,0.1927,0.1808,0.187,3260215.95,607959.84,0.1826,direct,,MATIC
2025-06-21,0.1885,0.1676,0.1826,2866597.35,513540.65,0.1731,direct,,MATIC
2025-06-22,0.1767,0.164,0.1731,4707629.19,801656.91,0.1727,direct,,MATIC
2025-06-23,0.1835,0.1673,0.1727,3606577.12,629804.01,0.1811,direct,,MATIC
2025-06-24,0.1854,0.1796,0.1811,2579166.48,469748.34,0.1844,direct,,MATIC
2025-06-25,0.1852,0.1769,0.1844,4816907.69,871520.14,0.1778,direct,,MATIC
2025-06-26,0.1813,0.1711,0.1778,3133952.06,550619.84,0.1729,direct,,MATIC
2025-06-27,0.1769,0.1721,0.1729,2868379.81,500367.21,0.1748,direct,,MATIC
2025-06-28,0.1841,0.1744,0.1748,1627595.66,287942.2,0.1785,direct,,MATIC
2025-06-29,0.1877,0.1767,0.1785,1990191.99,360401.33,0.1849,direct,,MATIC
2025-06-30,0.1932,0.1819,0.1849,3813082.07,713549.64,0.1888,direct,,MATIC
2025-07-01,0.1898,0.1756,0.1888,3086246.07,563048.99,0.1771,direct,,MATIC
2025-07-02,0.1916,0.1748,0.1771,2935883.16,536852.98,0.1882,direct,,MATIC
2025-07-03,0.1926,0.1857,0.1882,2359190.24,446368.56,0.1873,direct,,MATIC
2025-07-04,0.1883,0.1776,0.1873,2040076.34,372401.06,0.1795,direct,,MATIC
2025-07-05,0.1836,0.1788,0.1795,1869031.71,339059.44,0.1825,direct,,MATIC
2025-07-06,0.1894,0.1802,0.1825,2043879.71,374651.45,0.184,direct,,MATIC
2025-07-07,0.1901,0.1826,0.184,2349840.21,435488.39,0.1851,direct,,MATIC
2025-07-08,0.316,0.183,0.1851,17485329.89,3692379.71,0.1927,direct,,MATIC
2025-07-09,0.1993,0.1916,0.1927,3456996.49,674082.46,0.1976,direct,,MATIC
