time,high,low,open,volumefrom,volumeto,close,conversionType,conversionSymbol,symbol
2020-01-17,0.0,0.0,0.0,0.0,0.0,0.0,direct,,SOL
2020-01-18,0.0,0.0,0.0,0.0,0.0,0.0,direct,,SOL
2020-01-19,0.0,0.0,0.0,0.0,0.0,0.0,direct,,SOL
2020-01-20,0.0,0.0,0.0,0.0,0.0,0.0,direct,,SOL
2020-01-21,0.0,0.0,0.0,0.0,0.0,0.0,direct,,SOL
2020-01-22,0.0,0.0,0.0,0.0,0.0,0.0,direct,,SOL
2020-01-23,0.0,0.0,0.0,0.0,0.0,0.0,direct,,SOL
2020-01-24,0.0,0.0,0.0,0.0,0.0,0.0,direct,,SOL
2020-01-25,0.0,0.0,0.0,0.0,0.0,0.0,direct,,SOL
2020-01-26,0.0,0.0,0.0,0.0,0.0,0.0,direct,,SOL
2020-01-27,0.0,0.0,0.0,0.0,0.0,0.0,direct,,SOL
2020-01-28,0.0,0.0,0.0,0.0,0.0,0.0,direct,,SOL
2020-01-29,0.0,0.0,0.0,0.0,0.0,0.0,direct,,SOL
2020-01-30,0.0,0.0,0.0,0.0,0.0,0.0,direct,,SOL
2020-01-31,0.0,0.0,0.0,0.0,0.0,0.0,direct,,SOL
2020-02-01,0.0,0.0,0.0,0.0,0.0,0.0,direct,,SOL
2020-02-02,0.0,0.0,0.0,0.0,0.0,0.0,direct,,SOL
2020-02-03,0.0,0.0,0.0,0.0,0.0,0.0,direct,,SOL
2020-02-04,0.0,0.0,0.0,0.0,0.0,0.0,direct,,SOL
2020-02-05,0.0,0.0,0.0,0.0,0.0,0.0,direct,,SOL
2020-02-06,0.0,0.0,0.0,0.0,0.0,0.0,direct,,SOL
2020-02-07,0.0,0.0,0.0,0.0,0.0,0.0,direct,,SOL
2020-02-08,0.0,0.0,0.0,0.0,0.0,0.0,direct,,SOL
2020-02-09,0.0,0.0,0.0,0.0,0.0,0.0,direct,,SOL
2020-02-10,0.0,0.0,0.0,0.0,0.0,0.0,direct,,SOL
2020-02-11,0.0,0.0,0.0,0.0,0.0,0.0,direct,,SOL
2020-02-12,0.0,0.0,0.0,0.0,0.0,0.0,direct,,SOL
2020-02-13,0.0,0.0,0.0,0.0,0.0,0.0,direct,,SOL
2020-02-14,0.0,0.0,0.0,0.0,0.0,0.0,direct,,SOL
2020-02-15,0.0,0.0,0.0,0.0,0.0,0.0,direct,,SOL
2020-02-16,0.0,0.0,0.0,0.0,0.0,0.0,direct,,SOL
2020-02-17,0.0,0.0,0.0,0.0,0.0,0.0,direct,,SOL
2020-02-18,0.0,0.0,0.0,0.0,0.0,0.0,direct,,SOL
2020-02-19,0.0,0.0,0.0,0.0,0.0,0.0,direct,,SOL
2020-02-20,0.0,0.0,0.0,0.0,0.0,0.0,direct,,SOL
2020-02-21,0.0,0.0,0.0,0.0,0.0,0.0,direct,,SOL
2020-02-22,0.0,0.0,0.0,0.0,0.0,0.0,direct,,SOL
2020-02-23,0.0,0.0,0.0,0.0,0.0,0.0,direct,,SOL
2020-02-24,0.0,0.0,0.0,0.0,0.0,0.0,direct,,SOL
2020-02-25,0.0,0.0,0.0,0.0,0.0,0.0,direct,,SOL
2020-02-26,0.0,0.0,0.0,0.0,0.0,0.0,direct,,SOL
2020-02-27,0.0,0.0,0.0,0.0,0.0,0.0,direct,,SOL
2020-02-28,0.0,0.0,0.0,0.0,0.0,0.0,direct,,SOL
2020-02-29,0.0,0.0,0.0,0.0,0.0,0.0,direct,,SOL
2020-03-01,0.0,0.0,0.0,0.0,0.0,0.0,direct,,SOL
2020-03-02,0.0,0.0,0.0,0.0,0.0,0.0,direct,,SOL
2020-03-03,0.0,0.0,0.0,0.0,0.0,0.0,direct,,SOL
2020-03-04,0.0,0.0,0.0,0.0,0.0,0.0,direct,,SOL
2020-03-05,0.0,0.0,0.0,0.0,0.0,0.0,direct,,SOL
2020-03-06,0.0,0.0,0.0,0.0,0.0,0.0,direct,,SOL
2020-03-07,0.0,0.0,0.0,0.0,0.0,0.0,direct,,SOL
2020-03-08,0.0,0.0,0.0,0.0,0.0,0.0,direct,,SOL
2020-03-09,0.0,0.0,0.0,0.0,0.0,0.0,direct,,SOL
2020-03-10,0.0,0.0,0.0,0.0,0.0,0.0,direct,,SOL
2020-03-11,0.0,0.0,0.0,0.0,0.0,0.0,direct,,SOL
2020-03-12,0.0,0.0,0.0,0.0,0.0,0.0,direct,,SOL
2020-03-13,0.0,0.0,0.0,0.0,0.0,0.0,direct,,SOL
2020-03-14,0.0,0.0,0.0,0.0,0.0,0.0,direct,,SOL
2020-03-15,0.0,0.0,0.0,0.0,0.0,0.0,direct,,SOL
2020-03-16,0.0,0.0,0.0,0.0,0.0,0.0,direct,,SOL
2020-03-17,0.0,0.0,0.0,0.0,0.0,0.0,direct,,SOL
2020-03-18,0.0,0.0,0.0,0.0,0.0,0.0,direct,,SOL
2020-03-19,0.0,0.0,0.0,0.0,0.0,0.0,direct,,SOL
2020-03-20,0.0,0.0,0.0,0.0,0.0,0.0,direct,,SOL
2020-03-21,0.0,0.0,0.0,0.0,0.0,0.0,direct,,SOL
2020-03-22,0.0,0.0,0.0,0.0,0.0,0.0,direct,,SOL
2020-03-23,0.0,0.0,0.0,0.0,0.0,0.0,direct,,SOL
2020-03-24,0.0,0.0,0.0,0.0,0.0,0.0,direct,,SOL
2020-03-25,0.0,0.0,0.0,0.0,0.0,0.0,direct,,SOL
2020-03-26,0.0,0.0,0.0,0.0,0.0,0.0,direct,,SOL
2020-03-27,0.0,0.0,0.0,0.0,0.0,0.0,direct,,SOL
2020-03-28,0.0,0.0,0.0,0.0,0.0,0.0,direct,,SOL
2020-03-29,0.0,0.0,0.0,0.0,0.0,0.0,direct,,SOL
2020-03-30,0.0,0.0,0.0,0.0,0.0,0.0,direct,,SOL
2020-03-31,0.0,0.0,0.0,0.0,0.0,0.0,direct,,SOL
2020-04-01,0.0,0.0,0.0,0.0,0.0,0.0,direct,,SOL
2020-04-02,0.0,0.0,0.0,0.0,0.0,0.0,direct,,SOL
2020-04-03,0.0,0.0,0.0,0.0,0.0,0.0,direct,,SOL
2020-04-04,0.0,0.0,0.0,0.0,0.0,0.0,direct,,SOL
2020-04-05,0.0,0.0,0.0,0.0,0.0,0.0,direct,,SOL
2020-04-06,0.0,0.0,0.0,0.0,0.0,0.0,direct,,SOL
2020-04-07,0.0,0.0,0.0,0.0,0.0,0.0,direct,,SOL
2020-04-08,0.0,0.0,0.0,0.0,0.0,0.0,direct,,SOL
2020-04-09,0.0,0.0,0.0,0.0,0.0,0.0,direct,,SOL
2020-04-10,1.338,0.5501,0.8681,69159662.0,65581892.36,0.9483,multiply,BTC,SOL
2020-04-11,1.056,0.768,0.9483,29221929.0,23065422.61,0.7893,multiply,BTC,SOL
2020-04-12,0.9368,0.7633,0.7893,21984081.0,19348665.6,0.8801,multiply,BTC,SOL
2020-04-13,0.8794,0.7751,0.8801,10950524.0,8548013.35,0.7806,multiply,BTC,SOL
2020-04-14,0.8015,0.6264,0.7806,12645953.0,8436976.32,0.6672,multiply,BTC,SOL
2020-04-15,0.6862,0.61,0.6672,8413113.0,5369465.91,0.6382,multiply,BTC,SOL
2020-04-16,0.8082,0.6757,0.6382,17860049.0,12357189.08,0.6919,multiply,BTC,SOL
2020-04-17,0.71,0.6547,0.6919,4357167.0,2857996.36,0.6559,multiply,BTC,SOL
2020-04-18,0.7253,0.6763,0.6559,3994742.0,2712692.79,0.6791,multiply,BTC,SOL
2020-04-19,0.6699,0.5941,0.6791,4397843.0,2659174.41,0.6047,multiply,BTC,SOL
2020-04-20,0.6099,0.5217,0.6047,4542657.0,2417317.4,0.5321,multiply,BTC,SOL
2020-04-21,0.5961,0.5092,0.5321,6140323.0,3552614.56,0.5786,multiply,BTC,SOL
2020-04-22,0.7123,0.5901,0.5786,15462983.0,10732258.56,0.6941,multiply,BTC,SOL
2020-04-23,0.7356,0.6074,0.6941,10371579.0,6547255.09,0.6313,multiply,BTC,SOL
2020-04-24,0.6668,0.6107,0.6313,3667234.0,2293437.4,0.6254,multiply,BTC,SOL
2020-04-25,0.6705,0.6188,0.6254,2360904.0,1525895.29,0.6463,multiply,BTC,SOL
2020-04-26,0.7003,0.6271,0.6463,2708455.0,1725436.62,0.6371,multiply,BTC,SOL
2020-04-27,0.6616,0.5683,0.6371,3738309.0,2131561.96,0.5702,multiply,BTC,SOL
2020-04-28,0.7037,0.5682,0.5702,6838281.0,4495857.32,0.6575,multiply,BTC,SOL
2020-04-29,0.8346,0.7104,0.6575,7423736.0,5545420.54,0.747,multiply,BTC,SOL
2020-04-30,0.785,0.671,0.747,3513976.0,2432727.11,0.6923,multiply,BTC,SOL
2020-05-01,0.7416,0.6841,0.6923,2361557.0,1710781.07,0.7244,multiply,BTC,SOL
2020-05-02,0.7594,0.7084,0.7244,1512249.0,1078113.33,0.7129,multiply,BTC,SOL
2020-05-03,0.7124,0.6518,0.7129,1514748.0,1033093.79,0.682,multiply,BTC,SOL
2020-05-04,0.7073,0.6277,0.682,1914032.0,1274982.17,0.6661,multiply,BTC,SOL
2020-05-05,0.6934,0.6386,0.6661,1251358.0,810509.54,0.6477,multiply,BTC,SOL
2020-05-06,0.6779,0.6133,0.6477,1145550.0,708187.18,0.6182,multiply,BTC,SOL
2020-05-07,0.6852,0.5729,0.6182,2049615.0,1247182.0,0.6085,multiply,BTC,SOL
2020-05-08,0.6244,0.5769,0.6085,918906.0,554917.82,0.6039,multiply,BTC,SOL
2020-05-09,0.6187,0.5844,0.6039,548440.0,330656.67,0.6029,multiply,BTC,SOL
2020-05-10,0.6106,0.5316,0.6029,882728.0,477907.53,0.5414,multiply,BTC,SOL
2020-05-11,0.5611,0.5058,0.5414,910190.0,469284.42,0.5156,multiply,BTC,SOL
2020-05-12,0.5557,0.5204,0.5156,708183.0,380005.6,0.5366,multiply,BTC,SOL
2020-05-13,0.5798,0.5307,0.5366,1048968.0,580655.3,0.5535,multiply,BTC,SOL
2020-05-14,0.6089,0.5576,0.5535,607340.0,347232.33,0.5717,multiply,BTC,SOL
2020-05-15,0.5587,0.5423,0.5717,277879.0,154811.51,0.5571,multiply,BTC,SOL
2020-05-16,0.5998,0.5597,0.5571,730811.0,438228.38,0.5996,multiply,BTC,SOL
2020-05-17,0.6514,0.6036,0.5996,1357143.0,833132.65,0.6139,multiply,BTC,SOL
2020-05-18,0.6884,0.6065,0.6139,1790763.0,1169503.93,0.6531,multiply,BTC,SOL
2020-05-19,0.6599,0.6111,0.6531,646969.0,402997.6,0.6229,multiply,BTC,SOL
2020-05-20,0.609,0.5757,0.6229,862260.0,501242.67,0.5813,multiply,BTC,SOL
2020-05-21,0.6104,0.5449,0.5813,1385626.0,841020.07,0.607,multiply,BTC,SOL
2020-05-22,0.677,0.588,0.607,2180151.0,1387955.57,0.6366,multiply,BTC,SOL
2020-05-23,0.6384,0.5849,0.6366,1151626.0,699698.71,0.6076,multiply,BTC,SOL
2020-05-24,0.5785,0.5428,0.6076,1739072.0,951875.5,0.5473,multiply,BTC,SOL
2020-05-25,0.6587,0.5431,0.5473,3846877.0,2290849.92,0.5955,multiply,BTC,SOL
2020-05-26,0.6102,0.5652,0.5955,1553526.0,892698.24,0.5746,multiply,BTC,SOL
2020-05-27,0.6197,0.5793,0.5746,1090398.0,644356.09,0.5909,multiply,BTC,SOL
2020-05-28,0.6174,0.574,0.5909,1270324.0,731255.37,0.5756,multiply,BTC,SOL
2020-05-29,0.5899,0.5606,0.5756,576710.0,334867.14,0.5807,multiply,BTC,SOL
2020-05-30,0.6131,0.5718,0.5807,707212.0,414126.18,0.5856,multiply,BTC,SOL
2020-05-31,0.5809,0.565,0.5856,337664.0,192932.91,0.5714,multiply,BTC,SOL
2020-06-01,0.628,0.5681,0.5714,573987.0,330566.79,0.5759,multiply,BTC,SOL
2020-06-02,0.5725,0.5369,0.5759,454467.0,257529.69,0.5667,multiply,BTC,SOL
2020-06-03,0.6021,0.5689,0.5667,588129.0,345698.17,0.5878,multiply,BTC,SOL
2020-06-04,0.6015,0.5732,0.5878,532297.0,311461.04,0.5851,multiply,BTC,SOL
2020-06-05,0.6916,0.5642,0.5851,4638101.0,3053440.96,0.6583,multiply,BTC,SOL
2020-06-06,0.6625,0.6151,0.6583,1544682.0,965080.73,0.6248,multiply,BTC,SOL
2020-06-07,0.6305,0.608,0.6248,390744.0,239574.53,0.6131,multiply,BTC,SOL
2020-06-08,0.6904,0.6122,0.6131,1124667.0,752436.69,0.669,multiply,BTC,SOL
2020-06-09,0.6688,0.6279,0.669,681907.0,448546.57,0.6578,multiply,BTC,SOL
2020-06-10,0.6778,0.6329,0.6578,823208.0,529297.72,0.643,multiply,BTC,SOL
2020-06-11,0.6095,0.5675,0.643,804439.0,458149.4,0.5695,multiply,BTC,SOL
2020-06-12,0.6137,0.5759,0.5695,721709.0,428540.55,0.5938,multiply,BTC,SOL
2020-06-13,0.6114,0.5893,0.5938,463202.0,282938.0,0.6108,multiply,BTC,SOL
2020-06-14,0.6105,0.5771,0.6108,549045.0,320698.8,0.5841,multiply,BTC,SOL
2020-06-15,0.594,0.565,0.5841,507583.0,289525.1,0.5704,multiply,BTC,SOL
2020-06-16,0.5877,0.5716,0.5704,308923.0,180524.65,0.5844,multiply,BTC,SOL
2020-06-17,0.5891,0.5727,0.5844,341500.0,199535.19,0.5843,multiply,BTC,SOL
2020-06-18,0.6491,0.5766,0.5843,1096924.0,682322.08,0.622,multiply,BTC,SOL
2020-06-19,0.846,0.6129,0.622,7106966.0,4876110.56,0.6861,multiply,BTC,SOL
2020-06-20,0.6969,0.6271,0.6861,1514179.0,982508.28,0.6489,multiply,BTC,SOL
2020-06-21,0.7485,0.63,0.6489,2248686.0,1515004.35,0.6737,multiply,BTC,SOL
2020-06-22,0.7558,0.6641,0.6737,1091311.0,796415.01,0.7298,multiply,BTC,SOL
2020-06-23,0.7698,0.6978,0.7298,865626.0,612831.62,0.708,multiply,BTC,SOL
2020-06-24,0.8076,0.6691,0.708,2193486.0,1611961.48,0.7349,multiply,BTC,SOL
2020-06-25,0.7538,0.6988,0.7349,1161174.0,829274.72,0.7142,multiply,BTC,SOL
2020-06-26,0.762,0.6817,0.7142,1201717.0,886265.54,0.7375,multiply,BTC,SOL
2020-06-27,0.737,0.6664,0.7375,1115041.0,794527.87,0.7126,multiply,BTC,SOL
2020-06-28,0.8445,0.6936,0.7126,2798341.0,2235213.37,0.7988,multiply,BTC,SOL
2020-06-29,0.9002,0.7766,0.7988,1410464.0,1204837.77,0.8542,multiply,BTC,SOL
2020-06-30,1.051,0.8454,0.8542,2796951.0,2405933.48,0.8602,multiply,BTC,SOL
2020-07-01,0.9181,0.8165,0.8602,1015205.0,845174.79,0.8325,multiply,BTC,SOL
2020-07-02,0.8261,0.7552,0.8325,1024226.0,796175.39,0.7773,multiply,BTC,SOL
2020-07-03,0.7878,0.7448,0.7773,623940.0,479877.12,0.7691,multiply,BTC,SOL
2020-07-04,0.8334,0.7672,0.7691,1080767.0,844790.28,0.7817,multiply,BTC,SOL
2020-07-05,0.7778,0.6249,0.7817,3986674.0,2764231.95,0.6934,multiply,BTC,SOL
2020-07-06,0.7283,0.6945,0.6934,703293.0,499668.06,0.7105,multiply,BTC,SOL
2020-07-07,0.7869,0.6994,0.7105,1291545.0,972640.56,0.7531,multiply,BTC,SOL
2020-07-08,0.8492,0.6957,0.7531,1457156.0,1156881.48,0.7939,multiply,BTC,SOL
2020-07-09,0.8856,0.7534,0.7939,1691795.0,1435653.1,0.8486,multiply,BTC,SOL
2020-07-10,0.9567,0.8441,0.8486,941581.0,858589.03,0.9119,multiply,BTC,SOL
2020-07-11,0.9256,0.8526,0.9119,873693.0,806234.54,0.9228,multiply,BTC,SOL
2020-07-12,1.15,0.9144,0.9228,2968752.0,3020776.2,1.018,multiply,BTC,SOL
2020-07-13,1.311,1.003,1.018,1956555.0,2291838.98,1.171,multiply,BTC,SOL
2020-07-14,1.273,1.125,1.171,915666.0,1050110.56,1.147,multiply,BTC,SOL
2020-07-15,1.416,1.131,1.147,1400028.0,1792897.62,1.281,multiply,BTC,SOL
2020-07-16,1.388,0.822,1.281,6040131.0,5268343.99,0.8722,multiply,BTC,SOL
2020-07-17,1.048,0.7722,0.8722,7079787.0,6923643.52,0.9779,multiply,BTC,SOL
2020-07-18,1.003,0.9333,0.9779,1268350.0,1231504.28,0.9709,multiply,BTC,SOL
2020-07-19,0.9806,0.9032,0.9709,921725.0,852861.46,0.9253,multiply,BTC,SOL
2020-07-20,0.9201,0.8495,0.9253,1664132.0,1457824.41,0.876,multiply,BTC,SOL
2020-07-21,1.033,0.8806,0.876,2379599.0,2333462.03,0.9806,multiply,BTC,SOL
2020-07-22,1.135,0.9909,0.9806,2867598.0,3000182.05,1.046,multiply,BTC,SOL
2020-07-23,1.125,1.004,1.046,1100278.0,1157386.8,1.052,multiply,BTC,SOL
2020-07-24,1.05,0.955,1.052,681460.0,680747.23,0.999,multiply,BTC,SOL
2020-07-25,1.442,1.015,0.999,4839385.0,6074867.47,1.255,multiply,BTC,SOL
2020-07-26,1.638,1.265,1.255,3640753.0,5715411.99,1.57,multiply,BTC,SOL
2020-07-27,2.055,1.603,1.675,411672.0,751307.3,1.738,direct,,SOL
2020-07-28,1.875,1.613,1.738,134921.0,234539.32,1.79,direct,,SOL
2020-07-29,2.112,1.58,1.79,191225.0,342655.52,1.655,direct,,SOL
2020-07-30,1.8,1.623,1.655,130884.0,221254.29,1.683,direct,,SOL
2020-07-31,1.695,1.492,1.683,95262.0,150606.75,1.522,direct,,SOL
2020-08-01,1.67,1.485,1.522,56755.0,90526.91,1.53,direct,,SOL
2020-08-02,1.76,1.41,1.53,97907.0,155488.07,1.73,direct,,SOL
2020-08-03,1.845,1.665,1.73,92766.0,163828.98,1.802,direct,,SOL
2020-08-04,1.96,1.785,1.802,88947.0,166309.4,1.86,direct,,SOL
2020-08-05,1.994,1.704,1.873,1356563.0,2372228.56,1.749,multiply,BTC,SOL
2020-08-06,2.232,1.75,1.758,100464.0,207672.76,2.19,direct,,SOL
2020-08-07,2.208,1.87,2.19,100197.0,207168.04,2.083,direct,,SOL
2020-08-08,2.578,2.018,2.083,130338.0,293702.94,2.465,direct,,SOL
2020-08-09,2.717,2.283,2.465,74062.0,181927.1,2.663,direct,,SOL
2020-08-10,3.397,2.498,2.663,403154.0,1185982.17,3.12,direct,,SOL
2020-08-11,3.51,2.75,3.12,455449.0,1431500.87,3.277,direct,,SOL
2020-08-12,3.928,3.078,3.277,210044.0,711627.82,3.708,direct,,SOL
2020-08-13,4.135,3.5,3.708,239189.0,918338.98,3.72,direct,,SOL
2020-08-14,3.777,3.315,3.72,104387.0,368428.93,3.4,direct,,SOL
2020-08-15,3.735,3.143,3.4,78561.0,263684.49,3.167,direct,,SOL
2020-08-16,3.49,3.13,3.167,120771.0,401329.0,3.39,direct,,SOL
2020-08-17,3.397,3.095,3.39,120061.0,388144.83,3.105,direct,,SOL
2020-08-18,3.69,2.86,3.105,240387.0,761006.57,3.335,direct,,SOL
2020-08-19,3.5,2.855,3.335,165256.0,494545.4,2.93,direct,,SOL
2020-08-20,3.458,2.93,2.93,240876.0,767177.48,3.22,direct,,SOL
2020-08-21,3.245,2.938,3.22,235242.0,730783.12,3.0,direct,,SOL
2020-08-22,3.22,2.79,3.0,97545.0,289789.27,3.047,direct,,SOL
2020-08-23,3.46,3.022,3.047,96307.0,313716.53,3.275,direct,,SOL
2020-08-24,3.63,3.223,3.275,139673.0,479656.77,3.33,direct,,SOL
2020-08-25,3.37,2.99,3.33,94338.0,295483.03,3.26,direct,,SOL
2020-08-26,3.8,3.19,3.26,168514.0,586267.22,3.55,direct,,SOL
2020-08-27,3.86,3.26,3.55,112122.0,392310.77,3.442,direct,,SOL
2020-08-28,4.31,3.442,3.442,156915.0,600700.58,3.995,direct,,SOL
2020-08-29,4.115,3.77,3.995,86491.0,342660.05,3.95,direct,,SOL
2020-08-30,4.7,3.91,3.95,185417.0,821464.39,4.42,direct,,SOL
2020-08-31,4.88,4.085,4.42,193900.0,859481.3,4.81,direct,,SOL
2020-09-01,4.963,4.31,4.81,113743.0,530960.59,4.317,direct,,SOL
2020-09-02,4.353,3.6,4.317,249498.0,1008237.54,4.185,direct,,SOL
2020-09-03,4.455,3.417,4.185,311639.0,1205148.46,3.493,direct,,SOL
2020-09-04,3.822,3.08,3.493,203007.0,696633.97,3.553,direct,,SOL
2020-09-05,3.665,2.033,3.553,341617.0,896602.32,2.567,direct,,SOL
2020-09-06,3.125,2.25,2.567,157569.0,424837.0,3.038,direct,,SOL
2020-09-07,3.145,2.345,3.038,105553.0,285245.28,2.947,direct,,SOL
2020-09-08,2.869,2.409,2.934,1246488.0,3074212.72,2.466,multiply,BTC,SOL
2020-09-09,3.837,2.373,2.465,154836.0,513020.62,3.6,direct,,SOL
2020-09-10,3.853,3.298,3.6,130542.0,464513.73,3.445,direct,,SOL
2020-09-11,3.512,3.093,3.48,1406467.0,4786810.65,3.403,multiply,BTC,SOL
2020-09-12,3.485,3.155,3.42,39665.0,132292.78,3.322,direct,,SOL
2020-09-13,3.405,3.007,3.338,1346111.0,4392305.39,3.263,multiply,BTC,SOL
2020-09-14,3.522,3.078,3.215,62738.0,209641.57,3.265,direct,,SOL
2020-09-15,3.315,2.902,3.265,67163.0,211670.89,2.902,direct,,SOL
2020-09-16,2.908,2.445,2.902,71738.0,188217.41,2.547,direct,,SOL
2020-09-17,2.953,2.315,2.547,70746.0,185681.54,2.9,direct,,SOL
2020-09-18,3.287,2.75,2.9,96802.37,295505.16,3.124,direct,,SOL
2020-09-19,3.26,2.985,3.124,68306.28,211331.62,3.009,direct,,SOL
2020-09-20,3.014,2.727,3.009,55137.03,158874.18,2.886,direct,,SOL
2020-09-21,3.033,2.477,2.886,147305.49,392540.84,2.779,direct,,SOL
2020-09-22,3.008,2.66,2.779,100755.67,289331.47,2.95,direct,,SOL
2020-09-23,3.068,2.727,2.95,80185.61,232402.94,2.832,direct,,SOL
2020-09-24,3.255,2.799,2.832,89771.21,277533.18,3.144,direct,,SOL
2020-09-25,3.266,2.91,3.144,81257.01,248030.36,3.193,direct,,SOL
2020-09-26,3.241,3.041,3.193,40108.48,125485.38,3.143,direct,,SOL
2020-09-27,3.197,3.031,3.133,429999.0,1360208.65,3.163,multiply,BTC,SOL
2020-09-28,3.158,2.889,3.163,628408.0,1854968.73,2.952,multiply,BTC,SOL
2020-09-29,3.059,2.89,2.952,315553.0,930512.43,2.949,multiply,BTC,SOL
2020-09-30,2.991,2.853,2.949,320369.87,927928.95,2.896,multiply,BTC,SOL
2020-10-01,2.93,2.693,2.896,548200.52,1570576.1,2.865,multiply,BTC,SOL
2020-10-02,2.887,2.457,2.865,1231092.5,3233070.15,2.626,multiply,BTC,SOL
2020-10-03,2.67,2.55,2.637,21309.39,55803.79,2.55,direct,,SOL
2020-10-04,2.587,2.432,2.55,24725.29,61788.18,2.526,direct,,SOL
2020-10-05,2.686,2.494,2.523,278489.62,738353.69,2.651,multiply,BTC,SOL
2020-10-06,2.663,2.14,2.662,73524.27,173964.66,2.172,direct,,SOL
2020-10-07,2.401,2.076,2.172,78101.15,171421.9,2.289,direct,,SOL
2020-10-08,2.472,2.02,2.289,153231.14,347408.2,2.389,direct,,SOL
2020-10-09,2.636,2.331,2.389,92010.41,226475.44,2.567,direct,,SOL
2020-10-10,2.6,2.395,2.567,75145.3,188649.92,2.406,direct,,SOL
2020-10-11,2.455,2.347,2.406,24677.59,58936.23,2.399,direct,,SOL
2020-10-12,2.689,2.453,2.423,609614.89,1577204.3,2.587,multiply,BTC,SOL
2020-10-13,2.581,2.345,2.58,47299.92,116157.85,2.408,direct,,SOL
2020-10-14,2.414,2.27,2.429,86764.07,200841.23,2.315,multiply,ETH,SOL
2020-10-15,2.343,2.229,2.315,103532.52,234426.12,2.264,multiply,ETH,SOL
2020-10-16,2.216,1.21,2.264,782273.29,1671001.41,2.136,multiply,ETH,SOL
2020-10-17,2.26,2.083,2.136,116094.16,256576.73,2.21,multiply,ETH,SOL
2020-10-18,2.288,2.183,2.21,78968.98,174767.6,2.213,multiply,ETH,SOL
2020-10-19,2.223,2.053,2.213,94022.53,193883.23,2.062,multiply,ETH,SOL
2020-10-20,2.103,1.858,2.051,51370.62,100401.4,1.895,direct,,SOL
2020-10-21,2.098,1.851,1.895,99429.72,193692.4,1.886,direct,,SOL
2020-10-22,2.111,1.93,1.993,165364.04,323730.45,1.958,multiply,ETH,SOL
2020-10-23,1.982,1.859,1.958,162228.83,317801.95,1.959,multiply,ETH,SOL
2020-10-24,1.977,1.889,1.959,134890.6,258527.0,1.917,multiply,ETH,SOL
2020-10-25,1.932,1.755,1.917,145490.24,261691.85,1.799,multiply,ETH,SOL
2020-10-26,1.876,1.655,1.799,186630.63,314668.35,1.686,multiply,ETH,SOL
2020-10-27,1.762,1.641,1.686,152141.41,261980.07,1.722,multiply,ETH,SOL
2020-10-28,1.729,1.456,1.722,216066.53,336170.88,1.52,direct,,SOL
2020-10-29,1.594,1.113,1.314,431925.29,611469.56,1.416,multiply,ETH,SOL
2020-10-30,1.513,1.35,1.416,235974.94,338525.99,1.435,multiply,ETH,SOL
2020-10-31,1.54,1.43,1.435,167582.74,258155.36,1.54,multiply,ETH,SOL
2020-11-01,1.654,1.531,1.54,135115.26,216537.42,1.603,multiply,ETH,SOL
2020-11-02,1.558,1.459,1.603,159905.22,237267.92,1.484,multiply,ETH,SOL
2020-11-03,1.585,1.402,1.484,267580.87,378075.39,1.413,multiply,ETH,SOL
2020-11-04,1.562,1.333,1.413,443177.54,618685.69,1.396,multiply,ETH,SOL
2020-11-05,1.552,1.336,1.396,297465.8,419651.59,1.411,multiply,ETH,SOL
2020-11-06,1.994,1.522,1.411,348918.81,666011.54,1.909,multiply,ETH,SOL
2020-11-07,2.491,1.837,1.912,549229.91,1174742.31,2.034,direct,,SOL
2020-11-08,2.258,2.042,2.035,360929.82,779449.7,2.16,multiply,ETH,SOL
2020-11-09,2.129,1.981,2.16,489695.58,990068.02,2.022,multiply,ETH,SOL
2020-11-10,2.287,2.039,2.022,561862.01,1249886.34,2.225,multiply,ETH,SOL
2020-11-11,2.305,1.967,2.225,497804.7,993489.16,1.996,multiply,ETH,SOL
2020-11-12,2.064,1.861,1.996,598167.0,1146864.12,1.917,multiply,ETH,SOL
2020-11-13,2.091,1.956,1.917,452617.66,918398.28,2.029,multiply,ETH,SOL
2020-11-14,1.982,1.893,2.029,310156.45,598419.13,1.929,multiply,ETH,SOL
2020-11-15,2.178,1.872,1.929,604595.34,1239233.45,2.05,multiply,ETH,SOL
2020-11-16,2.413,2.056,2.05,760290.81,1727211.81,2.272,multiply,ETH,SOL
2020-11-17,2.411,2.138,2.272,563756.44,1243961.75,2.207,multiply,ETH,SOL
2020-11-18,2.2,2.032,2.207,466284.96,990509.61,2.124,multiply,ETH,SOL
2020-11-19,2.163,2.038,2.124,480734.22,999517.27,2.079,multiply,ETH,SOL
2020-11-20,2.269,2.097,2.079,471746.1,989901.51,2.098,multiply,ETH,SOL
2020-11-21,2.54,2.219,2.098,649408.48,1553997.2,2.393,multiply,ETH,SOL
2020-11-22,2.45,2.122,2.393,708824.85,1525475.02,2.152,multiply,ETH,SOL
2020-11-23,2.44,2.16,2.152,576103.62,1313851.96,2.281,multiply,ETH,SOL
2020-11-24,2.42,1.838,2.281,780902.18,1763786.0,2.259,multiply,ETH,SOL
2020-11-25,2.398,2.115,2.259,751897.22,1707383.54,2.271,multiply,ETH,SOL
2020-11-26,2.083,1.704,2.271,1208625.95,2304373.85,1.907,multiply,ETH,SOL
2020-11-27,1.992,1.845,1.907,1691590.6,3163920.86,1.87,multiply,ETH,SOL
2020-11-28,2.048,1.858,1.87,1799791.75,3409278.54,1.894,multiply,ETH,SOL
2020-11-29,2.038,1.908,1.894,357999.39,686259.05,1.917,multiply,ETH,SOL
2020-11-30,2.109,1.965,1.917,423523.4,833473.37,1.968,multiply,ETH,SOL
2020-12-01,2.073,1.864,1.968,530981.76,1049627.52,1.977,multiply,ETH,SOL
2020-12-02,2.2,2.0,1.977,407487.04,862992.52,2.118,multiply,ETH,SOL
2020-12-03,2.318,2.086,2.118,446645.93,936841.22,2.098,multiply,ETH,SOL
2020-12-04,1.948,1.838,2.098,396987.69,734216.37,1.849,multiply,ETH,SOL
2020-12-05,1.99,1.91,1.849,321180.87,635943.51,1.98,multiply,ETH,SOL
2020-12-06,1.997,1.841,1.98,318507.74,590136.09,1.853,multiply,ETH,SOL
2020-12-07,1.886,1.814,1.853,265426.94,485468.73,1.829,multiply,ETH,SOL
2020-12-08,1.724,1.6,1.829,509205.3,850659.54,1.671,multiply,ETH,SOL
2020-12-09,1.681,1.485,1.677,298511.65,458758.67,1.666,direct,,SOL
2020-12-10,1.637,1.56,1.658,489848.76,767474.54,1.567,multiply,ETH,SOL
2020-12-11,1.555,1.439,1.567,654348.5,941771.27,1.439,multiply,ETH,SOL
2020-12-12,1.568,1.486,1.439,328016.75,489296.85,1.492,multiply,ETH,SOL
2020-12-13,1.662,1.516,1.492,403180.4,631379.99,1.566,multiply,ETH,SOL
2020-12-14,1.62,1.54,1.566,381424.7,605863.44,1.588,multiply,ETH,SOL
2020-12-15,1.811,1.579,1.588,667685.74,1173847.14,1.758,multiply,ETH,SOL
2020-12-16,1.908,1.716,1.758,577589.84,1031754.36,1.786,multiply,ETH,SOL
2020-12-17,1.803,1.652,1.786,562650.87,945940.03,1.681,multiply,ETH,SOL
2020-12-18,1.715,1.671,1.681,338003.1,573675.14,1.697,multiply,ETH,SOL
2020-12-19,1.781,1.654,1.697,422097.44,703986.1,1.668,multiply,ETH,SOL
2020-12-20,1.643,1.53,1.668,419760.87,655499.41,1.562,multiply,ETH,SOL
2020-12-21,1.545,1.472,1.562,399895.91,616979.48,1.543,multiply,ETH,SOL
2020-12-22,1.634,1.49,1.543,480477.4,717367.12,1.493,multiply,ETH,SOL
2020-12-23,1.401,1.107,1.493,650144.02,786486.86,1.21,multiply,ETH,SOL
2020-12-24,1.389,1.252,1.21,548337.62,747733.27,1.364,multiply,ETH,SOL
2020-12-25,1.503,1.385,1.364,517144.15,748812.99,1.448,multiply,ETH,SOL
2020-12-26,1.476,1.31,1.448,445722.94,591687.44,1.327,multiply,ETH,SOL
2020-12-27,1.428,1.291,1.327,590485.33,770199.46,1.304,multiply,ETH,SOL
2020-12-28,1.518,1.34,1.304,630410.51,955757.82,1.516,multiply,ETH,SOL
2020-12-29,1.737,1.453,1.516,1042475.69,1741068.52,1.67,multiply,ETH,SOL
2020-12-30,1.725,1.532,1.67,619246.92,951109.85,1.536,multiply,ETH,SOL
2020-12-31,1.552,1.44,1.536,631852.71,954363.19,1.51,multiply,ETH,SOL
2021-01-01,1.865,1.495,1.51,1125773.54,2079255.09,1.847,multiply,ETH,SOL
2021-01-02,2.012,1.752,1.847,1060347.35,1907901.86,1.799,multiply,ETH,SOL
2021-01-03,2.808,2.007,1.799,1475936.63,3225533.71,2.185,multiply,ETH,SOL
2021-01-04,2.573,2.066,2.185,1543191.05,3844190.88,2.491,multiply,ETH,SOL
2021-01-05,2.634,2.145,2.491,1246011.66,2688693.35,2.158,multiply,ETH,SOL
2021-01-06,2.628,1.895,2.158,1235109.61,2377386.04,1.925,multiply,ETH,SOL
2021-01-07,2.652,1.939,1.958,1657680.12,3802755.73,2.36,direct,,SOL
2021-01-08,3.815,2.182,2.36,2032046.03,6282357.67,3.225,direct,,SOL
2021-01-09,3.681,2.932,3.225,938188.86,3090043.83,3.381,direct,,SOL
2021-01-10,3.762,3.165,3.381,662473.96,2307348.61,3.471,direct,,SOL
2021-01-11,3.516,2.599,3.471,1187947.45,3583742.86,3.118,direct,,SOL
2021-01-12,3.919,3.084,3.118,1005517.84,3508691.64,3.737,direct,,SOL
2021-01-13,4.175,3.263,3.737,676796.96,2391378.07,3.647,direct,,SOL
2021-01-14,3.791,3.246,3.647,691711.54,2381486.2,3.326,direct,,SOL
2021-01-15,3.635,2.978,3.326,574281.91,1899077.16,3.245,direct,,SOL
2021-01-16,3.699,3.245,3.245,463418.94,1600025.9,3.449,direct,,SOL
2021-01-17,3.999,3.313,3.449,697433.44,2598160.91,3.824,direct,,SOL
2021-01-18,4.153,3.621,3.824,854065.36,3352152.23,3.798,direct,,SOL
2021-01-19,4.09,3.582,3.798,840275.37,3247559.84,3.635,direct,,SOL
2021-01-20,3.739,3.345,3.635,712145.73,2499519.92,3.736,direct,,SOL
2021-01-21,3.736,2.952,3.736,703791.98,2359206.71,2.997,direct,,SOL
2021-01-22,3.504,2.576,2.997,826775.76,2659397.79,3.329,direct,,SOL
2021-01-23,3.606,3.313,3.329,470767.61,1650919.66,3.517,direct,,SOL
2021-01-24,3.797,3.49,3.517,661113.67,2398208.56,3.644,direct,,SOL
2021-01-25,3.987,3.448,3.644,794632.0,2945273.26,3.7,direct,,SOL
2021-01-26,4.099,3.687,3.7,1000392.82,3930652.38,4.031,direct,,SOL
2021-01-27,4.033,3.521,4.031,331130.31,1246937.17,3.693,direct,,SOL
2021-01-28,3.952,3.618,3.693,344118.78,1322797.3,3.847,direct,,SOL
2021-01-29,4.012,3.602,3.814,655289.91,2507850.68,3.827,multiply,ETH,SOL
2021-01-30,4.325,3.789,3.839,771726.59,3123103.16,4.218,direct,,SOL
2021-01-31,4.792,4.167,4.218,1439455.37,6308843.68,4.263,direct,,SOL
2021-02-01,4.616,4.094,4.263,437158.49,1903238.9,4.616,direct,,SOL
2021-02-02,5.393,4.476,4.616,1033097.85,5272051.15,5.255,direct,,SOL
2021-02-03,5.783,5.077,5.255,1034840.35,5599751.6,5.736,direct,,SOL
2021-02-04,6.616,5.58,5.736,860541.08,5178569.31,6.425,direct,,SOL
2021-02-05,7.125,6.425,6.425,854836.91,5779014.53,6.69,direct,,SOL
2021-02-06,6.808,5.732,6.69,764218.54,4712896.2,6.103,direct,,SOL
2021-02-07,6.9,5.758,6.103,616638.29,3963788.1,6.689,direct,,SOL
2021-02-08,8.105,6.49,6.689,574707.56,4293965.08,7.881,direct,,SOL
2021-02-09,8.566,7.616,7.881,863891.5,6871564.45,7.858,direct,,SOL
2021-02-10,9.07,7.64,7.858,578521.83,4821470.22,9.069,direct,,SOL
2021-02-11,9.695,8.793,9.069,834063.84,7725274.54,9.236,direct,,SOL
2021-02-12,9.905,9.093,9.236,350351.49,3317696.71,9.226,direct,,SOL
2021-02-13,9.519,8.653,9.226,457473.27,4103854.09,8.756,direct,,SOL
2021-02-14,9.208,8.555,8.756,722328.49,6380161.8,8.73,direct,,SOL
2021-02-15,9.304,7.77,8.73,570407.09,4818046.31,8.842,direct,,SOL
2021-02-16,8.99,7.977,8.842,417433.57,3587991.62,8.299,direct,,SOL
2021-02-17,8.42,7.544,8.299,366103.63,2954550.92,8.231,direct,,SOL
2021-02-18,9.288,8.231,8.231,391615.58,3445459.96,8.967,direct,,SOL
2021-02-19,11.54,8.562,8.967,981582.69,10340648.27,11.49,direct,,SOL
2021-02-20,12.03,9.833,11.49,584433.99,6303523.66,10.0,direct,,SOL
2021-02-21,11.7,9.874,10.0,589611.02,6413743.91,11.12,direct,,SOL
2021-02-22,14.67,9.42,11.12,2204776.1,26035031.47,14.41,direct,,SOL
2021-02-23,15.83,11.67,14.41,2409768.35,34208004.7,15.21,direct,,SOL
2021-02-24,18.15,14.06,15.21,1327825.58,21691763.52,17.33,direct,,SOL
2021-02-25,17.74,13.79,17.33,1300050.6,20612060.44,13.8,direct,,SOL
2021-02-26,15.51,13.07,13.8,1041147.05,14645706.02,13.6,direct,,SOL
2021-02-27,14.78,13.03,13.6,568624.39,7875656.96,13.19,direct,,SOL
2021-02-28,13.94,11.46,13.19,1294846.97,16270493.79,13.07,direct,,SOL
2021-03-01,16.08,13.07,13.07,870671.54,12985407.41,14.98,direct,,SOL
2021-03-02,15.49,13.47,14.98,558524.77,8068191.27,13.98,direct,,SOL
2021-03-03,14.76,13.77,13.98,561517.14,8015888.05,14.13,direct,,SOL
2021-03-04,14.27,12.75,14.13,452931.62,6020248.34,13.08,direct,,SOL
2021-03-05,13.09,12.15,13.08,442876.3,5563803.09,12.57,direct,,SOL
2021-03-06,13.3,11.9,12.57,482722.34,6053010.27,13.07,direct,,SOL
2021-03-07,14.01,12.72,13.07,337355.9,4514029.18,13.85,direct,,SOL
2021-03-08,13.89,13.08,13.85,376503.25,5099926.79,13.65,direct,,SOL
2021-03-09,15.01,13.31,13.65,572308.7,8179088.83,14.85,direct,,SOL
2021-03-10,15.51,13.49,14.85,722236.38,10533161.12,14.19,direct,,SOL
2021-03-11,16.31,13.69,14.19,943467.96,14261141.6,16.01,direct,,SOL
2021-03-12,16.49,14.09,16.01,671884.43,10301609.87,14.58,direct,,SOL
2021-03-13,15.63,13.91,14.58,751813.27,11110133.82,15.29,direct,,SOL
2021-03-14,15.39,14.38,15.29,389263.09,5729826.03,14.48,direct,,SOL
2021-03-15,14.33,13.11,14.45,1183331.48,16757368.37,14.16,multiply,BTC,SOL
2021-03-16,14.29,13.23,14.16,540758.23,7386266.91,13.64,direct,,SOL
2021-03-17,14.93,14.02,13.64,1377046.64,19582474.34,14.22,multiply,BTC,SOL
2021-03-18,14.46,13.64,14.22,980687.41,13945970.29,14.22,multiply,BTC,SOL
2021-03-19,14.47,13.88,14.22,765715.33,10829869.62,14.14,multiply,BTC,SOL
2021-03-20,14.95,14.11,14.14,251538.77,3652184.81,14.16,direct,,SOL
2021-03-21,14.38,13.64,14.16,386272.78,5405747.15,14.33,direct,,SOL
2021-03-22,16.64,14.17,14.33,1251742.83,19560554.6,14.81,direct,,SOL
2021-03-23,15.21,14.06,14.81,701660.06,10196032.12,14.16,direct,,SOL
2021-03-24,15.34,13.59,14.16,569705.84,8255939.18,13.59,direct,,SOL
2021-03-25,13.68,12.58,13.59,648059.41,8439341.48,13.0,direct,,SOL
2021-03-26,14.79,12.29,13.0,697918.99,9553630.84,14.77,direct,,SOL
2021-03-27,16.81,14.74,14.77,1124818.37,17711606.91,16.47,direct,,SOL
2021-03-28,19.36,16.34,16.47,1299090.74,23638556.99,18.08,direct,,SOL
2021-03-29,19.01,17.67,18.08,905815.07,16701335.37,18.92,direct,,SOL
2021-03-30,20.86,18.9,18.92,968151.1,19211419.73,19.1,direct,,SOL
2021-03-31,19.81,18.06,19.1,791646.45,15131085.75,19.42,direct,,SOL
2021-04-01,20.76,18.77,19.42,900981.65,17593640.31,19.04,direct,,SOL
2021-04-02,19.81,18.55,19.04,581004.87,11138607.45,19.77,direct,,SOL
2021-04-03,23.8,19.74,19.77,2369795.47,51615008.06,22.44,direct,,SOL
2021-04-04,25.53,22.04,22.44,1419407.39,33954665.69,23.81,direct,,SOL
2021-04-05,24.76,22.77,23.81,1149970.78,27230532.4,22.99,direct,,SOL
2021-04-06,25.3,21.86,22.99,1246621.91,29200559.83,25.09,direct,,SOL
2021-04-07,27.56,22.97,25.09,2453668.76,62941535.1,26.54,direct,,SOL
2021-04-08,27.94,25.65,26.54,1255045.05,33561712.5,26.99,direct,,SOL
2021-04-09,28.98,26.83,26.99,942740.98,26523027.61,27.67,direct,,SOL
2021-04-10,28.24,25.95,27.67,1004785.46,27356959.52,26.78,direct,,SOL
2021-04-11,28.61,25.54,26.78,598627.16,16214588.58,27.88,direct,,SOL
2021-04-12,29.86,26.81,27.88,1053778.68,29827427.91,28.5,direct,,SOL
2021-04-13,28.72,26.39,28.5,960314.65,26307294.68,27.48,direct,,SOL
2021-04-14,27.58,24.7,27.48,1761317.29,45984462.5,26.41,direct,,SOL
2021-04-15,28.23,25.49,26.41,1051879.89,28186331.25,27.79,direct,,SOL
2021-04-16,28.23,24.92,27.79,1174847.23,30923797.26,25.33,direct,,SOL
2021-04-17,26.76,24.8,25.33,811164.23,20969838.59,24.86,direct,,SOL
2021-04-18,32.98,21.04,24.86,4449242.55,119688886.95,32.38,direct,,SOL
2021-04-19,35.99,29.98,32.38,3603042.41,117626095.61,31.58,direct,,SOL
2021-04-20,32.64,28.7,31.58,3506244.77,107569901.58,31.77,direct,,SOL
2021-04-21,35.05,30.19,31.77,2932890.59,95745919.88,32.62,direct,,SOL
2021-04-22,40.72,31.58,32.62,4871861.77,181569212.58,38.87,direct,,SOL
2021-04-23,41.15,31.46,38.87,5024183.78,179063596.72,37.21,direct,,SOL
2021-04-24,43.63,34.69,37.21,2503857.9,96497314.31,40.82,direct,,SOL
2021-04-25,48.54,40.46,40.82,2767776.2,121701256.7,47.59,direct,,SOL
2021-04-26,48.5,43.37,47.59,2026165.98,93541895.24,43.96,direct,,SOL
2021-04-27,46.59,42.58,43.96,1965346.81,87273248.59,43.26,direct,,SOL
2021-04-28,46.91,40.74,43.26,2259715.51,99927277.99,44.85,direct,,SOL
2021-04-29,46.09,40.8,44.85,2012003.39,86685491.8,42.55,direct,,SOL
2021-04-30,44.3,41.26,42.55,1810908.72,77848646.54,42.87,direct,,SOL
2021-05-01,49.89,42.04,42.87,1698768.57,77824457.45,49.58,direct,,SOL
2021-05-02,49.95,46.03,49.58,1109105.01,52557598.59,46.91,direct,,SOL
2021-05-03,49.28,44.73,46.91,1986200.26,93909210.92,46.06,direct,,SOL
2021-05-04,47.81,42.3,46.06,2116686.28,95283846.76,42.64,direct,,SOL
2021-05-05,46.41,42.32,42.64,1564779.69,69756746.75,44.98,direct,,SOL
2021-05-06,44.98,42.62,44.98,1333292.08,58383524.0,43.51,direct,,SOL
2021-05-07,46.23,41.5,43.51,1671360.8,72693372.11,43.21,direct,,SOL
2021-05-08,46.72,42.4,43.21,1325794.53,58894979.12,45.73,direct,,SOL
2021-05-09,47.15,43.01,45.73,1370324.94,61392876.08,44.35,direct,,SOL
2021-05-10,45.95,39.05,44.35,1796659.18,78251648.51,42.94,direct,,SOL
2021-05-11,45.17,39.66,42.94,1727664.46,72194979.0,44.64,direct,,SOL
2021-05-12,49.11,41.52,44.64,3452771.34,158220048.29,42.94,direct,,SOL
2021-05-13,45.44,37.45,42.94,3001169.46,124906824.06,41.0,direct,,SOL
2021-05-14,44.99,39.93,41.0,1144005.62,48527801.25,42.79,direct,,SOL
2021-05-15,45.57,39.41,42.79,1229205.14,51500835.19,43.46,direct,,SOL
2021-05-16,52.43,41.89,43.46,3991040.36,186034681.56,46.85,direct,,SOL
2021-05-17,51.91,43.18,46.85,4186321.81,202223377.33,46.65,direct,,SOL
2021-05-18,58.36,46.11,46.65,3375122.29,178425575.72,55.98,direct,,SOL
2021-05-19,57.59,29.55,55.98,8330583.33,362747283.11,34.96,direct,,SOL
2021-05-20,49.9,31.33,34.96,6470223.87,271883072.74,44.42,direct,,SOL
2021-05-21,47.73,33.65,44.42,4546336.16,183241760.9,38.91,direct,,SOL
2021-05-22,39.99,31.2,38.91,2782363.87,97930895.67,31.28,direct,,SOL
2021-05-23,32.38,19.19,31.28,9023107.03,220787020.26,24.53,direct,,SOL
2021-05-24,32.22,24.53,24.53,4401095.2,126914915.32,31.45,direct,,SOL
2021-05-25,33.19,25.99,31.45,3115883.69,90527633.89,30.08,direct,,SOL
2021-05-26,37.27,28.93,30.08,2946675.66,99552874.91,35.46,direct,,SOL
2021-05-27,35.64,31.13,35.46,2422605.7,81521287.1,33.71,direct,,SOL
2021-05-28,34.53,27.99,33.71,2392944.45,73259140.43,29.0,direct,,SOL
2021-05-29,30.06,25.73,29.0,1612794.22,44846018.73,27.39,direct,,SOL
2021-05-30,29.76,25.64,27.39,1183915.98,33343566.54,28.6,direct,,SOL
2021-05-31,33.0,27.52,28.6,1932934.24,59780563.85,32.78,direct,,SOL
2021-06-01,33.29,29.86,32.78,1470365.58,46129931.3,30.98,direct,,SOL
2021-06-02,34.98,30.43,30.98,1456207.79,48227819.48,33.98,direct,,SOL
2021-06-03,41.31,33.73,33.98,2431659.96,92430658.07,39.56,direct,,SOL
2021-06-04,39.69,34.26,39.56,2708196.58,101079093.6,37.42,direct,,SOL
2021-06-05,42.75,37.06,37.42,2655943.65,107224327.59,39.75,direct,,SOL
2021-06-06,43.42,38.98,39.75,1658051.62,68453272.55,42.23,direct,,SOL
2021-06-07,44.19,37.93,42.23,1985345.25,83284538.42,38.28,direct,,SOL
2021-06-08,42.8,33.6,38.28,4498051.54,169862969.98,41.26,direct,,SOL
2021-06-09,44.06,39.32,41.26,2405134.96,101199283.7,42.03,direct,,SOL
2021-06-10,43.04,39.53,42.03,1116008.11,46173596.26,41.09,direct,,SOL
2021-06-11,41.36,35.16,41.09,1477694.49,56074034.42,36.18,direct,,SOL
2021-06-12,37.62,34.24,36.18,1256201.43,45173977.14,36.48,direct,,SOL
2021-06-13,39.39,34.73,36.48,940217.48,34963869.07,38.72,direct,,SOL
2021-06-14,40.54,36.68,38.72,1103400.52,42680881.8,39.72,direct,,SOL
2021-06-15,41.72,39.18,39.72,1147151.19,46477716.04,39.55,direct,,SOL
2021-06-16,41.55,37.48,39.55,1311730.2,51535900.37,39.63,direct,,SOL
2021-06-17,41.21,38.22,39.63,1031647.81,41116302.63,39.22,direct,,SOL
2021-06-18,39.44,34.95,39.22,1030622.37,38146954.39,36.79,direct,,SOL
2021-06-19,37.31,34.91,36.79,661474.52,23775489.43,35.19,direct,,SOL
2021-06-20,35.94,31.24,35.19,1449187.07,48797283.37,35.25,direct,,SOL
2021-06-21,35.47,24.12,35.25,3244335.3,96081633.41,26.65,direct,,SOL
2021-06-22,28.78,20.24,26.65,5381171.54,133615779.74,26.98,direct,,SOL
2021-06-23,32.92,25.7,26.98,3249264.82,97593693.54,30.84,direct,,SOL
2021-06-24,32.97,28.5,30.84,1866038.0,57246549.21,31.18,direct,,SOL
2021-06-25,32.97,27.97,31.18,2175304.67,65442820.83,28.63,direct,,SOL
2021-06-26,30.01,26.71,28.63,1435240.28,40513771.43,29.67,direct,,SOL
2021-06-27,31.92,29.21,29.67,953135.29,29092922.23,31.87,direct,,SOL
2021-06-28,34.29,31.0,31.87,958431.21,31192686.66,33.0,direct,,SOL
2021-06-29,35.86,32.7,33.0,1224967.44,42437610.12,33.94,direct,,SOL
2021-06-30,35.98,31.6,33.94,1326093.36,44244758.74,35.53,direct,,SOL
2021-07-01,35.56,32.25,35.53,1269495.81,42689121.73,33.32,direct,,SOL
2021-07-02,34.09,31.41,33.32,1089627.84,35575070.82,34.0,direct,,SOL
2021-07-03,35.38,33.26,34.0,668440.22,23005140.76,34.5,direct,,SOL
2021-07-04,35.51,33.56,34.5,895870.86,31107792.7,34.32,direct,,SOL
2021-07-05,34.48,32.45,34.32,1168349.23,39115681.62,32.93,direct,,SOL
2021-07-06,35.04,32.92,32.93,1353754.79,45790676.65,34.23,direct,,SOL
2021-07-07,38.1,33.85,34.23,1355883.87,49213827.25,36.72,direct,,SOL
2021-07-08,36.95,32.69,36.72,1702731.69,59127178.01,33.14,direct,,SOL
2021-07-09,34.44,31.98,33.14,867011.16,28767141.25,33.3,direct,,SOL
2021-07-10,34.19,31.06,33.3,864822.22,28153987.76,31.72,direct,,SOL
2021-07-11,32.56,31.39,31.72,464786.07,14899158.96,32.19,direct,,SOL
2021-07-12,32.68,30.05,32.19,680194.17,21170820.44,30.78,direct,,SOL
2021-07-13,31.07,28.83,30.78,680800.49,20312896.84,29.12,direct,,SOL
2021-07-14,31.43,27.42,29.12,1174428.58,34780123.51,31.36,direct,,SOL
2021-07-15,31.49,27.99,31.36,1110600.24,32782769.57,28.55,direct,,SOL
2021-07-16,29.45,26.21,28.55,999549.01,27674279.4,26.27,direct,,SOL
2021-07-17,27.79,26.01,26.27,762997.38,20299598.31,26.75,direct,,SOL
2021-07-18,27.74,26.27,26.75,423806.17,11427545.35,26.67,direct,,SOL
2021-07-19,26.7,24.01,26.67,1155888.46,28749731.09,24.5,direct,,SOL
2021-07-20,24.98,22.12,24.5,1753645.93,40881396.03,23.46,direct,,SOL
2021-07-21,27.45,22.83,23.46,2398074.66,61233542.52,26.63,direct,,SOL
2021-07-22,28.18,25.94,26.63,2278680.45,61897418.28,27.71,direct,,SOL
2021-07-23,28.7,26.41,27.71,2168197.0,59850394.72,28.51,direct,,SOL
2021-07-24,29.49,28.04,28.51,1874624.23,53931962.33,28.65,direct,,SOL
2021-07-25,28.88,26.55,28.65,1491435.75,41313830.65,28.19,direct,,SOL
2021-07-26,31.09,27.89,28.19,3272152.31,97459378.9,28.22,direct,,SOL
2021-07-27,28.98,26.93,28.22,1686662.26,46959511.42,28.14,direct,,SOL
2021-07-28,28.76,27.38,28.14,1427384.06,40060927.31,27.88,direct,,SOL
2021-07-29,31.88,27.34,27.88,1756452.46,52394282.89,31.28,direct,,SOL
2021-07-30,33.07,30.0,31.28,2473189.37,78140046.46,32.38,direct,,SOL
2021-07-31,36.98,31.71,32.38,2269753.43,77556257.28,36.74,direct,,SOL
2021-08-01,36.81,33.27,36.74,1943016.4,68663489.88,34.2,direct,,SOL
2021-08-02,35.91,33.02,34.2,1655463.92,56655330.01,33.19,direct,,SOL
2021-08-03,35.84,32.37,33.19,2072424.22,70985243.21,34.11,direct,,SOL
2021-08-04,36.65,33.27,34.11,1690594.61,59194371.63,35.78,direct,,SOL
2021-08-05,38.24,35.51,35.78,2394914.68,88384144.41,37.37,direct,,SOL
2021-08-06,40.4,35.67,37.37,1914757.5,73180864.79,39.52,direct,,SOL
2021-08-07,40.5,37.58,39.52,1800881.38,70509450.78,39.48,direct,,SOL
2021-08-08,39.57,36.93,39.48,1005602.94,38438310.15,37.67,direct,,SOL
2021-08-09,40.03,36.37,37.67,1244065.55,48194563.04,38.69,direct,,SOL
2021-08-10,41.67,38.23,38.69,1742432.35,70129225.23,40.68,direct,,SOL
2021-08-11,43.76,40.63,40.68,1879170.1,79607444.17,41.66,direct,,SOL
2021-08-12,41.87,39.34,41.6,1137946.31,46090143.05,41.09,direct,,SOL
2021-08-13,44.95,40.71,41.09,1980361.7,86295321.3,44.89,direct,,SOL
2021-08-14,44.9,42.77,44.89,1074740.94,47159189.51,44.16,direct,,SOL
2021-08-15,54.75,43.42,44.16,4408258.04,219908279.33,53.53,direct,,SOL
2021-08-16,69.33,52.33,53.53,8950292.47,564946757.19,62.15,direct,,SOL
2021-08-17,75.0,58.81,62.15,10105322.08,685773953.14,64.18,direct,,SOL
2021-08-18,80.52,59.98,64.18,11285254.23,816385004.27,72.79,direct,,SOL
2021-08-19,75.34,68.39,72.79,5798645.5,416876935.06,72.82,direct,,SOL
2021-08-20,79.95,70.96,72.82,3092100.02,229343045.77,78.68,direct,,SOL
2021-08-21,81.92,72.69,78.68,1826225.86,140463001.96,73.89,direct,,SOL
2021-08-22,77.59,71.31,73.89,1505941.19,111971730.22,72.75,direct,,SOL
2021-08-23,76.74,71.6,72.75,2195895.01,161521059.26,75.66,direct,,SOL
2021-08-24,79.4,68.68,75.66,3371922.83,251828934.6,70.67,direct,,SOL
2021-08-25,72.78,66.2,70.67,2239961.7,156187363.11,71.94,direct,,SOL
2021-08-26,78.29,66.28,71.94,6427283.76,469798777.44,74.85,direct,,SOL
2021-08-27,88.87,72.65,74.85,4102933.7,335300639.5,88.11,direct,,SOL
2021-08-28,97.86,85.65,88.11,2293192.29,211007560.31,96.38,direct,,SOL
2021-08-29,97.82,90.66,96.38,1654595.15,154969272.05,94.29,direct,,SOL
2021-08-30,116.31,93.79,94.29,4652599.85,486368493.97,110.17,direct,,SOL
2021-08-31,130.0,103.13,110.17,6218170.37,717694743.79,108.34,direct,,SOL
2021-09-01,119.56,106.02,108.34,3350868.08,379261153.53,110.73,direct,,SOL
2021-09-02,132.08,109.37,110.73,6797626.5,823684018.55,128.29,direct,,SOL
2021-09-03,148.91,128.21,128.29,7050582.45,980998448.57,146.46,direct,,SOL
2021-09-04,150.67,136.03,146.46,2211486.59,317791832.57,139.0,direct,,SOL
2021-09-05,144.99,134.85,139.0,1679051.25,234332797.45,142.11,direct,,SOL
2021-09-06,166.06,137.68,142.11,2685095.43,407906594.71,164.31,direct,,SOL
2021-09-07,194.96,131.78,164.31,8272735.45,1443991549.05,173.2,direct,,SOL
2021-09-08,197.94,146.72,173.2,11751900.24,2016058926.82,191.01,direct,,SOL
2021-09-09,215.85,179.4,191.01,12250108.39,2460799372.66,187.7,direct,,SOL
2021-09-10,197.27,168.1,187.7,7882931.45,1420968008.17,179.5,direct,,SOL
2021-09-11,193.33,174.55,179.5,5607502.1,1030367535.36,179.1,direct,,SOL
2021-09-12,181.57,167.49,179.1,3320191.23,585927791.56,174.4,direct,,SOL
2021-09-13,174.96,150.49,174.4,8147089.32,1314887040.32,169.66,direct,,SOL
2021-09-14,171.84,142.51,169.66,8655147.38,1362567677.0,158.92,direct,,SOL
2021-09-15,166.95,153.95,158.92,5295790.51,845522524.47,158.66,direct,,SOL
2021-09-16,163.09,147.43,158.66,4267437.38,662646760.41,152.11,direct,,SOL
2021-09-17,153.4,134.25,152.11,7165490.16,1023945637.48,147.49,direct,,SOL
2021-09-18,171.55,144.27,147.49,6879081.22,1091735551.54,169.36,direct,,SOL
2021-09-19,170.98,150.73,169.36,4423412.88,709659799.17,152.86,direct,,SOL
2021-09-20,153.41,130.49,152.86,9374408.49,1320128623.42,132.08,direct,,SOL
2021-09-21,144.61,116.01,132.08,10171433.11,1341286027.55,124.04,direct,,SOL
2021-09-22,151.98,122.14,124.04,8577111.52,1181894104.57,148.18,direct,,SOL
2021-09-23,152.44,143.03,148.18,4625269.71,685101799.96,150.0,direct,,SOL
2021-09-24,151.29,128.52,150.0,5899901.53,820048443.91,139.28,direct,,SOL
2021-09-25,144.07,133.58,139.28,2719426.05,378053262.21,136.16,direct,,SOL
2021-09-26,140.82,124.9,136.16,3763786.53,502050940.75,135.84,direct,,SOL
2021-09-27,148.96,133.81,135.84,3921485.07,558713787.59,136.35,direct,,SOL
2021-09-28,139.41,128.14,136.35,3424594.77,457657565.63,132.21,direct,,SOL
2021-09-29,140.12,131.13,132.21,3284690.46,447613932.89,135.3,direct,,SOL
2021-09-30,142.94,134.11,135.3,2924528.18,405424340.44,141.32,direct,,SOL
2021-10-01,165.0,138.31,141.32,5106669.26,782281427.84,161.67,direct,,SOL
2021-10-02,175.03,156.24,161.67,3483482.2,579916326.77,168.99,direct,,SOL
2021-10-03,177.73,165.63,168.99,2932970.95,505569099.45,173.06,direct,,SOL
2021-10-04,173.11,162.29,173.06,3331902.94,560572644.25,167.21,direct,,SOL
2021-10-05,170.2,159.92,167.21,2988984.26,494332247.0,164.63,direct,,SOL
2021-10-06,165.48,150.33,164.63,4352374.82,685024694.08,153.92,direct,,SOL
2021-10-07,161.52,150.32,153.93,3248913.07,505641394.78,154.35,direct,,SOL
2021-10-08,168.88,152.44,154.29,3311719.52,535074416.41,158.83,direct,,SOL
2021-10-09,161.56,154.42,158.83,1840750.68,291129825.62,156.82,direct,,SOL
2021-10-10,158.49,145.84,156.82,1877292.65,287105743.36,147.67,direct,,SOL
2021-10-11,154.0,140.31,147.67,2680535.07,394022338.6,144.92,direct,,SOL
2021-10-12,153.44,137.7,144.92,4414004.21,644682762.12,152.43,direct,,SOL
2021-10-13,155.52,144.37,152.43,2773830.3,410859128.01,148.06,direct,,SOL
2021-10-14,155.65,147.35,148.06,2438329.44,368851542.65,150.01,direct,,SOL
2021-10-15,165.26,146.76,150.01,4295179.21,681329036.1,163.17,direct,,SOL
2021-10-16,164.76,156.63,163.17,1656278.36,264777103.46,157.56,direct,,SOL
2021-10-17,167.47,153.39,157.56,2219918.8,358234013.04,160.04,direct,,SOL
2021-10-18,162.92,154.97,160.04,1773640.5,280630198.46,157.15,direct,,SOL
2021-10-19,159.38,153.22,157.15,1513257.81,236431195.02,155.89,direct,,SOL
2021-10-20,176.89,155.16,155.89,3538555.61,593433328.32,176.81,direct,,SOL
2021-10-21,194.17,176.76,176.81,7126534.16,1320931174.52,190.25,direct,,SOL
2021-10-22,215.0,188.1,190.25,7231885.34,1468634674.75,196.22,direct,,SOL
2021-10-23,205.67,192.09,196.22,2980617.73,592165608.81,197.73,direct,,SOL
2021-10-24,204.89,185.34,197.73,3279917.64,637422149.18,202.3,direct,,SOL
2021-10-25,218.93,198.19,202.3,4092780.67,856546050.78,209.85,direct,,SOL
2021-10-26,214.04,196.52,209.85,3391463.69,698109565.85,199.72,direct,,SOL
2021-10-27,205.56,179.66,199.72,5303976.17,1015518131.75,184.52,direct,,SOL
2021-10-28,201.53,181.77,184.52,4052313.36,782980679.38,194.85,direct,,SOL
2021-10-29,205.23,194.71,194.85,2627477.41,526542688.21,200.41,direct,,SOL
2021-10-30,200.63,187.51,200.41,1866159.22,362788627.55,195.91,direct,,SOL
2021-10-31,205.14,185.67,195.91,2680416.62,522968442.34,202.66,direct,,SOL
2021-11-01,211.66,198.05,202.66,3277868.31,670364839.19,203.51,direct,,SOL
2021-11-02,222.35,201.16,203.51,3195753.33,673404211.94,221.14,direct,,SOL
2021-11-03,246.51,216.07,221.14,5532527.74,1279027288.99,243.02,direct,,SOL
2021-11-04,250.48,234.52,243.02,4054836.27,981490100.53,247.17,direct,,SOL
2021-11-05,248.41,230.68,247.17,2581878.07,615867461.64,236.34,direct,,SOL
2021-11-06,259.95,235.04,236.34,3077551.92,763221693.79,258.63,direct,,SOL
2021-11-07,258.81,245.9,258.63,2081450.07,524752612.27,249.76,direct,,SOL
2021-11-08,253.3,240.76,249.76,3177200.36,781740221.44,248.35,direct,,SOL
2021-11-09,253.17,237.5,248.35,2673010.87,652304202.99,239.03,direct,,SOL
2021-11-10,248.09,218.64,239.03,3860734.49,912625322.97,233.62,direct,,SOL
2021-11-11,246.46,229.6,233.62,2661561.89,636491052.02,233.51,direct,,SOL
2021-11-12,239.0,220.98,233.51,3181478.15,728217076.6,228.64,direct,,SOL
2021-11-13,241.92,224.99,228.64,2260636.61,526984439.76,241.66,direct,,SOL
2021-11-14,241.94,230.47,241.66,1703391.31,402193492.97,238.71,direct,,SOL
2021-11-15,246.33,234.5,238.71,2508954.5,603963819.17,238.17,direct,,SOL
2021-11-16,238.17,214.88,238.17,4193493.59,945520134.96,219.09,direct,,SOL
2021-11-17,222.24,209.95,219.09,3556315.05,766218355.39,218.95,direct,,SOL
2021-11-18,222.78,186.78,218.95,5601973.49,1136201350.17,195.24,direct,,SOL
2021-11-19,219.74,189.18,195.24,3931207.66,807802423.17,215.39,direct,,SOL
2021-11-20,221.28,206.17,215.39,2113410.18,453823809.79,217.89,direct,,SOL
2021-11-21,235.71,210.44,217.89,2898523.22,645809130.04,230.56,direct,,SOL
2021-11-22,232.18,211.75,230.56,3594916.52,792817609.76,215.78,direct,,SOL
2021-11-23,226.17,211.04,215.78,2415707.59,527801770.31,221.94,direct,,SOL
2021-11-24,222.31,200.2,221.94,2912792.47,613043468.19,205.75,direct,,SOL
2021-11-25,216.48,202.06,205.75,2595187.94,545045664.68,210.06,direct,,SOL
2021-11-26,210.6,182.81,210.06,4638627.74,901104026.96,192.24,direct,,SOL
2021-11-27,199.47,190.69,192.24,1890558.94,370235838.89,193.0,direct,,SOL
2021-11-28,202.3,181.17,193.0,2570691.62,489856577.53,200.92,direct,,SOL
2021-11-29,212.94,199.87,200.92,3137423.53,645321566.94,204.22,direct,,SOL
2021-11-30,218.52,199.73,204.22,3871301.51,813688555.37,208.43,direct,,SOL
2021-12-01,232.51,207.77,208.43,4036783.81,898339035.81,229.91,direct,,SOL
2021-12-02,243.31,220.2,229.91,4024135.57,928096463.45,233.89,direct,,SOL
2021-12-03,239.63,206.22,233.89,4577358.88,1020720529.22,211.87,direct,,SOL
2021-12-04,212.63,175.73,211.87,6745732.36,1318497937.04,201.01,direct,,SOL
2021-12-05,204.66,181.28,201.01,3913687.98,754152543.44,196.74,direct,,SOL
2021-12-06,197.72,176.61,196.74,4427021.98,829741291.09,194.03,direct,,SOL
2021-12-07,204.27,188.08,194.03,3183358.65,627419940.3,190.38,direct,,SOL
2021-12-08,196.33,183.89,190.38,3128188.07,596098555.68,194.74,direct,,SOL
2021-12-09,196.81,178.8,194.74,2569585.5,478456793.35,181.41,direct,,SOL
2021-12-10,184.56,167.31,181.41,3011751.31,530322164.88,167.65,direct,,SOL
2021-12-11,173.8,161.48,167.65,2496572.94,422171857.72,172.08,direct,,SOL
2021-12-12,176.87,167.8,172.08,1456153.08,250507432.05,173.0,direct,,SOL
2021-12-13,173.0,148.1,173.0,4381779.71,698246643.46,155.15,direct,,SOL
2021-12-14,163.17,149.67,155.15,3265549.66,511967381.77,161.43,direct,,SOL
2021-12-15,183.17,156.91,161.43,4796467.85,810320871.82,178.55,direct,,SOL
2021-12-16,189.3,174.51,178.55,3367535.35,612512486.57,176.92,direct,,SOL
2021-12-17,182.47,168.15,176.92,3468871.36,611889028.86,175.65,direct,,SOL
2021-12-18,184.31,171.1,175.65,2018242.32,360250483.77,182.92,direct,,SOL
2021-12-19,189.39,178.49,182.92,1970904.87,362544203.11,180.02,direct,,SOL
2021-12-20,181.21,168.48,180.02,2637340.07,459540166.98,174.01,direct,,SOL
2021-12-21,182.64,170.29,174.01,2456350.42,436326304.27,179.76,direct,,SOL
2021-12-22,187.55,177.16,179.76,2685848.84,490179135.35,178.36,direct,,SOL
2021-12-23,193.64,175.73,178.36,2513810.33,462865144.35,190.12,direct,,SOL
2021-12-24,197.54,184.35,190.12,2478955.16,473958198.71,190.43,direct,,SOL
2021-12-25,195.3,189.33,190.43,1501231.88,289095316.88,193.05,direct,,SOL
2021-12-26,200.62,190.32,193.05,1642758.51,322371606.21,197.89,direct,,SOL
2021-12-27,204.79,194.9,197.89,1678870.83,336237614.32,195.73,direct,,SOL
2021-12-28,195.75,176.38,195.73,3269893.8,608290762.58,177.25,direct,,SOL
2021-12-29,180.62,170.16,177.25,2262570.7,396632427.68,170.62,direct,,SOL
2021-12-30,175.75,168.24,170.62,1670052.13,288304386.5,172.53,direct,,SOL
2021-12-31,177.68,167.68,172.53,2025499.07,349004476.06,169.93,direct,,SOL
2022-01-01,179.21,169.92,169.93,1251608.56,218470055.35,179.09,direct,,SOL
2022-01-02,179.5,174.41,179.09,952714.47,168469219.1,176.4,direct,,SOL
2022-01-03,176.48,166.68,176.4,1333457.09,229276025.02,170.08,direct,,SOL
2022-01-04,173.83,166.49,170.08,1494842.97,253439598.23,167.75,direct,,SOL
2022-01-05,171.28,145.02,167.75,2680080.83,429577590.19,154.36,direct,,SOL
2022-01-06,154.76,146.02,154.36,3122732.02,468707259.86,150.23,direct,,SOL
2022-01-07,150.64,133.79,150.23,4366669.92,612499915.99,136.39,direct,,SOL
2022-01-08,148.04,133.01,136.39,3303641.22,465208463.23,142.11,direct,,SOL
2022-01-09,145.65,137.88,142.11,1688640.76,240050707.27,140.77,direct,,SOL
2022-01-10,143.75,130.06,140.77,2913309.56,395501395.1,135.86,direct,,SOL
2022-01-11,143.51,133.65,135.86,2137379.33,296142668.06,140.25,direct,,SOL
2022-01-12,153.26,138.27,140.25,2634741.32,386205031.21,151.51,direct,,SOL
2022-01-13,157.85,145.59,151.51,2304542.8,348841463.04,146.2,direct,,SOL
2022-01-14,150.62,142.04,146.2,1968768.73,288146937.82,146.18,direct,,SOL
2022-01-15,149.59,144.08,146.18,1205217.01,176776512.22,147.74,direct,,SOL
2022-01-16,151.96,146.22,147.74,1136135.18,168929373.36,147.96,direct,,SOL
2022-01-17,148.29,137.15,147.96,1862106.92,264425163.0,139.84,direct,,SOL
2022-01-18,142.8,134.39,139.84,1591113.09,219849249.06,141.29,direct,,SOL
2022-01-19,142.74,132.83,141.29,1749348.4,239716720.3,135.3,direct,,SOL
2022-01-20,143.91,126.22,135.3,2105009.02,287751069.3,127.65,direct,,SOL
2022-01-21,129.09,106.16,127.65,7236896.26,875913692.07,112.47,direct,,SOL
2022-01-22,114.1,88.1,112.47,8025037.62,791874467.69,94.68,direct,,SOL
2022-01-23,104.74,93.34,94.68,4620279.84,454113472.02,99.81,direct,,SOL
2022-01-24,99.89,80.79,99.81,10200729.81,895098151.93,91.99,direct,,SOL
2022-01-25,100.01,87.48,91.99,5326542.53,495726180.82,94.65,direct,,SOL
2022-01-26,104.39,89.32,94.65,5826024.41,561683494.55,92.14,direct,,SOL
2022-01-27,94.62,85.71,92.14,4749368.92,426298083.27,89.56,direct,,SOL
2022-01-28,93.54,87.23,89.56,3666977.23,333476775.48,91.36,direct,,SOL
2022-01-29,98.94,90.54,91.36,2793510.06,265937000.77,96.16,direct,,SOL
2022-01-30,97.58,91.45,96.16,1585052.55,149808802.15,93.32,direct,,SOL
2022-01-31,101.39,89.12,93.32,3411154.68,325663562.36,99.54,direct,,SOL
2022-02-01,113.72,99.08,99.54,5768832.32,620768026.63,110.09,direct,,SOL
2022-02-02,112.45,96.96,110.09,5433172.66,574572443.68,101.89,direct,,SOL
2022-02-03,103.17,94.12,101.89,3885724.34,381312982.53,101.9,direct,,SOL
2022-02-04,112.89,100.39,101.9,4533303.57,483611784.8,112.58,direct,,SOL
2022-02-05,118.68,110.33,112.58,3014461.35,344630305.33,113.82,direct,,SOL
2022-02-06,116.12,111.67,113.82,1876530.04,213787352.12,115.33,direct,,SOL
2022-02-07,121.97,112.8,115.33,3378636.62,400293556.01,117.57,direct,,SOL
2022-02-08,120.32,109.78,117.57,3673823.13,420202713.26,113.42,direct,,SOL
2022-02-09,117.2,109.41,113.42,2231067.8,253412925.6,114.04,direct,,SOL
2022-02-10,114.97,105.79,114.04,3141348.8,347717320.5,106.18,direct,,SOL
2022-02-11,108.36,95.2,106.18,3453354.14,353146501.35,96.52,direct,,SOL
2022-02-12,99.87,92.91,96.52,2102748.72,202029707.76,95.96,direct,,SOL
2022-02-13,97.39,91.42,95.96,1527140.92,144594763.47,92.9,direct,,SOL
2022-02-14,97.95,90.83,92.9,2302296.29,218019758.1,96.43,direct,,SOL
2022-02-15,105.83,96.39,96.43,2704152.24,275693052.66,105.54,direct,,SOL
2022-02-16,105.63,98.33,105.54,2346126.46,238995501.42,101.94,direct,,SOL
2022-02-17,102.84,92.39,101.94,2363581.59,229975633.67,93.58,direct,,SOL
2022-02-18,96.43,89.36,93.58,2120906.04,195881104.73,89.93,direct,,SOL
2022-02-19,92.73,88.71,89.93,1409586.68,127648472.81,91.31,direct,,SOL
2022-02-20,93.94,85.69,91.31,2278454.28,204093998.88,90.75,direct,,SOL
2022-02-21,96.16,82.73,90.75,3552014.4,318962743.74,82.99,direct,,SOL
2022-02-22,87.59,81.06,82.99,2741442.98,230849974.3,86.44,direct,,SOL
2022-02-23,93.34,84.44,86.44,3114172.53,277768525.33,84.61,direct,,SOL
2022-02-24,92.69,75.43,84.61,6479419.89,538981764.35,89.41,direct,,SOL
2022-02-25,95.05,86.88,89.41,3290008.11,297429202.39,92.84,direct,,SOL
2022-02-26,95.16,89.29,92.84,1715257.81,157334183.7,90.29,direct,,SOL
2022-02-27,92.23,84.18,90.29,2150633.07,188776935.86,85.66,direct,,SOL
2022-02-28,102.36,84.21,85.66,3958430.64,369874400.47,99.75,direct,,SOL
2022-03-01,101.88,94.39,99.75,4154598.01,407426810.39,98.65,direct,,SOL
2022-03-02,106.37,96.85,98.65,4188167.49,428576214.75,100.75,direct,,SOL
2022-03-03,101.71,94.1,100.75,2857170.17,278704905.4,95.6,direct,,SOL
2022-03-04,95.88,87.03,95.6,3364188.85,306775823.32,88.24,direct,,SOL
2022-03-05,91.15,86.08,88.24,1897965.55,168076878.78,89.61,direct,,SOL
2022-03-06,89.9,84.19,89.61,1968497.64,171163848.23,84.55,direct,,SOL
2022-03-07,86.58,79.99,84.55,3078668.7,255503806.44,81.88,direct,,SOL
2022-03-08,84.98,81.39,81.88,2587208.78,215223179.74,82.31,direct,,SOL
2022-03-09,89.75,82.03,82.31,3082107.44,269117776.74,88.07,direct,,SOL
2022-03-10,88.61,80.99,88.07,2639976.68,220016654.11,82.93,direct,,SOL
2022-03-11,84.28,80.09,82.93,2335757.93,191067932.33,80.67,direct,,SOL
2022-03-12,82.72,80.64,80.67,986033.7,80580765.04,81.41,direct,,SOL
2022-03-13,83.17,77.92,81.41,1397728.17,112520909.44,78.76,direct,,SOL
2022-03-14,82.23,78.07,78.76,2057242.39,164972651.57,81.26,direct,,SOL
2022-03-15,85.88,78.91,81.26,2053275.42,168558780.05,82.85,direct,,SOL
2022-03-16,87.99,81.55,82.85,2670711.27,225016506.95,87.84,direct,,SOL
2022-03-17,90.99,86.68,87.84,2666800.89,237060413.77,87.88,direct,,SOL
2022-03-18,91.99,84.53,87.88,2851086.63,251097931.84,89.81,direct,,SOL
2022-03-19,94.55,89.3,89.81,2347265.39,215508005.89,92.41,direct,,SOL
2022-03-20,92.53,87.97,92.41,1482330.23,133350638.96,88.6,direct,,SOL
2022-03-21,91.22,86.92,88.6,1914287.05,170292028.02,88.65,direct,,SOL
2022-03-22,93.96,88.05,88.65,2154288.29,197326594.02,90.47,direct,,SOL
2022-03-23,96.27,89.35,90.47,2731648.64,254875496.99,94.89,direct,,SOL
2022-03-24,103.71,93.53,94.89,4089391.01,406947040.56,102.39,direct,,SOL
2022-03-25,104.86,97.12,102.39,3046836.01,308110782.24,98.65,direct,,SOL
2022-03-26,103.39,97.72,98.65,1579057.63,159502489.33,101.79,direct,,SOL
2022-03-27,107.44,98.89,101.79,1848093.43,190435562.18,107.08,direct,,SOL
2022-03-28,113.84,105.22,107.08,3789805.17,416216471.12,105.93,direct,,SOL
2022-03-29,115.65,105.61,105.93,3752495.0,418092940.64,111.78,direct,,SOL
2022-03-30,124.56,107.16,111.78,5027797.39,591082350.06,120.64,direct,,SOL
2022-03-31,129.36,120.01,120.64,4696609.63,584697700.28,122.84,direct,,SOL
2022-04-01,138.44,117.78,122.84,4926559.2,631724717.21,134.54,direct,,SOL
2022-04-02,143.54,131.44,134.54,3046967.66,417707954.3,132.51,direct,,SOL
2022-04-03,140.98,130.68,132.51,2338332.21,319077832.39,136.91,direct,,SOL
2022-04-04,138.28,125.91,136.91,2843077.66,375394773.2,132.13,direct,,SOL
2022-04-05,136.63,126.09,132.13,2299734.15,302494778.35,126.83,direct,,SOL
2022-04-06,127.39,112.16,126.83,4569271.9,547030001.41,112.99,direct,,SOL
2022-04-07,119.96,110.96,112.99,3114696.24,358677473.87,118.6,direct,,SOL
2022-04-08,122.41,108.15,118.6,2925969.97,339956765.81,109.97,direct,,SOL
2022-04-09,113.67,108.32,109.97,1431350.79,158176021.11,112.96,direct,,SOL
2022-04-10,116.04,109.8,112.96,1440484.57,162262688.28,111.02,direct,,SOL
2022-04-11,111.94,98.2,111.02,3451969.52,359954148.63,99.65,direct,,SOL
2022-04-12,109.36,98.41,99.65,3272285.41,340546068.39,103.26,direct,,SOL
2022-04-13,106.0,100.12,103.26,2089342.4,216762602.99,104.97,direct,,SOL
2022-04-14,107.7,99.04,104.97,2192369.54,225896476.03,100.77,direct,,SOL
2022-04-15,102.88,99.57,100.77,1243368.3,126145198.57,101.35,direct,,SOL
2022-04-16,103.48,100.81,101.35,887451.98,90463208.04,102.1,direct,,SOL
2022-04-17,105.44,99.68,102.1,1304675.94,134183551.56,100.18,direct,,SOL
2022-04-18,102.66,94.85,100.18,2338578.72,231166457.22,102.37,direct,,SOL
2022-04-19,108.82,101.06,102.37,2099411.03,221051546.25,108.61,direct,,SOL
2022-04-20,110.91,104.35,108.61,2217785.11,238496568.02,105.59,direct,,SOL
2022-04-21,109.98,100.03,105.59,2703924.74,286619329.29,101.77,direct,,SOL
2022-04-22,103.55,99.23,101.77,1843644.35,186927308.72,100.54,direct,,SOL
2022-04-23,102.89,98.37,100.54,1182997.21,119676863.89,100.61,direct,,SOL
2022-04-24,102.25,98.64,100.61,1160303.89,116633113.12,99.23,direct,,SOL
2022-04-25,101.58,94.35,99.23,2125118.08,207691457.95,100.99,direct,,SOL
2022-04-26,101.98,94.68,100.99,1725073.17,169617039.13,95.71,direct,,SOL
2022-04-27,100.76,94.93,95.71,1833285.69,180010948.51,98.34,direct,,SOL
2022-04-28,100.54,96.35,98.34,1884973.97,185952138.7,98.22,direct,,SOL
2022-04-29,98.64,92.34,98.22,2112680.59,201780890.22,93.93,direct,,SOL
2022-04-30,94.93,82.03,93.93,1959304.12,176261852.27,84.65,direct,,SOL
2022-05-01,93.11,84.17,84.65,2200709.16,194432394.81,89.68,direct,,SOL
2022-05-02,90.86,85.08,89.68,2287116.25,200945604.54,87.47,direct,,SOL
2022-05-03,88.78,84.64,87.47,1604810.84,139546484.05,85.84,direct,,SOL
2022-05-04,93.03,85.46,85.84,2575033.7,227940338.73,92.75,direct,,SOL
2022-05-05,95.17,81.42,92.75,3625715.75,316557519.22,84.51,direct,,SOL
2022-05-06,84.75,79.94,84.51,3616134.95,296523843.33,81.65,direct,,SOL
2022-05-07,82.27,77.19,81.65,2005037.19,161298459.02,78.83,direct,,SOL
2022-05-08,79.34,73.71,78.83,2819493.28,216671280.58,75.31,direct,,SOL
2022-05-09,77.19,61.79,75.31,7246994.55,501279511.52,62.11,direct,,SOL
2022-05-10,74.03,60.24,62.11,8663155.94,589897344.33,66.85,direct,,SOL
2022-05-11,68.35,43.12,66.85,15957352.44,869750326.98,50.82,direct,,SOL
2022-05-12,53.97,35.95,50.82,15723015.66,710184610.97,44.58,direct,,SOL
2022-05-13,56.27,43.83,44.58,9887539.42,505036183.26,48.86,direct,,SOL
2022-05-14,53.7,45.87,48.86,5575843.92,277534572.62,52.34,direct,,SOL
2022-05-15,59.19,49.59,52.34,4954718.77,265265610.87,58.74,direct,,SOL
2022-05-16,58.75,51.87,58.74,6021129.02,328225140.88,53.69,direct,,SOL
2022-05-17,58.14,53.03,53.69,4589718.32,255808095.6,57.02,direct,,SOL
2022-05-18,57.82,49.39,57.02,5825637.82,305692779.57,49.83,direct,,SOL
2022-05-19,53.99,48.22,49.83,6696296.07,342322514.42,52.12,direct,,SOL
2022-05-20,53.57,47.76,52.12,6039991.39,306153762.51,49.37,direct,,SOL
2022-05-21,51.16,48.38,49.37,2759420.15,137660928.03,50.25,direct,,SOL
2022-05-22,53.12,49.64,50.25,3090112.37,158973497.81,52.46,direct,,SOL
2022-05-23,54.61,48.58,52.46,5180556.16,270802070.15,49.1,direct,,SOL
2022-05-24,50.78,47.06,49.1,5369431.22,264190416.96,49.63,direct,,SOL
2022-05-25,50.48,47.52,49.63,3530159.51,171808990.6,47.92,direct,,SOL
2022-05-26,48.59,41.69,47.92,7628786.37,340962341.48,43.43,direct,,SOL
2022-05-27,43.89,39.97,43.43,7870479.44,328503339.24,41.1,direct,,SOL
2022-05-28,44.99,40.25,41.1,4074352.34,172472580.65,44.22,direct,,SOL
2022-05-29,45.56,41.8,44.22,4412964.61,193025274.34,44.92,direct,,SOL
2022-05-30,48.32,44.23,44.92,5901925.14,272765167.85,47.18,direct,,SOL
2022-05-31,48.17,44.56,47.18,5493551.75,254070372.87,45.74,direct,,SOL
2022-06-01,46.1,39.59,45.74,6914733.13,297321656.33,40.09,direct,,SOL
2022-06-02,41.55,38.11,40.09,7651208.5,306834570.09,40.82,direct,,SOL
2022-06-03,41.51,37.66,40.82,6611299.02,257377662.2,38.23,direct,,SOL
2022-06-04,39.46,35.72,38.23,5090195.02,190033825.17,38.97,direct,,SOL
2022-06-05,40.17,37.83,38.97,4268920.92,167132759.59,38.49,direct,,SOL
2022-06-06,44.65,38.31,38.49,8284132.85,351014169.93,42.36,direct,,SOL
2022-06-07,42.65,37.36,42.36,8130121.86,321469181.75,39.29,direct,,SOL
2022-06-08,40.89,38.29,39.29,5050369.27,198208463.94,38.79,direct,,SOL
2022-06-09,41.9,38.41,38.79,5339044.2,214717194.25,39.93,direct,,SOL
2022-06-10,40.87,36.81,39.93,5668853.14,218200726.61,37.12,direct,,SOL
2022-06-11,37.88,33.15,37.12,5160406.77,181417324.29,33.86,direct,,SOL
2022-06-12,34.4,30.54,33.86,7401821.94,240996234.82,30.59,direct,,SOL
2022-06-13,31.05,26.02,30.59,17083003.9,476970922.42,28.54,direct,,SOL
2022-06-14,32.2,25.84,28.54,13870923.1,404924750.29,29.51,direct,,SOL
2022-06-15,34.8,26.75,29.51,13304097.12,395848370.39,34.71,direct,,SOL
2022-06-16,35.9,29.53,34.71,10637248.82,341621322.17,30.08,direct,,SOL
2022-06-17,32.08,29.23,30.08,6623005.68,205869840.16,30.67,direct,,SOL
2022-06-18,31.97,27.06,30.67,10519503.65,310435090.72,31.97,direct,,SOL
2022-06-19,35.31,28.69,31.97,9151416.16,291618076.12,34.16,direct,,SOL
2022-06-20,36.84,31.7,34.16,9285359.44,318838983.85,35.22,direct,,SOL
2022-06-21,39.11,34.2,35.22,7527384.28,278096854.62,36.37,direct,,SOL
2022-06-22,36.84,33.61,36.37,7898802.12,276445338.37,34.07,direct,,SOL
2022-06-23,38.57,33.89,34.07,7421955.3,272527741.56,38.13,direct,,SOL
2022-06-24,42.87,37.65,38.13,6783655.3,270806565.06,41.87,direct,,SOL
2022-06-25,42.56,39.73,41.87,4770586.29,196716794.82,42.2,direct,,SOL
2022-06-26,42.45,39.16,42.2,5251937.14,214296877.8,39.38,direct,,SOL
2022-06-27,41.22,37.96,39.38,5915709.95,232924259.03,38.46,direct,,SOL
2022-06-28,39.85,35.04,38.46,7448287.03,278480970.42,35.29,direct,,SOL
2022-06-29,36.05,33.09,35.29,8380803.43,289809989.5,33.96,direct,,SOL
2022-06-30,34.14,30.88,33.96,9061004.01,291559538.1,33.74,direct,,SOL
2022-07-01,35.34,31.75,33.74,8383772.89,278386368.52,32.8,direct,,SOL
2022-07-02,34.09,31.82,32.8,3350056.32,109908127.57,33.32,direct,,SOL
2022-07-03,33.63,32.11,33.32,2677536.45,88081229.66,33.36,direct,,SOL
2022-07-04,36.89,32.42,33.36,4387571.81,150739092.78,36.68,direct,,SOL
2022-07-05,36.93,33.11,36.68,6889458.52,240867509.78,35.37,direct,,SOL
2022-07-06,37.57,34.78,35.37,6261211.67,225475866.98,37.01,direct,,SOL
2022-07-07,39.23,36.37,37.01,4946490.06,187384470.96,38.46,direct,,SOL
2022-07-08,39.81,36.45,38.46,6270203.11,238292134.03,38.11,direct,,SOL
2022-07-09,38.88,37.76,38.11,3005204.91,115246546.47,38.05,direct,,SOL
2022-07-10,38.12,36.26,38.05,2970464.22,110028071.73,36.66,direct,,SOL
2022-07-11,36.71,33.23,36.66,5402759.69,189332526.41,33.4,direct,,SOL
2022-07-12,34.56,32.57,33.4,5210730.13,175393353.49,32.66,direct,,SOL
2022-07-13,35.03,31.85,32.66,7858859.19,261632225.72,34.93,direct,,SOL
2022-07-14,37.26,33.56,34.93,7284823.22,255986071.26,37.13,direct,,SOL
2022-07-15,39.07,36.52,37.13,5896972.54,222161624.87,37.37,direct,,SOL
2022-07-16,40.45,36.36,37.37,4951313.7,190885804.32,39.59,direct,,SOL
2022-07-17,41.07,38.3,39.59,4661533.32,184619472.23,38.62,direct,,SOL
2022-07-18,44.04,38.55,38.62,7088381.74,293143493.11,43.54,direct,,SOL
2022-07-19,47.45,42.56,43.54,9663727.44,435904062.55,44.88,direct,,SOL
2022-07-20,46.32,41.27,44.88,8465412.99,374790512.53,42.03,direct,,SOL
2022-07-21,44.07,39.67,42.03,8199665.44,342856760.6,43.11,direct,,SOL
2022-07-22,44.32,40.04,43.11,5679068.23,240801245.97,40.55,direct,,SOL
2022-07-23,41.92,38.62,40.55,3944732.24,158270986.48,39.98,direct,,SOL
2022-07-24,42.09,39.48,39.98,3293822.63,134443327.44,40.96,direct,,SOL
2022-07-25,41.1,36.58,40.96,6038450.63,232877627.16,36.6,direct,,SOL
2022-07-26,36.81,34.68,36.6,5542444.4,198100005.37,36.27,direct,,SOL
2022-07-27,40.54,35.68,36.27,6778777.45,257042314.51,40.24,direct,,SOL
2022-07-28,44.19,39.05,40.24,8461346.65,347674741.5,42.94,direct,,SOL
2022-07-29,44.4,41.18,42.94,6428823.87,273733162.38,41.93,direct,,SOL
2022-07-30,46.68,41.46,41.93,6641146.16,291756644.68,43.85,direct,,SOL
2022-07-31,45.21,42.24,43.85,4126065.16,180476118.33,42.37,direct,,SOL
2022-08-01,43.26,40.61,42.37,4605572.28,193723781.93,41.66,direct,,SOL
2022-08-02,42.43,39.53,41.66,4882067.06,199670615.92,39.75,direct,,SOL
2022-08-03,41.02,37.48,39.75,9655666.41,378853156.74,38.57,direct,,SOL
2022-08-04,39.82,37.96,38.57,3664255.31,142196402.48,38.82,direct,,SOL
2022-08-05,41.34,38.71,38.82,4532903.94,181940041.66,40.56,direct,,SOL
2022-08-06,40.91,39.85,40.56,1978716.3,80062849.21,40.07,direct,,SOL
2022-08-07,41.55,39.22,40.07,2224721.28,89752298.46,40.62,direct,,SOL
2022-08-08,43.69,40.56,40.62,4151072.14,175894096.95,42.22,direct,,SOL
2022-08-09,42.76,39.76,42.22,3761403.08,154605679.0,40.35,direct,,SOL
2022-08-10,42.87,39.17,40.35,5284120.12,217289355.28,42.48,direct,,SOL
2022-08-11,45.33,42.37,42.48,5127216.02,225182358.01,42.8,direct,,SOL
2022-08-12,45.53,42.18,42.8,4054602.07,176927290.68,45.52,direct,,SOL
2022-08-13,48.4,45.31,45.52,4669543.99,219363805.47,46.6,direct,,SOL
2022-08-14,48.07,44.58,46.6,3875796.32,179155327.46,44.87,direct,,SOL
2022-08-15,47.24,42.76,44.87,5378678.81,239639071.47,43.73,direct,,SOL
2022-08-16,44.31,42.56,43.73,4289771.2,185850223.36,43.09,direct,,SOL
2022-08-17,44.72,40.18,43.09,6378033.61,267927195.48,40.53,direct,,SOL
2022-08-18,41.67,39.34,40.53,4087320.14,166606355.75,39.51,direct,,SOL
2022-08-19,39.59,35.57,39.51,9636616.35,356383614.11,35.82,direct,,SOL
2022-08-20,37.26,34.19,35.82,6485931.35,233598721.55,35.28,direct,,SOL
2022-08-21,37.03,34.54,35.28,5197128.58,186550916.92,36.48,direct,,SOL
2022-08-22,36.54,33.76,36.48,6004047.83,209820727.4,35.42,direct,,SOL
2022-08-23,36.1,34.24,35.42,3802784.16,134404383.55,35.65,direct,,SOL
2022-08-24,36.39,34.31,35.65,3915754.42,138243611.99,34.88,direct,,SOL
2022-08-25,36.48,34.87,34.88,3414272.79,122066673.69,35.28,direct,,SOL
2022-08-26,35.78,31.37,35.28,5745895.83,194756458.15,31.73,direct,,SOL
2022-08-27,32.24,30.87,31.73,3343498.15,105747616.3,31.52,direct,,SOL
2022-08-28,32.21,30.13,31.52,2632653.67,82749619.61,30.43,direct,,SOL
2022-08-29,32.64,29.97,30.43,4901131.73,152752700.49,32.43,direct,,SOL
2022-08-30,33.07,30.64,32.43,4502789.86,143680750.41,31.47,direct,,SOL
2022-08-31,32.96,31.18,31.47,3939540.22,126520798.33,31.49,direct,,SOL
2022-09-01,31.78,30.44,31.49,3324450.67,103469678.71,31.6,direct,,SOL
2022-09-02,32.38,30.77,31.6,3251834.15,102876754.83,31.24,direct,,SOL
2022-09-03,31.28,30.81,31.24,1415262.06,43985812.65,31.11,direct,,SOL
2022-09-04,32.19,31.03,31.11,1523749.06,48180064.49,32.16,direct,,SOL
2022-09-05,32.52,31.15,32.16,2294101.71,73067891.67,32.17,direct,,SOL
2022-09-06,33.86,30.46,32.17,4955734.88,160351106.14,30.89,direct,,SOL
2022-09-07,32.93,30.32,30.89,2967920.3,93795738.14,32.7,direct,,SOL
2022-09-08,34.0,32.02,32.7,3740679.48,123624669.28,33.61,direct,,SOL
2022-09-09,35.95,33.6,33.61,4467169.9,156168243.64,34.69,direct,,SOL
2022-09-10,35.42,34.29,34.69,2248530.79,78218895.05,35.06,direct,,SOL
2022-09-11,35.99,34.08,35.06,2375829.52,83218801.56,35.01,direct,,SOL
2022-09-12,38.37,34.42,35.01,5923504.29,219096567.62,37.46,direct,,SOL
2022-09-13,38.96,32.94,37.46,7027248.59,253425976.59,32.99,direct,,SOL
2022-09-14,34.34,32.71,32.99,3459539.29,115641784.43,34.12,direct,,SOL
2022-09-15,34.86,32.29,34.12,4107770.09,137513600.73,33.07,direct,,SOL
2022-09-16,33.25,31.54,33.07,3036014.19,98331233.71,32.24,direct,,SOL
2022-09-17,33.89,32.22,32.24,1554348.99,51363020.95,33.69,direct,,SOL
2022-09-18,33.99,30.87,33.69,2453159.56,80104426.78,31.1,direct,,SOL
2022-09-19,33.08,30.62,31.1,3758734.2,119188318.55,32.63,direct,,SOL
2022-09-20,32.88,31.31,32.63,3079926.81,98876571.52,31.42,direct,,SOL
2022-09-21,33.44,30.04,31.42,4800958.2,152551276.63,30.69,direct,,SOL
2022-09-22,32.86,30.59,30.69,2971806.03,94693547.16,32.42,direct,,SOL
2022-09-23,33.96,31.21,32.42,4031557.19,130865368.39,33.66,direct,,SOL
2022-09-24,34.76,33.15,33.66,3117720.63,105668825.25,33.39,direct,,SOL
2022-09-25,34.03,31.9,33.39,2335663.47,77442617.91,32.33,direct,,SOL
2022-09-26,33.95,31.88,32.33,3450053.67,113731647.43,33.88,direct,,SOL
2022-09-27,35.41,32.08,33.88,4957169.43,168284505.46,32.68,direct,,SOL
2022-09-28,33.8,31.64,32.68,4160654.58,136071610.73,33.23,direct,,SOL
2022-09-29,34.41,32.65,33.23,3824365.0,128703506.89,33.93,direct,,SOL
2022-09-30,35.2,32.62,33.93,4900983.57,167114766.6,33.25,direct,,SOL
2022-10-01,33.25,32.37,33.25,1668638.88,54787029.64,32.44,direct,,SOL
2022-10-02,33.02,31.91,32.44,1966178.92,63915516.93,32.06,direct,,SOL
2022-10-03,33.26,31.8,32.06,2530711.35,82662371.08,32.9,direct,,SOL
2022-10-04,34.4,32.84,32.9,3154929.7,106666122.8,34.11,direct,,SOL
2022-10-05,34.38,33.21,34.11,2644378.06,89455930.04,34.05,direct,,SOL
2022-10-06,34.5,33.27,34.05,3039589.7,103191911.43,33.36,direct,,SOL
2022-10-07,33.77,32.43,33.36,2406636.6,79629364.29,32.99,direct,,SOL
2022-10-08,33.07,32.37,32.99,1138635.51,37351525.86,32.59,direct,,SOL
2022-10-09,33.13,32.45,32.59,1090694.8,35794479.47,32.93,direct,,SOL
2022-10-10,33.45,31.93,32.93,2100371.15,68563253.02,31.95,direct,,SOL
2022-10-11,31.95,30.42,31.95,2880240.79,90282318.3,30.79,direct,,SOL
2022-10-12,31.54,30.67,30.79,1639042.35,51030227.9,31.16,direct,,SOL
2022-10-13,31.2,27.75,31.16,6157619.3,180508671.84,30.51,direct,,SOL
2022-10-14,31.98,29.64,30.51,3301617.74,102282805.83,30.0,direct,,SOL
2022-10-15,30.2,29.45,30.0,1339443.2,40028658.72,29.59,direct,,SOL
2022-10-16,30.52,29.56,29.59,1199882.76,36049242.58,30.16,direct,,SOL
2022-10-17,31.29,29.84,30.16,2100002.76,64398693.25,31.21,direct,,SOL
2022-10-18,31.48,29.74,31.21,2583935.82,78873536.13,30.14,direct,,SOL
2022-10-19,30.26,28.62,30.14,2560474.34,75947010.64,28.85,direct,,SOL
2022-10-20,29.47,27.97,28.85,3564702.97,102495803.99,28.01,direct,,SOL
2022-10-21,28.28,26.84,28.01,4297208.38,118698104.26,28.1,direct,,SOL
2022-10-22,28.22,27.49,28.1,1550004.68,43241858.58,28.01,direct,,SOL
2022-10-23,29.42,27.74,28.01,2371333.82,67687355.81,29.28,direct,,SOL
2022-10-24,29.49,28.17,29.28,2442548.31,69996386.08,28.3,direct,,SOL
2022-10-25,32.35,28.06,28.3,6811146.06,207759844.54,30.88,direct,,SOL
2022-10-26,32.12,30.65,30.88,4160813.15,130320344.36,31.29,direct,,SOL
2022-10-27,32.36,30.47,31.29,4972863.78,156220713.95,30.58,direct,,SOL
2022-10-28,32.55,30.12,30.58,3850018.25,120576731.07,32.07,direct,,SOL
2022-10-29,33.84,31.87,32.07,3681764.34,121589101.36,32.88,direct,,SOL
2022-10-30,33.54,31.95,32.88,2370113.95,77502854.75,32.94,direct,,SOL
2022-10-31,34.39,32.21,32.94,4599455.56,152536616.24,32.56,direct,,SOL
2022-11-01,33.39,32.16,32.56,2431250.21,79466574.35,32.2,direct,,SOL
2022-11-02,32.93,30.23,32.2,4482963.46,140973726.46,30.81,direct,,SOL
2022-11-03,32.24,30.61,30.81,2758395.0,86575228.07,30.85,direct,,SOL
2022-11-04,34.21,30.66,30.85,4730919.64,155256328.39,33.74,direct,,SOL
2022-11-05,38.74,33.67,33.74,6897046.2,250593258.95,36.89,direct,,SOL
2022-11-06,37.05,32.34,36.89,5215033.95,181830879.84,32.62,direct,,SOL
2022-11-07,33.12,28.15,32.62,9225208.37,289915425.99,29.62,direct,,SOL
2022-11-08,31.63,21.5,29.62,27262061.11,717915107.17,24.02,direct,,SOL
2022-11-09,24.03,12.08,24.02,32460754.83,555865153.48,14.17,direct,,SOL
2022-11-10,19.08,12.9,14.17,15923673.39,249540059.42,17.6,direct,,SOL
2022-11-11,18.25,15.15,17.6,7488574.0,123926031.06,16.35,direct,,SOL
2022-11-12,16.38,14.44,16.35,3578610.42,54678113.91,14.55,direct,,SOL
2022-11-13,14.71,13.02,14.55,4152013.85,57772641.2,13.17,direct,,SOL
2022-11-14,14.98,12.21,13.17,6128751.66,83899085.54,13.98,direct,,SOL
2022-11-15,15.09,13.8,13.98,4462120.79,64156093.29,14.29,direct,,SOL
2022-11-16,14.6,13.62,14.29,2735986.74,38727592.57,14.27,direct,,SOL
2022-11-17,14.51,12.92,14.27,4540401.29,61958318.27,13.64,direct,,SOL
2022-11-18,13.87,12.98,13.64,2519974.82,33792970.47,13.25,direct,,SOL
2022-11-19,13.26,12.58,13.25,1902620.53,24417246.24,12.82,direct,,SOL
2022-11-20,13.57,12.11,12.82,2780345.81,35433118.28,12.26,direct,,SOL
2022-11-21,12.27,11.26,12.26,4065932.9,47854445.4,11.83,direct,,SOL
2022-11-22,12.5,10.94,11.83,4671563.83,54701419.1,12.43,direct,,SOL
2022-11-23,14.46,12.39,12.43,7013958.68,93973604.3,14.34,direct,,SOL
2022-11-24,14.93,13.84,14.34,4307954.01,61982386.71,14.59,direct,,SOL
2022-11-25,14.6,13.89,14.59,2666032.73,37739863.17,14.01,direct,,SOL
2022-11-26,14.95,13.96,14.01,2511676.18,36216173.22,14.17,direct,,SOL
2022-11-27,14.44,14.05,14.17,2105273.36,30027758.0,14.1,direct,,SOL
2022-11-28,14.17,12.78,14.1,4711437.14,62750014.75,13.33,direct,,SOL
2022-11-29,13.95,13.15,13.33,2323948.83,31363869.47,13.34,direct,,SOL
2022-11-30,14.32,13.23,13.34,3469156.43,47469116.41,14.15,direct,,SOL
2022-12-01,14.19,13.4,14.15,1998841.1,27422681.56,13.52,direct,,SOL
2022-12-02,13.81,13.33,13.52,1575573.25,21385441.19,13.72,direct,,SOL
2022-12-03,13.77,13.22,13.72,905101.96,12239592.3,13.3,direct,,SOL
2022-12-04,13.75,13.27,13.3,864389.92,11675208.22,13.71,direct,,SOL
2022-12-05,14.16,13.59,13.71,2146357.91,29846705.68,13.82,direct,,SOL
2022-12-06,14.38,13.81,13.82,2152398.03,30305143.44,14.29,direct,,SOL
2022-12-07,14.33,13.44,14.29,1902068.76,26116040.18,13.5,direct,,SOL
2022-12-08,13.78,13.27,13.5,1252396.78,16957456.6,13.69,direct,,SOL
2022-12-09,14.02,13.5,13.69,1330607.05,18278947.39,13.58,direct,,SOL
2022-12-10,13.72,13.54,13.58,550796.26,7508134.58,13.57,direct,,SOL
2022-12-11,13.8,13.39,13.57,827453.16,11264259.85,13.43,direct,,SOL
2022-12-12,13.48,12.84,13.43,2085456.34,27460840.38,13.32,direct,,SOL
2022-12-13,14.15,12.78,13.32,2992939.19,40623255.94,13.89,direct,,SOL
2022-12-14,14.95,13.81,13.89,4189087.53,60116655.72,14.12,direct,,SOL
2022-12-15,14.52,13.87,14.12,2511806.69,35398562.27,14.04,direct,,SOL
2022-12-16,14.17,11.99,14.04,4570261.87,59840757.78,12.24,direct,,SOL
2022-12-17,12.55,11.94,12.24,2981168.51,36585840.77,12.51,direct,,SOL
2022-12-18,12.61,12.27,12.51,1399964.88,17405774.17,12.37,direct,,SOL
2022-12-19,12.59,11.67,12.37,2992173.62,36302121.49,11.94,direct,,SOL
2022-12-20,12.48,11.83,11.94,2459396.5,30150553.59,12.26,direct,,SOL
2022-12-21,12.29,11.9,12.26,1956364.44,23617186.61,12.14,direct,,SOL
2022-12-22,12.19,11.67,12.14,2686800.17,31955868.04,11.81,direct,,SOL
2022-12-23,12.11,11.72,11.81,1938721.32,23013552.95,11.78,direct,,SOL
2022-12-24,11.79,11.12,11.78,3016872.26,34388581.88,11.45,direct,,SOL
2022-12-25,11.55,11.24,11.45,1011401.14,11527341.31,11.39,direct,,SOL
2022-12-26,11.49,11.06,11.39,1632701.61,18413287.33,11.33,direct,,SOL
2022-12-27,11.44,10.72,11.33,2679692.08,29534617.34,11.09,direct,,SOL
2022-12-28,11.12,9.421,11.09,8263399.01,83126895.43,9.759,direct,,SOL
2022-12-29,10.82,8.028,9.759,11474675.57,105345615.42,9.641,direct,,SOL
2022-12-30,10.23,9.03,9.641,12938619.99,124730002.5,9.909,direct,,SOL
2022-12-31,10.18,9.659,9.909,4003762.59,39797226.05,9.952,direct,,SOL
2023-01-01,10.08,9.7,9.952,3717429.17,36647102.13,9.99,direct,,SOL
2023-01-02,11.97,9.791,9.99,6930407.48,76282642.73,11.28,direct,,SOL
2023-01-03,13.8,11.01,11.28,10274568.45,129021571.79,13.39,direct,,SOL
2023-01-04,14.22,12.82,13.39,10543054.16,142824278.08,13.44,direct,,SOL
2023-01-05,13.86,12.95,13.44,4946914.33,65885387.04,13.43,direct,,SOL
2023-01-06,13.59,12.69,13.43,5090840.98,67070233.93,13.5,direct,,SOL
2023-01-07,13.5,13.01,13.5,1903347.69,25215262.79,13.1,direct,,SOL
2023-01-08,14.87,12.85,13.1,5128425.36,69849810.79,14.45,direct,,SOL
2023-01-09,17.52,14.29,14.45,16507038.83,267958729.7,16.26,direct,,SOL
2023-01-10,16.73,15.57,16.26,7263067.41,117343825.18,16.21,direct,,SOL
2023-01-11,16.6,15.29,16.21,5770927.92,91957286.78,16.37,direct,,SOL
2023-01-12,16.97,15.59,16.37,7520429.1,122893887.95,16.6,direct,,SOL
2023-01-13,18.6,16.32,16.6,7751192.4,133083479.97,18.29,direct,,SOL
2023-01-14,24.72,18.21,18.29,19047944.18,426149505.62,24.24,direct,,SOL
2023-01-15,24.91,21.99,24.24,9730791.48,225168855.76,22.88,direct,,SOL
2023-01-16,25.0,22.27,22.88,8315802.17,195373635.91,23.58,direct,,SOL
2023-01-17,23.95,22.72,23.58,5233561.56,122316881.28,22.89,direct,,SOL
2023-01-18,23.62,20.34,22.89,9877415.06,218474162.96,20.81,direct,,SOL
2023-01-19,21.86,20.43,20.81,4845438.93,102839432.43,21.4,direct,,SOL
2023-01-20,25.81,20.93,21.4,7144165.43,164469564.96,25.54,direct,,SOL
2023-01-21,26.46,24.38,25.54,7960756.56,201065652.02,24.57,direct,,SOL
2023-01-22,25.43,23.52,24.57,5113072.36,126726909.34,24.22,direct,,SOL
2023-01-23,24.93,23.76,24.22,4270924.46,104226920.63,24.35,direct,,SOL
2023-01-24,25.21,22.41,24.35,3774704.92,91078716.14,22.77,direct,,SOL
2023-01-25,25.41,22.24,22.77,5284710.97,125431229.78,24.51,direct,,SOL
2023-01-26,25.22,23.79,24.51,3024929.42,74283958.87,24.35,direct,,SOL
2023-01-27,24.95,23.36,24.35,3618766.16,87038058.69,24.44,direct,,SOL
2023-01-28,25.19,23.74,24.44,1813018.67,44093898.41,24.01,direct,,SOL
2023-01-29,26.76,23.73,24.01,4025288.24,102498251.74,26.08,direct,,SOL
2023-01-30,26.32,23.29,26.08,4465263.73,109362775.54,23.97,direct,,SOL
2023-01-31,24.46,23.49,23.97,2511422.16,60266493.82,23.93,direct,,SOL
2023-02-01,25.2,22.51,23.93,4564231.8,108523663.73,25.0,direct,,SOL
2023-02-02,26.14,24.12,25.0,4348122.0,109357957.57,24.32,direct,,SOL
2023-02-03,25.22,24.05,24.32,2855668.52,70127686.77,24.68,direct,,SOL
2023-02-04,24.94,24.2,24.68,935122.41,23004871.92,24.36,direct,,SOL
2023-02-05,24.47,23.05,24.36,1790002.54,42459812.18,23.49,direct,,SOL
2023-02-06,23.73,22.51,23.49,1538910.85,35635388.03,22.69,direct,,SOL
2023-02-07,23.96,22.55,22.69,2381944.06,55393189.81,23.84,direct,,SOL
2023-02-08,24.2,22.81,23.84,1778403.82,41744087.1,23.22,direct,,SOL
2023-02-09,23.34,20.01,23.22,3179112.6,69661953.13,20.47,direct,,SOL
2023-02-10,21.21,19.71,20.47,2528073.07,52209262.99,20.13,direct,,SOL
2023-02-11,20.92,20.11,20.13,1019733.58,20802522.2,20.82,direct,,SOL
2023-02-12,22.43,20.63,20.82,1900438.7,40873349.6,21.51,direct,,SOL
2023-02-13,21.6,19.76,21.51,2763693.25,56902152.93,20.78,direct,,SOL
2023-02-14,22.38,20.69,20.78,3127307.48,67451898.71,21.85,direct,,SOL
2023-02-15,23.98,21.46,21.85,2839483.85,64533089.37,23.87,direct,,SOL
2023-02-16,24.15,22.21,23.87,3444216.87,80695240.37,22.26,direct,,SOL
2023-02-17,23.56,22.04,22.26,2109039.54,48246530.17,23.17,direct,,SOL
2023-02-18,23.92,22.93,23.17,1228432.23,28826528.41,23.47,direct,,SOL
2023-02-19,25.63,23.22,23.47,3095573.15,75989614.31,24.85,direct,,SOL
2023-02-20,27.11,24.13,24.85,4632944.61,120845651.18,26.26,direct,,SOL
2023-02-21,26.61,24.5,26.26,3199162.9,81340386.05,24.98,direct,,SOL
2023-02-22,25.23,23.22,24.98,3502880.85,83511817.6,24.17,direct,,SOL
2023-02-23,24.7,23.61,24.17,2043966.7,49267607.38,23.92,direct,,SOL
2023-02-24,24.14,22.49,23.92,2139995.26,49847752.08,23.08,direct,,SOL
2023-02-25,23.33,21.46,23.07,1497905.13,33529910.0,22.4,direct,,SOL
2023-02-26,23.53,22.24,22.4,1304479.62,29942794.53,23.28,direct,,SOL
2023-02-27,23.41,22.33,23.28,1973417.58,45184748.78,22.67,direct,,SOL
2023-02-28,22.77,21.8,22.67,1713390.02,38176238.55,21.88,direct,,SOL
2023-03-01,22.89,21.7,21.88,1434134.22,32153652.95,22.51,direct,,SOL
2023-03-02,22.66,21.69,22.51,1416151.15,31155232.7,21.99,direct,,SOL
2023-03-03,22.01,20.4,21.99,2171732.67,45763308.65,21.42,direct,,SOL
2023-03-04,21.61,20.3,21.42,764652.14,16101235.47,20.99,direct,,SOL
2023-03-05,21.67,20.84,20.99,1581049.91,33561929.58,20.97,direct,,SOL
2023-03-06,21.16,20.48,20.97,1826091.23,37992113.26,20.62,direct,,SOL
2023-03-07,20.95,19.73,20.62,2629195.67,53461794.67,20.24,direct,,SOL
2023-03-08,20.38,18.14,20.24,4279252.34,81522052.95,18.42,direct,,SOL
2023-03-09,18.75,16.73,18.42,5920710.97,105502413.57,17.35,direct,,SOL
2023-03-10,18.41,16.02,17.35,7733108.26,133416568.37,18.24,direct,,SOL
2023-03-11,19.12,17.05,18.24,3772210.37,67762821.86,18.21,direct,,SOL
2023-03-12,20.63,17.88,18.21,4075182.7,77122006.66,20.32,direct,,SOL
2023-03-13,21.47,18.9,20.32,7637676.58,154278866.04,20.47,direct,,SOL
2023-03-14,22.19,19.85,20.47,6614947.51,139806672.07,20.93,direct,,SOL
2023-03-15,21.55,18.77,20.93,5266573.96,105480852.93,19.32,direct,,SOL
2023-03-16,19.95,18.97,19.32,3042224.88,59302142.14,19.72,direct,,SOL
2023-03-17,21.71,19.47,19.72,4509074.52,91865214.82,21.65,direct,,SOL
2023-03-18,22.92,21.12,21.65,4461864.14,98823416.73,21.26,direct,,SOL
2023-03-19,22.49,21.25,21.26,2423668.46,53174993.02,21.91,direct,,SOL
2023-03-20,23.97,21.45,21.91,6932667.31,158131836.5,22.2,direct,,SOL
2023-03-21,23.37,21.61,22.2,4607824.98,103902403.79,22.61,direct,,SOL
2023-03-22,23.12,21.01,22.61,5038675.7,111854504.66,21.46,direct,,SOL
2023-03-23,22.77,21.16,21.46,3432875.38,75357481.27,22.21,direct,,SOL
2023-03-24,22.3,20.29,22.21,3855459.85,81959121.54,20.68,direct,,SOL
2023-03-25,20.98,20.13,20.68,1062418.1,21914613.98,20.44,direct,,SOL
2023-03-26,21.16,20.32,20.44,869407.51,18161955.85,20.96,direct,,SOL
2023-03-27,20.99,19.4,20.96,1756147.27,35243953.94,19.9,direct,,SOL
2023-03-28,20.84,19.63,19.9,1803506.26,36431195.2,20.45,direct,,SOL
2023-03-29,21.54,20.44,20.45,1701115.2,35819029.71,21.1,direct,,SOL
2023-03-30,21.67,20.18,21.1,2366467.04,49065465.4,20.55,direct,,SOL
2023-03-31,21.47,20.07,20.55,1407617.34,29146172.7,21.18,direct,,SOL
2023-04-01,21.33,20.8,21.18,592761.54,12481791.86,21.09,direct,,SOL
2023-04-02,21.3,20.27,21.09,715367.03,14839982.78,20.53,direct,,SOL
2023-04-03,21.0,19.99,20.53,2415569.79,49295072.75,20.46,direct,,SOL
2023-04-04,21.25,20.31,20.46,1402483.73,29193722.07,20.92,direct,,SOL
2023-04-05,21.34,20.6,20.92,1714081.53,35988153.22,20.97,direct,,SOL
2023-04-06,20.99,20.47,20.97,1020641.45,21103649.71,20.62,direct,,SOL
2023-04-07,20.78,20.25,20.62,847016.28,17326089.33,20.45,direct,,SOL
2023-04-08,20.73,19.9,20.45,1044891.29,21184266.69,20.04,direct,,SOL
2023-04-09,20.44,19.91,20.04,538604.59,10861936.2,20.3,direct,,SOL
2023-04-10,20.96,20.1,20.3,1381946.13,28388587.74,20.92,direct,,SOL
2023-04-11,23.72,20.84,20.92,5608131.28,126780895.13,23.01,direct,,SOL
2023-04-12,24.46,22.35,23.01,4964985.22,117722766.49,23.82,direct,,SOL
2023-04-13,25.28,23.67,23.82,2798703.2,68585785.02,24.46,direct,,SOL
2023-04-14,25.51,23.77,24.46,3760093.83,92969648.16,24.74,direct,,SOL
2023-04-15,24.81,23.84,24.74,1355818.97,32891798.3,24.07,direct,,SOL
2023-04-16,25.49,23.86,24.07,1625974.06,40213832.09,25.37,direct,,SOL
2023-04-17,26.01,24.36,25.37,3259936.44,81961192.67,24.59,direct,,SOL
2023-04-18,25.45,24.0,24.59,2170782.91,53803144.87,24.83,direct,,SOL
2023-04-19,24.99,22.04,24.83,3985053.68,92776194.64,22.69,direct,,SOL
2023-04-20,23.16,21.58,22.69,3492673.13,78185771.48,22.2,direct,,SOL
2023-04-21,22.4,21.01,22.2,2615328.96,56782181.04,21.26,direct,,SOL
2023-04-22,21.98,21.06,21.26,950674.06,20527868.75,21.8,direct,,SOL
2023-04-23,22.24,20.98,21.8,1124806.65,24344602.93,21.47,direct,,SOL
2023-04-24,22.0,21.02,21.47,1394822.59,30024773.27,21.39,direct,,SOL
2023-04-25,21.95,20.75,21.39,1475990.8,31254976.32,21.94,direct,,SOL
2023-04-26,22.96,20.43,21.94,2877703.99,63029739.16,21.28,direct,,SOL
2023-04-27,22.54,21.2,21.28,2199862.29,48364472.73,22.33,direct,,SOL
2023-04-28,23.5,22.19,22.33,2361233.18,54054779.7,23.36,direct,,SOL
2023-04-29,23.82,22.95,23.36,1246144.51,29132997.69,23.2,direct,,SOL
2023-04-30,23.97,22.7,23.2,1372844.49,31981627.77,22.73,direct,,SOL
2023-05-01,22.88,21.59,22.73,1929816.28,42585381.91,21.97,direct,,SOL
2023-05-02,22.4,21.76,21.97,1310200.69,28972915.43,22.27,direct,,SOL
2023-05-03,22.3,21.25,22.27,1728560.62,37563066.09,22.24,direct,,SOL
2023-05-04,22.53,21.63,22.24,1275932.05,28165584.11,21.74,direct,,SOL
2023-05-05,23.07,21.66,21.74,2098591.65,46964188.54,22.85,direct,,SOL
2023-05-06,23.27,21.63,22.85,1641310.48,36824163.55,21.97,direct,,SOL
2023-05-07,22.8,21.69,21.97,1444135.14,32133191.65,21.7,direct,,SOL
2023-05-08,21.85,20.06,21.7,2754289.26,57885042.91,20.69,direct,,SOL
2023-05-09,21.06,20.4,20.69,1170238.48,24205886.44,20.69,direct,,SOL
2023-05-10,21.32,19.99,20.69,2069780.53,43034997.18,20.94,direct,,SOL
2023-05-11,20.95,19.8,20.94,1571469.04,31817109.46,20.2,direct,,SOL
2023-05-12,20.97,19.83,20.2,1961429.09,40004621.46,20.92,direct,,SOL
2023-05-13,21.29,20.79,20.92,896741.65,18828252.98,20.85,direct,,SOL
2023-05-14,21.26,20.64,20.85,820782.42,17197778.23,20.94,direct,,SOL
2023-05-15,21.52,20.62,20.94,1661879.18,35279719.01,20.99,direct,,SOL
2023-05-16,21.14,20.44,20.99,1562256.05,32457511.93,20.68,direct,,SOL
2023-05-17,21.19,20.43,20.68,1359624.9,28298787.6,21.06,direct,,SOL
2023-05-18,21.09,20.1,21.06,1563014.63,32272526.21,20.34,direct,,SOL
2023-05-19,20.58,20.24,20.34,598027.59,12203577.97,20.35,direct,,SOL
2023-05-20,20.36,20.12,20.35,589006.63,11923047.85,20.28,direct,,SOL
2023-05-21,20.39,19.44,20.28,875157.36,17454049.85,19.62,direct,,SOL
2023-05-22,20.02,19.31,19.62,1295260.86,25489243.68,19.53,direct,,SOL
2023-05-23,20.17,19.42,19.53,1164625.73,23202696.19,20.03,direct,,SOL
2023-05-24,20.06,18.78,20.03,1609688.29,31051416.29,19.22,direct,,SOL
2023-05-25,19.54,18.8,19.22,941891.4,18163214.76,19.25,direct,,SOL
2023-05-26,19.56,19.09,19.25,580973.24,11249226.94,19.36,direct,,SOL
2023-05-27,20.53,19.34,19.36,693897.83,13822990.28,20.44,direct,,SOL
2023-05-28,21.18,20.31,20.44,1122610.37,23232716.4,20.82,direct,,SOL
2023-05-29,20.99,20.28,20.82,971645.92,20052767.19,20.59,direct,,SOL
2023-05-30,21.43,20.48,20.59,1940379.13,40908061.48,21.27,direct,,SOL
2023-05-31,21.34,20.41,21.27,1220068.9,25266396.22,20.82,direct,,SOL
2023-06-01,20.99,20.43,20.82,915884.5,18968372.25,20.51,direct,,SOL
2023-06-02,21.37,20.32,20.51,1072349.98,22584893.94,21.26,direct,,SOL
2023-06-03,21.36,20.99,21.26,585145.78,12378952.47,21.21,direct,,SOL
2023-06-04,22.31,21.05,21.21,1339500.05,29292770.7,21.82,direct,,SOL
2023-06-05,22.06,19.23,21.82,3154591.96,64969446.79,20.02,direct,,SOL
2023-06-06,20.7,19.26,20.02,2091853.4,41826894.8,20.4,direct,,SOL
2023-06-07,20.54,18.53,20.4,2314791.72,45027331.01,18.63,direct,,SOL
2023-06-08,19.1,18.26,18.63,907949.52,17007325.0,18.89,direct,,SOL
2023-06-09,19.36,17.11,18.89,2121056.34,38653266.03,17.4,direct,,SOL
2023-06-10,17.41,13.13,17.4,5812236.49,87734042.11,15.64,direct,,SOL
2023-06-11,16.17,15.13,15.64,1411842.79,22042187.49,15.55,direct,,SOL
2023-06-12,15.68,14.75,15.55,1420312.63,21542962.86,15.18,direct,,SOL
2023-06-13,15.99,14.77,15.18,1422396.31,21634642.46,15.03,direct,,SOL
2023-06-14,15.35,14.12,15.03,1261873.28,18714703.42,14.48,direct,,SOL
2023-06-15,15.05,14.17,14.48,1283928.79,18794111.23,14.77,direct,,SOL
2023-06-16,15.45,14.43,14.77,1447075.02,21834878.39,15.32,direct,,SOL
2023-06-17,16.1,15.16,15.32,861853.97,13524308.08,15.65,direct,,SOL
2023-06-18,15.84,15.31,15.65,491829.19,7678517.01,15.43,direct,,SOL
2023-06-19,16.13,15.36,15.43,733133.44,11503860.1,16.1,direct,,SOL
2023-06-20,16.68,15.73,16.1,1517960.76,24582953.16,16.65,direct,,SOL
2023-06-21,17.41,16.57,16.65,2236078.72,37898015.32,17.24,direct,,SOL
2023-06-22,17.74,16.58,17.24,1315581.03,22524007.25,16.64,direct,,SOL
2023-06-23,17.55,16.19,16.64,2379666.35,40268531.07,17.15,direct,,SOL
2023-06-24,17.53,16.43,17.15,1235574.01,20935133.45,16.66,direct,,SOL
2023-06-25,17.38,16.58,16.66,1147278.85,19569809.93,16.97,direct,,SOL
2023-06-26,17.12,15.95,16.97,1436529.07,23801525.98,16.28,direct,,SOL
2023-06-27,16.93,16.14,16.28,1294930.16,21477234.38,16.63,direct,,SOL
2023-06-28,16.64,15.7,16.63,1747808.88,28247031.46,15.98,direct,,SOL
2023-06-29,18.27,15.87,15.98,2625741.97,45742590.16,17.99,direct,,SOL
2023-06-30,19.99,17.11,17.99,3056516.32,57111782.57,18.86,direct,,SOL
2023-07-01,19.01,17.91,18.86,1014465.05,18636372.45,18.71,direct,,SOL
2023-07-02,19.73,18.55,18.71,1577118.75,30247022.04,19.46,direct,,SOL
2023-07-03,19.65,18.87,19.46,1005093.69,19337839.73,19.27,direct,,SOL
2023-07-04,19.94,19.08,19.27,1029507.55,20030489.41,19.15,direct,,SOL
2023-07-05,19.39,18.45,19.15,1162282.9,21870944.05,19.0,direct,,SOL
2023-07-06,20.97,18.75,19.0,3637283.11,72288329.57,19.61,direct,,SOL
2023-07-07,21.7,19.27,19.61,3377031.9,69662085.33,21.51,direct,,SOL
2023-07-08,22.46,21.32,21.51,1959912.0,42760105.1,21.82,direct,,SOL
2023-07-09,22.35,21.01,21.82,1182257.39,25582748.11,21.33,direct,,SOL
2023-07-10,21.8,20.51,21.33,2078003.91,44008856.3,21.3,direct,,SOL
2023-07-11,22.34,21.22,21.3,1390885.71,30543363.66,22.07,direct,,SOL
2023-07-12,22.74,21.77,22.07,2038635.95,45421393.05,21.93,direct,,SOL
2023-07-13,26.79,21.44,21.93,4578046.59,112040102.88,26.02,direct,,SOL
2023-07-14,32.06,25.25,26.02,5914617.83,164647403.53,26.7,direct,,SOL
2023-07-15,29.1,26.51,26.7,2780586.56,77616992.04,27.45,direct,,SOL
2023-07-16,28.61,26.54,27.45,2089861.89,58227603.37,27.43,direct,,SOL
2023-07-17,28.47,25.61,27.43,2941926.93,79483808.38,26.83,direct,,SOL
2023-07-18,27.09,24.76,26.83,2439766.61,62512632.88,25.56,direct,,SOL
2023-07-19,26.99,25.37,25.56,2475618.52,65210080.97,26.31,direct,,SOL
2023-07-20,27.35,25.05,26.31,2241363.03,58814482.45,25.36,direct,,SOL
2023-07-21,26.01,25.07,25.36,1304691.93,33312386.28,25.51,direct,,SOL
2023-07-22,25.97,24.09,25.51,938917.66,23659080.27,24.52,direct,,SOL
2023-07-23,25.25,24.16,24.52,1196929.41,29589539.29,24.76,direct,,SOL
2023-07-24,24.83,22.87,24.76,1723093.66,40698588.87,23.37,direct,,SOL
2023-07-25,24.0,22.75,23.37,1322488.01,30784991.58,23.29,direct,,SOL
2023-07-26,25.65,23.18,23.29,2122730.31,52095173.98,25.18,direct,,SOL
2023-07-27,25.65,24.68,25.18,1602133.72,40265979.19,25.1,direct,,SOL
2023-07-28,25.52,24.52,25.1,1367070.84,34151035.91,24.81,direct,,SOL
2023-07-29,25.38,24.74,24.81,766106.34,19243067.28,25.16,direct,,SOL
2023-07-30,25.21,23.55,25.16,1208100.93,29669821.01,24.25,direct,,SOL
2023-07-31,24.79,23.54,24.25,1307825.71,31654208.04,23.72,direct,,SOL
2023-08-01,24.05,22.81,23.72,1443334.09,33853632.94,24.05,direct,,SOL
2023-08-02,24.27,22.87,24.05,1324116.92,31130414.83,23.14,direct,,SOL
2023-08-03,23.38,22.49,23.14,995059.72,22727563.66,22.62,direct,,SOL
2023-08-04,23.55,22.5,22.62,1252802.79,28854342.0,22.77,direct,,SOL
2023-08-05,22.91,22.22,22.77,561125.87,12695627.31,22.63,direct,,SOL
2023-08-06,23.44,22.57,22.63,797415.07,18382691.2,23.18,direct,,SOL
2023-08-07,23.61,22.33,23.18,817463.93,18743749.83,23.11,direct,,SOL
2023-08-08,24.77,23.01,23.11,1786984.87,42680496.83,24.21,direct,,SOL
2023-08-09,25.0,24.1,24.21,1347180.87,33110965.79,24.37,direct,,SOL
2023-08-10,24.88,24.11,24.37,788164.54,19294073.76,24.59,direct,,SOL
2023-08-11,24.89,24.32,24.59,820520.52,20166257.71,24.61,direct,,SOL
2023-08-12,25.18,24.38,24.61,643368.17,15910138.7,24.91,direct,,SOL
2023-08-13,24.94,24.19,24.91,512075.85,12589055.27,24.21,direct,,SOL
2023-08-14,25.28,24.05,24.21,1242430.01,30722289.89,25.17,direct,,SOL
2023-08-15,25.34,23.72,25.17,1419406.92,34606007.26,23.88,direct,,SOL
2023-08-16,24.0,22.38,23.88,1634691.24,37954695.37,22.79,direct,,SOL
2023-08-17,23.4,20.27,22.79,2361854.32,52640360.75,21.69,direct,,SOL
2023-08-18,22.19,20.92,21.69,1416246.63,30663247.45,21.33,direct,,SOL
2023-08-19,22.16,21.29,21.33,630110.33,13716213.39,21.89,direct,,SOL
2023-08-20,22.03,21.58,21.89,397985.71,8673017.32,21.77,direct,,SOL
2023-08-21,21.77,20.35,21.77,1222088.13,25814784.74,21.2,direct,,SOL
2023-08-22,21.27,19.37,21.2,1454890.19,29694314.02,20.56,direct,,SOL
2023-08-23,21.81,20.38,20.56,1538625.65,32454156.7,21.73,direct,,SOL
2023-08-24,22.02,20.68,21.73,1116271.21,23861293.23,21.05,direct,,SOL
2023-08-25,21.05,20.08,21.05,938883.12,19229716.09,20.42,direct,,SOL
2023-08-26,20.43,20.18,20.42,288121.33,5846199.1,20.28,direct,,SOL
2023-08-27,20.9,20.23,20.28,421942.32,8703634.15,20.79,direct,,SOL
2023-08-28,20.79,20.03,20.79,747164.4,15293473.06,20.55,direct,,SOL
2023-08-29,22.02,20.11,20.55,2009874.66,43104524.43,21.79,direct,,SOL
2023-08-30,21.99,20.61,21.79,1126289.83,23853899.07,20.82,direct,,SOL
2023-08-31,21.05,19.43,20.82,2036894.53,40987465.06,19.73,direct,,SOL
2023-09-01,19.92,19.03,19.73,1308254.33,25529022.64,19.32,direct,,SOL
2023-09-02,19.68,19.14,19.32,477963.05,9303242.26,19.49,direct,,SOL
2023-09-03,19.66,19.24,19.49,480251.45,9355187.04,19.57,direct,,SOL
2023-09-04,20.02,19.18,19.57,732674.12,14340090.33,19.51,direct,,SOL
2023-09-05,20.57,19.04,19.51,1607009.67,32071933.35,20.26,direct,,SOL
2023-09-06,20.37,19.15,20.26,1185166.35,23346044.78,19.64,direct,,SOL
2023-09-07,19.99,19.32,19.64,889595.8,17484240.88,19.91,direct,,SOL
2023-09-08,20.28,19.36,19.91,808577.24,15951678.76,19.61,direct,,SOL
2023-09-09,19.61,19.37,19.61,321230.59,6265388.01,19.44,direct,,SOL
2023-09-10,19.44,17.81,19.44,1945067.71,35702570.25,18.24,direct,,SOL
2023-09-11,18.45,17.36,18.24,1976191.67,35117993.35,17.72,direct,,SOL
2023-09-12,18.78,17.57,17.72,1802892.84,32553058.8,17.92,direct,,SOL
2023-09-13,18.56,17.69,17.92,1793641.37,32656406.15,18.4,direct,,SOL
2023-09-14,19.32,18.4,18.4,1430116.4,27057514.48,18.86,direct,,SOL
2023-09-15,19.49,18.56,18.86,1214263.19,23027812.86,19.14,direct,,SOL
2023-09-16,19.44,18.88,19.14,551791.81,10552890.07,19.13,direct,,SOL
2023-09-17,19.14,18.66,19.13,378311.32,7150337.15,18.82,direct,,SOL
2023-09-18,20.14,18.61,18.82,1611968.16,31623524.0,19.66,direct,,SOL
2023-09-19,20.38,19.58,19.66,1062962.62,21278349.73,20.04,direct,,SOL
2023-09-20,20.51,19.81,20.04,1284276.46,25908280.08,20.29,direct,,SOL
2023-09-21,20.3,19.28,20.29,1467070.34,28829909.47,19.46,direct,,SOL
2023-09-22,19.79,19.17,19.46,820242.58,15987737.87,19.42,direct,,SOL
2023-09-23,19.57,19.29,19.42,431831.79,8393642.55,19.48,direct,,SOL
2023-09-24,19.67,19.22,19.48,410654.26,8015635.64,19.36,direct,,SOL
2023-09-25,19.74,19.1,19.36,858896.0,16737951.03,19.39,direct,,SOL
2023-09-26,19.51,18.84,19.39,846679.45,16268094.95,19.02,direct,,SOL
2023-09-27,19.46,18.74,19.02,1372952.7,26271842.25,19.12,direct,,SOL
2023-09-28,20.03,19.09,19.12,1544820.78,30020126.04,19.98,direct,,SOL
2023-09-29,20.45,19.86,19.98,905087.12,18287661.5,20.27,direct,,SOL
2023-09-30,21.79,20.09,20.27,1321666.39,27753526.18,21.36,direct,,SOL
2023-10-01,24.46,21.14,21.36,2233871.47,51515877.22,23.86,direct,,SOL
2023-10-02,24.74,22.92,23.86,2408171.34,57631896.87,23.36,direct,,SOL
2023-10-03,24.73,23.23,23.36,1850792.47,44313437.63,23.61,direct,,SOL
2023-10-04,23.83,22.61,23.61,1435741.8,33230796.08,23.14,direct,,SOL
2023-10-05,23.88,22.59,23.14,1162725.38,26913048.75,22.69,direct,,SOL
2023-10-06,23.76,22.67,22.69,1178779.29,27488403.68,23.43,direct,,SOL
2023-10-07,24.18,23.11,23.43,739403.07,17404929.6,23.31,direct,,SOL
2023-10-08,23.64,23.09,23.31,440585.97,10295141.16,23.24,direct,,SOL
2023-10-09,23.37,21.65,23.24,1136882.41,25496746.65,22.1,direct,,SOL
2023-10-10,22.48,21.71,22.1,774347.69,17074119.8,22.11,direct,,SOL
2023-10-11,22.4,21.61,22.11,1142643.46,25221990.12,22.01,direct,,SOL
2023-10-12,22.03,20.96,22.01,916509.56,19583055.27,21.29,direct,,SOL
2023-10-13,22.19,21.11,21.29,870966.29,18821343.42,21.84,direct,,SOL
2023-10-14,22.23,21.81,21.84,396634.65,8730327.7,22.0,direct,,SOL
2023-10-15,22.17,21.67,22.0,529238.23,11587038.61,21.94,direct,,SOL
2023-10-16,24.79,21.91,21.94,2541698.47,59575012.95,23.97,direct,,SOL
2023-10-17,24.55,23.49,23.97,1674379.25,40260870.09,23.95,direct,,SOL
2023-10-18,24.41,23.36,23.95,1420938.64,33897231.35,23.42,direct,,SOL
2023-10-19,25.62,23.15,23.42,2406067.46,59242355.89,24.94,direct,,SOL
2023-10-20,27.43,24.75,24.94,3468950.93,92114809.85,27.04,direct,,SOL
2023-10-21,30.27,26.67,27.04,2991552.15,86353042.15,29.33,direct,,SOL
2023-10-22,30.01,28.1,29.33,1608197.72,46532806.5,29.05,direct,,SOL
2023-10-23,32.73,28.76,29.05,4378223.71,132600620.07,31.92,direct,,SOL
2023-10-24,32.58,29.53,31.92,4102788.47,128051981.3,30.18,direct,,SOL
2023-10-25,33.87,30.01,30.18,3634002.55,117811341.25,32.44,direct,,SOL
2023-10-26,33.26,30.73,32.44,3602522.13,115265505.83,32.77,direct,,SOL
2023-10-27,33.34,31.31,32.77,2602715.95,84040760.73,31.74,direct,,SOL
2023-10-28,32.51,31.41,31.74,895214.24,28597328.1,31.65,direct,,SOL
2023-10-29,33.16,31.31,31.65,1709954.89,55670650.67,32.84,direct,,SOL
2023-10-30,35.31,32.47,32.84,2933481.31,100384070.0,34.95,direct,,SOL
2023-10-31,38.6,34.85,34.95,4650049.16,169712692.65,38.43,direct,,SOL
2023-11-01,46.84,37.95,38.43,8116786.07,334965726.75,41.17,direct,,SOL
2023-11-02,44.56,38.67,41.17,4749394.27,197689376.99,40.25,direct,,SOL
2023-11-03,40.25,38.05,40.25,3296064.46,129114847.09,39.48,direct,,SOL
2023-11-04,42.75,39.02,39.48,2287886.52,94716495.59,42.44,direct,,SOL
2023-11-05,42.86,40.3,42.44,2111833.09,87552035.77,41.2,direct,,SOL
2023-11-06,42.21,39.7,41.2,2754587.45,112100517.99,42.17,direct,,SOL
2023-11-07,44.74,40.12,42.17,4781663.11,203308997.07,42.95,direct,,SOL
2023-11-08,43.87,42.28,42.95,2380040.47,102557463.03,43.13,direct,,SOL
2023-11-09,48.87,42.53,43.13,6781704.76,309437660.84,45.31,direct,,SOL
2023-11-10,57.63,45.08,45.31,7278326.54,371407805.39,56.72,direct,,SOL
2023-11-11,63.93,53.63,56.72,7115870.27,415819053.43,56.34,direct,,SOL
2023-11-12,61.88,54.54,56.34,5073260.37,292290056.31,56.3,direct,,SOL
2023-11-13,59.83,51.6,56.3,5403756.91,301609244.17,51.61,direct,,SOL
2023-11-14,57.93,51.31,51.61,5262722.34,288902544.79,56.83,direct,,SOL
2023-11-15,67.14,56.16,56.83,5620312.18,348592966.36,65.5,direct,,SOL
2023-11-16,68.16,56.39,65.5,6712799.49,418696390.74,57.78,direct,,SOL
2023-11-17,60.54,54.13,57.78,4487250.02,259607985.44,58.54,direct,,SOL
2023-11-18,59.38,54.74,58.54,2839537.88,163809263.96,58.58,direct,,SOL
2023-11-19,62.18,56.67,58.58,3337724.11,200925705.62,61.13,direct,,SOL
2023-11-20,61.34,56.04,61.13,3374622.1,198524500.57,56.6,direct,,SOL
2023-11-21,57.39,51.31,56.6,3993313.41,218119382.59,51.66,direct,,SOL
2023-11-22,58.93,51.49,51.66,3451493.22,192027796.52,57.58,direct,,SOL
2023-11-23,59.56,56.16,57.58,2295819.29,132106603.86,56.46,direct,,SOL
2023-11-24,58.76,56.19,56.46,2232457.82,128511879.05,56.86,direct,,SOL
2023-11-25,59.76,55.91,56.86,2067644.77,121055670.65,58.83,direct,,SOL
2023-11-26,59.06,56.18,58.83,1776284.86,102471353.5,57.57,direct,,SOL
2023-11-27,58.05,53.5,57.57,2500264.88,138158993.79,55.07,direct,,SOL
2023-11-28,58.7,53.95,55.07,2347668.64,133449361.42,58.21,direct,,SOL
2023-11-29,61.79,57.75,58.21,3214181.98,192338149.07,59.29,direct,,SOL
2023-11-30,61.69,58.77,59.29,1684249.99,101024323.81,59.28,direct,,SOL
2023-12-01,61.89,58.64,59.28,1933755.73,116934396.27,59.78,direct,,SOL
2023-12-02,63.92,59.7,59.78,1942632.97,120751779.39,63.71,direct,,SOL
2023-12-03,65.54,62.27,63.71,2599233.83,165325950.81,63.0,direct,,SOL
2023-12-04,65.24,59.47,63.0,3982968.5,248450635.97,61.58,direct,,SOL
2023-12-05,62.56,59.14,61.58,2436850.56,148106810.76,61.01,direct,,SOL
2023-12-06,66.61,61.01,61.01,3825390.72,243125138.39,61.86,direct,,SOL
2023-12-07,69.41,61.65,61.86,4060250.22,266641722.61,67.78,direct,,SOL
2023-12-08,75.3,67.78,67.78,4191094.5,302233341.73,74.94,direct,,SOL
2023-12-09,77.75,71.63,74.94,3662524.57,274764488.15,72.25,direct,,SOL
2023-12-10,74.87,70.67,72.25,2448216.03,178843239.76,74.81,direct,,SOL
2023-12-11,74.93,65.87,74.81,4436831.66,308479568.76,70.24,direct,,SOL
2023-12-12,72.44,65.75,70.24,3105047.56,215905905.74,68.54,direct,,SOL
2023-12-13,73.26,63.76,68.54,3170616.88,216654897.34,70.63,direct,,SOL
2023-12-14,76.23,68.45,70.63,3034526.84,219979414.24,75.68,direct,,SOL
2023-12-15,79.44,72.09,75.68,3412317.82,258890929.58,72.52,direct,,SOL
2023-12-16,77.17,71.18,72.52,2435607.52,180819746.35,73.67,direct,,SOL
2023-12-17,74.9,70.42,73.67,2008361.11,146257335.89,70.77,direct,,SOL
2023-12-18,75.46,67.08,70.77,3100244.04,219825107.3,74.41,direct,,SOL
2023-12-19,76.3,71.78,74.41,2419136.85,179576744.2,73.02,direct,,SOL
2023-12-20,84.12,72.96,73.02,4832819.52,383777008.35,82.23,direct,,SOL
2023-12-21,95.61,81.09,82.23,4945843.27,440410282.27,93.89,direct,,SOL
2023-12-22,99.54,90.34,93.89,5020448.85,480720090.97,98.01,direct,,SOL
2023-12-23,110.0,92.93,98.01,3597164.57,362619938.06,107.95,direct,,SOL
2023-12-24,118.04,107.41,107.95,5562390.38,628208432.61,112.54,direct,,SOL
2023-12-25,125.95,108.04,112.54,4275805.98,503068530.81,120.95,direct,,SOL
2023-12-26,121.32,102.17,120.95,5175768.18,579248989.42,112.48,direct,,SOL
2023-12-27,115.32,104.83,112.48,3771780.65,413243902.0,106.93,direct,,SOL
2023-12-28,109.66,97.11,106.93,4160920.18,425584617.17,101.85,direct,,SOL
2023-12-29,109.92,99.56,101.85,3904141.42,413104821.04,106.19,direct,,SOL
2023-12-30,107.42,100.74,106.19,1142643.64,118196065.17,101.9,direct,,SOL
2023-12-31,105.14,99.44,101.9,1494163.59,153333876.77,101.73,direct,,SOL
2024-01-01,110.25,101.48,101.73,1753352.59,185540221.33,110.02,direct,,SOL
2024-01-02,117.0,106.05,110.02,3028143.75,336798402.45,106.76,direct,,SOL
2024-01-03,109.96,84.21,106.76,4773846.78,473070625.93,98.59,direct,,SOL
2024-01-04,108.13,96.77,98.59,2585745.87,265350577.19,105.02,direct,,SOL
2024-01-05,105.48,95.4,105.02,2281511.48,227782153.75,100.01,direct,,SOL
2024-01-06,100.31,91.66,100.01,1636157.59,155614848.08,93.83,direct,,SOL
2024-01-07,96.81,87.87,93.83,2094142.32,194515458.54,89.49,direct,,SOL
2024-01-08,99.98,85.49,89.49,4173838.33,387659355.78,98.01,direct,,SOL
2024-01-09,104.15,95.45,98.01,3129752.84,312351025.26,99.45,direct,,SOL
2024-01-10,105.6,92.23,99.45,3474342.48,339477432.84,102.01,direct,,SOL
2024-01-11,107.19,97.55,102.01,3594533.54,365424742.88,99.9,direct,,SOL
2024-01-12,100.47,86.94,99.9,2731880.98,260070066.81,92.06,direct,,SOL
2024-01-13,97.29,89.53,92.06,1888782.34,176768882.52,95.84,direct,,SOL
2024-01-14,104.4,93.68,95.84,2987574.61,292699629.29,93.8,direct,,SOL
2024-01-15,96.89,93.01,93.8,1536863.86,146162213.98,94.32,direct,,SOL
2024-01-16,98.69,94.1,94.32,1246224.56,120612864.67,97.59,direct,,SOL
2024-01-17,102.7,96.72,97.59,2974026.0,298186323.38,102.07,direct,,SOL
2024-01-18,103.45,91.48,102.07,2507855.75,243385487.07,94.31,direct,,SOL
2024-01-19,95.34,87.02,94.31,2574171.47,236970884.44,93.59,direct,,SOL
2024-01-20,94.13,90.17,93.59,907320.39,83748239.1,92.75,direct,,SOL
2024-01-21,93.85,90.74,92.75,707411.46,65332591.64,91.0,direct,,SOL
2024-01-22,91.83,82.01,91.0,2534638.92,219210749.54,83.74,direct,,SOL
2024-01-23,85.87,78.91,83.74,2763767.53,225799604.31,84.29,direct,,SOL
2024-01-24,89.37,83.29,84.29,2063990.75,178313499.48,88.74,direct,,SOL
2024-01-25,89.54,85.07,88.74,1575341.86,137852670.3,86.86,direct,,SOL
2024-01-26,93.68,85.91,86.86,1916390.82,174425970.74,92.23,direct,,SOL
2024-01-27,94.62,90.69,92.23,1151145.31,106729187.42,94.26,direct,,SOL
2024-01-28,99.42,93.48,94.26,1942018.87,186982453.62,95.97,direct,,SOL
2024-01-29,101.95,95.07,95.97,2399982.82,238040517.8,101.67,direct,,SOL
2024-01-30,106.39,100.99,101.67,2865235.34,297805475.9,101.4,direct,,SOL
2024-01-31,102.72,95.89,101.4,3299222.52,328718164.93,96.89,direct,,SOL
2024-02-01,98.84,93.02,96.89,2899480.93,276962628.41,97.78,direct,,SOL
2024-02-02,102.47,97.4,97.78,2381171.63,237623484.03,100.51,direct,,SOL
2024-02-03,101.15,96.62,100.51,1251226.24,123482853.55,97.9,direct,,SOL
2024-02-04,98.51,95.08,97.9,916263.67,88845759.37,95.42,direct,,SOL
2024-02-05,98.57,94.14,95.42,1360129.72,130720524.4,95.5,direct,,SOL
2024-02-06,97.87,93.1,95.5,1832377.68,175268770.87,96.85,direct,,SOL
2024-02-07,101.5,94.6,96.85,1675225.09,163367999.65,101.11,direct,,SOL
2024-02-08,105.13,100.54,101.11,2961750.19,304200342.32,102.79,direct,,SOL
2024-02-09,109.13,102.79,102.79,2689589.25,284133095.94,106.96,direct,,SOL
2024-02-10,110.97,106.94,106.96,1753730.3,191350917.01,109.07,direct,,SOL
2024-02-11,110.68,107.33,109.07,1135456.26,123656050.35,107.48,direct,,SOL
2024-02-12,112.24,103.46,107.48,2235550.7,242583696.4,111.73,direct,,SOL
2024-02-13,115.1,108.36,111.73,2138076.66,240524754.18,112.57,direct,,SOL
2024-02-14,118.71,110.7,112.57,1901125.78,219814138.14,117.11,direct,,SOL
2024-02-15,118.44,111.61,117.11,1958978.0,225648861.95,113.61,direct,,SOL
2024-02-16,114.28,108.03,113.61,1408956.63,156412743.41,110.4,direct,,SOL
2024-02-17,111.13,105.68,110.4,822029.62,89174506.03,108.96,direct,,SOL
2024-02-18,114.05,107.57,108.96,960396.13,107084480.34,112.24,direct,,SOL
2024-02-19,114.86,110.83,112.24,1284460.86,144565964.11,111.55,direct,,SOL
2024-02-20,112.1,103.88,111.55,2014368.68,217470943.74,108.35,direct,,SOL
2024-02-21,108.38,100.22,108.35,1858687.39,192848425.31,105.06,direct,,SOL
2024-02-22,107.07,101.48,105.06,1537293.27,160312191.72,101.69,direct,,SOL
2024-02-23,103.05,98.71,101.69,1093369.63,110488508.04,99.89,direct,,SOL
2024-02-24,104.74,98.5,99.89,864089.21,88103065.8,104.04,direct,,SOL
2024-02-25,104.38,102.08,104.04,612514.78,63235359.07,103.47,direct,,SOL
2024-02-26,110.82,100.32,103.47,2201116.73,234405451.59,109.97,direct,,SOL
2024-02-27,112.48,105.4,109.97,2166597.78,237619397.53,108.42,direct,,SOL
2024-02-28,118.98,107.38,108.42,4063477.99,459270090.34,118.98,direct,,SOL
2024-02-29,134.67,117.35,118.98,5232885.6,665347674.19,125.7,direct,,SOL
2024-03-01,137.78,125.69,125.7,3056433.36,405596832.0,129.52,direct,,SOL
2024-03-02,131.68,127.44,129.52,1729633.33,223568738.39,130.15,direct,,SOL
2024-03-03,132.19,124.87,130.15,1631666.87,210788622.11,130.25,direct,,SOL
2024-03-04,134.99,127.68,130.25,2761772.61,361205369.22,133.36,direct,,SOL
2024-03-05,142.73,109.61,133.36,5819194.17,756083326.32,125.58,direct,,SOL
2024-03-06,134.92,120.3,125.58,2960573.63,381104039.91,130.89,direct,,SOL
2024-03-07,149.62,130.71,130.89,4344593.82,619872518.48,144.07,direct,,SOL
2024-03-08,152.94,142.01,144.07,2858030.19,419104630.15,145.11,direct,,SOL
2024-03-09,149.44,144.02,145.11,1037218.87,151869088.32,144.58,direct,,SOL
2024-03-10,148.71,140.67,144.58,1396613.74,202638116.85,144.56,direct,,SOL
2024-03-11,150.14,137.06,144.56,2595829.07,379112837.22,148.87,direct,,SOL
2024-03-12,154.99,141.84,148.87,3186761.63,476778765.92,151.05,direct,,SOL
2024-03-13,166.88,148.82,151.05,2784396.44,438432386.35,163.93,direct,,SOL
2024-03-14,178.29,159.2,163.93,3815862.32,642377349.09,176.64,direct,,SOL
2024-03-15,188.85,164.95,176.64,5992284.32,1068149417.11,183.84,direct,,SOL
2024-03-16,197.8,176.91,183.84,4152263.36,776064550.46,181.95,direct,,SOL
2024-03-17,204.17,178.58,181.95,3190995.11,611428210.5,201.69,direct,,SOL
2024-03-18,209.86,193.87,201.69,3655288.14,738658423.4,195.91,direct,,SOL
2024-03-19,198.63,165.62,195.91,5486398.45,988024751.1,169.91,direct,,SOL
2024-03-20,193.24,162.49,169.91,4067827.52,717577531.6,191.92,direct,,SOL
2024-03-21,195.72,175.88,191.92,2530828.31,472190949.04,179.44,direct,,SOL
2024-03-22,181.81,167.64,179.44,1892655.19,328015603.27,175.17,direct,,SOL
2024-03-23,178.93,170.28,175.17,1348782.66,236161266.4,172.72,direct,,SOL
2024-03-24,186.75,171.44,172.72,1516114.9,270312536.09,183.79,direct,,SOL
2024-03-25,194.53,181.02,183.79,2348938.53,444048366.86,189.01,direct,,SOL
2024-03-26,196.81,186.31,189.01,1793107.63,343629444.01,190.47,direct,,SOL
2024-03-27,192.63,180.1,190.47,2075050.92,386127087.76,186.23,direct,,SOL
2024-03-28,190.93,180.77,186.23,1565753.27,291160759.22,189.67,direct,,SOL
2024-03-29,193.04,183.31,189.67,1480147.05,277302542.62,192.19,direct,,SOL
2024-03-30,199.96,190.97,192.19,1358815.59,266404556.59,194.28,direct,,SOL
2024-03-31,203.1,193.84,194.28,1217337.57,240974694.62,202.43,direct,,SOL
2024-04-01,204.24,187.09,202.43,1936685.59,376518362.86,192.35,direct,,SOL
2024-04-02,192.37,175.94,192.35,2429746.49,443999027.53,181.52,direct,,SOL
2024-04-03,191.96,177.05,181.52,1509273.86,282324677.0,185.14,direct,,SOL
2024-04-04,190.17,180.32,185.14,1393893.78,258314841.26,184.09,direct,,SOL
2024-04-05,185.17,168.07,184.09,2150780.64,376609057.73,174.46,direct,,SOL
2024-04-06,179.78,173.65,174.46,982039.9,173682508.16,178.74,direct,,SOL
2024-04-07,182.66,176.92,178.74,1043669.45,187985440.86,179.52,direct,,SOL
2024-04-08,184.59,175.38,179.52,1700654.25,307007266.04,180.69,direct,,SOL
2024-04-09,180.87,168.99,180.69,1489940.97,260675726.56,172.32,direct,,SOL
2024-04-10,175.48,162.41,172.32,1767500.77,299280984.54,173.35,direct,,SOL
2024-04-11,176.27,170.11,173.35,1084052.19,187905664.5,172.43,direct,,SOL
2024-04-12,175.93,143.03,172.43,2793661.28,442076377.19,153.29,direct,,SOL
2024-04-13,154.93,119.92,153.29,5183207.43,711604717.45,138.51,direct,,SOL
2024-04-14,152.73,130.98,138.51,3060845.3,431491476.62,151.45,direct,,SOL
2024-04-15,156.1,133.77,151.45,2606283.33,379031572.15,138.59,direct,,SOL
2024-04-16,140.62,126.6,138.59,2511647.93,334403437.76,136.27,direct,,SOL
2024-04-17,142.72,126.91,136.27,2474683.0,331011215.79,131.89,direct,,SOL
2024-04-18,143.88,127.74,131.89,2328264.63,316388572.34,142.1,direct,,SOL
2024-04-19,147.57,128.54,142.1,3269355.56,457184320.01,142.53,direct,,SOL
2024-04-20,152.39,139.82,142.53,1221880.92,178632779.86,151.28,direct,,SOL
2024-04-21,153.53,146.77,151.28,1033411.12,154865367.77,148.78,direct,,SOL
2024-04-22,158.47,146.85,148.78,1565457.45,239332074.75,157.03,direct,,SOL
2024-04-23,160.0,153.18,157.03,1446174.78,226705627.04,154.68,direct,,SOL
2024-04-24,159.74,145.54,154.68,2002425.53,308556085.53,147.72,direct,,SOL
2024-04-25,149.44,142.11,147.72,1651204.31,241156524.26,144.85,direct,,SOL
2024-04-26,146.06,138.68,144.85,1020844.52,145874995.0,139.16,direct,,SOL
2024-04-27,142.96,133.18,139.16,1034367.21,142754281.93,141.23,direct,,SOL
2024-04-28,144.58,137.11,141.23,774685.91,109967903.38,137.97,direct,,SOL
2024-04-29,138.89,133.42,137.97,1126367.32,152991280.52,137.74,direct,,SOL
2024-04-30,139.72,121.13,137.74,2242350.91,288052107.17,126.68,direct,,SOL
2024-05-01,135.81,118.58,126.68,2509638.42,317240351.76,134.49,direct,,SOL
2024-05-02,140.69,128.18,134.49,1806862.74,245258470.79,137.62,direct,,SOL
2024-05-03,145.02,134.03,137.62,1771387.91,249382114.25,143.73,direct,,SOL
2024-05-04,149.07,142.36,143.73,823296.62,120149125.71,146.05,direct,,SOL
2024-05-05,147.98,143.15,146.05,741723.68,108074079.53,145.73,direct,,SOL
2024-05-06,156.84,145.48,145.73,1613718.71,245743030.29,152.82,direct,,SOL
2024-05-07,159.2,148.0,152.82,1383916.77,213156591.29,148.03,direct,,SOL
2024-05-08,149.89,139.98,148.03,1370735.76,199513889.17,142.15,direct,,SOL
2024-05-09,153.29,140.59,142.15,1297903.53,190110750.45,152.57,direct,,SOL
2024-05-10,155.68,144.6,152.57,1716642.31,256304682.24,146.03,direct,,SOL
2024-05-11,147.61,143.11,146.03,857719.99,124606367.13,145.37,direct,,SOL
2024-05-12,147.64,142.61,145.37,626949.61,90898975.25,143.39,direct,,SOL
2024-05-13,150.7,137.88,143.39,1601373.72,232652330.71,147.47,direct,,SOL
2024-05-14,150.35,141.79,147.47,1115060.66,162208938.64,141.97,direct,,SOL
2024-05-15,158.82,141.25,141.97,1980437.1,299427734.34,158.57,direct,,SOL
2024-05-16,164.72,156.7,158.57,1750109.58,281065543.63,159.34,direct,,SOL
2024-05-17,172.05,159.34,159.34,1555327.37,259532219.44,169.5,direct,,SOL
2024-05-18,175.96,168.73,169.5,920162.26,159001780.0,172.47,direct,,SOL
2024-05-19,175.37,166.2,172.47,762244.06,130138876.56,169.94,direct,,SOL
2024-05-20,188.29,167.76,169.94,1832806.48,331071378.03,186.75,direct,,SOL
2024-05-21,188.83,174.32,186.75,1848219.23,332730791.56,178.15,direct,,SOL
2024-05-22,183.39,175.03,178.15,1696007.5,304221794.85,176.86,direct,,SOL
2024-05-23,180.9,165.8,176.86,2332480.33,406474519.47,176.09,direct,,SOL
2024-05-24,176.09,162.5,176.09,1620585.84,272007690.18,167.7,direct,,SOL
2024-05-25,170.46,165.96,167.7,676355.6,113562913.83,168.33,direct,,SOL
2024-05-26,168.36,160.63,168.33,1519908.61,249394024.36,163.26,direct,,SOL
2024-05-27,172.09,163.23,163.26,872094.57,146450327.09,170.01,direct,,SOL
2024-05-28,173.07,164.8,170.01,1005203.81,169446311.48,168.53,direct,,SOL
2024-05-29,173.75,167.07,168.53,1256094.22,212829822.96,168.11,direct,,SOL
2024-05-30,172.51,163.52,168.11,1255495.65,211144284.39,166.86,direct,,SOL
2024-05-31,170.84,163.8,166.86,1055671.13,175711518.79,165.52,direct,,SOL
2024-06-01,167.79,165.5,165.52,366238.04,61117692.49,165.99,direct,,SOL
2024-06-02,166.95,161.31,165.99,702823.99,115408279.8,163.04,direct,,SOL
2024-06-03,167.14,161.54,163.04,1037787.02,171307507.3,164.89,direct,,SOL
2024-06-04,171.87,164.37,164.89,927988.54,155617907.71,171.81,direct,,SOL
2024-06-05,175.57,171.12,171.81,1051601.86,182343729.01,173.57,direct,,SOL
2024-06-06,174.51,167.64,173.57,865751.05,148733043.79,170.07,direct,,SOL
2024-06-07,172.64,153.73,170.07,1532446.36,252069522.56,162.48,direct,,SOL
2024-06-08,163.73,157.36,162.48,602441.74,96680171.05,157.79,direct,,SOL
2024-06-09,162.97,156.55,157.79,417124.57,66832383.3,162.1,direct,,SOL
2024-06-10,163.19,157.46,162.1,576995.75,92352553.79,158.98,direct,,SOL
2024-06-11,159.63,145.04,158.98,1809030.57,272469500.4,149.36,direct,,SOL
2024-06-12,161.8,145.51,149.36,1434670.41,222556630.23,155.17,direct,,SOL
2024-06-13,155.17,146.0,155.17,1056130.41,158045757.4,147.24,direct,,SOL
2024-06-14,148.9,139.62,147.24,1454718.75,209841119.36,143.01,direct,,SOL
2024-06-15,145.63,142.88,143.01,394805.22,57014807.71,145.45,direct,,SOL
2024-06-16,151.21,143.01,145.45,507453.59,74700321.41,151.2,direct,,SOL
2024-06-17,151.65,139.84,151.2,1026864.9,148707329.69,143.23,direct,,SOL
2024-06-18,143.71,128.22,143.23,2499013.66,338174521.16,137.37,direct,,SOL
2024-06-19,141.86,134.48,137.37,1076874.68,148593887.27,135.62,direct,,SOL
2024-06-20,141.26,131.84,135.62,1439640.8,194530766.65,133.48,direct,,SOL
2024-06-21,135.3,128.65,133.48,1529054.56,201668544.58,134.55,direct,,SOL
2024-06-22,136.64,132.95,134.55,412998.18,55544922.57,133.66,direct,,SOL
2024-06-23,135.04,128.1,133.66,649901.97,85441259.53,128.59,direct,,SOL
2024-06-24,132.54,122.23,128.59,2787124.17,354741829.17,132.26,direct,,SOL
2024-06-25,139.87,131.16,132.26,1867930.93,254921986.27,136.54,direct,,SOL
2024-06-26,140.35,134.73,136.54,931544.42,127825135.72,136.71,direct,,SOL
2024-06-27,151.07,135.11,136.71,1566974.43,228909193.82,149.49,direct,,SOL
2024-06-28,150.54,138.75,149.49,1588510.88,227603507.39,139.73,direct,,SOL
2024-06-29,142.94,139.49,139.73,975415.72,137868176.74,139.97,direct,,SOL
2024-06-30,147.38,136.94,139.97,1012727.42,143572052.93,146.4,direct,,SOL
2024-07-01,149.06,145.69,146.4,1250396.3,184275184.33,146.52,direct,,SOL
2024-07-02,154.78,146.01,146.52,1090729.48,164025879.58,153.79,direct,,SOL
2024-07-03,154.22,139.02,153.79,1978500.21,284424436.33,140.69,direct,,SOL
2024-07-04,142.6,127.19,140.69,1911620.7,256639983.21,127.81,direct,,SOL
2024-07-05,136.35,121.19,127.81,2600896.01,334802804.27,134.33,direct,,SOL
2024-07-06,144.2,132.4,134.33,1011886.77,141137094.54,143.07,direct,,SOL
2024-07-07,143.34,131.2,143.07,1100386.76,151710675.69,131.59,direct,,SOL
2024-07-08,141.86,127.87,131.59,1764410.06,241027397.66,139.78,direct,,SOL
2024-07-09,144.22,136.47,139.78,1109717.02,156707010.52,141.42,direct,,SOL
2024-07-10,146.26,138.61,141.42,935921.33,133285498.95,142.01,direct,,SOL
2024-07-11,145.93,135.7,142.01,1274719.19,178725686.61,135.71,direct,,SOL
2024-07-12,140.64,133.99,135.71,1116717.5,153532246.92,139.55,direct,,SOL
2024-07-13,143.58,138.04,139.55,589537.44,82878892.68,141.95,direct,,SOL
2024-07-14,148.58,141.94,141.95,965298.37,140282144.09,147.72,direct,,SOL
2024-07-15,160.06,147.11,147.72,1515441.83,233055742.7,159.54,direct,,SOL
2024-07-16,162.61,152.66,159.54,1575760.66,249736657.37,160.65,direct,,SOL
2024-07-17,163.8,154.61,160.65,1276102.91,203878632.85,155.5,direct,,SOL
2024-07-18,161.61,155.2,155.5,849519.0,134334567.49,159.2,direct,,SOL
2024-07-19,172.37,156.21,159.2,1943663.78,321647568.82,169.2,direct,,SOL
2024-07-20,175.03,167.34,169.2,895305.94,153433228.71,173.68,direct,,SOL
2024-07-21,185.03,170.56,173.68,1323988.99,234893032.08,184.5,direct,,SOL
2024-07-22,184.92,176.81,184.5,1057469.43,190806050.56,178.98,direct,,SOL
2024-07-23,180.59,170.49,178.98,1242711.45,217693326.61,172.93,direct,,SOL
2024-07-24,182.49,171.0,172.93,1427355.02,254105859.36,178.03,direct,,SOL
2024-07-25,179.58,165.37,178.03,1895710.28,322786259.75,171.83,direct,,SOL
2024-07-26,183.62,171.75,171.83,1380729.85,247678633.97,183.08,direct,,SOL
2024-07-27,188.28,178.16,183.08,1472782.14,270685515.6,183.77,direct,,SOL
2024-07-28,186.62,181.19,183.77,693004.06,127699840.48,184.91,direct,,SOL
2024-07-29,193.87,181.63,184.91,1910355.43,359846632.27,182.52,direct,,SOL
2024-07-30,184.63,175.39,182.52,1443675.5,260642360.68,179.1,direct,,SOL
2024-07-31,184.39,171.58,179.1,1765368.42,315934112.41,171.64,direct,,SOL
2024-08-01,172.88,157.79,171.64,2701209.73,447547944.15,167.26,direct,,SOL
2024-08-02,169.28,149.82,167.26,2582825.41,408628011.97,152.58,direct,,SOL
2024-08-03,153.8,139.84,152.58,1926909.86,282575527.87,142.46,direct,,SOL
2024-08-04,145.96,131.31,142.46,2633519.29,365528696.83,138.24,direct,,SOL
2024-08-05,139.24,110.02,138.24,9973609.16,1239955820.57,129.81,direct,,SOL
2024-08-06,149.54,129.44,129.81,3358246.0,476934576.62,144.51,direct,,SOL
2024-08-07,155.05,142.36,144.51,3163232.4,471242466.32,144.71,direct,,SOL
2024-08-08,163.66,141.45,144.71,3478204.64,542679699.28,163.18,direct,,SOL
2024-08-09,163.56,150.84,163.18,2235297.07,348744317.8,156.32,direct,,SOL
2024-08-10,158.77,152.67,156.32,779645.13,120843995.54,154.05,direct,,SOL
2024-08-11,157.99,141.26,154.05,1397735.1,207002998.48,141.57,direct,,SOL
2024-08-12,150.97,141.27,141.57,1799398.16,262670328.29,146.37,direct,,SOL
2024-08-13,149.88,143.01,146.37,1077534.94,157819507.56,146.71,direct,,SOL
2024-08-14,152.17,142.48,146.71,1552824.8,228499811.67,143.79,direct,,SOL
2024-08-15,147.58,137.86,143.79,1965963.0,279981697.76,142.57,direct,,SOL
2024-08-16,144.85,136.12,142.57,1431065.91,201124549.62,139.1,direct,,SOL
2024-08-17,142.0,137.69,139.1,478414.97,67033030.03,141.94,direct,,SOL
2024-08-18,147.07,140.65,141.94,1366331.33,197619205.05,142.45,direct,,SOL
2024-08-19,146.2,140.46,142.45,885423.23,126729286.97,144.34,direct,,SOL
2024-08-20,148.86,141.03,144.34,1218594.1,176772864.48,142.3,direct,,SOL
2024-08-21,144.41,138.87,142.3,1231560.73,174844256.62,142.8,direct,,SOL
2024-08-22,144.86,140.72,142.8,716055.37,102424812.96,143.25,direct,,SOL
2024-08-23,154.1,142.81,143.25,1535431.53,226345684.97,153.36,direct,,SOL
2024-08-24,162.32,152.08,153.36,1454794.5,230004907.28,160.72,direct,,SOL
2024-08-25,161.98,155.33,160.72,797224.43,126594539.7,158.99,direct,,SOL
2024-08-26,161.97,155.64,158.99,1062067.2,168319244.94,157.15,direct,,SOL
2024-08-27,159.69,145.08,157.15,1465382.08,223366788.75,146.85,direct,,SOL
2024-08-28,148.78,140.59,146.85,1537817.61,222519532.94,143.93,direct,,SOL
2024-08-29,147.33,138.15,143.93,1125510.87,160585627.26,140.05,direct,,SOL
2024-08-30,141.1,132.14,140.05,1376556.59,188099590.41,138.0,direct,,SOL
2024-08-31,139.16,134.55,138.0,354474.97,48458249.41,135.34,direct,,SOL
2024-09-01,136.08,127.83,135.34,1216975.6,160725077.12,128.53,direct,,SOL
2024-09-02,135.37,127.02,128.53,1183346.55,154760699.0,134.96,direct,,SOL
2024-09-03,137.39,127.09,134.96,1165428.32,154010530.11,127.52,direct,,SOL
2024-09-04,134.95,122.73,127.52,1836824.01,238592444.94,133.61,direct,,SOL
2024-09-05,135.41,127.93,133.61,1035997.45,136227952.03,129.39,direct,,SOL
2024-09-06,134.34,120.62,129.39,2510204.74,320272802.89,125.02,direct,,SOL
2024-09-07,129.46,124.15,125.02,582582.28,73950235.3,127.7,direct,,SOL
2024-09-08,131.64,126.64,127.7,643881.63,83131839.12,130.1,direct,,SOL
2024-09-09,137.05,127.0,130.1,1365701.25,179705795.66,135.08,direct,,SOL
2024-09-10,137.95,132.57,135.08,930112.07,125564893.65,135.63,direct,,SOL
2024-09-11,135.9,128.22,135.63,1119510.64,147740432.08,132.43,direct,,SOL
2024-09-12,136.72,132.4,132.43,1052971.05,142195347.09,136.07,direct,,SOL
2024-09-13,139.89,131.76,136.07,1167109.23,158958923.58,139.14,direct,,SOL
2024-09-14,139.87,135.7,139.14,488283.32,67255306.1,137.17,direct,,SOL
2024-09-15,137.96,130.53,137.17,783125.79,105214476.35,131.42,direct,,SOL
2024-09-16,132.33,128.91,131.42,872017.88,113992082.4,131.45,direct,,SOL
2024-09-17,135.52,130.34,131.45,1013680.8,134587677.43,131.56,direct,,SOL
2024-09-18,134.41,127.15,131.56,1292119.8,168296742.94,134.34,direct,,SOL
2024-09-19,144.0,134.32,134.34,2203938.95,308673849.88,142.9,direct,,SOL
2024-09-20,152.36,141.23,142.9,1733614.19,256217991.5,146.66,direct,,SOL
2024-09-21,149.85,144.65,146.66,607193.7,89576614.93,149.46,direct,,SOL
2024-09-22,149.9,141.18,149.46,851223.36,123385243.44,144.68,direct,,SOL
2024-09-23,149.05,142.19,144.68,1228294.31,177696149.25,144.77,direct,,SOL
2024-09-24,153.93,143.13,144.77,1714717.03,253238283.83,152.72,direct,,SOL
2024-09-25,153.88,147.3,152.72,1140072.57,171904662.05,147.97,direct,,SOL
2024-09-26,158.03,146.59,147.97,1590861.37,244885789.53,155.58,direct,,SOL
2024-09-27,161.24,154.01,155.58,1503547.66,237392311.45,157.64,direct,,SOL
2024-09-28,159.4,155.08,157.64,576303.31,90510933.89,156.78,direct,,SOL
2024-09-29,161.73,155.12,156.78,910358.69,143730715.58,158.52,direct,,SOL
2024-09-30,159.73,151.74,158.52,1073233.37,167046966.26,152.55,direct,,SOL
2024-10-01,157.3,142.28,152.55,2305708.36,345586930.84,145.15,direct,,SOL
2024-10-02,148.95,138.63,145.15,1833439.37,263566829.62,140.17,direct,,SOL
2024-10-03,142.93,133.12,140.17,1887413.44,259179899.93,136.79,direct,,SOL
2024-10-04,144.59,135.95,136.79,1530496.19,216047071.98,143.19,direct,,SOL
2024-10-05,144.89,141.07,143.19,543351.89,77744269.2,142.64,direct,,SOL
2024-10-06,146.71,142.05,142.64,605166.17,87638780.51,146.48,direct,,SOL
2024-10-07,152.25,143.5,146.48,1608059.6,238177228.37,143.95,direct,,SOL
2024-10-08,145.52,141.16,143.95,872446.23,125295962.54,143.42,direct,,SOL
2024-10-09,145.24,138.58,143.42,1011569.79,143442032.83,139.22,direct,,SOL
2024-10-10,140.72,135.39,139.22,996009.3,137551753.84,138.93,direct,,SOL
2024-10-11,146.49,138.6,138.93,1145207.1,163903894.3,145.47,direct,,SOL
2024-10-12,147.25,144.61,145.47,510042.34,74627224.89,146.36,direct,,SOL
2024-10-13,148.76,144.47,146.36,538044.44,78792548.63,147.68,direct,,SOL
2024-10-14,157.99,146.76,147.68,1406517.19,216200267.89,157.52,direct,,SOL
2024-10-15,159.45,150.37,157.52,1589092.22,245832309.69,154.74,direct,,SOL
2024-10-16,158.28,152.96,154.74,1152010.55,178597818.31,154.22,direct,,SOL
2024-10-17,155.65,147.67,154.22,1024941.83,155179260.15,150.43,direct,,SOL
2024-10-18,156.64,149.59,150.43,894597.91,137792754.77,154.92,direct,,SOL
2024-10-19,159.74,153.67,154.92,538553.18,84208679.13,159.68,direct,,SOL
2024-10-20,167.88,157.62,159.68,1032109.96,166995301.74,167.36,direct,,SOL
2024-10-21,171.55,161.4,167.36,1742473.16,290496778.58,166.14,direct,,SOL
2024-10-22,170.89,162.96,166.14,1390790.2,232581445.42,167.44,direct,,SOL
2024-10-23,174.0,164.07,167.44,1506370.18,253471064.11,170.67,direct,,SOL
2024-10-24,179.1,170.34,170.67,1534523.85,268651975.84,177.07,direct,,SOL
2024-10-25,177.41,159.14,177.07,2028705.94,344809473.51,164.65,direct,,SOL
2024-10-26,172.97,162.26,164.65,956621.85,160890339.67,170.67,direct,,SOL
2024-10-27,178.01,170.09,170.67,883974.65,154753849.98,176.47,direct,,SOL
2024-10-28,179.55,172.31,176.47,1486550.45,261626123.43,178.15,direct,,SOL
2024-10-29,183.26,176.36,178.15,1851839.38,333516686.61,179.38,direct,,SOL
2024-10-30,181.19,173.14,179.38,1082734.61,190763783.24,174.85,direct,,SOL
2024-10-31,176.43,167.38,174.85,1216310.5,208731623.66,168.45,direct,,SOL
2024-11-01,173.9,163.64,168.45,1179299.39,197679096.42,166.05,direct,,SOL
2024-11-02,168.52,162.11,166.05,497928.77,82284516.56,166.1,direct,,SOL
2024-11-03,166.51,157.92,166.1,950271.32,153397969.02,162.44,direct,,SOL
2024-11-04,164.85,155.04,162.44,1017159.87,163321943.49,157.87,direct,,SOL
2024-11-05,169.31,156.78,157.87,1325101.85,217920759.61,166.65,direct,,SOL
2024-11-06,190.04,166.45,166.65,3755102.75,688038340.37,186.78,direct,,SOL
2024-11-07,197.99,186.06,186.78,2006281.81,386747538.34,196.44,direct,,SOL
2024-11-08,205.14,195.82,196.44,2038299.09,408170570.26,199.98,direct,,SOL
2024-11-09,203.45,195.13,199.98,1426109.1,285007993.31,200.02,direct,,SOL
2024-11-10,215.43,198.86,200.02,2836903.64,588571837.15,210.23,direct,,SOL
2024-11-11,224.47,204.39,210.23,3002590.76,651116693.53,222.42,direct,,SOL
2024-11-12,225.3,205.03,222.42,3207955.53,687618053.08,211.86,direct,,SOL
2024-11-13,220.78,201.12,211.86,3280352.4,695358114.93,215.45,direct,,SOL
2024-11-14,222.79,206.84,215.45,2390257.3,514053398.69,209.54,direct,,SOL
2024-11-15,220.4,204.62,209.54,2089124.27,443402898.19,218.51,direct,,SOL
2024-11-16,221.99,213.61,218.51,1522225.59,331681217.77,215.77,direct,,SOL
2024-11-17,241.96,212.27,215.77,2733055.7,635702351.09,237.54,direct,,SOL
2024-11-18,248.41,234.11,237.54,2824027.47,680971149.83,239.94,direct,,SOL
2024-11-19,247.71,233.8,239.94,1916539.68,462771223.05,237.96,direct,,SOL
2024-11-20,242.67,230.78,237.96,1809309.07,426617836.59,235.65,direct,,SOL
2024-11-21,259.81,230.04,235.65,3197520.06,793245850.05,256.72,direct,,SOL
2024-11-22,264.52,251.84,256.72,1930270.43,497034963.4,257.21,direct,,SOL
2024-11-23,264.16,253.09,257.21,1540433.13,397600303.58,255.15,direct,,SOL
2024-11-24,259.95,241.28,255.15,1318863.47,331064481.64,252.98,direct,,SOL
2024-11-25,256.69,231.2,252.98,2246138.62,547356000.23,234.15,direct,,SOL
2024-11-26,239.86,221.86,234.15,2017476.18,465157248.79,230.62,direct,,SOL
2024-11-27,243.56,227.57,230.62,1535640.84,364043739.43,242.26,direct,,SOL
2024-11-28,245.48,232.94,242.26,877224.57,208985240.69,237.63,direct,,SOL
2024-11-29,246.89,236.66,237.63,1307891.16,316868423.69,243.46,direct,,SOL
2024-11-30,245.4,237.64,243.46,856576.11,206542138.89,237.75,direct,,SOL
2024-12-01,239.95,234.32,237.75,1042536.95,247065369.07,236.96,direct,,SOL
2024-12-02,238.36,220.17,236.96,2782727.81,631780477.65,225.81,direct,,SOL
2024-12-03,239.79,215.15,225.81,2498009.97,569372675.86,234.11,direct,,SOL
2024-12-04,240.95,224.79,234.11,2424018.49,564765211.47,229.48,direct,,SOL
2024-12-05,244.95,223.26,229.48,3120708.13,736104487.64,236.17,direct,,SOL
2024-12-06,247.06,231.17,236.17,1779255.05,425038287.56,237.18,direct,,SOL
2024-12-07,243.7,234.41,237.18,1155071.17,276310183.73,238.34,direct,,SOL
2024-12-08,241.65,233.36,238.34,723712.35,171567432.86,237.2,direct,,SOL
2024-12-09,237.42,205.36,237.2,2284778.33,509504278.85,216.81,direct,,SOL
2024-12-10,221.02,203.3,216.81,2836727.29,602479362.87,213.75,direct,,SOL
2024-12-11,230.82,211.64,213.75,1782926.44,399771792.0,227.42,direct,,SOL
2024-12-12,234.75,225.7,227.42,1500850.29,345582057.59,227.01,direct,,SOL
2024-12-13,228.42,220.66,227.01,1442244.42,323236855.77,224.84,direct,,SOL
2024-12-14,227.46,215.17,224.84,811129.79,179846829.41,219.87,direct,,SOL
2024-12-15,225.4,215.71,219.87,956285.71,210267560.13,224.23,direct,,SOL
2024-12-16,227.34,213.17,224.23,1594064.59,349510564.95,216.25,direct,,SOL
2024-12-17,228.96,211.54,216.25,1890978.34,420615300.39,223.18,direct,,SOL
2024-12-18,225.98,204.83,223.18,1781299.8,379806262.13,206.45,direct,,SOL
2024-12-19,212.02,186.91,206.45,2773265.88,553339266.73,193.67,direct,,SOL
2024-12-20,199.48,175.06,193.67,3246297.05,608233604.96,194.46,direct,,SOL
2024-12-21,202.02,178.4,194.46,1833778.14,343907146.02,181.28,direct,,SOL
2024-12-22,187.71,176.77,181.28,1207132.49,219479512.59,180.34,direct,,SOL
2024-12-23,193.21,176.38,180.34,1701262.34,314150116.3,189.91,direct,,SOL
2024-12-24,198.87,185.89,189.91,1045287.96,202570719.69,196.96,direct,,SOL
2024-12-25,201.69,195.0,196.96,773113.62,153276719.71,197.33,direct,,SOL
2024-12-26,199.58,186.46,197.33,993540.32,190117501.71,188.24,direct,,SOL
2024-12-27,194.11,182.54,188.24,1016173.82,190508827.48,183.94,direct,,SOL
2024-12-28,195.68,183.57,183.94,874104.04,165940093.85,195.15,direct,,SOL
2024-12-29,197.35,188.23,195.15,831301.93,160713470.14,189.61,direct,,SOL
2024-12-30,196.19,185.57,189.61,1302813.27,249169367.35,191.04,direct,,SOL
2024-12-31,198.84,187.74,191.04,1348053.83,261197641.36,188.87,direct,,SOL
2025-01-01,194.92,187.62,188.87,1016955.09,194195323.3,193.85,direct,,SOL
2025-01-02,210.14,193.09,193.85,1525806.96,311729217.93,208.06,direct,,SOL
2025-01-03,219.65,205.5,208.06,1200498.66,256642499.36,217.89,direct,,SOL
2025-01-04,217.98,213.57,217.89,613079.14,132497052.94,216.65,direct,,SOL
2025-01-05,218.96,211.48,216.65,639982.71,137274205.35,213.36,direct,,SOL
2025-01-06,223.16,211.52,213.36,1042710.65,227265508.37,218.36,direct,,SOL
2025-01-07,219.19,201.78,218.36,1349107.43,282781935.18,202.14,direct,,SOL
2025-01-08,203.2,188.34,202.14,1883435.43,369380837.51,197.45,direct,,SOL
2025-01-09,198.98,182.07,197.45,1519833.62,287508711.18,184.99,direct,,SOL
2025-01-10,192.97,183.51,184.99,1408765.48,265373073.82,187.62,direct,,SOL
2025-01-11,191.77,184.06,187.62,982856.44,183892397.04,188.02,direct,,SOL
2025-01-12,190.89,185.09,188.02,603835.06,113338651.42,188.42,direct,,SOL
2025-01-13,191.8,169.14,188.42,2141571.81,384240733.62,182.75,direct,,SOL
2025-01-14,190.0,181.8,182.75,1143113.81,213078481.55,187.5,direct,,SOL
2025-01-15,206.04,185.8,187.5,1998560.73,392782235.21,205.9,direct,,SOL
2025-01-16,217.04,198.45,205.9,2232606.19,467673563.29,211.09,direct,,SOL
2025-01-17,221.99,209.84,211.09,2146534.27,466004419.11,219.57,direct,,SOL
2025-01-18,270.0,217.35,219.57,8292300.18,2017727214.39,261.87,direct,,SOL
2025-01-19,294.95,237.61,261.87,9622612.85,2576611227.87,252.19,direct,,SOL
2025-01-20,273.1,229.39,252.19,6506910.44,1622007685.06,241.72,direct,,SOL
2025-01-21,260.11,230.12,241.72,3491675.33,849711327.0,250.36,direct,,SOL
2025-01-22,271.91,248.46,250.36,3395489.03,881000243.68,257.31,direct,,SOL
2025-01-23,258.4,242.12,257.31,3343001.53,835751567.95,253.13,direct,,SOL
2025-01-24,269.94,247.29,253.13,2505714.52,652498015.44,253.37,direct,,SOL
2025-01-25,260.73,246.3,253.37,1629826.84,412108430.63,256.33,direct,,SOL
2025-01-26,259.92,240.2,256.33,1472880.46,372580185.47,240.45,direct,,SOL
2025-01-27,242.53,220.98,240.45,4043114.41,935397750.08,234.9,direct,,SOL
2025-01-28,243.92,224.96,234.9,2276197.94,533121472.04,226.94,direct,,SOL
2025-01-29,238.37,222.6,226.94,2222749.52,512630067.26,228.13,direct,,SOL
2025-01-30,244.68,226.84,228.13,1892315.55,452845994.87,238.36,direct,,SOL
2025-01-31,241.79,228.13,238.36,1564750.09,368392788.3,231.71,direct,,SOL
2025-02-01,234.1,212.73,231.71,1408679.14,314821254.21,212.95,direct,,SOL
2025-02-02,218.78,192.66,212.95,3629906.27,749481368.6,203.43,direct,,SOL
2025-02-03,218.88,176.11,203.43,5433969.93,1085451522.8,216.48,direct,,SOL
2025-02-04,220.11,202.13,216.48,2928820.68,616487093.29,206.7,direct,,SOL
2025-02-05,209.45,195.16,206.7,1665272.86,336754152.99,196.11,direct,,SOL
2025-02-06,203.98,187.58,196.11,1968402.63,382843591.01,189.57,direct,,SOL
2025-02-07,203.58,188.17,189.57,1847843.33,361144540.68,192.09,direct,,SOL
2025-02-08,200.99,189.82,192.09,1223405.24,238707343.81,199.49,direct,,SOL
2025-02-09,207.5,193.64,199.49,2011369.58,405156533.8,200.52,direct,,SOL
2025-02-10,209.13,195.98,200.52,1379583.13,279926505.31,200.53,direct,,SOL
2025-02-11,206.2,195.09,200.53,1324085.8,265134980.47,197.95,direct,,SOL
2025-02-12,198.5,188.55,197.95,1814551.81,352632945.82,196.79,direct,,SOL
2025-02-13,198.47,188.98,196.79,1278025.56,247331359.53,194.3,direct,,SOL
2025-02-14,205.34,194.19,194.3,1747579.42,348662901.65,199.46,direct,,SOL
2025-02-15,200.31,192.68,199.46,805197.87,157580758.54,194.52,direct,,SOL
2025-02-16,196.25,186.18,194.52,1051209.15,200997870.1,188.32,direct,,SOL
2025-02-17,189.71,174.75,188.32,2249434.07,408087687.83,177.52,direct,,SOL
2025-02-18,179.06,160.83,177.52,3610059.04,606448520.02,169.23,direct,,SOL
2025-02-19,174.24,163.74,169.23,1884600.69,319211309.96,168.9,direct,,SOL
2025-02-20,176.67,167.68,168.9,1412994.76,244627512.26,176.07,direct,,SOL
2025-02-21,180.55,167.03,176.07,1866219.82,324687600.24,168.83,direct,,SOL
2025-02-22,174.66,168.01,168.83,759356.97,130751306.67,172.09,direct,,SOL
2025-02-23,173.09,166.45,172.09,679264.26,114944072.84,167.96,direct,,SOL
2025-02-24,169.64,137.82,167.96,3853746.48,591487924.69,141.83,direct,,SOL
2025-02-25,146.93,131.97,141.83,4719553.57,659364350.57,144.17,direct,,SOL
2025-02-26,145.0,130.49,144.17,3548423.59,485148730.28,135.11,direct,,SOL
2025-02-27,142.7,134.6,135.11,2326499.58,321754176.33,137.56,direct,,SOL
2025-02-28,148.6,125.43,137.56,3888858.88,532786311.92,148.11,direct,,SOL
2025-03-01,151.07,138.52,148.11,1677322.6,240028993.76,143.61,direct,,SOL
2025-03-02,179.93,140.02,143.61,5973699.69,988970916.81,178.75,direct,,SOL
2025-03-03,179.45,139.1,178.75,5168640.28,813288041.85,142.04,direct,,SOL
2025-03-04,146.85,130.73,142.04,4521057.67,628115729.93,144.79,direct,,SOL
2025-03-05,149.7,140.23,144.79,2809518.48,404943828.16,146.32,direct,,SOL
2025-03-06,152.88,142.46,146.32,2248183.44,331232423.98,143.3,direct,,SOL
2025-03-07,150.82,135.08,143.3,3034947.22,434373597.5,139.34,direct,,SOL
2025-03-08,141.0,135.26,139.34,920714.58,127053312.18,136.95,direct,,SOL
2025-03-09,139.8,125.36,136.95,2009469.49,263177088.02,126.47,direct,,SOL
2025-03-10,131.49,115.45,126.47,3475263.97,424317915.17,118.24,direct,,SOL
2025-03-11,128.4,112.19,118.24,3395878.93,414367468.65,125.34,direct,,SOL
2025-03-12,131.34,121.24,125.34,2303770.95,289534117.48,126.62,direct,,SOL
2025-03-13,128.3,120.74,126.62,1626260.22,202485713.93,123.32,direct,,SOL
2025-03-14,136.03,122.97,123.32,1959853.51,255080457.71,133.56,direct,,SOL
2025-03-15,136.55,132.48,133.56,902396.93,121374100.5,135.9,direct,,SOL
2025-03-16,136.7,125.2,135.9,1527950.87,199012186.21,126.1,direct,,SOL
2025-03-17,130.62,125.55,126.1,1581162.65,202677554.08,128.04,direct,,SOL
2025-03-18,128.19,121.8,128.04,1560719.57,193913537.25,125.32,direct,,SOL
2025-03-19,136.09,124.21,125.32,2205220.03,287743812.79,135.39,direct,,SOL
2025-03-20,136.11,126.61,135.39,1659924.66,217173608.91,127.5,direct,,SOL
2025-03-21,130.12,124.83,127.5,1421833.49,181179162.39,128.45,direct,,SOL
2025-03-22,131.77,127.78,128.45,734820.39,95163317.34,128.49,direct,,SOL
2025-03-23,134.02,128.23,128.49,968822.79,127579894.09,132.84,direct,,SOL
2025-03-24,145.11,132.08,132.84,2850386.69,400452460.5,141.02,direct,,SOL
2025-03-25,147.53,138.18,141.02,2201889.9,316266140.73,143.7,direct,,SOL
2025-03-26,145.53,135.94,143.7,1743074.66,245512677.16,137.37,direct,,SOL
2025-03-27,140.23,135.65,137.37,1436758.63,198880791.28,138.41,direct,,SOL
2025-03-28,139.0,127.69,138.41,2159703.03,284667466.11,129.43,direct,,SOL
2025-03-29,130.47,122.7,129.43,1254264.55,158062399.0,124.53,direct,,SOL
2025-03-30,127.02,123.0,124.53,1043282.75,130484138.99,124.8,direct,,SOL
2025-03-31,127.8,122.75,124.8,1949246.47,244535464.56,124.55,direct,,SOL
2025-04-01,130.38,123.76,124.55,1964638.99,249995441.21,126.69,direct,,SOL
2025-04-02,136.03,117.25,126.69,3863082.25,489976387.54,117.39,direct,,SOL
2025-04-03,120.92,112.22,117.39,3494234.12,406953031.87,117.11,direct,,SOL
2025-04-04,123.97,113.29,117.11,3487160.57,413622408.69,122.75,direct,,SOL
2025-04-05,122.81,116.33,122.75,1215526.11,145270398.55,120.26,direct,,SOL
2025-04-06,121.04,103.78,120.26,3561485.52,396554200.02,105.83,direct,,SOL
2025-04-07,112.81,95.24,105.83,7548770.77,784171623.39,106.94,direct,,SOL
2025-04-08,112.54,102.88,106.94,4345244.28,468303371.18,105.36,direct,,SOL
2025-04-09,120.76,101.19,105.36,5049846.58,556490414.2,119.04,direct,,SOL
2025-04-10,119.25,108.31,119.04,2917219.78,328642459.44,112.76,direct,,SOL
2025-04-11,122.62,112.1,112.76,2595280.54,307974272.05,121.36,direct,,SOL
2025-04-12,134.05,119.37,121.36,2367541.51,302324520.12,132.23,direct,,SOL
2025-04-13,133.95,125.29,132.23,2076803.69,268749542.26,128.31,direct,,SOL
2025-04-14,136.01,127.92,128.31,2612166.91,344188092.1,129.38,direct,,SOL
2025-04-15,134.4,125.84,129.38,2032254.29,263983582.31,126.09,direct,,SOL
2025-04-16,133.87,123.5,126.09,2651466.56,339239633.18,131.32,direct,,SOL
2025-04-17,136.14,129.51,131.32,2313843.85,308605724.42,134.84,direct,,SOL
2025-04-18,135.99,132.48,134.84,1008915.35,135405250.71,134.05,direct,,SOL
2025-04-19,140.51,133.59,134.05,1733804.31,239684105.71,139.86,direct,,SOL
2025-04-20,141.95,135.69,139.86,1893009.44,262357945.52,137.86,direct,,SOL
2025-04-21,143.08,133.86,137.86,2237130.38,308949387.05,136.57,direct,,SOL
2025-04-22,150.24,134.82,136.57,2395403.64,344651093.89,148.84,direct,,SOL
2025-04-23,154.14,147.22,148.84,2350533.99,354738245.15,151.17,direct,,SOL
2025-04-24,152.91,145.28,151.17,1709239.75,255662631.95,152.59,direct,,SOL
2025-04-25,156.95,150.03,152.59,2317309.85,355081699.04,150.92,direct,,SOL
2025-04-26,153.24,147.82,150.92,904570.9,135707811.13,149.28,direct,,SOL
2025-04-27,150.41,145.58,149.28,930860.53,138149445.08,148.04,direct,,SOL
2025-04-28,153.43,144.7,148.04,2211212.49,328420887.56,147.88,direct,,SOL
2025-04-29,150.37,145.02,147.88,1472520.91,217849603.92,146.35,direct,,SOL
2025-04-30,148.67,140.42,146.35,2109941.54,305033502.07,147.57,direct,,SOL
2025-05-01,154.0,147.57,147.57,1502195.57,226842187.27,150.9,direct,,SOL
2025-05-02,151.97,147.41,150.9,1169246.0,175361702.74,148.09,direct,,SOL
2025-05-03,149.07,145.9,148.09,661066.97,97613707.89,146.76,direct,,SOL
2025-05-04,147.8,143.66,146.76,633838.62,92536897.76,143.99,direct,,SOL
2025-05-05,147.72,142.56,143.99,1001119.88,145512165.51,146.67,direct,,SOL
2025-05-06,147.22,141.39,146.67,987773.7,142497163.97,146.88,direct,,SOL
2025-05-07,149.56,144.71,146.88,1239493.17,181995770.0,147.36,direct,,SOL
2025-05-08,164.53,147.12,147.36,2702730.42,424323833.01,164.44,direct,,SOL
2025-05-09,176.08,161.07,164.44,2825230.76,478143680.65,172.8,direct,,SOL
2025-05-10,178.88,168.77,172.8,1466652.88,253391800.4,177.93,direct,,SOL
2025-05-11,180.03,169.47,177.93,1713458.43,298828128.25,173.23,direct,,SOL
2025-05-12,181.35,168.37,173.23,3451132.46,607439815.08,174.22,direct,,SOL
2025-05-13,184.79,166.18,174.22,2418231.68,426481222.52,183.77,direct,,SOL
2025-05-14,184.84,173.21,183.77,2006574.23,359369658.14,176.68,direct,,SOL
2025-05-15,178.36,166.83,176.68,2430634.39,416500006.6,169.17,direct,,SOL
2025-05-16,174.24,166.44,169.17,1554686.31,266324544.91,167.48,direct,,SOL
2025-05-17,169.99,164.1,167.48,1316961.52,219578844.48,166.02,direct,,SOL
2025-05-18,176.82,164.72,166.02,1731918.05,295333516.3,173.38,direct,,SOL
2025-05-19,173.95,159.5,173.38,2029201.58,333708835.79,166.88,direct,,SOL
2025-05-20,173.05,164.6,166.88,1753068.76,294367253.89,168.64,direct,,SOL
2025-05-21,175.98,165.66,168.64,2567505.64,437347677.53,173.61,direct,,SOL
2025-05-22,180.83,172.67,173.61,2153425.35,382502539.27,179.72,direct,,SOL
2025-05-23,187.67,173.36,179.72,3614942.58,653657871.87,174.03,direct,,SOL
2025-05-24,178.36,172.67,174.03,1110014.1,195112928.08,175.96,direct,,SOL
2025-05-25,176.95,169.23,175.96,1423343.02,245361650.31,175.81,direct,,SOL
2025-05-26,179.09,173.56,175.81,1140788.71,201379763.47,174.98,direct,,SOL
2025-05-27,179.48,171.36,174.98,1474271.72,260529810.97,176.8,direct,,SOL
2025-05-28,177.48,169.03,176.8,1279498.95,220733710.07,172.28,direct,,SOL
2025-05-29,175.41,166.05,172.28,1483785.63,253136898.85,166.71,direct,,SOL
2025-05-30,167.48,155.34,166.71,1800456.85,290792123.78,156.26,direct,,SOL
2025-05-31,158.08,152.22,156.26,1225741.54,190288070.24,156.53,direct,,SOL
2025-06-01,157.98,150.68,156.53,1087354.98,167972634.42,157.77,direct,,SOL
2025-06-02,158.98,151.76,157.77,1406571.9,217518120.62,156.91,direct,,SOL
2025-06-03,163.71,154.36,156.91,1263657.4,201821172.15,155.3,direct,,SOL
2025-06-04,158.01,153.05,155.3,955449.23,148877566.64,153.31,direct,,SOL
2025-06-05,154.66,141.57,153.31,1894645.32,281549617.46,144.38,direct,,SOL
2025-06-06,152.46,144.27,144.38,1099142.54,163583793.09,147.95,direct,,SOL
2025-06-07,152.91,147.01,147.95,606626.38,91401983.83,150.16,direct,,SOL
2025-06-08,155.33,148.1,150.16,560641.5,84863431.72,152.53,direct,,SOL
2025-06-09,161.76,149.7,152.53,1153604.79,179108410.9,161.23,direct,,SOL
2025-06-10,165.68,156.4,161.23,1748946.04,282391223.47,165.14,direct,,SOL
2025-06-11,168.37,159.28,165.14,2106957.56,347532150.94,161.02,direct,,SOL
2025-06-12,161.34,152.11,161.02,1549533.55,244390728.28,152.41,direct,,SOL
2025-06-13,152.63,140.95,152.41,2829771.69,411444727.38,148.66,direct,,SOL
2025-06-14,148.76,142.06,148.66,887424.91,129033268.57,144.72,direct,,SOL
2025-06-15,153.54,144.31,144.72,1158210.12,173155092.67,152.98,direct,,SOL
2025-06-16,158.81,150.39,152.98,1800283.26,280457762.66,150.74,direct,,SOL
2025-06-17,154.34,145.63,150.74,1547226.64,231469810.36,147.61,direct,,SOL
2025-06-18,149.3,143.81,147.61,1185343.03,173323788.84,146.41,direct,,SOL
2025-06-19,147.94,143.01,146.41,813179.56,118290943.95,147.06,direct,,SOL
2025-06-20,148.8,135.74,147.06,1469768.16,209040394.59,140.15,direct,,SOL
2025-06-21,142.61,131.03,140.15,1243159.52,171088028.19,135.47,direct,,SOL
2025-06-22,137.64,126.09,135.47,2290228.96,299805281.71,131.78,direct,,SOL
2025-06-23,147.01,130.75,131.78,2202669.96,303946442.39,144.6,direct,,SOL
2025-06-24,146.81,142.43,144.6,1572983.95,227254323.46,145.98,direct,,SOL
2025-06-25,147.99,142.38,145.98,1280993.15,186155680.36,143.65,direct,,SOL
2025-06-26,148.03,138.72,143.65,1205240.54,172524820.6,139.15,direct,,SOL
2025-06-27,144.87,137.25,139.15,1086841.2,153999088.73,142.17,direct,,SOL
2025-06-28,152.72,141.24,142.17,1070494.78,158063386.87,150.81,direct,,SOL
2025-06-29,154.76,149.46,150.81,826345.37,125325349.22,153.36,direct,,SOL
2025-06-30,162.24,149.51,153.36,1949024.76,301641460.78,154.88,direct,,SOL
2025-07-01,155.63,144.9,154.88,1215610.28,181207323.43,146.93,direct,,SOL
2025-07-02,154.51,145.9,146.93,1290587.03,194625028.54,152.35,direct,,SOL
2025-07-03,156.41,150.01,152.35,1169852.29,179108954.13,152.4,direct,,SOL
2025-07-04,153.91,145.29,152.4,849642.58,126735058.69,147.75,direct,,SOL
2025-07-05,148.7,145.98,147.75,398514.66,58791536.83,147.62,direct,,SOL
2025-07-06,153.84,146.85,147.62,696894.99,105109960.71,151.91,direct,,SOL
2025-07-07,153.58,147.75,151.91,1310319.46,197402475.12,148.91,direct,,SOL
2025-07-08,152.87,147.86,148.91,905828.62,136427428.99,151.73,direct,,SOL
2025-07-09,153.86,150.62,151.73,214856.68,32648578.96,152.99,direct,,SOL
