time,high,low,open,volumefrom,volumeto,close,conversionType,conversionSymbol,symbol
2020-01-17,0.2441,0.2265,0.229,185841267.5,43794283.31,0.2388,direct,,XRP
2020-01-18,0.2546,0.2316,0.2388,163966775.09,39655120.49,0.2432,direct,,XRP
2020-01-19,0.2514,0.227,0.2432,130939847.3,31263836.5,0.2356,direct,,XRP
2020-01-20,0.2363,0.224,0.2356,114498769.85,26508828.8,0.2327,direct,,XRP
2020-01-21,0.2414,0.2298,0.2327,130627334.73,30830253.66,0.2367,direct,,XRP
2020-01-22,0.2393,0.2321,0.2367,99402928.8,23417447.52,0.2369,direct,,XRP
2020-01-23,0.237,0.2206,0.2369,135295585.81,30739244.83,0.2253,direct,,XRP
2020-01-24,0.226,0.2134,0.2253,150933194.28,33391948.29,0.2221,direct,,XRP
2020-01-25,0.2225,0.2162,0.2221,60153876.73,13180842.72,0.2193,direct,,XRP
2020-01-26,0.2321,0.2179,0.2193,66246983.56,14857488.72,0.2308,direct,,XRP
2020-01-27,0.2336,0.2259,0.2308,100165960.36,23085404.44,0.2304,direct,,XRP
2020-01-28,0.2411,0.2304,0.2304,141727523.01,33311631.24,0.2396,direct,,XRP
2020-01-29,0.2418,0.2339,0.2396,123887831.96,29438975.61,0.235,direct,,XRP
2020-01-30,0.2465,0.2303,0.235,166312286.85,39561517.55,0.2433,direct,,XRP
2020-01-31,0.2447,0.2335,0.2433,137523196.64,32853125.44,0.2391,direct,,XRP
2020-02-01,0.2429,0.2368,0.2391,80744852.38,19418428.87,0.2412,direct,,XRP
2020-02-02,0.2613,0.2357,0.2412,152764537.62,38374889.75,0.2509,direct,,XRP
2020-02-03,0.2596,0.2467,0.2509,143726205.68,36130850.68,0.2544,direct,,XRP
2020-02-04,0.27,0.247,0.2544,252231468.87,65468678.05,0.2661,direct,,XRP
2020-02-05,0.2815,0.2661,0.2661,296194012.23,81625720.43,0.2778,direct,,XRP
2020-02-06,0.2877,0.2698,0.2778,234180212.65,65609590.0,0.2828,direct,,XRP
2020-02-07,0.2878,0.2772,0.2828,149328171.15,41997538.99,0.2791,direct,,XRP
2020-02-08,0.282,0.2638,0.2791,123399863.32,33967098.49,0.2776,direct,,XRP
2020-02-09,0.2894,0.2766,0.2776,109714885.73,30932752.55,0.2827,direct,,XRP
2020-02-10,0.2832,0.2675,0.2827,160902069.65,44050653.92,0.2733,direct,,XRP
2020-02-11,0.2843,0.2671,0.2733,194987023.59,53687215.33,0.2822,direct,,XRP
2020-02-12,0.3096,0.2818,0.2822,318180602.48,94184429.79,0.305,direct,,XRP
2020-02-13,0.3396,0.3002,0.305,516982853.96,166862453.12,0.3276,direct,,XRP
2020-02-14,0.3393,0.3106,0.3276,264212264.61,86828879.11,0.3363,direct,,XRP
2020-02-15,0.3469,0.2951,0.3363,269847384.58,87096479.56,0.3075,direct,,XRP
2020-02-16,0.3189,0.2683,0.3075,247666376.43,73128038.35,0.293,direct,,XRP
2020-02-17,0.295,0.2695,0.293,219594342.48,61550047.88,0.2873,direct,,XRP
2020-02-18,0.3031,0.2758,0.2873,235617284.68,68807310.89,0.2985,direct,,XRP
2020-02-19,0.309,0.2707,0.2985,273138746.78,80143005.0,0.2748,direct,,XRP
2020-02-20,0.2815,0.2623,0.2748,222791604.25,60641661.44,0.2713,direct,,XRP
2020-02-21,0.2794,0.2688,0.2713,157393616.85,43232161.72,0.2744,direct,,XRP
2020-02-22,0.2785,0.2707,0.2744,86411412.13,23682809.84,0.2754,direct,,XRP
2020-02-23,0.2854,0.2753,0.2754,94411774.96,26608267.94,0.284,direct,,XRP
2020-02-24,0.2851,0.264,0.284,173196273.85,47135733.0,0.2705,direct,,XRP
2020-02-25,0.271,0.2511,0.2705,211685886.88,54980353.02,0.2522,direct,,XRP
2020-02-26,0.255,0.2229,0.2522,339673714.75,80540545.08,0.229,direct,,XRP
2020-02-27,0.2477,0.2238,0.229,266020335.21,63137376.0,0.2381,direct,,XRP
2020-02-28,0.2441,0.2281,0.2381,231857696.41,54667099.19,0.2371,direct,,XRP
2020-02-29,0.2427,0.2275,0.2371,124296658.69,29343322.46,0.2291,direct,,XRP
2020-03-01,0.2364,0.2242,0.2291,119354191.03,27438172.53,0.2273,direct,,XRP
2020-03-02,0.242,0.2259,0.2273,126609863.27,29854746.25,0.2397,direct,,XRP
2020-03-03,0.2399,0.2299,0.2397,132214279.84,31050114.71,0.2342,direct,,XRP
2020-03-04,0.2384,0.2305,0.2342,138308338.42,32357349.26,0.2347,direct,,XRP
2020-03-05,0.2435,0.2346,0.2347,193026658.32,46185980.98,0.2395,direct,,XRP
2020-03-06,0.2465,0.2386,0.2395,125928528.6,30571137.35,0.2452,direct,,XRP
2020-03-07,0.2457,0.2354,0.2452,104203176.77,25201942.27,0.2367,direct,,XRP
2020-03-08,0.2367,0.2009,0.2367,218648290.82,47581073.98,0.204,direct,,XRP
2020-03-09,0.2117,0.1984,0.204,293809046.2,60400614.82,0.2095,direct,,XRP
2020-03-10,0.2161,0.2054,0.2095,213572897.1,44981065.31,0.2116,direct,,XRP
2020-03-11,0.2138,0.1994,0.2116,228837490.91,47385528.03,0.2081,direct,,XRP
2020-03-12,0.21,0.1306,0.2081,813570500.54,134922060.07,0.1385,direct,,XRP
2020-03-13,0.1687,0.1138,0.1385,730444001.91,107285659.6,0.1602,direct,,XRP
2020-03-14,0.1607,0.1434,0.1602,162121749.53,24805660.21,0.1457,direct,,XRP
2020-03-15,0.1648,0.1445,0.1457,190580331.53,29059842.28,0.1528,direct,,XRP
2020-03-16,0.1528,0.1282,0.1528,449738231.38,62950351.79,0.1413,direct,,XRP
2020-03-17,0.1528,0.1402,0.1413,321935699.9,47502393.21,0.1477,direct,,XRP
2020-03-18,0.1498,0.1404,0.1477,256506413.79,37270988.56,0.148,direct,,XRP
2020-03-19,0.173,0.1448,0.148,386754258.65,61008011.96,0.1653,direct,,XRP
2020-03-20,0.1758,0.1455,0.1653,342771792.75,55810476.97,0.1568,direct,,XRP
2020-03-21,0.1621,0.1519,0.1568,176854249.78,27740822.25,0.1582,direct,,XRP
2020-03-22,0.1619,0.1463,0.1582,156166125.77,24098065.07,0.1478,direct,,XRP
2020-03-23,0.1619,0.145,0.1478,260027785.38,40143423.4,0.159,direct,,XRP
2020-03-24,0.1647,0.1576,0.159,313242832.67,50485791.15,0.1629,direct,,XRP
2020-03-25,0.1657,0.1574,0.1629,269685731.94,43430468.02,0.1621,direct,,XRP
2020-03-26,0.178,0.16,0.1621,329161956.71,54496828.34,0.1767,direct,,XRP
2020-03-27,0.1879,0.1697,0.1767,360235604.87,63807058.83,0.1728,direct,,XRP
2020-03-28,0.1802,0.1665,0.1728,242431536.66,41692443.94,0.1759,direct,,XRP
2020-03-29,0.177,0.1622,0.1759,161137143.68,27222051.96,0.1627,direct,,XRP
2020-03-30,0.1758,0.1624,0.1627,221847308.43,38151879.9,0.1716,direct,,XRP
2020-03-31,0.1784,0.1706,0.1716,212806508.96,37178734.5,0.1738,direct,,XRP
2020-04-01,0.1764,0.1683,0.1738,267899242.83,46212579.07,0.1755,direct,,XRP
2020-04-02,0.1869,0.1746,0.1755,281030609.05,50065848.29,0.1785,direct,,XRP
2020-04-03,0.1831,0.1761,0.1785,218982482.19,39303660.59,0.1798,direct,,XRP
2020-04-04,0.1843,0.1777,0.1798,145272165.56,26148613.77,0.1816,direct,,XRP
2020-04-05,0.1825,0.1765,0.1816,68756047.76,12352748.5,0.1795,direct,,XRP
2020-04-06,0.1987,0.1794,0.1795,284688747.99,54187506.47,0.1985,direct,,XRP
2020-04-07,0.2054,0.1901,0.1985,333145839.37,66220552.64,0.1929,direct,,XRP
2020-04-08,0.2031,0.1915,0.1929,260503086.18,51749652.07,0.2023,direct,,XRP
2020-04-09,0.2025,0.194,0.2023,216281157.58,43074063.73,0.1983,direct,,XRP
2020-04-10,0.199,0.1817,0.1983,241674086.11,45764649.94,0.1878,direct,,XRP
2020-04-11,0.1925,0.1853,0.1878,129699333.18,24503146.78,0.189,direct,,XRP
2020-04-12,0.1963,0.1865,0.189,120283605.61,23110361.94,0.1897,direct,,XRP
2020-04-13,0.1899,0.1811,0.1897,195336014.74,36205099.06,0.1882,direct,,XRP
2020-04-14,0.1897,0.1839,0.1882,202006210.94,37796963.38,0.1862,direct,,XRP
2020-04-15,0.1901,0.1802,0.1862,265424607.2,49143151.12,0.1805,direct,,XRP
2020-04-16,0.1935,0.1739,0.1805,358744065.49,66819928.45,0.1907,direct,,XRP
2020-04-17,0.192,0.1865,0.1907,256477309.32,48501838.07,0.1886,direct,,XRP
2020-04-18,0.1973,0.1886,0.1886,146003745.42,28104243.98,0.1958,direct,,XRP
2020-04-19,0.1964,0.1885,0.1958,93398938.39,17936870.42,0.1893,direct,,XRP
2020-04-20,0.1949,0.1782,0.1893,315924296.5,59107698.01,0.1819,direct,,XRP
2020-04-21,0.1869,0.1814,0.1819,224229122.37,41252672.25,0.1838,direct,,XRP
2020-04-22,0.19,0.1822,0.1838,232404785.06,43363142.89,0.1882,direct,,XRP
2020-04-23,0.1995,0.1857,0.1882,318272305.19,61221952.86,0.1925,direct,,XRP
2020-04-24,0.197,0.1922,0.1925,257446965.07,50056035.6,0.1931,direct,,XRP
2020-04-25,0.1974,0.1918,0.1931,112202938.45,21812939.76,0.1946,direct,,XRP
2020-04-26,0.1977,0.1923,0.1946,117694007.85,23017434.02,0.1965,direct,,XRP
2020-04-27,0.1999,0.1944,0.1965,223955571.85,44051593.42,0.1978,direct,,XRP
2020-04-28,0.2185,0.1948,0.1978,353907947.21,73127885.06,0.215,direct,,XRP
2020-04-29,0.2311,0.2141,0.215,385181080.52,85318845.58,0.2268,direct,,XRP
2020-04-30,0.2359,0.2085,0.2268,438536024.6,97136237.3,0.2116,direct,,XRP
2020-05-01,0.2244,0.2115,0.2116,309154449.03,67208971.35,0.2179,direct,,XRP
2020-05-02,0.2257,0.2155,0.2179,156546577.37,34580964.77,0.2239,direct,,XRP
2020-05-03,0.2267,0.2159,0.2239,131003639.07,29057925.34,0.2194,direct,,XRP
2020-05-04,0.2207,0.2074,0.2194,236511895.55,50865477.65,0.2181,direct,,XRP
2020-05-05,0.2225,0.2134,0.2181,234816786.49,51091295.29,0.2172,direct,,XRP
2020-05-06,0.2228,0.2105,0.2172,260324895.89,56880500.85,0.2119,direct,,XRP
2020-05-07,0.221,0.21,0.2119,275809787.98,59717459.77,0.2188,direct,,XRP
2020-05-08,0.2223,0.2145,0.2188,271706299.07,59410345.95,0.2188,direct,,XRP
2020-05-09,0.225,0.2158,0.2188,193116048.53,42566850.88,0.2165,direct,,XRP
2020-05-10,0.2165,0.181,0.2165,289271508.46,56858548.0,0.1975,direct,,XRP
2020-05-11,0.2003,0.1853,0.1975,286090251.01,55387396.34,0.1932,direct,,XRP
2020-05-12,0.2,0.1914,0.1932,233387374.53,45845688.61,0.1972,direct,,XRP
2020-05-13,0.2043,0.1958,0.1972,203722102.36,40831970.86,0.2019,direct,,XRP
2020-05-14,0.2064,0.1986,0.2019,288291542.45,58500201.84,0.204,direct,,XRP
2020-05-15,0.2048,0.1948,0.204,284174484.69,56957132.51,0.1979,direct,,XRP
2020-05-16,0.202,0.1965,0.1979,118956470.88,23747979.53,0.1996,direct,,XRP
2020-05-17,0.2047,0.1989,0.1996,90344450.73,18256716.85,0.2013,direct,,XRP
2020-05-18,0.2081,0.2012,0.2013,229497574.93,46923127.05,0.2054,direct,,XRP
2020-05-19,0.2067,0.2008,0.2054,248509612.02,50634914.99,0.2051,direct,,XRP
2020-05-20,0.2062,0.1974,0.2051,243169413.55,49436441.68,0.2016,direct,,XRP
2020-05-21,0.2031,0.1892,0.2016,285235679.43,56058466.23,0.1941,direct,,XRP
2020-05-22,0.2025,0.1919,0.1941,262981952.74,52310027.1,0.2002,direct,,XRP
2020-05-23,0.2023,0.198,0.2002,113756201.64,22785970.4,0.1989,direct,,XRP
2020-05-24,0.2013,0.1928,0.1989,87216152.15,17262960.84,0.1928,direct,,XRP
2020-05-25,0.1973,0.1855,0.1928,209481295.59,40648775.46,0.1963,direct,,XRP
2020-05-26,0.197,0.1914,0.1963,227681467.37,44217900.27,0.1936,direct,,XRP
2020-05-27,0.2001,0.1936,0.1936,244921193.74,48246734.4,0.1981,direct,,XRP
2020-05-28,0.201,0.1948,0.1981,239493910.74,47284773.16,0.2003,direct,,XRP
2020-05-29,0.2029,0.1962,0.2003,223804742.07,44436716.87,0.1975,direct,,XRP
2020-05-30,0.2076,0.196,0.1975,95998706.35,19304525.26,0.207,direct,,XRP
2020-05-31,0.2135,0.2012,0.207,98151052.45,20302762.36,0.2024,direct,,XRP
2020-06-01,0.2127,0.2013,0.2024,145542452.73,30021789.6,0.2111,direct,,XRP
2020-06-02,0.2145,0.1975,0.2111,305968927.76,63523011.08,0.2032,direct,,XRP
2020-06-03,0.2047,0.2009,0.2032,216766704.79,44018229.89,0.204,direct,,XRP
2020-06-04,0.2071,0.2009,0.204,232711226.25,47557917.15,0.2044,direct,,XRP
2020-06-05,0.2056,0.2013,0.2044,192917553.95,39294164.06,0.2026,direct,,XRP
2020-06-06,0.2047,0.2012,0.2026,69785637.85,14172759.34,0.2037,direct,,XRP
2020-06-07,0.2049,0.1992,0.2037,86215586.85,17421911.19,0.2033,direct,,XRP
2020-06-08,0.2044,0.2001,0.2033,96647709.02,19574816.38,0.2042,direct,,XRP
2020-06-09,0.2052,0.1857,0.2042,132587993.81,26743684.49,0.2014,direct,,XRP
2020-06-10,0.2039,0.2004,0.2014,112396297.33,22690767.07,0.2029,direct,,XRP
2020-06-11,0.2037,0.1845,0.2029,186180450.27,36326546.66,0.188,direct,,XRP
2020-06-12,0.195,0.1867,0.188,132162937.48,25419944.28,0.1931,direct,,XRP
2020-06-13,0.1938,0.1908,0.1931,67560055.72,12995513.18,0.1924,direct,,XRP
2020-06-14,0.1925,0.1887,0.1924,65204487.56,12448704.48,0.1901,direct,,XRP
2020-06-15,0.1936,0.1822,0.1901,161233845.07,30180198.56,0.1925,direct,,XRP
2020-06-16,0.1941,0.19,0.1925,113155656.19,21715103.88,0.1924,direct,,XRP
2020-06-17,0.1984,0.1884,0.1924,172352187.28,33265394.86,0.1931,direct,,XRP
2020-06-18,0.1931,0.1881,0.1931,122968837.17,23431046.36,0.1897,direct,,XRP
2020-06-19,0.19,0.1864,0.1897,130440722.39,24552949.86,0.1871,direct,,XRP
2020-06-20,0.1888,0.1848,0.1871,74625080.66,13976859.09,0.1879,direct,,XRP
2020-06-21,0.1884,0.1856,0.1879,59366242.46,11117306.76,0.1858,direct,,XRP
2020-06-22,0.1905,0.1856,0.1858,119292919.79,22491615.59,0.1895,direct,,XRP
2020-06-23,0.1905,0.1883,0.1895,96710869.67,18280621.68,0.1888,direct,,XRP
2020-06-24,0.1901,0.1815,0.1888,146388902.78,27071683.26,0.1834,direct,,XRP
2020-06-25,0.1839,0.1785,0.1834,130944828.93,23816602.93,0.1814,direct,,XRP
2020-06-26,0.1867,0.1783,0.1814,158064118.44,28825620.85,0.1824,direct,,XRP
2020-06-27,0.1833,0.1702,0.1824,132118284.03,23440624.67,0.1751,direct,,XRP
2020-06-28,0.1798,0.1733,0.1751,98539524.66,17431361.42,0.1769,direct,,XRP
2020-06-29,0.1792,0.175,0.1769,123834024.01,21920943.63,0.1773,direct,,XRP
2020-06-30,0.1778,0.1748,0.1773,121961830.34,21476933.53,0.1752,direct,,XRP
2020-07-01,0.1783,0.1737,0.1752,119766004.74,21108945.89,0.1765,direct,,XRP
2020-07-02,0.1773,0.1723,0.1765,143339568.3,25151672.89,0.1749,direct,,XRP
2020-07-03,0.1786,0.1745,0.1749,121905077.82,21527287.83,0.1764,direct,,XRP
2020-07-04,0.1797,0.1761,0.1764,81610073.52,14518313.7,0.1781,direct,,XRP
2020-07-05,0.1788,0.1742,0.1781,82201250.85,14508079.37,0.1772,direct,,XRP
2020-07-06,0.1892,0.1766,0.1772,195324148.71,36013770.59,0.1889,direct,,XRP
2020-07-07,0.1896,0.1832,0.1889,144762390.18,26881368.39,0.1852,direct,,XRP
2020-07-08,0.2068,0.184,0.1852,385212998.66,76516341.09,0.2056,direct,,XRP
2020-07-09,0.2115,0.1971,0.2056,348535743.0,70810826.46,0.2026,direct,,XRP
2020-07-10,0.2027,0.193,0.2026,192188351.06,37966417.2,0.1989,direct,,XRP
2020-07-11,0.2047,0.1981,0.1989,139947866.51,28141095.93,0.2012,direct,,XRP
2020-07-12,0.2039,0.198,0.2012,107429733.32,21540898.04,0.2012,direct,,XRP
2020-07-13,0.2064,0.193,0.2012,205764685.3,41257173.34,0.1986,direct,,XRP
2020-07-14,0.1998,0.1951,0.1986,128379557.19,25430701.5,0.199,direct,,XRP
2020-07-15,0.1998,0.1964,0.199,113504434.67,22467434.35,0.1971,direct,,XRP
2020-07-16,0.1974,0.1889,0.1971,151782701.33,29265546.35,0.1943,direct,,XRP
2020-07-17,0.1978,0.1913,0.1943,121777809.36,23661361.34,0.1945,direct,,XRP
2020-07-18,0.2021,0.1939,0.1945,125520490.29,24876705.27,0.1998,direct,,XRP
2020-07-19,0.202,0.196,0.1998,104285632.63,20689380.66,0.1996,direct,,XRP
2020-07-20,0.2002,0.1923,0.1996,126970693.18,24996872.33,0.1948,direct,,XRP
2020-07-21,0.201,0.1941,0.1948,137847157.21,27334093.75,0.1996,direct,,XRP
2020-07-22,0.2048,0.1963,0.1996,131199231.64,26230311.5,0.2039,direct,,XRP
2020-07-23,0.2103,0.2019,0.2039,223930944.24,46131763.16,0.2086,direct,,XRP
2020-07-24,0.2087,0.2022,0.2086,145175537.33,29773000.26,0.2043,direct,,XRP
2020-07-25,0.2178,0.204,0.2043,177090214.74,37391101.7,0.2149,direct,,XRP
2020-07-26,0.2253,0.2131,0.2149,246916528.27,54009419.84,0.2154,direct,,XRP
2020-07-27,0.2295,0.21,0.2154,340097264.58,75038390.83,0.2246,direct,,XRP
2020-07-28,0.2349,0.2176,0.2246,354449343.42,80256214.77,0.2308,direct,,XRP
2020-07-29,0.2502,0.2297,0.2308,407197373.46,98078232.14,0.2435,direct,,XRP
2020-07-30,0.2497,0.2372,0.2435,283160933.61,68859986.31,0.2445,direct,,XRP
2020-07-31,0.2607,0.2421,0.2445,261249362.05,65420856.87,0.2599,direct,,XRP
2020-08-01,0.298,0.2561,0.2599,559487706.36,155322833.9,0.2913,direct,,XRP
2020-08-02,0.3262,0.2596,0.2913,695454921.56,204951096.26,0.2878,direct,,XRP
2020-08-03,0.3198,0.2844,0.2878,454755763.4,139718347.93,0.3103,direct,,XRP
2020-08-04,0.3191,0.2921,0.3103,318140148.68,97038822.59,0.3015,direct,,XRP
2020-08-05,0.3083,0.291,0.3015,252786518.52,76109577.28,0.3027,direct,,XRP
2020-08-06,0.3112,0.2977,0.3027,217956676.47,66242545.45,0.3033,direct,,XRP
2020-08-07,0.3102,0.2826,0.3033,259687215.82,77376818.68,0.2947,direct,,XRP
2020-08-08,0.2989,0.2903,0.2947,149593080.75,44032380.07,0.2953,direct,,XRP
2020-08-09,0.2986,0.2825,0.2953,174058342.82,50421040.77,0.288,direct,,XRP
2020-08-10,0.3005,0.288,0.288,213979734.77,63074715.01,0.2947,direct,,XRP
2020-08-11,0.3074,0.2707,0.2947,320006092.26,93554992.19,0.283,direct,,XRP
2020-08-12,0.2874,0.2723,0.283,215264339.66,60605269.66,0.2824,direct,,XRP
2020-08-13,0.2959,0.2725,0.2824,273995165.0,77452528.04,0.2949,direct,,XRP
2020-08-14,0.3076,0.2903,0.2949,313993179.04,93776554.41,0.3004,direct,,XRP
2020-08-15,0.3054,0.2921,0.3004,218635156.62,65575497.57,0.2992,direct,,XRP
2020-08-16,0.3047,0.2924,0.2992,192659211.05,57625191.0,0.3046,direct,,XRP
2020-08-17,0.3274,0.2974,0.3046,408924824.75,128482397.18,0.3157,direct,,XRP
2020-08-18,0.3218,0.2995,0.3157,268969183.04,83412863.76,0.3027,direct,,XRP
2020-08-19,0.3061,0.2794,0.3027,270635250.69,79031256.38,0.2899,direct,,XRP
2020-08-20,0.2947,0.2847,0.2899,222838721.08,64816656.31,0.2924,direct,,XRP
2020-08-21,0.2959,0.2781,0.2924,289906940.02,83271856.33,0.2792,direct,,XRP
2020-08-22,0.2867,0.2734,0.2792,233153528.15,65178214.15,0.2862,direct,,XRP
2020-08-23,0.288,0.2775,0.2862,152091819.7,43097229.17,0.2849,direct,,XRP
2020-08-24,0.292,0.2825,0.2849,163061503.15,46927536.56,0.2887,direct,,XRP
2020-08-25,0.2896,0.2704,0.2887,183985675.8,51569492.25,0.2767,direct,,XRP
2020-08-26,0.2809,0.2743,0.2767,136379796.99,37843873.49,0.2765,direct,,XRP
2020-08-27,0.2785,0.2551,0.2765,204003733.79,54437101.7,0.2646,direct,,XRP
2020-08-28,0.2734,0.2602,0.2646,156236726.81,41949955.32,0.2719,direct,,XRP
2020-08-29,0.2771,0.269,0.2719,97428126.03,26636713.76,0.2741,direct,,XRP
2020-08-30,0.2839,0.274,0.2741,142291307.92,39775882.59,0.2831,direct,,XRP
2020-08-31,0.2845,0.2784,0.2831,172628470.35,48596940.76,0.2814,direct,,XRP
2020-09-01,0.299,0.2763,0.2814,210884947.57,61333951.9,0.2955,direct,,XRP
2020-09-02,0.3039,0.2667,0.2955,256586836.33,72986213.96,0.2762,direct,,XRP
2020-09-03,0.2767,0.2403,0.2762,258889543.5,67902305.1,0.2449,direct,,XRP
2020-09-04,0.2657,0.2414,0.2449,176847508.19,44555535.48,0.2545,direct,,XRP
2020-09-05,0.2595,0.2316,0.2545,203581177.49,49648341.27,0.2375,direct,,XRP
2020-09-06,0.2461,0.2301,0.2375,155281130.49,36932833.7,0.2399,direct,,XRP
2020-09-07,0.2429,0.2301,0.2399,132584444.96,31469757.36,0.2422,direct,,XRP
2020-09-08,0.2437,0.2313,0.2422,144462909.88,34199644.26,0.2366,direct,,XRP
2020-09-09,0.243,0.2332,0.2366,121860470.7,29129499.95,0.2392,direct,,XRP
2020-09-10,0.2488,0.2391,0.2392,140827191.19,34440282.56,0.2432,direct,,XRP
2020-09-11,0.2446,0.237,0.2432,102238639.98,24696146.34,0.2427,direct,,XRP
2020-09-12,0.2487,0.2403,0.2427,72668329.6,17760762.29,0.2476,direct,,XRP
2020-09-13,0.2534,0.2379,0.2476,103547998.27,25398424.02,0.2422,direct,,XRP
2020-09-14,0.2491,0.2393,0.2422,107491746.33,26349630.03,0.2457,direct,,XRP
2020-09-15,0.2492,0.2424,0.2457,117376204.39,28833489.16,0.2433,direct,,XRP
2020-09-16,0.2511,0.2346,0.2433,141723939.86,34482917.3,0.2468,direct,,XRP
2020-09-17,0.2583,0.2462,0.2468,157207134.62,39629658.35,0.2523,direct,,XRP
2020-09-18,0.2552,0.2464,0.2523,131843133.25,33106517.97,0.2508,direct,,XRP
2020-09-19,0.2548,0.2474,0.2508,94714907.11,23749199.79,0.2512,direct,,XRP
2020-09-20,0.2512,0.2427,0.2512,79391180.21,19624814.7,0.2465,direct,,XRP
2020-09-21,0.248,0.2295,0.2465,159105834.22,37671424.3,0.2309,direct,,XRP
2020-09-22,0.2345,0.2298,0.2309,120097318.48,27845036.96,0.2331,direct,,XRP
2020-09-23,0.2352,0.2207,0.2331,126194707.64,28883026.86,0.2215,direct,,XRP
2020-09-24,0.2338,0.2196,0.2215,138197322.85,31363754.56,0.2329,direct,,XRP
2020-09-25,0.2449,0.2297,0.2329,154103409.86,36575466.49,0.2415,direct,,XRP
2020-09-26,0.2455,0.2381,0.2415,78899145.52,19105669.05,0.2416,direct,,XRP
2020-09-27,0.2448,0.2376,0.2416,63829849.75,15401816.5,0.2433,direct,,XRP
2020-09-28,0.2484,0.2398,0.2433,111391513.42,27284076.32,0.241,direct,,XRP
2020-09-29,0.2466,0.2385,0.241,103109029.67,24970348.76,0.2428,direct,,XRP
2020-09-30,0.2428,0.2377,0.2428,90632998.69,21797053.09,0.2418,direct,,XRP
2020-10-01,0.2445,0.234,0.2418,109891472.07,26375512.0,0.2381,direct,,XRP
2020-10-02,0.2393,0.2288,0.2381,128008804.82,29816766.52,0.2341,direct,,XRP
2020-10-03,0.235,0.2328,0.2341,46304163.02,10826573.84,0.2329,direct,,XRP
2020-10-04,0.2501,0.2318,0.2329,129525293.66,31396973.5,0.248,direct,,XRP
2020-10-05,0.2543,0.2466,0.248,163024449.8,40795850.8,0.2503,direct,,XRP
2020-10-06,0.2593,0.2406,0.2503,241578180.1,60672128.92,0.2456,direct,,XRP
2020-10-07,0.2513,0.241,0.2456,127931206.12,31576895.07,0.2488,direct,,XRP
2020-10-08,0.2535,0.2422,0.2488,119627096.44,29699909.4,0.2514,direct,,XRP
2020-10-09,0.2567,0.2497,0.2514,124699325.23,31434097.81,0.2532,direct,,XRP
2020-10-10,0.2601,0.2531,0.2532,105627774.06,27108353.79,0.2542,direct,,XRP
2020-10-11,0.2584,0.2535,0.2542,62608500.44,16021608.5,0.2555,direct,,XRP
2020-10-12,0.2584,0.2493,0.2555,109132198.05,27844850.57,0.2563,direct,,XRP
2020-10-13,0.26,0.2528,0.2563,125800976.99,32227073.02,0.2568,direct,,XRP
2020-10-14,0.2585,0.2463,0.2568,146598281.79,36962186.88,0.2493,direct,,XRP
2020-10-15,0.2503,0.2433,0.2493,133704649.94,32993744.24,0.2461,direct,,XRP
2020-10-16,0.248,0.238,0.2461,121043529.99,29248624.94,0.2402,direct,,XRP
2020-10-17,0.2432,0.2389,0.2402,58373262.43,14078303.64,0.2407,direct,,XRP
2020-10-18,0.2437,0.2402,0.2407,49136851.82,11896997.63,0.2423,direct,,XRP
2020-10-19,0.2496,0.2403,0.2423,117886048.66,28980860.97,0.2457,direct,,XRP
2020-10-20,0.2503,0.2417,0.2457,121273139.64,29740183.33,0.2435,direct,,XRP
2020-10-21,0.2558,0.2429,0.2435,187139671.44,46863852.07,0.2514,direct,,XRP
2020-10-22,0.2639,0.2514,0.2514,197302070.27,51140120.81,0.2575,direct,,XRP
2020-10-23,0.2595,0.2504,0.2575,111899247.36,28606974.96,0.255,direct,,XRP
2020-10-24,0.2579,0.2528,0.255,68080469.78,17388614.47,0.2564,direct,,XRP
2020-10-25,0.2574,0.2516,0.2564,59644518.3,15141033.24,0.2533,direct,,XRP
2020-10-26,0.2592,0.2438,0.2533,129569458.23,32631090.91,0.2484,direct,,XRP
2020-10-27,0.2541,0.2478,0.2484,88578215.4,22235708.22,0.2528,direct,,XRP
2020-10-28,0.2567,0.2446,0.2528,71612265.26,17801621.48,0.2458,direct,,XRP
2020-10-29,0.2472,0.2399,0.2458,91910029.73,22460525.86,0.2424,direct,,XRP
2020-10-30,0.2442,0.2319,0.2424,174895884.11,41655759.82,0.2393,direct,,XRP
2020-10-31,0.2438,0.2378,0.2393,94083576.83,22614770.29,0.2399,direct,,XRP
2020-11-01,0.2414,0.2368,0.2399,55498541.96,13290597.9,0.24,direct,,XRP
2020-11-02,0.2448,0.2332,0.24,96638117.96,22971381.22,0.2356,direct,,XRP
2020-11-03,0.2434,0.229,0.2356,85104689.16,20112599.59,0.2395,direct,,XRP
2020-11-04,0.2406,0.2326,0.2395,70185980.5,16635045.69,0.2379,direct,,XRP
2020-11-05,0.2475,0.2328,0.2379,92459423.94,22313524.67,0.2458,direct,,XRP
2020-11-06,0.2616,0.2455,0.2458,110842491.32,28264283.53,0.2589,direct,,XRP
2020-11-07,0.2675,0.2449,0.2589,90389604.07,23301520.51,0.2494,direct,,XRP
2020-11-08,0.2571,0.2478,0.2494,47838719.35,12114705.4,0.2538,direct,,XRP
2020-11-09,0.2562,0.2459,0.2538,77748492.62,19504487.66,0.2506,direct,,XRP
2020-11-10,0.2643,0.2485,0.2506,110784355.4,28352998.82,0.2542,direct,,XRP
2020-11-11,0.2601,0.2527,0.2542,138864745.12,35706685.98,0.2562,direct,,XRP
2020-11-12,0.2583,0.2526,0.2562,129912885.92,33162811.28,0.255,direct,,XRP
2020-11-13,0.266,0.2541,0.255,170952805.01,44471942.48,0.266,direct,,XRP
2020-11-14,0.2776,0.2617,0.266,260645941.49,70209268.67,0.2685,direct,,XRP
2020-11-15,0.2771,0.2643,0.2685,160539630.19,43608127.62,0.2697,direct,,XRP
2020-11-16,0.2899,0.2677,0.2697,229730235.36,64466900.4,0.2881,direct,,XRP
2020-11-17,0.3053,0.2877,0.2881,356757871.18,106528244.35,0.3027,direct,,XRP
2020-11-18,0.3083,0.2827,0.3027,326528188.97,96001121.05,0.2936,direct,,XRP
2020-11-19,0.3069,0.2842,0.2936,282395707.37,83796915.62,0.3042,direct,,XRP
2020-11-20,0.3312,0.2973,0.3042,392647234.07,123107862.4,0.3303,direct,,XRP
2020-11-21,0.4694,0.3298,0.3303,1249467987.13,495958731.46,0.4631,direct,,XRP
2020-11-22,0.4961,0.4064,0.4631,1334842416.43,600183417.07,0.4461,direct,,XRP
2020-11-23,0.6338,0.432,0.4461,1458198421.17,764194605.91,0.6175,direct,,XRP
2020-11-24,0.8433,0.5699,0.6175,2141617169.33,1438147710.28,0.694,direct,,XRP
2020-11-25,0.7223,0.5803,0.694,1324169691.32,872256370.32,0.6308,direct,,XRP
2020-11-26,0.6517,0.4588,0.6308,1721595881.11,912977917.22,0.5374,direct,,XRP
2020-11-27,0.5879,0.5042,0.5374,849390662.41,461734769.29,0.5626,direct,,XRP
2020-11-28,0.6494,0.5399,0.5626,761095815.72,459029397.48,0.6269,direct,,XRP
2020-11-29,0.6371,0.5834,0.6269,496450620.66,302743113.14,0.6057,direct,,XRP
2020-11-30,0.6797,0.5997,0.6057,708298419.24,453300992.1,0.6649,direct,,XRP
2020-12-01,0.6806,0.5843,0.6649,672303016.96,426954463.49,0.6115,direct,,XRP
2020-12-02,0.637,0.595,0.6115,408867137.54,251479977.02,0.631,direct,,XRP
2020-12-03,0.6426,0.6155,0.631,248944732.03,156195162.49,0.6311,direct,,XRP
2020-12-04,0.6346,0.5433,0.6311,556870273.54,326484796.36,0.554,direct,,XRP
2020-12-05,0.5964,0.5487,0.554,264981276.45,153456551.05,0.5856,direct,,XRP
2020-12-06,0.6289,0.5799,0.5856,448601615.45,272964368.2,0.6218,direct,,XRP
2020-12-07,0.624,0.5909,0.6218,298193961.89,181349167.26,0.6083,direct,,XRP
2020-12-08,0.6106,0.5502,0.6083,411944326.11,240279425.39,0.5589,direct,,XRP
2020-12-09,0.6049,0.5039,0.5589,675768991.31,372746585.52,0.5832,direct,,XRP
2020-12-10,0.5884,0.5526,0.5832,388697028.76,222470839.7,0.572,direct,,XRP
2020-12-11,0.5926,0.5265,0.572,717629189.22,400736723.26,0.5607,direct,,XRP
2020-12-12,0.5616,0.4858,0.5607,675137868.84,348182574.66,0.5067,direct,,XRP
2020-12-13,0.5279,0.4865,0.5067,328827820.24,167494850.55,0.5132,direct,,XRP
2020-12-14,0.5187,0.4894,0.5132,205768992.86,102854821.36,0.4975,direct,,XRP
2020-12-15,0.5072,0.4647,0.4975,374092034.53,180130725.51,0.4686,direct,,XRP
2020-12-16,0.5753,0.4377,0.4686,871968195.69,432060538.92,0.5707,direct,,XRP
2020-12-17,0.6587,0.5387,0.5707,1285762655.53,759819516.01,0.5779,direct,,XRP
2020-12-18,0.6136,0.5511,0.5779,581881194.19,337070268.47,0.5841,direct,,XRP
2020-12-19,0.6041,0.5666,0.5841,394902683.63,230727492.4,0.5777,direct,,XRP
2020-12-20,0.5866,0.5311,0.5777,422281973.13,239839432.44,0.5562,direct,,XRP
2020-12-21,0.5693,0.4995,0.5562,485778445.26,258219066.49,0.5145,direct,,XRP
2020-12-22,0.5219,0.4012,0.5145,1363138277.94,630462673.82,0.4464,direct,,XRP
2020-12-23,0.4479,0.2138,0.4464,3612110427.15,1166004757.48,0.2606,direct,,XRP
2020-12-24,0.3813,0.2406,0.2606,2199741834.22,632674642.52,0.3382,direct,,XRP
2020-12-25,0.3839,0.2798,0.3382,2168991338.88,720174960.18,0.3179,direct,,XRP
2020-12-26,0.3266,0.2832,0.3179,962948211.55,293176578.19,0.2943,direct,,XRP
2020-12-27,0.3101,0.2661,0.2943,886569419.15,257071028.23,0.2834,direct,,XRP
2020-12-28,0.309,0.2339,0.2834,1043374004.82,281651395.24,0.2477,direct,,XRP
2020-12-29,0.2481,0.171,0.2477,2610615235.44,562067117.69,0.2211,direct,,XRP
2020-12-30,0.2361,0.192,0.2211,1189253209.31,251824120.62,0.2115,direct,,XRP
2020-12-31,0.229,0.2053,0.2115,637399499.43,138806338.15,0.2195,direct,,XRP
2021-01-01,0.2507,0.2163,0.2195,742267634.04,175586750.32,0.2379,direct,,XRP
2021-01-02,0.2387,0.2117,0.2379,563620216.37,127336480.83,0.2212,direct,,XRP
2021-01-03,0.2381,0.2156,0.2212,625660885.96,140489162.95,0.2254,direct,,XRP
2021-01-04,0.2623,0.2167,0.2254,881011610.11,206669653.63,0.236,direct,,XRP
2021-01-05,0.2425,0.2181,0.236,676439549.92,154957524.37,0.2262,direct,,XRP
2021-01-06,0.2786,0.222,0.2262,1206911784.98,292767137.0,0.2492,direct,,XRP
2021-01-07,0.3702,0.2459,0.2492,2206466080.65,696083842.09,0.324,direct,,XRP
2021-01-08,0.3461,0.2852,0.324,1002682111.65,315800530.86,0.3209,direct,,XRP
2021-01-09,0.3404,0.3059,0.3209,541533113.74,174582147.99,0.3257,direct,,XRP
2021-01-10,0.3674,0.2862,0.3257,788946861.93,259937910.1,0.3151,direct,,XRP
2021-01-11,0.316,0.2529,0.3151,1018568069.63,283452344.23,0.2879,direct,,XRP
2021-01-12,0.3098,0.2777,0.2879,489993370.67,143926355.99,0.2923,direct,,XRP
2021-01-13,0.31,0.2848,0.2923,402458776.08,120096542.55,0.3056,direct,,XRP
2021-01-14,0.3089,0.2834,0.3056,400832168.16,118451727.57,0.2962,direct,,XRP
2021-01-15,0.3028,0.2616,0.2962,405743793.86,115014087.57,0.2802,direct,,XRP
2021-01-16,0.2966,0.2753,0.2802,310803342.14,88338687.53,0.2794,direct,,XRP
2021-01-17,0.2856,0.2686,0.2794,233866051.18,64793806.67,0.2774,direct,,XRP
2021-01-18,0.2887,0.2717,0.2774,308424474.92,86698574.66,0.2855,direct,,XRP
2021-01-19,0.3293,0.2841,0.2855,505541383.46,153485887.37,0.2942,direct,,XRP
2021-01-20,0.3118,0.2795,0.2942,186824189.01,54307728.39,0.2954,direct,,XRP
2021-01-21,0.3081,0.2601,0.2954,255046384.49,71766824.86,0.2678,direct,,XRP
2021-01-22,0.2784,0.2404,0.2678,280599017.84,74209120.53,0.273,direct,,XRP
2021-01-23,0.2839,0.2659,0.273,126532549.5,34734971.37,0.2718,direct,,XRP
2021-01-24,0.278,0.2686,0.2718,128059400.73,35022607.22,0.2735,direct,,XRP
2021-01-25,0.2852,0.267,0.2735,154912005.79,42746169.05,0.2677,direct,,XRP
2021-01-26,0.2711,0.2583,0.2677,124409379.73,33104389.32,0.2682,direct,,XRP
2021-01-27,0.2689,0.244,0.2682,186042955.23,47547830.12,0.2513,direct,,XRP
2021-01-28,0.2706,0.2478,0.2513,162694823.18,42212790.36,0.2647,direct,,XRP
2021-01-29,0.3166,0.2604,0.2647,493681727.75,140513138.33,0.2831,direct,,XRP
2021-01-30,0.5152,0.2785,0.2831,1471978357.78,561045656.95,0.4446,direct,,XRP
2021-01-31,0.5095,0.3886,0.4446,907849070.66,417216733.1,0.4957,direct,,XRP
2021-02-01,0.7557,0.3603,0.4957,2122566830.6,1107572624.78,0.3721,direct,,XRP
2021-02-02,0.4115,0.3411,0.3721,496391075.82,185477712.99,0.373,direct,,XRP
2021-02-03,0.4191,0.373,0.373,250164403.23,97466658.08,0.3977,direct,,XRP
2021-02-04,0.4812,0.3805,0.3977,462108714.79,196056005.74,0.4455,direct,,XRP
2021-02-05,0.4717,0.425,0.4455,319594983.46,142316828.66,0.4524,direct,,XRP
2021-02-06,0.4568,0.4261,0.4524,170754254.24,75323953.79,0.4434,direct,,XRP
2021-02-07,0.4513,0.3922,0.4434,245528806.64,104252536.05,0.419,direct,,XRP
2021-02-08,0.4694,0.4132,0.419,244058222.64,107458353.63,0.4518,direct,,XRP
2021-02-09,0.4908,0.4493,0.4518,264796912.57,124038250.87,0.4767,direct,,XRP
2021-02-10,0.5417,0.4489,0.4767,494475454.81,247106564.01,0.5056,direct,,XRP
2021-02-11,0.5355,0.5005,0.5056,224803182.71,116689473.88,0.5286,direct,,XRP
2021-02-12,0.62,0.5197,0.5286,365070589.98,209181582.8,0.6102,direct,,XRP
2021-02-13,0.643,0.5428,0.6102,375169650.01,226373278.66,0.6336,direct,,XRP
2021-02-14,0.6403,0.5621,0.6336,246884520.65,148760818.26,0.5931,direct,,XRP
2021-02-15,0.604,0.5105,0.5931,314298246.19,175304828.27,0.5502,direct,,XRP
2021-02-16,0.58,0.4828,0.5502,281492371.46,150237214.22,0.52,direct,,XRP
2021-02-17,0.5571,0.4939,0.52,215385048.21,114945342.27,0.5341,direct,,XRP
2021-02-18,0.5598,0.5198,0.5341,160648003.91,86642955.34,0.5319,direct,,XRP
2021-02-19,0.5804,0.5142,0.5319,220440485.22,121804389.2,0.5643,direct,,XRP
2021-02-20,0.5824,0.4741,0.5643,311742078.02,168392052.57,0.5123,direct,,XRP
2021-02-21,0.5582,0.5041,0.5123,141013234.27,75467493.7,0.5449,direct,,XRP
2021-02-22,0.6485,0.5153,0.5449,649446297.32,374656084.82,0.5659,direct,,XRP
2021-02-23,0.5706,0.3676,0.5659,596670013.96,275525504.77,0.4763,direct,,XRP
2021-02-24,0.4993,0.4518,0.4763,167120703.72,80330896.78,0.4695,direct,,XRP
2021-02-25,0.4823,0.4256,0.4695,134057466.28,61935020.31,0.4358,direct,,XRP
2021-02-26,0.4506,0.412,0.4358,173877544.93,74721808.28,0.4283,direct,,XRP
2021-02-27,0.4585,0.4274,0.4283,121289719.77,53383467.16,0.4366,direct,,XRP
2021-02-28,0.4386,0.3937,0.4366,125747123.66,52111918.67,0.416,direct,,XRP
2021-03-01,0.4545,0.4133,0.416,129557430.99,55884039.29,0.4457,direct,,XRP
2021-03-02,0.4555,0.4219,0.4457,112822100.91,49452526.09,0.4363,direct,,XRP
2021-03-03,0.4678,0.431,0.4363,96033758.75,43193679.57,0.4487,direct,,XRP
2021-03-04,0.4942,0.4361,0.4487,199821538.67,92617248.72,0.481,direct,,XRP
2021-03-05,0.4843,0.4466,0.481,115023083.21,52671943.63,0.4554,direct,,XRP
2021-03-06,0.4706,0.4498,0.4554,79314981.34,36510051.86,0.4628,direct,,XRP
2021-03-07,0.4689,0.4571,0.4628,59764204.18,27698281.46,0.4655,direct,,XRP
2021-03-08,0.4894,0.4551,0.4655,108722932.82,51063212.22,0.4739,direct,,XRP
2021-03-09,0.4873,0.4716,0.4739,90785929.82,43575311.6,0.4856,direct,,XRP
2021-03-10,0.4884,0.4564,0.4856,133363875.81,62404233.8,0.4622,direct,,XRP
2021-03-11,0.4642,0.4409,0.4622,107625600.26,48484835.27,0.4523,direct,,XRP
2021-03-12,0.4645,0.4241,0.4523,117295868.76,52231082.4,0.4397,direct,,XRP
2021-03-13,0.4664,0.4326,0.4397,102964122.58,46279492.15,0.4579,direct,,XRP
2021-03-14,0.4614,0.4376,0.4579,66319854.81,29838975.58,0.4397,direct,,XRP
2021-03-15,0.4478,0.4233,0.4397,92791226.65,40469092.64,0.4361,direct,,XRP
2021-03-16,0.5192,0.4278,0.4361,258272187.2,122067377.11,0.4603,direct,,XRP
2021-03-17,0.4818,0.454,0.4603,98409542.55,45948468.66,0.4697,direct,,XRP
2021-03-18,0.4894,0.4661,0.4697,86139424.35,40860720.09,0.4693,direct,,XRP
2021-03-19,0.4749,0.4593,0.4693,65777074.05,30863598.86,0.4667,direct,,XRP
2021-03-20,0.5497,0.4649,0.4667,230724407.25,116367697.28,0.5256,direct,,XRP
2021-03-21,0.5457,0.4957,0.5256,128160757.38,65878644.46,0.5171,direct,,XRP
2021-03-22,0.5999,0.5018,0.5171,296102845.49,166111734.43,0.5444,direct,,XRP
2021-03-23,0.5965,0.5381,0.5444,156734656.84,88642396.91,0.5498,direct,,XRP
2021-03-24,0.5626,0.4535,0.5498,192152993.06,99115696.76,0.4802,direct,,XRP
2021-03-25,0.5248,0.4574,0.4802,155088805.46,76704460.47,0.5117,direct,,XRP
2021-03-26,0.5758,0.5112,0.5117,149792184.01,81923537.82,0.5635,direct,,XRP
2021-03-27,0.5742,0.5342,0.5635,93436552.66,51606867.94,0.548,direct,,XRP
2021-03-28,0.5601,0.5396,0.548,61481090.82,33841904.92,0.5461,direct,,XRP
2021-03-29,0.5699,0.5436,0.5461,110298880.05,61795274.81,0.5655,direct,,XRP
2021-03-30,0.5862,0.5592,0.5655,107909738.98,61676365.37,0.5627,direct,,XRP
2021-03-31,0.5756,0.5293,0.5627,147150101.54,80963861.76,0.57,direct,,XRP
2021-04-01,0.5942,0.5491,0.57,128217953.07,72843945.99,0.5705,direct,,XRP
2021-04-02,0.6089,0.5657,0.5705,136559765.49,80104459.35,0.6068,direct,,XRP
2021-04-03,0.6416,0.5743,0.6068,175899748.62,108280677.12,0.579,direct,,XRP
2021-04-04,0.6353,0.5673,0.579,93384423.67,55940742.61,0.6347,direct,,XRP
2021-04-05,0.9379,0.6197,0.6347,606892039.64,471864838.72,0.9141,direct,,XRP
2021-04-06,1.116,0.8108,0.9141,621808691.3,605817510.77,1.095,direct,,XRP
2021-04-07,1.107,0.8577,1.095,408459761.61,389824759.26,0.9163,direct,,XRP
2021-04-08,1.071,0.902,0.9163,208989530.41,204540729.06,1.058,direct,,XRP
2021-04-09,1.083,0.9823,1.058,178302822.61,182781003.91,1.018,direct,,XRP
2021-04-10,1.396,1.007,1.018,532000339.15,657362488.93,1.372,direct,,XRP
2021-04-11,1.494,1.306,1.372,336857682.06,470675786.77,1.352,direct,,XRP
2021-04-12,1.472,1.319,1.352,227418593.21,312913171.17,1.468,direct,,XRP
2021-04-13,1.887,1.419,1.468,566444852.04,958800925.21,1.796,direct,,XRP
2021-04-14,1.965,1.569,1.796,516906587.35,919224641.78,1.837,direct,,XRP
2021-04-15,1.884,1.652,1.837,213777432.52,374735046.52,1.759,direct,,XRP
2021-04-16,1.81,1.422,1.759,392566375.24,632303706.41,1.55,direct,,XRP
2021-04-17,1.742,1.533,1.55,175491183.44,284868403.94,1.54,direct,,XRP
2021-04-18,1.563,1.151,1.54,494214763.28,652669187.25,1.411,direct,,XRP
2021-04-19,1.532,1.254,1.411,321373270.48,442796332.98,1.311,direct,,XRP
2021-04-20,1.447,1.184,1.311,288622886.15,374569787.62,1.387,direct,,XRP
2021-04-21,1.464,1.278,1.387,216514589.18,296331777.1,1.291,direct,,XRP
2021-04-22,1.418,1.101,1.291,309000652.93,393454713.07,1.157,direct,,XRP
2021-04-23,1.196,0.8991,1.157,492272003.78,522515244.11,1.171,direct,,XRP
2021-04-24,1.172,1.024,1.171,158574705.02,172524387.08,1.052,direct,,XRP
2021-04-25,1.157,0.9473,1.052,218178638.51,229669378.94,1.034,direct,,XRP
2021-04-26,1.373,1.018,1.034,339718772.72,418577391.99,1.367,direct,,XRP
2021-04-27,1.463,1.333,1.367,264266329.05,370726471.81,1.403,direct,,XRP
2021-04-28,1.448,1.286,1.403,206886456.72,280633694.68,1.359,direct,,XRP
2021-04-29,1.419,1.329,1.359,151308322.24,209614169.66,1.399,direct,,XRP
2021-04-30,1.639,1.376,1.399,258677363.15,400890562.8,1.599,direct,,XRP
2021-05-01,1.665,1.525,1.599,134909973.14,213700383.67,1.652,direct,,XRP
2021-05-02,1.657,1.528,1.652,122759574.64,193593282.93,1.562,direct,,XRP
2021-05-03,1.622,1.481,1.562,142624012.77,224170129.14,1.555,direct,,XRP
2021-05-04,1.558,1.326,1.555,283006236.16,405579452.86,1.389,direct,,XRP
2021-05-05,1.624,1.371,1.389,230613810.04,354994888.87,1.616,direct,,XRP
2021-05-06,1.762,1.533,1.616,349241529.61,577887128.93,1.604,direct,,XRP
2021-05-07,1.691,1.509,1.604,191054959.86,303678780.83,1.582,direct,,XRP
2021-05-08,1.627,1.543,1.582,98018926.52,154984540.84,1.563,direct,,XRP
2021-05-09,1.596,1.436,1.563,161501003.96,244208607.49,1.536,direct,,XRP
2021-05-10,1.627,1.238,1.536,262336239.97,387315910.7,1.391,direct,,XRP
2021-05-11,1.489,1.358,1.391,157925123.48,225717071.66,1.481,direct,,XRP
2021-05-12,1.547,1.245,1.481,244560102.07,345496478.01,1.269,direct,,XRP
2021-05-13,1.389,1.21,1.269,320095292.84,416689453.04,1.363,direct,,XRP
2021-05-14,1.449,1.324,1.363,116207890.85,161049600.74,1.403,direct,,XRP
2021-05-15,1.583,1.324,1.403,261046408.41,379483226.34,1.491,direct,,XRP
2021-05-16,1.611,1.347,1.491,260131551.84,384859135.81,1.451,direct,,XRP
2021-05-17,1.563,1.329,1.451,262154250.85,383824314.64,1.495,direct,,XRP
2021-05-18,1.703,1.473,1.495,250985446.25,398476231.27,1.592,direct,,XRP
2021-05-19,1.643,0.9433,1.592,573678039.53,728043865.86,1.062,direct,,XRP
2021-05-20,1.267,0.9274,1.062,341380311.76,391601145.01,1.181,direct,,XRP
2021-05-21,1.219,0.8702,1.181,337352074.85,352365056.43,1.009,direct,,XRP
2021-05-22,1.017,0.8225,1.009,240680378.41,219328496.14,0.9065,direct,,XRP
2021-05-23,0.9675,0.6519,0.9065,375196612.0,286689977.26,0.7919,direct,,XRP
2021-05-24,0.9972,0.7567,0.7919,259766205.62,223709858.89,0.9933,direct,,XRP
2021-05-25,1.058,0.8835,0.9933,267054601.51,257394917.67,0.9743,direct,,XRP
2021-05-26,1.069,0.9492,0.9743,175960690.63,177473056.74,1.033,direct,,XRP
2021-05-27,1.043,0.935,1.033,154478832.7,153484334.68,0.9726,direct,,XRP
2021-05-28,0.9845,0.8475,0.9726,187315062.82,168236465.6,0.8994,direct,,XRP
2021-05-29,0.9405,0.7948,0.8994,170746998.33,146341256.47,0.8316,direct,,XRP
2021-05-30,0.9328,0.7992,0.8316,135973498.55,119143548.6,0.9062,direct,,XRP
2021-05-31,1.049,0.8813,0.9062,188103500.71,184378139.35,1.042,direct,,XRP
2021-06-01,1.099,0.9769,1.042,150080153.23,154542565.64,1.01,direct,,XRP
2021-06-02,1.048,0.9804,1.01,94772525.17,96630969.78,1.025,direct,,XRP
2021-06-03,1.077,1.008,1.025,99265676.37,103420815.27,1.045,direct,,XRP
2021-06-04,1.046,0.9173,1.045,155753585.53,149668276.1,0.9691,direct,,XRP
2021-06-05,0.9974,0.896,0.9691,98014211.42,92698279.68,0.9231,direct,,XRP
2021-06-06,0.9491,0.918,0.9231,63000472.46,58957683.92,0.9456,direct,,XRP
2021-06-07,0.9744,0.8433,0.9456,116237865.37,107061635.23,0.8625,direct,,XRP
2021-06-08,0.886,0.786,0.8625,186922865.22,158465173.89,0.8751,direct,,XRP
2021-06-09,0.9218,0.8312,0.8751,162950280.89,141778595.5,0.9218,direct,,XRP
2021-06-10,0.9288,0.8533,0.9218,98677756.38,87301860.8,0.8687,direct,,XRP
2021-06-11,0.8789,0.8347,0.8687,77451551.4,66680637.2,0.8471,direct,,XRP
2021-06-12,0.8472,0.8066,0.8471,90023360.34,74358491.65,0.8314,direct,,XRP
2021-06-13,0.8881,0.8181,0.8314,59302462.72,50208738.47,0.8839,direct,,XRP
2021-06-14,0.929,0.8634,0.8839,84066799.83,74510707.59,0.8907,direct,,XRP
2021-06-15,0.9015,0.858,0.8907,59632920.0,52420654.27,0.8668,direct,,XRP
2021-06-16,0.8728,0.8262,0.8668,70877146.32,60127542.33,0.8315,direct,,XRP
2021-06-17,0.8612,0.8237,0.8315,56814538.22,48011899.73,0.8414,direct,,XRP
2021-06-18,0.8445,0.7712,0.8414,68527204.16,55238283.32,0.797,direct,,XRP
2021-06-19,0.8057,0.7573,0.797,46415285.71,36536091.95,0.7603,direct,,XRP
2021-06-20,0.7844,0.6992,0.7603,82436286.09,60944707.46,0.7744,direct,,XRP
2021-06-21,0.7798,0.6053,0.7744,197448129.8,134368824.86,0.6076,direct,,XRP
2021-06-22,0.6494,0.5119,0.6076,345376685.38,197415172.45,0.5465,direct,,XRP
2021-06-23,0.6648,0.5234,0.5465,220017546.99,135952034.45,0.6385,direct,,XRP
2021-06-24,0.6913,0.6171,0.6385,136371720.74,89216273.95,0.6719,direct,,XRP
2021-06-25,0.6888,0.6025,0.6719,143567193.57,92055859.23,0.6123,direct,,XRP
2021-06-26,0.6323,0.5823,0.6123,107849550.05,64903649.61,0.6158,direct,,XRP
2021-06-27,0.6522,0.5972,0.6158,79688560.25,49222552.55,0.6485,direct,,XRP
2021-06-28,0.6563,0.625,0.6485,77375696.01,49641400.91,0.644,direct,,XRP
2021-06-29,0.7322,0.6424,0.644,123771006.78,86066216.02,0.7056,direct,,XRP
2021-06-30,0.7135,0.6486,0.7056,95872434.45,65019006.89,0.7059,direct,,XRP
2021-07-01,0.706,0.6444,0.7059,77402678.55,51416772.62,0.6601,direct,,XRP
2021-07-02,0.6672,0.6334,0.6601,63599077.42,41082154.38,0.6569,direct,,XRP
2021-07-03,0.6844,0.6438,0.6569,51923710.26,34734291.73,0.6732,direct,,XRP
2021-07-04,0.709,0.6661,0.6732,44092805.87,30532974.41,0.6958,direct,,XRP
2021-07-05,0.696,0.6453,0.6958,83113385.79,55492808.51,0.6533,direct,,XRP
2021-07-06,0.6795,0.652,0.6533,50755151.38,33751096.82,0.6652,direct,,XRP
2021-07-07,0.6736,0.6506,0.6652,40257434.87,26820038.83,0.652,direct,,XRP
2021-07-08,0.6541,0.6116,0.652,79438436.37,49807584.84,0.6229,direct,,XRP
2021-07-09,0.6448,0.5925,0.6229,73502060.95,45593430.33,0.6368,direct,,XRP
2021-07-10,0.6485,0.6134,0.6368,42072433.34,26381246.58,0.6251,direct,,XRP
2021-07-11,0.6437,0.6176,0.6251,26229086.3,16489109.31,0.6359,direct,,XRP
2021-07-12,0.6571,0.6183,0.6359,63392998.51,40507889.43,0.6296,direct,,XRP
2021-07-13,0.6419,0.6091,0.6296,50277185.29,31489900.67,0.6195,direct,,XRP
2021-07-14,0.6251,0.5876,0.6195,56271577.07,34047278.09,0.6202,direct,,XRP
2021-07-15,0.6264,0.5887,0.6202,62512286.84,37748294.03,0.5969,direct,,XRP
2021-07-16,0.6186,0.5881,0.5969,55460388.77,33238605.6,0.5897,direct,,XRP
2021-07-17,0.5977,0.5657,0.5897,50663574.01,29493659.85,0.5821,direct,,XRP
2021-07-18,0.6013,0.5731,0.5821,37639984.16,22101448.95,0.5877,direct,,XRP
2021-07-19,0.5892,0.5543,0.5877,62564108.15,35509178.2,0.5574,direct,,XRP
2021-07-20,0.5692,0.5171,0.5574,75341787.12,40022684.7,0.529,direct,,XRP
2021-07-21,0.5839,0.5202,0.529,86802005.05,48126469.98,0.5711,direct,,XRP
2021-07-22,0.6029,0.562,0.5711,81298159.83,47358046.96,0.5924,direct,,XRP
2021-07-23,0.6101,0.5759,0.5924,70118988.0,41617590.19,0.6095,direct,,XRP
2021-07-24,0.6207,0.6008,0.6095,45536270.44,27718007.14,0.6095,direct,,XRP
2021-07-25,0.612,0.5917,0.6095,32220666.75,19406181.77,0.6069,direct,,XRP
2021-07-26,0.678,0.6059,0.6069,130608172.47,84911880.91,0.625,direct,,XRP
2021-07-27,0.6527,0.6137,0.625,78162274.72,49523667.04,0.6455,direct,,XRP
2021-07-28,0.7526,0.6317,0.6455,214366425.36,152874124.32,0.7339,direct,,XRP
2021-07-29,0.7657,0.6984,0.7339,105648921.3,75964390.43,0.7495,direct,,XRP
2021-07-30,0.7691,0.7138,0.7495,117449500.64,86959552.86,0.7524,direct,,XRP
2021-07-31,0.7587,0.7383,0.7524,42940849.62,32122462.27,0.7456,direct,,XRP
2021-08-01,0.7775,0.7081,0.7456,71107283.35,53474159.68,0.7245,direct,,XRP
2021-08-02,0.7731,0.7162,0.7245,74514583.8,55456103.1,0.739,direct,,XRP
2021-08-03,0.7445,0.7015,0.739,74549360.68,53360581.34,0.7132,direct,,XRP
2021-08-04,0.7394,0.6966,0.7132,51407996.4,36734011.29,0.7308,direct,,XRP
2021-08-05,0.739,0.7018,0.7308,51420225.4,37080439.98,0.7336,direct,,XRP
2021-08-06,0.7527,0.7233,0.7336,46122829.77,34025225.04,0.7473,direct,,XRP
2021-08-07,0.8183,0.7422,0.7473,89899474.58,70758109.5,0.817,direct,,XRP
2021-08-08,0.8399,0.7731,0.817,89013178.03,71825881.77,0.7795,direct,,XRP
2021-08-09,0.8279,0.7603,0.7795,101328809.04,81466323.57,0.8178,direct,,XRP
2021-08-10,0.8621,0.8005,0.8178,97888840.73,81373352.9,0.8517,direct,,XRP
2021-08-11,1.087,0.8487,0.8517,257839555.12,248991307.72,1.012,direct,,XRP
2021-08-12,1.044,0.9227,1.012,235581521.36,231474063.78,0.966,direct,,XRP
2021-08-13,1.096,0.9526,0.966,164216248.5,168569087.27,1.091,direct,,XRP
2021-08-14,1.31,1.072,1.091,254352863.85,301008646.53,1.281,direct,,XRP
2021-08-15,1.348,1.23,1.281,149554537.16,192640966.66,1.285,direct,,XRP
2021-08-16,1.329,1.148,1.285,198131184.74,243952278.95,1.186,direct,,XRP
2021-08-17,1.224,1.087,1.186,217131528.41,253741949.68,1.098,direct,,XRP
2021-08-18,1.194,1.052,1.098,223803223.84,251443530.86,1.145,direct,,XRP
2021-08-19,1.235,1.093,1.145,152758683.83,175944868.17,1.234,direct,,XRP
2021-08-20,1.289,1.2,1.234,120600337.75,150304193.05,1.264,direct,,XRP
2021-08-21,1.283,1.206,1.264,70749577.74,87986364.58,1.217,direct,,XRP
2021-08-22,1.256,1.182,1.217,69256206.07,84233419.35,1.227,direct,,XRP
2021-08-23,1.303,1.211,1.227,112576975.62,141682460.16,1.247,direct,,XRP
2021-08-24,1.264,1.127,1.247,131281549.66,156435160.11,1.136,direct,,XRP
2021-08-25,1.178,1.109,1.136,124809429.84,143951042.29,1.175,direct,,XRP
2021-08-26,1.186,1.065,1.175,163293345.88,181787886.92,1.073,direct,,XRP
2021-08-27,1.192,1.052,1.073,124763028.18,139099218.08,1.191,direct,,XRP
2021-08-28,1.197,1.134,1.191,66241214.7,76801402.36,1.145,direct,,XRP
2021-08-29,1.168,1.114,1.145,61670897.0,70451143.12,1.141,direct,,XRP
2021-08-30,1.15,1.096,1.141,75172907.73,84871473.99,1.101,direct,,XRP
2021-08-31,1.242,1.093,1.101,130322705.78,151309697.75,1.187,direct,,XRP
2021-09-01,1.238,1.16,1.187,98095217.75,117536294.15,1.237,direct,,XRP
2021-09-02,1.295,1.223,1.237,99295629.22,125276937.89,1.254,direct,,XRP
2021-09-03,1.322,1.222,1.254,105603978.16,135444164.36,1.291,direct,,XRP
2021-09-04,1.297,1.237,1.291,52548847.23,66567870.66,1.256,direct,,XRP
2021-09-05,1.312,1.238,1.256,41188809.01,52634418.25,1.307,direct,,XRP
2021-09-06,1.415,1.307,1.307,141023992.06,192381647.34,1.391,direct,,XRP
2021-09-07,1.392,0.9589,1.391,381103045.31,446080383.12,1.127,direct,,XRP
2021-09-08,1.148,1.017,1.127,172270073.14,187417325.21,1.099,direct,,XRP
2021-09-09,1.15,1.076,1.099,97852244.02,108224647.36,1.087,direct,,XRP
2021-09-10,1.243,1.031,1.087,204218925.25,226263815.51,1.055,direct,,XRP
2021-09-11,1.112,1.052,1.055,52584437.9,56933341.93,1.079,direct,,XRP
2021-09-12,1.126,1.059,1.079,43704940.27,47970106.7,1.119,direct,,XRP
2021-09-13,1.126,1.027,1.119,86056896.08,91273492.51,1.064,direct,,XRP
2021-09-14,1.098,1.058,1.064,49581557.41,53366998.82,1.097,direct,,XRP
2021-09-15,1.13,1.08,1.097,51056798.82,56261525.98,1.121,direct,,XRP
2021-09-16,1.13,1.067,1.121,67563405.13,74083309.07,1.091,direct,,XRP
2021-09-17,1.103,1.052,1.091,50297909.52,53932435.06,1.066,direct,,XRP
2021-09-18,1.094,1.058,1.066,29562095.49,31943342.7,1.076,direct,,XRP
2021-09-19,1.084,1.04,1.076,32879053.83,34918972.38,1.049,direct,,XRP
2021-09-20,1.05,0.8775,1.049,187855382.98,177827223.22,0.9208,direct,,XRP
2021-09-21,0.959,0.8593,0.9208,122571466.15,112193885.55,0.8738,direct,,XRP
2021-09-22,1.008,0.869,0.8738,112025682.4,106519801.26,1.004,direct,,XRP
2021-09-23,1.017,0.9693,1.004,62067366.88,61662073.78,1.002,direct,,XRP
2021-09-24,1.003,0.888,1.002,120373718.19,112229099.41,0.9449,direct,,XRP
2021-09-25,0.9567,0.9184,0.9449,52101734.43,49022127.05,0.9415,direct,,XRP
2021-09-26,0.957,0.8936,0.9415,64088782.52,59616360.58,0.9448,direct,,XRP
2021-09-27,0.9816,0.9213,0.9448,57554199.38,55111677.27,0.9229,direct,,XRP
2021-09-28,0.9431,0.8918,0.9229,54657715.72,50360939.64,0.8939,direct,,XRP
2021-09-29,0.991,0.8878,0.8939,92810420.26,86615225.01,0.9279,direct,,XRP
2021-09-30,0.9635,0.9228,0.9279,53910199.54,50951886.17,0.953,direct,,XRP
2021-10-01,1.066,0.9452,0.953,99848370.17,101107638.21,1.043,direct,,XRP
2021-10-02,1.072,1.009,1.043,49655656.46,51507852.93,1.037,direct,,XRP
2021-10-03,1.089,1.023,1.037,57346559.15,60761123.18,1.055,direct,,XRP
2021-10-04,1.06,1.008,1.055,66198423.97,68623939.25,1.043,direct,,XRP
2021-10-05,1.088,1.039,1.043,69178732.16,73416112.78,1.085,direct,,XRP
2021-10-06,1.106,1.02,1.085,80647090.95,86204079.53,1.078,direct,,XRP
2021-10-07,1.094,1.044,1.078,51553076.66,55234882.33,1.068,direct,,XRP
2021-10-08,1.092,1.052,1.068,42065005.73,45113825.48,1.063,direct,,XRP
2021-10-09,1.208,1.058,1.063,92331370.55,105453533.2,1.16,direct,,XRP
2021-10-10,1.229,1.128,1.16,90861664.02,107131426.42,1.136,direct,,XRP
2021-10-11,1.181,1.106,1.136,63147142.97,72515970.06,1.137,direct,,XRP
2021-10-12,1.137,1.066,1.137,71635555.7,78435817.09,1.102,direct,,XRP
2021-10-13,1.138,1.076,1.102,65389369.83,72133429.48,1.128,direct,,XRP
2021-10-14,1.157,1.118,1.128,50022923.05,56664550.61,1.134,direct,,XRP
2021-10-15,1.164,1.095,1.134,99806262.93,112720503.55,1.141,direct,,XRP
2021-10-16,1.185,1.13,1.141,62427911.43,71851637.29,1.134,direct,,XRP
2021-10-17,1.14,1.023,1.134,74572571.57,81701054.18,1.094,direct,,XRP
2021-10-18,1.106,1.065,1.094,67054202.15,72909939.01,1.083,direct,,XRP
2021-10-19,1.1,1.067,1.083,41002374.35,44522386.24,1.091,direct,,XRP
2021-10-20,1.153,1.088,1.091,64546218.37,72645632.44,1.145,direct,,XRP
2021-10-21,1.164,1.086,1.145,109929018.56,124023631.41,1.089,direct,,XRP
2021-10-22,1.127,1.075,1.089,65132301.81,71509921.13,1.089,direct,,XRP
2021-10-23,1.102,1.077,1.089,35032329.47,38152473.7,1.094,direct,,XRP
2021-10-24,1.096,1.054,1.094,39461091.17,42563241.23,1.082,direct,,XRP
2021-10-25,1.103,1.079,1.082,36471606.9,39851191.6,1.095,direct,,XRP
2021-10-26,1.159,1.092,1.095,77074641.7,86206127.67,1.107,direct,,XRP
2021-10-27,1.125,0.9559,1.107,151952958.71,156915692.78,0.9954,direct,,XRP
2021-10-28,1.081,0.9819,0.9954,123576720.15,128815757.65,1.058,direct,,XRP
2021-10-29,1.091,1.054,1.058,67249105.86,71998786.67,1.082,direct,,XRP
2021-10-30,1.116,1.062,1.082,51388216.77,55818944.1,1.085,direct,,XRP
2021-10-31,1.153,1.07,1.085,102246159.42,113084103.44,1.113,direct,,XRP
2021-11-01,1.132,1.072,1.113,71961328.84,78726565.34,1.093,direct,,XRP
2021-11-02,1.147,1.087,1.093,74266787.27,82953181.72,1.135,direct,,XRP
2021-11-03,1.235,1.128,1.135,128934932.49,152923420.48,1.21,direct,,XRP
2021-11-04,1.256,1.165,1.21,96763893.87,116447053.96,1.202,direct,,XRP
2021-11-05,1.202,1.134,1.202,70103122.07,81925063.47,1.16,direct,,XRP
2021-11-06,1.177,1.101,1.16,45494684.81,51948036.01,1.152,direct,,XRP
2021-11-07,1.237,1.147,1.152,74422099.91,89193718.46,1.22,direct,,XRP
2021-11-08,1.295,1.22,1.22,115686668.84,146179006.0,1.283,direct,,XRP
2021-11-09,1.288,1.226,1.283,115695895.81,145568634.84,1.257,direct,,XRP
2021-11-10,1.348,1.126,1.257,226279925.25,284356815.05,1.192,direct,,XRP
2021-11-11,1.253,1.178,1.192,76486827.79,92926414.77,1.215,direct,,XRP
2021-11-12,1.233,1.156,1.215,100971200.63,119892020.17,1.189,direct,,XRP
2021-11-13,1.203,1.168,1.189,65158237.63,77389666.23,1.189,direct,,XRP
2021-11-14,1.199,1.169,1.189,51617903.16,61162436.05,1.188,direct,,XRP
2021-11-15,1.22,1.167,1.188,54265257.31,64974801.54,1.172,direct,,XRP
2021-11-16,1.172,1.045,1.172,159130702.77,176018406.0,1.089,direct,,XRP
2021-11-17,1.113,1.061,1.089,62372010.11,67808743.32,1.096,direct,,XRP
2021-11-18,1.159,1.018,1.096,136534285.23,148621605.24,1.042,direct,,XRP
2021-11-19,1.103,1.019,1.042,112953348.47,119919302.79,1.091,direct,,XRP
2021-11-20,1.102,1.064,1.091,33338334.63,36198946.58,1.098,direct,,XRP
2021-11-21,1.099,1.058,1.098,39780190.75,42867981.43,1.061,direct,,XRP
2021-11-22,1.071,1.028,1.061,74645366.06,78144106.83,1.038,direct,,XRP
2021-11-23,1.073,1.021,1.038,59816718.25,62671189.03,1.067,direct,,XRP
2021-11-24,1.073,1.008,1.067,66148922.95,68231023.74,1.034,direct,,XRP
2021-11-25,1.064,1.023,1.034,61528341.56,64223956.43,1.043,direct,,XRP
2021-11-26,1.047,0.9134,1.043,193422714.21,187002144.33,0.9384,direct,,XRP
2021-11-27,0.9659,0.9349,0.9384,42012943.02,40021405.13,0.946,direct,,XRP
2021-11-28,0.9694,0.8867,0.946,76018190.1,70231274.07,0.969,direct,,XRP
2021-11-29,1.003,0.9647,0.969,74963635.19,73654978.78,0.9905,direct,,XRP
2021-11-30,1.03,0.9713,0.9905,71226774.72,71211222.15,0.999,direct,,XRP
2021-12-01,1.018,0.9811,0.999,57361607.63,57589730.23,0.9905,direct,,XRP
2021-12-02,0.9905,0.9566,0.9905,46701336.71,45494575.81,0.9731,direct,,XRP
2021-12-03,0.9844,0.8978,0.9731,62661444.55,59765954.14,0.9225,direct,,XRP
2021-12-04,0.9247,0.6081,0.9225,194345164.39,151221160.51,0.8479,direct,,XRP
2021-12-05,0.8625,0.7728,0.8479,109644406.35,88768600.4,0.805,direct,,XRP
2021-12-06,0.8309,0.7504,0.805,117071898.23,91754807.02,0.8277,direct,,XRP
2021-12-07,0.8457,0.8059,0.8277,68356119.8,56670310.31,0.8162,direct,,XRP
2021-12-08,0.884,0.8052,0.8162,76180362.29,63967220.92,0.8624,direct,,XRP
2021-12-09,0.9336,0.8333,0.8624,159146834.53,140522405.17,0.8594,direct,,XRP
2021-12-10,0.8823,0.7938,0.8594,115127141.19,96485808.48,0.7994,direct,,XRP
2021-12-11,0.844,0.7857,0.7994,50911812.26,41953617.06,0.8387,direct,,XRP
2021-12-12,0.8565,0.81,0.8387,38439154.46,31948501.34,0.8404,direct,,XRP
2021-12-13,0.8444,0.7615,0.8404,86860566.56,69959684.74,0.7819,direct,,XRP
2021-12-14,0.8215,0.7734,0.7819,78816988.63,62913145.2,0.8117,direct,,XRP
2021-12-15,0.8398,0.7781,0.8117,71301850.84,57667396.52,0.8273,direct,,XRP
2021-12-16,0.8364,0.8038,0.8273,41689056.08,34344254.48,0.8054,direct,,XRP
2021-12-17,0.832,0.7766,0.8054,91497037.64,73788510.06,0.7969,direct,,XRP
2021-12-18,0.8342,0.7918,0.7969,31256422.91,25548055.36,0.8265,direct,,XRP
2021-12-19,0.8483,0.8207,0.8265,27002705.55,22498057.57,0.8349,direct,,XRP
2021-12-20,0.9144,0.8257,0.8349,128566731.28,111620628.36,0.8788,direct,,XRP
2021-12-21,0.9609,0.8533,0.8788,128748237.43,115996890.9,0.9472,direct,,XRP
2021-12-22,0.9728,0.9245,0.9472,91838918.74,87350078.59,0.9541,direct,,XRP
2021-12-23,1.016,0.9382,0.9541,127047864.54,125314026.48,0.9938,direct,,XRP
2021-12-24,0.9969,0.8984,0.9938,100374687.54,95338866.73,0.9115,direct,,XRP
2021-12-25,0.9343,0.8999,0.9115,30369161.64,28011420.93,0.9258,direct,,XRP
2021-12-26,0.933,0.906,0.9258,17548610.85,16122623.37,0.9207,direct,,XRP
2021-12-27,0.9553,0.9154,0.9207,29858099.04,27833142.52,0.9268,direct,,XRP
2021-12-28,0.9269,0.8466,0.9268,54397069.57,47966987.79,0.852,direct,,XRP
2021-12-29,0.8642,0.8117,0.852,51979596.54,43682254.13,0.8167,direct,,XRP
2021-12-30,0.8584,0.8033,0.8167,48803624.11,40798213.23,0.8389,direct,,XRP
2021-12-31,0.8535,0.8034,0.8389,57741601.71,48172556.8,0.8292,direct,,XRP
2022-01-01,0.8559,0.8292,0.8292,22583983.71,19059899.18,0.8501,direct,,XRP
2022-01-02,0.8652,0.8378,0.8501,17536692.21,14921475.07,0.8592,direct,,XRP
2022-01-03,0.8592,0.8217,0.8592,36554273.32,30693302.02,0.8324,direct,,XRP
2022-01-04,0.845,0.8152,0.8324,52540887.37,43642429.2,0.8229,direct,,XRP
2022-01-05,0.8364,0.7126,0.8229,74698371.45,59463694.29,0.7728,direct,,XRP
2022-01-06,0.7905,0.7392,0.7728,80753831.36,61590939.06,0.78,direct,,XRP
2022-01-07,0.78,0.7291,0.78,124807168.1,94452486.24,0.7627,direct,,XRP
2022-01-08,0.7762,0.7236,0.7627,76556815.92,57675513.52,0.7453,direct,,XRP
2022-01-09,0.7667,0.7387,0.7453,46260608.53,34795054.08,0.7529,direct,,XRP
2022-01-10,0.7586,0.6984,0.7529,101008360.16,74019081.81,0.7402,direct,,XRP
2022-01-11,0.7759,0.7309,0.7402,89443364.3,67001175.75,0.7703,direct,,XRP
2022-01-12,0.8074,0.7577,0.7703,95172451.86,74369338.78,0.7989,direct,,XRP
2022-01-13,0.8023,0.7612,0.7989,67593889.49,53004713.12,0.7678,direct,,XRP
2022-01-14,0.7903,0.7522,0.7678,97130725.65,74919635.87,0.7734,direct,,XRP
2022-01-15,0.7897,0.7687,0.7734,37284053.33,29046388.83,0.7796,direct,,XRP
2022-01-16,0.7845,0.7687,0.7796,30334389.84,23602419.22,0.7785,direct,,XRP
2022-01-17,0.7804,0.7505,0.7785,69279882.3,52960285.59,0.7623,direct,,XRP
2022-01-18,0.7685,0.7362,0.7623,64583585.69,48411515.56,0.7517,direct,,XRP
2022-01-19,0.7534,0.7239,0.7517,78530846.19,58103338.67,0.7382,direct,,XRP
2022-01-20,0.762,0.7162,0.7382,81845354.01,60864434.17,0.7197,direct,,XRP
2022-01-21,0.7287,0.6138,0.7197,190138846.06,127803216.34,0.6373,direct,,XRP
2022-01-22,0.6533,0.5507,0.6373,247268406.84,146653666.86,0.597,direct,,XRP
2022-01-23,0.6351,0.5906,0.597,101446357.87,61898214.29,0.629,direct,,XRP
2022-01-24,0.629,0.5536,0.629,188645819.91,110300289.06,0.6121,direct,,XRP
2022-01-25,0.6236,0.5877,0.6121,97354590.46,58674403.24,0.6176,direct,,XRP
2022-01-26,0.6586,0.6059,0.6176,130836872.23,82083540.05,0.6197,direct,,XRP
2022-01-27,0.6244,0.5898,0.6197,82122390.76,49583931.08,0.6085,direct,,XRP
2022-01-28,0.6135,0.5918,0.6085,91714456.48,55277902.89,0.6116,direct,,XRP
2022-01-29,0.6254,0.6095,0.6116,42818871.0,26374826.01,0.6175,direct,,XRP
2022-01-30,0.6234,0.598,0.6175,38185680.71,23388101.96,0.6019,direct,,XRP
2022-01-31,0.6244,0.5806,0.6019,103489246.35,61600841.27,0.6175,direct,,XRP
2022-02-01,0.6309,0.6118,0.6175,62527255.44,38858947.17,0.6286,direct,,XRP
2022-02-02,0.6316,0.5957,0.6286,64609457.14,39908339.71,0.6012,direct,,XRP
2022-02-03,0.6108,0.5894,0.6012,65476145.06,39307339.79,0.6099,direct,,XRP
2022-02-04,0.6592,0.6045,0.6099,123340629.81,76912895.19,0.6558,direct,,XRP
2022-02-05,0.6867,0.6511,0.6558,77430514.23,51843104.78,0.6664,direct,,XRP
2022-02-06,0.6875,0.6603,0.6664,42660643.17,28620345.72,0.6837,direct,,XRP
2022-02-07,0.8389,0.6725,0.6837,222356104.98,170691854.21,0.8318,direct,,XRP
2022-02-08,0.9145,0.8045,0.8318,282828295.02,242245560.6,0.8759,direct,,XRP
2022-02-09,0.9154,0.8452,0.8759,161421066.7,141285542.03,0.8701,direct,,XRP
2022-02-10,0.8974,0.8234,0.8701,129342412.62,111810759.82,0.8256,direct,,XRP
2022-02-11,0.8333,0.7513,0.8256,131040446.89,105309185.92,0.7596,direct,,XRP
2022-02-12,0.852,0.7478,0.7596,96527982.6,77222280.23,0.8226,direct,,XRP
2022-02-13,0.847,0.7933,0.8226,64559909.23,53020799.63,0.8061,direct,,XRP
2022-02-14,0.8127,0.7802,0.8061,92405369.55,73492681.76,0.8015,direct,,XRP
2022-02-15,0.8586,0.7968,0.8015,81116960.85,67190262.52,0.8524,direct,,XRP
2022-02-16,0.8533,0.8096,0.8524,81742456.91,68014848.43,0.8371,direct,,XRP
2022-02-17,0.845,0.7545,0.8371,110948947.72,89230855.21,0.7677,direct,,XRP
2022-02-18,0.8051,0.7573,0.7677,110078801.34,85858848.86,0.785,direct,,XRP
2022-02-19,0.8493,0.7713,0.785,97431458.38,79182276.69,0.8218,direct,,XRP
2022-02-20,0.8233,0.7673,0.8218,86898413.83,68543121.9,0.7767,direct,,XRP
2022-02-21,0.8016,0.6969,0.7767,125272685.95,95689153.18,0.7019,direct,,XRP
2022-02-22,0.7268,0.6723,0.7019,138593972.67,96786591.93,0.7215,direct,,XRP
2022-02-23,0.744,0.6932,0.7215,108818452.39,78358835.1,0.6962,direct,,XRP
2022-02-24,0.7154,0.6227,0.6962,200087121.86,131692127.55,0.6963,direct,,XRP
2022-02-25,0.7789,0.6833,0.6963,129130101.36,92282487.32,0.7698,direct,,XRP
2022-02-26,0.7944,0.7412,0.7698,91977442.04,70444494.91,0.751,direct,,XRP
2022-02-27,0.7672,0.705,0.751,88478197.24,65056919.09,0.7217,direct,,XRP
2022-02-28,0.7922,0.7089,0.7217,129392160.44,96113934.98,0.7819,direct,,XRP
2022-03-01,0.8032,0.7584,0.7819,113533820.78,88223831.89,0.7844,direct,,XRP
2022-03-02,0.7848,0.7572,0.7844,82485343.32,63521873.44,0.7692,direct,,XRP
2022-03-03,0.7886,0.7344,0.7692,94242015.9,71657772.81,0.7521,direct,,XRP
2022-03-04,0.7534,0.6966,0.7521,114294031.93,83483908.63,0.7126,direct,,XRP
2022-03-05,0.7683,0.7054,0.7126,61106816.89,45318903.64,0.7542,direct,,XRP
2022-03-06,0.7587,0.7228,0.7542,54882715.94,40613415.69,0.7249,direct,,XRP
2022-03-07,0.7536,0.7035,0.7249,122446483.48,89459923.29,0.7205,direct,,XRP
2022-03-08,0.7302,0.7135,0.7205,93722593.49,67712798.19,0.721,direct,,XRP
2022-03-09,0.7745,0.7201,0.721,104345602.1,78415451.46,0.7659,direct,,XRP
2022-03-10,0.7789,0.7233,0.7659,111001134.58,82296273.72,0.7364,direct,,XRP
2022-03-11,0.8128,0.7253,0.7364,152364214.31,114859899.79,0.8028,direct,,XRP
2022-03-12,0.8487,0.7795,0.8028,100793616.04,81127285.98,0.786,direct,,XRP
2022-03-13,0.8044,0.7535,0.786,61028334.12,47930815.02,0.7604,direct,,XRP
2022-03-14,0.7774,0.7456,0.7604,92668706.44,70710463.15,0.7749,direct,,XRP
2022-03-15,0.7765,0.7418,0.7749,83314049.31,63346576.79,0.7661,direct,,XRP
2022-03-16,0.7944,0.7582,0.7661,111546968.38,86144134.94,0.7927,direct,,XRP
2022-03-17,0.8018,0.7833,0.7927,67801002.46,53670691.36,0.794,direct,,XRP
2022-03-18,0.8006,0.7767,0.794,101248924.16,79775732.08,0.7969,direct,,XRP
2022-03-19,0.8269,0.7921,0.7969,59009639.65,48023863.35,0.82,direct,,XRP
2022-03-20,0.8222,0.7961,0.82,53126867.97,42872243.41,0.8055,direct,,XRP
2022-03-21,0.8543,0.7882,0.8055,113402203.95,92870591.03,0.8384,direct,,XRP
2022-03-22,0.8646,0.8286,0.8384,103783011.35,87818685.77,0.837,direct,,XRP
2022-03-23,0.8457,0.8177,0.837,86802074.84,71898285.41,0.8378,direct,,XRP
2022-03-24,0.8501,0.8274,0.8378,95135208.0,79751242.07,0.8429,direct,,XRP
2022-03-25,0.8459,0.821,0.8429,104220087.51,87043377.4,0.8245,direct,,XRP
2022-03-26,0.835,0.8209,0.8245,33941234.86,28140586.32,0.8332,direct,,XRP
2022-03-27,0.8581,0.8285,0.8332,44612675.49,37547488.03,0.8579,direct,,XRP
2022-03-28,0.9118,0.8542,0.8579,134992903.48,118665501.26,0.8636,direct,,XRP
2022-03-29,0.8853,0.8442,0.8636,95382029.5,83055045.0,0.8581,direct,,XRP
2022-03-30,0.8715,0.8465,0.8581,77355733.6,66534575.94,0.8612,direct,,XRP
2022-03-31,0.8731,0.7893,0.8612,109717679.97,91660834.01,0.8148,direct,,XRP
2022-04-01,0.834,0.8076,0.8148,147232458.81,120886911.29,0.8279,direct,,XRP
2022-04-02,0.85,0.8195,0.8279,41552289.34,34746426.75,0.8241,direct,,XRP
2022-04-03,0.8521,0.8153,0.8241,33979977.49,28348696.61,0.8429,direct,,XRP
2022-04-04,0.8433,0.8054,0.8429,88146846.52,72967911.99,0.8265,direct,,XRP
2022-04-05,0.836,0.8151,0.8265,92467294.61,76242025.46,0.817,direct,,XRP
2022-04-06,0.8184,0.7569,0.817,114646214.35,90711478.99,0.7598,direct,,XRP
2022-04-07,0.7905,0.7529,0.7598,84698599.08,65706896.08,0.7877,direct,,XRP
2022-04-08,0.7935,0.7473,0.7877,124464158.1,96194186.42,0.7551,direct,,XRP
2022-04-09,0.7664,0.7538,0.7551,30982627.43,23546008.94,0.7623,direct,,XRP
2022-04-10,0.7731,0.7529,0.7623,33467295.52,25509617.47,0.7545,direct,,XRP
2022-04-11,0.7555,0.6815,0.7545,144810261.72,103964123.15,0.6949,direct,,XRP
2022-04-12,0.7255,0.6921,0.6949,136965759.99,96558523.64,0.7151,direct,,XRP
2022-04-13,0.725,0.7018,0.7151,117052361.53,83712554.91,0.7232,direct,,XRP
2022-04-14,0.7408,0.7086,0.7232,77760867.17,56483422.2,0.7263,direct,,XRP
2022-04-15,0.7968,0.7261,0.7263,111316410.96,86034581.58,0.7857,direct,,XRP
2022-04-16,0.7994,0.7665,0.7857,49793094.35,38917638.41,0.7809,direct,,XRP
2022-04-17,0.7858,0.7484,0.7809,40928166.25,31638979.99,0.7522,direct,,XRP
2022-04-18,0.7694,0.7279,0.7522,98362468.53,73189350.38,0.7693,direct,,XRP
2022-04-19,0.7816,0.7589,0.7693,71641700.27,55153245.16,0.7752,direct,,XRP
2022-04-20,0.7752,0.7425,0.7752,88047905.87,67016217.09,0.752,direct,,XRP
2022-04-21,0.7682,0.7201,0.752,93533219.53,70094890.19,0.7328,direct,,XRP
2022-04-22,0.7385,0.7141,0.7328,78405198.71,56939085.72,0.7177,direct,,XRP
2022-04-23,0.7266,0.703,0.7177,36430791.22,25969337.31,0.7055,direct,,XRP
2022-04-24,0.7117,0.6948,0.7055,38103907.0,26857850.68,0.6982,direct,,XRP
2022-04-25,0.6995,0.646,0.6982,139283532.22,93280985.29,0.6934,direct,,XRP
2022-04-26,0.7063,0.6284,0.6934,128695492.45,86581298.63,0.6424,direct,,XRP
2022-04-27,0.6622,0.6368,0.6424,110931210.69,72171750.11,0.6523,direct,,XRP
2022-04-28,0.6571,0.6335,0.6523,98639255.43,63805887.42,0.6428,direct,,XRP
2022-04-29,0.6466,0.5996,0.6428,148256946.8,92315159.79,0.6114,direct,,XRP
2022-04-30,0.6283,0.568,0.6114,70538218.94,42720801.84,0.5853,direct,,XRP
2022-05-01,0.6121,0.5761,0.5853,115775515.32,68720728.34,0.6071,direct,,XRP
2022-05-02,0.6304,0.5984,0.6071,119917948.34,73842827.98,0.6143,direct,,XRP
2022-05-03,0.6276,0.5961,0.6143,98441695.11,60576759.36,0.6047,direct,,XRP
2022-05-04,0.6499,0.6042,0.6047,131771757.81,81605475.35,0.6457,direct,,XRP
2022-05-05,0.6569,0.5808,0.6457,142670151.51,88827178.08,0.5982,direct,,XRP
2022-05-06,0.6158,0.5879,0.5982,170574749.17,102495261.82,0.6022,direct,,XRP
2022-05-07,0.6041,0.5695,0.6022,42417550.97,25094734.77,0.5808,direct,,XRP
2022-05-08,0.5825,0.5578,0.5808,72434209.42,41479655.42,0.5659,direct,,XRP
2022-05-09,0.5782,0.4737,0.5659,227248124.57,119010746.29,0.4877,direct,,XRP
2022-05-10,0.5364,0.4729,0.4877,210192128.55,107303673.61,0.5132,direct,,XRP
2022-05-11,0.5223,0.3655,0.5132,502842732.86,230775034.19,0.4152,direct,,XRP
2022-05-12,0.4277,0.3344,0.4152,552887918.75,208055022.96,0.3843,direct,,XRP
2022-05-13,0.4638,0.3805,0.3843,372848998.14,161333476.36,0.422,direct,,XRP
2022-05-14,0.44,0.3952,0.422,134494815.21,56172206.01,0.4259,direct,,XRP
2022-05-15,0.449,0.4144,0.4259,107962438.21,46209326.64,0.4475,direct,,XRP
2022-05-16,0.4476,0.4084,0.4475,203096952.29,86276166.34,0.4221,direct,,XRP
2022-05-17,0.4394,0.4168,0.4221,175376634.31,75469797.71,0.4372,direct,,XRP
2022-05-18,0.4418,0.4034,0.4372,167485389.29,70484020.71,0.4049,direct,,XRP
2022-05-19,0.4233,0.3916,0.4049,185487665.23,75649032.09,0.42,direct,,XRP
2022-05-20,0.4392,0.4011,0.42,255125784.05,107574619.92,0.4099,direct,,XRP
2022-05-21,0.4175,0.403,0.4099,77981119.3,32054907.99,0.4141,direct,,XRP
2022-05-22,0.4245,0.4096,0.4141,69859517.18,29154037.43,0.4215,direct,,XRP
2022-05-23,0.4281,0.3998,0.4215,155602631.52,65258508.01,0.4044,direct,,XRP
2022-05-24,0.413,0.3903,0.4044,164916699.38,66832847.13,0.4081,direct,,XRP
2022-05-25,0.4126,0.3942,0.4081,184303142.97,74567740.29,0.4055,direct,,XRP
2022-05-26,0.4103,0.3748,0.4055,230895203.16,90898284.59,0.3924,direct,,XRP
2022-05-27,0.4023,0.3758,0.3924,286796899.43,111594486.27,0.3813,direct,,XRP
2022-05-28,0.3882,0.3801,0.3813,85414133.85,32826644.56,0.3858,direct,,XRP
2022-05-29,0.3901,0.379,0.3858,68421856.68,26347876.41,0.3886,direct,,XRP
2022-05-30,0.4194,0.3865,0.3886,182762164.02,73122850.34,0.4184,direct,,XRP
2022-05-31,0.4329,0.4063,0.4184,244535532.83,101810399.88,0.4212,direct,,XRP
2022-06-01,0.426,0.3888,0.4212,201802307.95,83053811.99,0.3977,direct,,XRP
2022-06-02,0.4067,0.3902,0.3977,178113027.74,70565997.56,0.4049,direct,,XRP
2022-06-03,0.4099,0.3832,0.4049,216959472.55,85514482.88,0.3898,direct,,XRP
2022-06-04,0.3937,0.3843,0.3898,57207257.76,22292094.42,0.3921,direct,,XRP
2022-06-05,0.3993,0.3893,0.3921,59837295.34,23542111.62,0.3951,direct,,XRP
2022-06-06,0.4089,0.3939,0.3951,163671433.92,65769290.74,0.4025,direct,,XRP
2022-06-07,0.4167,0.3839,0.4025,192261798.29,75828278.32,0.4074,direct,,XRP
2022-06-08,0.4099,0.3947,0.4074,155605520.27,62435708.57,0.4001,direct,,XRP
2022-06-09,0.4035,0.3964,0.4001,127921332.52,51182431.85,0.3997,direct,,XRP
2022-06-10,0.4112,0.3761,0.3997,243482118.36,95750045.43,0.3811,direct,,XRP
2022-06-11,0.3881,0.3555,0.3811,108969720.18,40391684.8,0.3592,direct,,XRP
2022-06-12,0.3649,0.3394,0.3592,183567936.43,64093340.71,0.343,direct,,XRP
2022-06-13,0.35,0.3009,0.343,374087867.16,119540098.46,0.3112,direct,,XRP
2022-06-14,0.3262,0.2934,0.3112,279256609.91,87204839.31,0.3214,direct,,XRP
2022-06-15,0.3461,0.299,0.3214,280428953.52,87641740.66,0.3433,direct,,XRP
2022-06-16,0.347,0.307,0.3433,238402522.65,77326788.63,0.3126,direct,,XRP
2022-06-17,0.339,0.3103,0.3126,301084124.17,97731973.18,0.3207,direct,,XRP
2022-06-18,0.3258,0.2868,0.3207,151722113.03,46278339.11,0.3072,direct,,XRP
2022-06-19,0.3321,0.2979,0.3072,118798845.69,37159724.1,0.326,direct,,XRP
2022-06-20,0.3282,0.313,0.326,209820960.26,67168245.14,0.3222,direct,,XRP
2022-06-21,0.3368,0.3182,0.3222,213721811.25,69871366.06,0.3287,direct,,XRP
2022-06-22,0.3291,0.3184,0.3287,165028622.59,53187289.93,0.3219,direct,,XRP
2022-06-23,0.3363,0.321,0.3219,149252037.18,48761789.4,0.3351,direct,,XRP
2022-06-24,0.3868,0.3351,0.3351,365086730.26,133591613.28,0.3669,direct,,XRP
2022-06-25,0.3736,0.354,0.3669,66818965.26,24368183.63,0.3673,direct,,XRP
2022-06-26,0.3746,0.3575,0.3673,75709933.86,27674226.05,0.3588,direct,,XRP
2022-06-27,0.3666,0.3479,0.3588,204348422.92,73619468.38,0.353,direct,,XRP
2022-06-28,0.3554,0.3351,0.353,236902610.98,81713050.51,0.3369,direct,,XRP
2022-06-29,0.3409,0.3198,0.3369,235209056.15,77652645.65,0.3289,direct,,XRP
2022-06-30,0.3329,0.3058,0.3289,278170932.63,88314501.69,0.3321,direct,,XRP
2022-07-01,0.3353,0.3088,0.3321,359963072.08,113765013.0,0.3131,direct,,XRP
2022-07-02,0.3175,0.3091,0.3131,72622938.16,22731236.23,0.3151,direct,,XRP
2022-07-03,0.3253,0.3082,0.3151,87568343.15,27560033.4,0.321,direct,,XRP
2022-07-04,0.3291,0.3142,0.321,207030199.45,66198977.42,0.3281,direct,,XRP
2022-07-05,0.3304,0.3127,0.3281,215316238.9,69287325.23,0.3249,direct,,XRP
2022-07-06,0.3335,0.3194,0.3249,231947974.12,74913819.37,0.3319,direct,,XRP
2022-07-07,0.3452,0.3262,0.3319,212070836.88,70463990.13,0.342,direct,,XRP
2022-07-08,0.358,0.3353,0.342,298070333.12,102566262.95,0.3398,direct,,XRP
2022-07-09,0.3474,0.3391,0.3398,61995723.35,21283137.35,0.3447,direct,,XRP
2022-07-10,0.3448,0.3162,0.3447,178858073.29,58393049.14,0.3251,direct,,XRP
2022-07-11,0.3287,0.3108,0.3251,251446194.53,81123402.49,0.3148,direct,,XRP
2022-07-12,0.3177,0.3073,0.3148,227015725.0,70887651.22,0.3112,direct,,XRP
2022-07-13,0.3253,0.3027,0.3112,299154801.25,93636303.88,0.3235,direct,,XRP
2022-07-14,0.3336,0.3123,0.3235,239064450.3,76494532.33,0.3335,direct,,XRP
2022-07-15,0.3484,0.3272,0.3335,298656433.27,100360939.67,0.3339,direct,,XRP
2022-07-16,0.356,0.3314,0.3339,140777176.74,48522881.59,0.3505,direct,,XRP
2022-07-17,0.3611,0.3412,0.3505,115359833.13,40533778.34,0.3431,direct,,XRP
2022-07-18,0.3697,0.3429,0.3431,219890230.41,79155115.08,0.3653,direct,,XRP
2022-07-19,0.3767,0.3515,0.3653,229713785.11,83047054.45,0.3731,direct,,XRP
2022-07-20,0.3817,0.3576,0.3731,217490504.7,80940645.74,0.3632,direct,,XRP
2022-07-21,0.3684,0.3487,0.3632,183358875.19,65557609.87,0.3668,direct,,XRP
2022-07-22,0.3714,0.3542,0.3668,193942209.47,70499606.9,0.358,direct,,XRP
2022-07-23,0.3626,0.3498,0.358,57466316.63,20476216.39,0.3593,direct,,XRP
2022-07-24,0.3668,0.3561,0.3593,64405967.46,23307360.17,0.3586,direct,,XRP
2022-07-25,0.3601,0.3351,0.3586,203627444.21,70387903.74,0.3359,direct,,XRP
2022-07-26,0.3385,0.3257,0.3359,207636299.05,68833718.98,0.3375,direct,,XRP
2022-07-27,0.3597,0.3303,0.3375,210469972.66,71538796.27,0.3595,direct,,XRP
2022-07-28,0.3792,0.3493,0.3595,227205444.94,81882430.1,0.3739,direct,,XRP
2022-07-29,0.3798,0.3596,0.3739,261893600.52,96734169.53,0.368,direct,,XRP
2022-07-30,0.4098,0.3633,0.368,141741391.0,55164763.02,0.3878,direct,,XRP
2022-07-31,0.3988,0.3784,0.3878,84025155.04,32704091.25,0.3793,direct,,XRP
2022-08-01,0.3858,0.3712,0.3793,196373841.83,74437859.57,0.3794,direct,,XRP
2022-08-02,0.3938,0.3667,0.3794,206357126.88,76994200.15,0.3712,direct,,XRP
2022-08-03,0.3774,0.3629,0.3712,171766743.05,63545072.83,0.3697,direct,,XRP
2022-08-04,0.3747,0.3643,0.3697,121296373.82,44806047.12,0.3711,direct,,XRP
2022-08-05,0.3781,0.3671,0.3711,225137413.12,83843571.46,0.3764,direct,,XRP
2022-08-06,0.378,0.3705,0.3764,35288428.02,13210684.85,0.3714,direct,,XRP
2022-08-07,0.377,0.3683,0.3714,48711327.6,18151797.08,0.3723,direct,,XRP
2022-08-08,0.3845,0.3714,0.3723,175784281.8,66360558.79,0.3788,direct,,XRP
2022-08-09,0.38,0.3609,0.3788,154301478.37,57152744.5,0.3675,direct,,XRP
2022-08-10,0.3815,0.3584,0.3675,175980566.67,64947997.71,0.3815,direct,,XRP
2022-08-11,0.3858,0.3771,0.3815,154767553.75,58995333.87,0.3803,direct,,XRP
2022-08-12,0.3805,0.3701,0.3803,210338302.53,78713523.68,0.3798,direct,,XRP
2022-08-13,0.3874,0.3765,0.3798,40649029.36,15468804.67,0.378,direct,,XRP
2022-08-14,0.392,0.3739,0.378,62123873.54,23752059.3,0.3756,direct,,XRP
2022-08-15,0.3848,0.366,0.3756,164967942.41,61722740.92,0.3751,direct,,XRP
2022-08-16,0.3783,0.3668,0.3751,193094659.08,72053988.71,0.377,direct,,XRP
2022-08-17,0.3921,0.368,0.377,220264964.99,83602278.28,0.3794,direct,,XRP
2022-08-18,0.3813,0.3692,0.3794,203419704.1,76360490.49,0.3703,direct,,XRP
2022-08-19,0.3705,0.3315,0.3703,323346903.31,110887366.9,0.3345,direct,,XRP
2022-08-20,0.3427,0.3322,0.3345,71838383.99,24344476.8,0.3369,direct,,XRP
2022-08-21,0.3485,0.3357,0.3369,83787563.88,28734151.93,0.3447,direct,,XRP
2022-08-22,0.38,0.3314,0.3447,235125066.95,79308995.68,0.3439,direct,,XRP
2022-08-23,0.3478,0.3325,0.3439,211993303.52,72120155.23,0.347,direct,,XRP
2022-08-24,0.3524,0.3388,0.347,194617274.71,66868523.28,0.3455,direct,,XRP
2022-08-25,0.3518,0.3433,0.3455,206129662.56,71503113.82,0.3494,direct,,XRP
2022-08-26,0.371,0.3326,0.3494,309714593.37,108250039.87,0.339,direct,,XRP
2022-08-27,0.3445,0.3284,0.339,84840439.79,28393274.34,0.3347,direct,,XRP
2022-08-28,0.3372,0.3215,0.3347,64778820.97,21504103.53,0.3222,direct,,XRP
2022-08-29,0.3342,0.3185,0.3222,234843892.64,75981249.97,0.3338,direct,,XRP
2022-08-30,0.3356,0.3202,0.3338,261834683.6,86075748.23,0.3266,direct,,XRP
2022-08-31,0.3337,0.3231,0.3266,206729230.22,68165835.42,0.3277,direct,,XRP
2022-09-01,0.3334,0.3215,0.3277,226386046.6,73698578.73,0.3331,direct,,XRP
2022-09-02,0.335,0.3253,0.3331,275589578.44,91023571.08,0.3313,direct,,XRP
2022-09-03,0.3344,0.3265,0.3313,55274200.43,18237405.31,0.3296,direct,,XRP
2022-09-04,0.3327,0.3275,0.3296,60485041.66,19964512.01,0.3317,direct,,XRP
2022-09-05,0.3335,0.3223,0.3317,228668053.18,74829574.1,0.3328,direct,,XRP
2022-09-06,0.3428,0.3186,0.3328,345075295.92,114867148.47,0.3212,direct,,XRP
2022-09-07,0.3385,0.3126,0.3212,268571276.66,86636749.39,0.3369,direct,,XRP
2022-09-08,0.3432,0.3282,0.3369,259984515.63,86581417.87,0.3396,direct,,XRP
2022-09-09,0.3594,0.3395,0.3396,312704141.04,109030029.44,0.3571,direct,,XRP
2022-09-10,0.3619,0.3517,0.3571,84392190.63,30055941.01,0.3575,direct,,XRP
2022-09-11,0.3601,0.3492,0.3575,75076767.16,26690491.1,0.3552,direct,,XRP
2022-09-12,0.3601,0.348,0.3552,225617798.91,79801874.61,0.3598,direct,,XRP
2022-09-13,0.3602,0.3309,0.3598,283939373.3,99006351.47,0.3326,direct,,XRP
2022-09-14,0.344,0.3314,0.3326,196832539.4,66152472.14,0.3418,direct,,XRP
2022-09-15,0.3427,0.3245,0.3418,342826523.38,113940685.58,0.3262,direct,,XRP
2022-09-16,0.3579,0.3215,0.3262,196167408.27,65209526.83,0.3553,direct,,XRP
2022-09-17,0.3805,0.3464,0.3553,137110613.44,50175219.67,0.3763,direct,,XRP
2022-09-18,0.3978,0.3558,0.3763,248955179.63,94777086.28,0.3578,direct,,XRP
2022-09-19,0.3929,0.3401,0.3578,351004665.67,125116315.74,0.3848,direct,,XRP
2022-09-20,0.4228,0.3702,0.3848,468918053.96,184181560.68,0.4144,direct,,XRP
2022-09-21,0.4334,0.3808,0.4144,432691451.94,174654714.41,0.3942,direct,,XRP
2022-09-22,0.4982,0.3935,0.3942,407547279.24,180279063.08,0.4855,direct,,XRP
2022-09-23,0.5582,0.4567,0.4855,688380972.71,343672179.3,0.5068,direct,,XRP
2022-09-24,0.5191,0.4717,0.5068,285875116.14,141506777.34,0.488,direct,,XRP
2022-09-25,0.5206,0.4758,0.488,287110087.01,142550966.49,0.4916,direct,,XRP
2022-09-26,0.5017,0.4577,0.4916,389392903.48,184532856.76,0.4682,direct,,XRP
2022-09-27,0.4872,0.4356,0.4682,365946208.02,170426589.19,0.4464,direct,,XRP
2022-09-28,0.455,0.4174,0.4464,317120839.48,136707840.17,0.4489,direct,,XRP
2022-09-29,0.509,0.4268,0.4489,364480224.34,165149944.93,0.487,direct,,XRP
2022-09-30,0.4987,0.4695,0.487,364516806.2,175583098.81,0.4797,direct,,XRP
2022-10-01,0.4863,0.467,0.4797,142733646.6,67853069.62,0.4754,direct,,XRP
2022-10-02,0.4784,0.444,0.4754,139760519.93,64593019.72,0.4484,direct,,XRP
2022-10-03,0.4691,0.4378,0.4484,265824470.72,119202674.42,0.4622,direct,,XRP
2022-10-04,0.4852,0.4516,0.4622,275140551.43,128807439.76,0.4796,direct,,XRP
2022-10-05,0.5009,0.472,0.4796,244159417.79,118209426.18,0.489,direct,,XRP
2022-10-06,0.5057,0.4886,0.489,200706823.01,99585941.11,0.4934,direct,,XRP
2022-10-07,0.5317,0.4821,0.4934,242168590.86,120678902.37,0.5182,direct,,XRP
2022-10-08,0.5291,0.5113,0.5182,86334505.16,44924690.68,0.5171,direct,,XRP
2022-10-09,0.5468,0.5061,0.5171,91850618.62,48379233.88,0.5321,direct,,XRP
2022-10-10,0.5379,0.4947,0.5321,238814394.24,124355323.85,0.4948,direct,,XRP
2022-10-11,0.5021,0.4777,0.4948,275156717.13,135026190.34,0.4858,direct,,XRP
2022-10-12,0.4954,0.4824,0.4858,179868254.23,87795799.99,0.4882,direct,,XRP
2022-10-13,0.4894,0.441,0.4882,262370425.7,122462343.05,0.4797,direct,,XRP
2022-10-14,0.5116,0.4784,0.4797,222588041.76,110688606.13,0.4885,direct,,XRP
2022-10-15,0.4901,0.4772,0.4885,57898256.73,28049988.37,0.4818,direct,,XRP
2022-10-16,0.4873,0.4682,0.4818,70251838.09,33671608.31,0.4766,direct,,XRP
2022-10-17,0.482,0.4626,0.4766,265815888.26,125317979.79,0.4799,direct,,XRP
2022-10-18,0.484,0.4532,0.4799,216836814.67,101223679.24,0.4658,direct,,XRP
2022-10-19,0.4665,0.4471,0.4658,228597595.12,104648892.16,0.4506,direct,,XRP
2022-10-20,0.4646,0.4239,0.4506,287032418.27,129796033.9,0.4466,direct,,XRP
2022-10-21,0.4618,0.4353,0.4466,224505296.51,100250613.18,0.4615,direct,,XRP
2022-10-22,0.4706,0.4564,0.4615,69313100.44,32078197.76,0.4655,direct,,XRP
2022-10-23,0.4725,0.452,0.4655,75195871.3,34719720.3,0.4689,direct,,XRP
2022-10-24,0.4729,0.4482,0.4689,244754046.74,111974131.23,0.4532,direct,,XRP
2022-10-25,0.4725,0.4434,0.4532,261753644.71,118348363.78,0.4608,direct,,XRP
2022-10-26,0.4712,0.4564,0.4608,204444593.85,94721034.84,0.469,direct,,XRP
2022-10-27,0.4822,0.4589,0.469,214963114.58,101277141.97,0.4617,direct,,XRP
2022-10-28,0.4755,0.4564,0.4617,171003297.95,79392999.12,0.4744,direct,,XRP
2022-10-29,0.4837,0.4665,0.4744,119075165.43,56372186.43,0.4703,direct,,XRP
2022-10-30,0.4734,0.4539,0.4703,96348205.6,44683852.14,0.4582,direct,,XRP
2022-10-31,0.4671,0.4478,0.4582,269007045.39,122640531.5,0.4645,direct,,XRP
2022-11-01,0.4665,0.4544,0.4645,225409158.21,103641032.58,0.4635,direct,,XRP
2022-11-02,0.4658,0.4453,0.4635,174158657.38,79693090.0,0.4498,direct,,XRP
2022-11-03,0.4595,0.4489,0.4498,169127750.67,77040717.83,0.4549,direct,,XRP
2022-11-04,0.5073,0.4533,0.4549,258932164.03,125608492.51,0.5064,direct,,XRP
2022-11-05,0.5097,0.4894,0.5064,79943676.35,39841864.59,0.4931,direct,,XRP
2022-11-06,0.4946,0.4684,0.4931,89932517.05,43700939.11,0.4712,direct,,XRP
2022-11-07,0.4797,0.4594,0.4712,292690514.49,137850269.01,0.4649,direct,,XRP
2022-11-08,0.4669,0.3381,0.4649,473600371.04,201114504.09,0.4061,direct,,XRP
2022-11-09,0.4108,0.3181,0.4061,340486408.31,125689721.23,0.329,direct,,XRP
2022-11-10,0.4009,0.3252,0.329,221838306.55,81392804.32,0.3942,direct,,XRP
2022-11-11,0.3972,0.3663,0.3942,94990803.25,36304105.74,0.3839,direct,,XRP
2022-11-12,0.3839,0.3594,0.3839,42343218.75,15602163.79,0.3632,direct,,XRP
2022-11-13,0.3687,0.3327,0.3632,81745150.31,28717447.54,0.3399,direct,,XRP
2022-11-14,0.3782,0.2794,0.3399,272011395.06,93245783.14,0.3763,direct,,XRP
2022-11-15,0.3962,0.3518,0.3763,177573040.62,66909503.97,0.3882,direct,,XRP
2022-11-16,0.3902,0.3612,0.3882,122398842.19,46070854.71,0.3751,direct,,XRP
2022-11-17,0.3861,0.3688,0.3751,112012607.69,42118025.42,0.3816,direct,,XRP
2022-11-18,0.3867,0.3742,0.3816,64932097.98,24728047.94,0.3824,direct,,XRP
2022-11-19,0.3879,0.3753,0.3824,26021224.3,9910146.64,0.3841,direct,,XRP
2022-11-20,0.3959,0.3588,0.3841,92295509.64,34813772.63,0.3609,direct,,XRP
2022-11-21,0.3676,0.3449,0.3609,214007015.58,75458673.79,0.364,direct,,XRP
2022-11-22,0.3773,0.3493,0.364,161736232.14,58670811.39,0.3753,direct,,XRP
2022-11-23,0.3814,0.3667,0.3753,145254163.36,54332308.54,0.3813,direct,,XRP
2022-11-24,0.4039,0.3733,0.3813,105277700.94,40883137.22,0.4017,direct,,XRP
2022-11-25,0.4179,0.3889,0.4017,101067299.1,40805179.56,0.4077,direct,,XRP
2022-11-26,0.4135,0.3931,0.4077,34583070.02,13964692.0,0.3962,direct,,XRP
2022-11-27,0.4093,0.3948,0.3962,38370324.53,15437304.02,0.3964,direct,,XRP
2022-11-28,0.3988,0.3726,0.3964,202946913.05,77265304.69,0.3891,direct,,XRP
2022-11-29,0.403,0.3824,0.3891,137494311.21,53404954.29,0.398,direct,,XRP
2022-11-30,0.4108,0.393,0.398,96966475.07,38941276.64,0.4079,direct,,XRP
2022-12-01,0.409,0.3941,0.4079,87083816.46,34734052.7,0.3964,direct,,XRP
2022-12-02,0.3972,0.3838,0.3964,76882822.56,29953265.15,0.3958,direct,,XRP
2022-12-03,0.3967,0.3859,0.3958,36255356.41,14207780.98,0.3873,direct,,XRP
2022-12-04,0.3935,0.3857,0.3873,44004829.15,17123837.27,0.3896,direct,,XRP
2022-12-05,0.3948,0.3818,0.3896,113343383.84,44239398.4,0.3895,direct,,XRP
2022-12-06,0.392,0.3803,0.3895,121135192.01,46578086.19,0.3914,direct,,XRP
2022-12-07,0.3921,0.3738,0.3914,119568024.64,45787100.51,0.3833,direct,,XRP
2022-12-08,0.396,0.3829,0.3833,82332197.8,31908520.16,0.3944,direct,,XRP
2022-12-09,0.395,0.3853,0.3944,105095018.8,40974990.19,0.3889,direct,,XRP
2022-12-10,0.3891,0.3857,0.3889,17395444.19,6740162.48,0.3865,direct,,XRP
2022-12-11,0.3885,0.3789,0.3865,49274153.09,18982126.62,0.381,direct,,XRP
2022-12-12,0.3894,0.3713,0.381,148362503.17,55828886.21,0.3871,direct,,XRP
2022-12-13,0.3963,0.3779,0.3871,192407518.88,74176596.6,0.3951,direct,,XRP
2022-12-14,0.3955,0.3778,0.3951,176368994.6,68627642.21,0.3852,direct,,XRP
2022-12-15,0.3866,0.3739,0.3852,149963757.24,56956179.65,0.3785,direct,,XRP
2022-12-16,0.3803,0.3458,0.3785,247825206.75,90939548.41,0.3517,direct,,XRP
2022-12-17,0.3571,0.3472,0.3517,63649240.61,22468572.21,0.3547,direct,,XRP
2022-12-18,0.3554,0.3477,0.3547,37825212.74,13291479.79,0.3501,direct,,XRP
2022-12-19,0.3532,0.3325,0.3501,282313250.63,96488208.96,0.3391,direct,,XRP
2022-12-20,0.353,0.3361,0.3391,244455734.15,83801963.76,0.3484,direct,,XRP
2022-12-21,0.3501,0.3375,0.3484,177764255.03,60961612.83,0.3451,direct,,XRP
2022-12-22,0.3501,0.3414,0.3451,166446687.68,57284820.82,0.3494,direct,,XRP
2022-12-23,0.3549,0.3471,0.3494,115318529.66,40387822.8,0.3546,direct,,XRP
2022-12-24,0.3546,0.351,0.3546,17747979.33,6254032.6,0.3521,direct,,XRP
2022-12-25,0.3521,0.344,0.3521,36913200.91,12835025.18,0.3457,direct,,XRP
2022-12-26,0.3699,0.3455,0.3457,110747862.7,39531424.36,0.3661,direct,,XRP
2022-12-27,0.3728,0.3585,0.3661,142890121.8,52124719.28,0.3675,direct,,XRP
2022-12-28,0.3685,0.3552,0.3675,143692340.83,51631051.68,0.3558,direct,,XRP
2022-12-29,0.3572,0.3373,0.3558,170771814.94,59079153.42,0.3422,direct,,XRP
2022-12-30,0.3454,0.3337,0.3422,117448855.34,39705963.13,0.345,direct,,XRP
2022-12-31,0.345,0.3388,0.345,29693995.95,10165344.0,0.3389,direct,,XRP
2023-01-01,0.3399,0.3352,0.3389,29979744.41,10111171.52,0.3387,direct,,XRP
2023-01-02,0.3548,0.312,0.3387,197084119.6,66450779.27,0.3483,direct,,XRP
2023-01-03,0.3519,0.3413,0.3483,196955382.26,67809517.83,0.3436,direct,,XRP
2023-01-04,0.3519,0.3385,0.3436,152000179.05,52760753.93,0.3476,direct,,XRP
2023-01-05,0.3484,0.3355,0.3476,108107392.54,37020428.0,0.3379,direct,,XRP
2023-01-06,0.3458,0.3313,0.3379,104278418.95,35156284.56,0.3445,direct,,XRP
2023-01-07,0.3457,0.3415,0.3445,17651628.34,6066625.49,0.3443,direct,,XRP
2023-01-08,0.3462,0.3383,0.3443,49750283.96,16941596.02,0.3447,direct,,XRP
2023-01-09,0.3572,0.3434,0.3447,237520405.15,83095392.2,0.3491,direct,,XRP
2023-01-10,0.3538,0.3433,0.3491,170001452.55,59290332.6,0.351,direct,,XRP
2023-01-11,0.3769,0.3476,0.351,191484759.29,69297899.56,0.3729,direct,,XRP
2023-01-12,0.38,0.3635,0.3729,113780748.63,42330846.11,0.3747,direct,,XRP
2023-01-13,0.3868,0.3689,0.3747,87559117.5,32896885.32,0.3861,direct,,XRP
2023-01-14,0.4085,0.3827,0.3861,97682525.67,38600557.51,0.3953,direct,,XRP
2023-01-15,0.3968,0.38,0.3953,39332951.5,15189156.72,0.3847,direct,,XRP
2023-01-16,0.4054,0.3785,0.3847,202173822.9,78624611.86,0.3861,direct,,XRP
2023-01-17,0.3983,0.3791,0.3861,129398701.35,49847675.1,0.3869,direct,,XRP
2023-01-18,0.3953,0.3686,0.3869,153063097.31,58735599.02,0.3788,direct,,XRP
2023-01-19,0.3956,0.3765,0.3788,95777812.73,36908710.19,0.3931,direct,,XRP
2023-01-20,0.4134,0.3859,0.3931,94422339.81,37252440.97,0.413,direct,,XRP
2023-01-21,0.4161,0.3986,0.413,39156806.34,16009712.21,0.4033,direct,,XRP
2023-01-22,0.4117,0.3968,0.4033,32913018.79,13269597.94,0.4007,direct,,XRP
2023-01-23,0.4326,0.3999,0.4007,171564561.52,72025464.3,0.4238,direct,,XRP
2023-01-24,0.4308,0.4039,0.4238,103839091.96,43675003.39,0.4077,direct,,XRP
2023-01-25,0.4239,0.3976,0.4077,97638131.75,39618546.65,0.4171,direct,,XRP
2023-01-26,0.4176,0.4055,0.4171,72319586.72,29772289.56,0.4093,direct,,XRP
2023-01-27,0.4132,0.3991,0.4093,50950794.61,20710257.43,0.4127,direct,,XRP
2023-01-28,0.4162,0.406,0.4127,16553168.04,6789993.69,0.408,direct,,XRP
2023-01-29,0.4171,0.4068,0.408,23584502.49,9712680.68,0.4133,direct,,XRP
2023-01-30,0.4215,0.3894,0.4133,164789215.58,66642308.21,0.3933,direct,,XRP
2023-01-31,0.4109,0.388,0.3933,148388978.39,58643301.84,0.4058,direct,,XRP
2023-02-01,0.4154,0.3967,0.4058,84952948.43,34246828.53,0.4137,direct,,XRP
2023-02-02,0.4185,0.4089,0.4137,90569763.94,37408868.48,0.4097,direct,,XRP
2023-02-03,0.4134,0.4059,0.4097,67158627.5,27504484.51,0.4118,direct,,XRP
2023-02-04,0.4201,0.4077,0.4118,22953887.94,9465437.51,0.4106,direct,,XRP
2023-02-05,0.4119,0.3952,0.4106,40969424.69,16534435.17,0.3984,direct,,XRP
2023-02-06,0.4036,0.3911,0.3984,147914304.18,58856438.09,0.3921,direct,,XRP
2023-02-07,0.4048,0.39,0.3921,99406460.29,39195881.05,0.4038,direct,,XRP
2023-02-08,0.4059,0.3938,0.4038,73085758.63,29230291.48,0.3977,direct,,XRP
2023-02-09,0.4082,0.3732,0.3977,106898490.87,42081165.22,0.3818,direct,,XRP
2023-02-10,0.3877,0.3777,0.3818,55668387.24,21323104.52,0.3822,direct,,XRP
2023-02-11,0.3876,0.38,0.3822,13621277.6,5205124.39,0.3837,direct,,XRP
2023-02-12,0.3848,0.3731,0.3837,26926861.3,10200114.59,0.3746,direct,,XRP
2023-02-13,0.3781,0.3624,0.3746,282566068.12,104361181.79,0.3707,direct,,XRP
2023-02-14,0.3839,0.3649,0.3707,202967360.45,75084172.44,0.3823,direct,,XRP
2023-02-15,0.402,0.3765,0.3823,94023765.04,36183877.2,0.4011,direct,,XRP
2023-02-16,0.4043,0.3844,0.4011,80177634.56,31940493.03,0.3848,direct,,XRP
2023-02-17,0.3998,0.3813,0.3848,72306749.61,28176346.72,0.3951,direct,,XRP
2023-02-18,0.3974,0.3915,0.3951,20806161.7,8204947.43,0.3944,direct,,XRP
2023-02-19,0.3977,0.3851,0.3944,30211951.6,11793075.71,0.3863,direct,,XRP
2023-02-20,0.4084,0.3786,0.3863,204832635.85,80650079.14,0.3983,direct,,XRP
2023-02-21,0.4021,0.3876,0.3983,139288035.03,54792287.55,0.3921,direct,,XRP
2023-02-22,0.3972,0.3831,0.3921,84872229.54,33048142.85,0.3952,direct,,XRP
2023-02-23,0.3976,0.3859,0.3952,98179559.43,38477438.95,0.3886,direct,,XRP
2023-02-24,0.3908,0.3728,0.3886,86762786.37,33207841.56,0.3785,direct,,XRP
2023-02-25,0.4022,0.3701,0.3785,25672983.93,9714990.11,0.378,direct,,XRP
2023-02-26,0.3979,0.3749,0.378,29526613.65,11175813.26,0.3933,direct,,XRP
2023-02-27,0.4512,0.3705,0.3933,222434260.86,84114838.99,0.4018,direct,,XRP
2023-02-28,0.4227,0.3715,0.4018,164490267.64,61923178.44,0.3766,direct,,XRP
2023-03-01,0.3843,0.3725,0.3766,123323709.4,46582087.15,0.3837,direct,,XRP
2023-03-02,0.3844,0.3737,0.3837,111374827.79,42066981.55,0.3773,direct,,XRP
2023-03-03,0.3803,0.3559,0.3773,115095267.16,42115243.01,0.3773,direct,,XRP
2023-03-04,0.3797,0.3686,0.3773,25730999.34,9641378.12,0.3736,direct,,XRP
2023-03-05,0.3772,0.3658,0.3736,37622969.3,13969987.15,0.3668,direct,,XRP
2023-03-06,0.3738,0.3596,0.3668,244591412.17,89088407.87,0.3697,direct,,XRP
2023-03-07,0.3843,0.3668,0.3697,202619470.48,75542915.06,0.3802,direct,,XRP
2023-03-08,0.4006,0.3725,0.3802,162070337.92,62552403.65,0.3886,direct,,XRP
2023-03-09,0.397,0.3645,0.3886,154099366.86,59387695.86,0.371,direct,,XRP
2023-03-10,0.375,0.358,0.371,134829070.28,49546111.21,0.3711,direct,,XRP
2023-03-11,0.3772,0.3614,0.3711,131969957.4,48525375.19,0.3669,direct,,XRP
2023-03-12,0.3734,0.3518,0.3669,100946949.83,36674738.12,0.3733,direct,,XRP
2023-03-13,0.3801,0.3563,0.3733,294086868.41,107850584.72,0.3733,direct,,XRP
2023-03-14,0.3876,0.3663,0.3733,115291805.6,43192245.63,0.3734,direct,,XRP
2023-03-15,0.3771,0.3573,0.3734,77085543.75,28215119.34,0.3601,direct,,XRP
2023-03-16,0.3675,0.3577,0.3601,44594728.39,16194606.44,0.3655,direct,,XRP
2023-03-17,0.3826,0.3631,0.3655,69164825.23,25817004.12,0.3805,direct,,XRP
2023-03-18,0.3899,0.3706,0.3805,40298413.53,15347281.85,0.3746,direct,,XRP
2023-03-19,0.4008,0.3746,0.3746,46259846.36,18048770.29,0.3867,direct,,XRP
2023-03-20,0.392,0.3731,0.3867,96335993.37,36666338.42,0.3745,direct,,XRP
2023-03-21,0.4932,0.3741,0.3745,198002674.42,85796542.26,0.4698,direct,,XRP
2023-03-22,0.4757,0.4111,0.4698,149563057.26,66570159.4,0.4219,direct,,XRP
2023-03-23,0.4554,0.413,0.4219,106752858.43,47043418.13,0.4449,direct,,XRP
2023-03-24,0.445,0.4155,0.4449,98322883.0,42134377.14,0.4262,direct,,XRP
2023-03-25,0.4647,0.4234,0.4262,71941169.68,32278437.59,0.4436,direct,,XRP
2023-03-26,0.4636,0.4416,0.4436,46708975.45,21122441.23,0.4484,direct,,XRP
2023-03-27,0.4884,0.4427,0.4484,135091716.98,62898953.02,0.4798,direct,,XRP
2023-03-28,0.533,0.4674,0.4798,184858516.19,92307247.84,0.5144,direct,,XRP
2023-03-29,0.5831,0.5144,0.5144,184540224.14,101089516.6,0.5427,direct,,XRP
2023-03-30,0.5563,0.5239,0.5427,107207573.21,57521058.52,0.5324,direct,,XRP
2023-03-31,0.5482,0.527,0.5324,73019117.91,39072919.92,0.5376,direct,,XRP
2023-04-01,0.5376,0.4988,0.5376,43790084.87,22457629.87,0.5097,direct,,XRP
2023-04-02,0.5291,0.5023,0.5097,29992545.48,15543843.11,0.5184,direct,,XRP
2023-04-03,0.524,0.4853,0.5184,83863683.41,42547142.84,0.4965,direct,,XRP
2023-04-04,0.5072,0.4872,0.4965,82481639.93,40997677.73,0.5029,direct,,XRP
2023-04-05,0.5264,0.499,0.5029,77992913.97,39739240.39,0.506,direct,,XRP
2023-04-06,0.5093,0.4927,0.506,55091464.3,27584872.35,0.5027,direct,,XRP
2023-04-07,0.5144,0.498,0.5027,40762196.38,20696957.8,0.5132,direct,,XRP
2023-04-08,0.5132,0.503,0.5132,17695259.85,9009054.28,0.5053,direct,,XRP
2023-04-09,0.5092,0.4994,0.5053,16124244.61,8124644.21,0.5054,direct,,XRP
2023-04-10,0.5196,0.4975,0.5054,50334720.39,25457589.85,0.5175,direct,,XRP
2023-04-11,0.5264,0.51,0.5175,70018284.13,36233063.71,0.5168,direct,,XRP
2023-04-12,0.5177,0.5,0.5168,57300712.32,28963515.31,0.505,direct,,XRP
2023-04-13,0.5151,0.5001,0.505,46558120.05,23590830.16,0.5128,direct,,XRP
2023-04-14,0.5455,0.5117,0.5128,73625872.76,38748780.38,0.5231,direct,,XRP
2023-04-15,0.5261,0.5172,0.5231,15698644.79,8177705.27,0.5199,direct,,XRP
2023-04-16,0.5244,0.516,0.5199,18038543.0,9387205.33,0.521,direct,,XRP
2023-04-17,0.5213,0.507,0.521,50664604.42,25952434.72,0.5109,direct,,XRP
2023-04-18,0.5373,0.5092,0.5109,53485421.63,27682379.69,0.5319,direct,,XRP
2023-04-19,0.5358,0.4803,0.5319,115796775.94,58400783.32,0.4916,direct,,XRP
2023-04-20,0.499,0.4657,0.4916,83135308.55,40295256.65,0.4749,direct,,XRP
2023-04-21,0.479,0.4405,0.4749,73532586.79,33958232.81,0.4492,direct,,XRP
2023-04-22,0.4751,0.4458,0.4492,36500291.77,16907490.37,0.4722,direct,,XRP
2023-04-23,0.4722,0.4538,0.4722,29664686.62,13765563.4,0.4649,direct,,XRP
2023-04-24,0.485,0.4482,0.4649,72534611.61,33769257.02,0.4607,direct,,XRP
2023-04-25,0.4713,0.4507,0.4607,63355009.99,29039729.79,0.4695,direct,,XRP
2023-04-26,0.4825,0.4369,0.4695,86611948.77,40284957.47,0.4619,direct,,XRP
2023-04-27,0.5441,0.4563,0.4619,62698084.81,29008297.42,0.4836,direct,,XRP
2023-04-28,0.5269,0.4641,0.4836,57168360.75,27170010.52,0.5245,direct,,XRP
2023-04-29,0.5316,0.4727,0.5245,15783308.15,7676819.43,0.4782,direct,,XRP
2023-04-30,0.509,0.4697,0.4782,19012566.48,9125494.61,0.4705,direct,,XRP
2023-05-01,0.5393,0.4557,0.4705,57743391.82,26867550.67,0.5182,direct,,XRP
2023-05-02,0.5475,0.4579,0.5182,62910760.0,29226416.13,0.4647,direct,,XRP
2023-05-03,0.4654,0.4504,0.4647,65142040.36,29814995.34,0.4632,direct,,XRP
2023-05-04,0.4648,0.455,0.4632,56869420.98,26137319.01,0.461,direct,,XRP
2023-05-05,0.4703,0.4563,0.461,44267916.98,20494841.29,0.4675,direct,,XRP
2023-05-06,0.4692,0.4529,0.4675,17414886.04,8008490.09,0.4594,direct,,XRP
2023-05-07,0.4606,0.4476,0.4594,19483945.42,8866103.63,0.4489,direct,,XRP
2023-05-08,0.4515,0.4123,0.4489,102862164.76,44696985.58,0.4286,direct,,XRP
2023-05-09,0.4305,0.4207,0.4286,78992372.16,33531965.94,0.4289,direct,,XRP
2023-05-10,0.434,0.4137,0.4289,86067069.51,36782889.67,0.4305,direct,,XRP
2023-05-11,0.4306,0.412,0.4305,88717628.76,37437858.72,0.4212,direct,,XRP
2023-05-12,0.4427,0.4163,0.4212,84988157.47,36256389.52,0.4305,direct,,XRP
2023-05-13,0.4306,0.4233,0.4305,11550727.78,4920965.42,0.4243,direct,,XRP
2023-05-14,0.4318,0.4219,0.4243,13622131.21,5808191.9,0.4253,direct,,XRP
2023-05-15,0.4299,0.4215,0.4253,90078748.35,38365866.46,0.4273,direct,,XRP
2023-05-16,0.4425,0.4189,0.4273,87826103.59,37318271.72,0.4424,direct,,XRP
2023-05-17,0.461,0.4378,0.4424,105010997.06,46943793.81,0.4483,direct,,XRP
2023-05-18,0.4721,0.4431,0.4483,90714811.68,41491101.49,0.4595,direct,,XRP
2023-05-19,0.4752,0.4576,0.4595,67758328.68,31554972.48,0.4677,direct,,XRP
2023-05-20,0.4717,0.4622,0.4677,10899431.18,5085626.14,0.4687,direct,,XRP
2023-05-21,0.4706,0.4556,0.4687,14491832.88,6698154.33,0.4573,direct,,XRP
2023-05-22,0.4666,0.4501,0.4573,83434676.51,38275210.55,0.4615,direct,,XRP
2023-05-23,0.4671,0.4588,0.4615,61900511.93,28582121.5,0.4653,direct,,XRP
2023-05-24,0.4653,0.446,0.4653,70979328.63,32219259.82,0.4533,direct,,XRP
2023-05-25,0.4545,0.4434,0.4533,60700346.67,27309402.56,0.4537,direct,,XRP
2023-05-26,0.4699,0.4526,0.4537,60063587.46,27858627.98,0.4686,direct,,XRP
2023-05-27,0.479,0.466,0.4686,20118082.67,9491780.3,0.4719,direct,,XRP
2023-05-28,0.486,0.4703,0.4719,21358023.9,10179551.4,0.4824,direct,,XRP
2023-05-29,0.495,0.4764,0.4824,64765280.29,31257389.28,0.4947,direct,,XRP
2023-05-30,0.5282,0.4892,0.4947,120480069.12,61168007.91,0.5213,direct,,XRP
2023-05-31,0.5275,0.5009,0.5213,89423535.76,45757062.48,0.5171,direct,,XRP
2023-06-01,0.5171,0.5018,0.5171,75655772.33,38290881.03,0.5065,direct,,XRP
2023-06-02,0.5271,0.5042,0.5065,63357571.12,32772165.93,0.5251,direct,,XRP
2023-06-03,0.5325,0.5148,0.5251,22189899.15,11595181.39,0.5189,direct,,XRP
2023-06-04,0.5461,0.5155,0.5189,38888140.02,20758910.63,0.5358,direct,,XRP
2023-06-05,0.5424,0.4881,0.5358,124337576.81,64521988.22,0.5095,direct,,XRP
2023-06-06,0.5322,0.4963,0.5095,95874200.55,48974194.6,0.5301,direct,,XRP
2023-06-07,0.5379,0.5072,0.5301,95532013.97,50054008.38,0.5186,direct,,XRP
2023-06-08,0.5275,0.516,0.5186,64446069.98,33559719.8,0.5239,direct,,XRP
2023-06-09,0.5409,0.5206,0.5239,65736282.13,34920684.3,0.538,direct,,XRP
2023-06-10,0.5384,0.476,0.538,73207640.44,36591601.28,0.5075,direct,,XRP
2023-06-11,0.529,0.5033,0.5075,23529947.2,12120111.99,0.521,direct,,XRP
2023-06-12,0.5276,0.5093,0.521,84438978.93,43731271.44,0.5253,direct,,XRP
2023-06-13,0.5646,0.5058,0.5253,138294557.96,73432637.71,0.5193,direct,,XRP
2023-06-14,0.52,0.4618,0.5193,94117062.09,47101692.92,0.4801,direct,,XRP
2023-06-15,0.4851,0.4669,0.4801,69598653.13,33140833.08,0.4798,direct,,XRP
2023-06-16,0.4826,0.4563,0.4798,62329964.42,29147373.65,0.4755,direct,,XRP
2023-06-17,0.4863,0.4696,0.4755,16246874.81,7775142.31,0.4795,direct,,XRP
2023-06-18,0.4974,0.475,0.4795,26111371.95,12745760.39,0.487,direct,,XRP
2023-06-19,0.4978,0.4819,0.487,43221323.85,21126223.18,0.4928,direct,,XRP
2023-06-20,0.4956,0.4723,0.4928,62190881.99,30118264.64,0.4928,direct,,XRP
2023-06-21,0.503,0.4897,0.4928,75132813.76,37271122.23,0.4999,direct,,XRP
2023-06-22,0.5262,0.4857,0.4999,68747594.56,34432852.62,0.494,direct,,XRP
2023-06-23,0.5023,0.4846,0.494,51440840.45,25370601.55,0.4963,direct,,XRP
2023-06-24,0.4963,0.4801,0.4963,13936565.82,6812990.96,0.4871,direct,,XRP
2023-06-25,0.497,0.4835,0.4871,15958625.17,7821216.0,0.4904,direct,,XRP
2023-06-26,0.4916,0.4714,0.4904,73599505.26,35415295.26,0.4791,direct,,XRP
2023-06-27,0.4846,0.4764,0.4791,62289996.71,29894084.12,0.4834,direct,,XRP
2023-06-28,0.484,0.4519,0.4834,66385198.05,31283863.19,0.465,direct,,XRP
2023-06-29,0.4769,0.4618,0.465,52053134.42,24396978.07,0.4744,direct,,XRP
2023-06-30,0.4821,0.451,0.4744,76290309.26,35867946.74,0.4732,direct,,XRP
2023-07-01,0.4754,0.4647,0.4732,12908436.49,6074315.65,0.4734,direct,,XRP
2023-07-02,0.4957,0.47,0.4734,28018284.39,13573144.28,0.4842,direct,,XRP
2023-07-03,0.4911,0.4738,0.4842,88131377.33,42489207.65,0.4898,direct,,XRP
2023-07-04,0.4932,0.482,0.4898,40393668.78,19668814.01,0.487,direct,,XRP
2023-07-05,0.4916,0.4696,0.487,53512744.12,25566236.47,0.4781,direct,,XRP
2023-07-06,0.484,0.4613,0.4781,67436604.21,31812157.41,0.4621,direct,,XRP
2023-07-07,0.4706,0.4584,0.4621,56416112.25,26283107.24,0.4687,direct,,XRP
2023-07-08,0.4747,0.4657,0.4687,7477817.81,3507861.66,0.4706,direct,,XRP
2023-07-09,0.4717,0.4669,0.4706,10671927.33,5005930.49,0.4682,direct,,XRP
2023-07-10,0.4799,0.4631,0.4682,86795241.43,40747992.09,0.4774,direct,,XRP
2023-07-11,0.4784,0.4709,0.4774,56671873.44,26857395.2,0.4755,direct,,XRP
2023-07-12,0.4771,0.4651,0.4755,55900907.94,26362041.59,0.4711,direct,,XRP
2023-07-13,0.9343,0.4694,0.4711,373603937.17,261644413.65,0.8159,direct,,XRP
2023-07-14,0.8249,0.6689,0.8159,214985626.16,160942460.27,0.719,direct,,XRP
2023-07-15,0.7349,0.6934,0.719,124729834.34,89443610.13,0.7147,direct,,XRP
2023-07-16,0.7899,0.7039,0.7147,121251282.89,90857041.57,0.7477,direct,,XRP
2023-07-17,0.7645,0.7134,0.7477,118272474.44,87542014.46,0.7377,direct,,XRP
2023-07-18,0.7836,0.7325,0.7377,112825960.15,84967596.71,0.779,direct,,XRP
2023-07-19,0.8517,0.7721,0.779,149137455.63,120339245.24,0.8197,direct,,XRP
2023-07-20,0.8499,0.7722,0.8197,92491957.22,74956849.43,0.7941,direct,,XRP
2023-07-21,0.7987,0.7604,0.7941,60298726.23,46940884.3,0.7717,direct,,XRP
2023-07-22,0.7798,0.7221,0.7717,49409717.76,37572107.0,0.7333,direct,,XRP
2023-07-23,0.7516,0.7158,0.7333,36255334.21,26767184.81,0.7384,direct,,XRP
2023-07-24,0.7425,0.6819,0.7384,87572530.9,61983862.43,0.7023,direct,,XRP
2023-07-25,0.7149,0.6754,0.7023,59264473.05,41285333.54,0.7087,direct,,XRP
2023-07-26,0.7314,0.6945,0.7087,49988528.57,35445133.93,0.7157,direct,,XRP
2023-07-27,0.7312,0.7076,0.7157,46027483.64,32951902.57,0.7137,direct,,XRP
2023-07-28,0.7181,0.7022,0.7137,36640255.47,26076576.27,0.7122,direct,,XRP
2023-07-29,0.7151,0.7046,0.7122,19954437.14,14173382.45,0.7122,direct,,XRP
2023-07-30,0.7345,0.6842,0.7122,30425813.6,21626962.96,0.7047,direct,,XRP
2023-07-31,0.719,0.6878,0.7047,53945534.36,37905388.59,0.6974,direct,,XRP
2023-08-01,0.7077,0.6737,0.6974,42659291.92,29516716.39,0.7068,direct,,XRP
2023-08-02,0.7076,0.6768,0.7068,34243355.7,23665202.16,0.6848,direct,,XRP
2023-08-03,0.6869,0.6551,0.6848,54160680.04,36333142.53,0.6628,direct,,XRP
2023-08-04,0.667,0.6274,0.6628,45793110.51,29827612.17,0.635,direct,,XRP
2023-08-05,0.6351,0.6106,0.635,33276609.4,20733357.96,0.6284,direct,,XRP
2023-08-06,0.6379,0.6192,0.6284,24846913.78,15598077.61,0.6232,direct,,XRP
2023-08-07,0.6282,0.6001,0.6232,53033855.19,32675037.27,0.6226,direct,,XRP
2023-08-08,0.6478,0.6138,0.6226,51698236.02,32460809.96,0.6418,direct,,XRP
2023-08-09,0.665,0.632,0.6418,62594293.27,40534767.72,0.643,direct,,XRP
2023-08-10,0.6439,0.6241,0.643,46964462.59,29716394.26,0.6325,direct,,XRP
2023-08-11,0.6399,0.6255,0.6325,27386678.72,17300876.85,0.6313,direct,,XRP
2023-08-12,0.6326,0.6239,0.6313,12953206.31,8145749.67,0.6272,direct,,XRP
2023-08-13,0.6378,0.6235,0.6272,20486862.8,12909056.3,0.6257,direct,,XRP
2023-08-14,0.6355,0.6238,0.6257,30586736.9,19208097.22,0.634,direct,,XRP
2023-08-15,0.634,0.5852,0.634,45659810.54,28018941.13,0.6098,direct,,XRP
2023-08-16,0.6161,0.5748,0.6098,60422739.31,35959730.21,0.5884,direct,,XRP
2023-08-17,0.5941,0.4309,0.5884,124341485.35,66404347.89,0.5068,direct,,XRP
2023-08-18,0.5208,0.4838,0.5068,88182324.66,44293616.03,0.506,direct,,XRP
2023-08-19,0.5241,0.5009,0.506,28683522.9,14708911.25,0.5198,direct,,XRP
2023-08-20,0.5564,0.5161,0.5198,33471499.25,17960630.24,0.5388,direct,,XRP
2023-08-21,0.5393,0.5072,0.5388,49026038.37,25679155.77,0.5246,direct,,XRP
2023-08-22,0.5252,0.5037,0.5246,42915522.88,22119313.99,0.5204,direct,,XRP
2023-08-23,0.5356,0.516,0.5204,32600588.79,17074393.45,0.5298,direct,,XRP
2023-08-24,0.5314,0.512,0.5298,31714406.28,16550306.14,0.5183,direct,,XRP
2023-08-25,0.5314,0.5078,0.5183,32085362.03,16601148.65,0.5257,direct,,XRP
2023-08-26,0.5275,0.518,0.5257,10688731.24,5594657.37,0.5232,direct,,XRP
2023-08-27,0.5299,0.5161,0.5232,15088573.88,7925195.44,0.5238,direct,,XRP
2023-08-28,0.5241,0.5114,0.5238,30736144.2,15924720.02,0.523,direct,,XRP
2023-08-29,0.5473,0.5126,0.523,44796758.56,23785337.13,0.5398,direct,,XRP
2023-08-30,0.5402,0.5221,0.5398,35260987.01,18699360.74,0.5283,direct,,XRP
2023-08-31,0.5283,0.5018,0.5283,42671838.89,22021029.43,0.5109,direct,,XRP
2023-09-01,0.5116,0.4871,0.5109,36750078.34,18400953.23,0.4981,direct,,XRP
2023-09-02,0.5024,0.4945,0.4981,11696139.35,5818865.75,0.4989,direct,,XRP
2023-09-03,0.5101,0.4974,0.4989,16828320.74,8478189.18,0.5047,direct,,XRP
2023-09-04,0.5125,0.4974,0.5047,20607458.32,10411639.65,0.5082,direct,,XRP
2023-09-05,0.5083,0.4994,0.5082,24638369.0,12402218.43,0.505,direct,,XRP
2023-09-06,0.5051,0.4924,0.505,25733033.02,12875968.72,0.5032,direct,,XRP
2023-09-07,0.5063,0.496,0.5032,31709884.99,15877594.69,0.5051,direct,,XRP
2023-09-08,0.5073,0.4949,0.5051,22464755.94,11276253.21,0.5049,direct,,XRP
2023-09-09,0.5049,0.5014,0.5049,6626021.68,3334044.06,0.5037,direct,,XRP
2023-09-10,0.5037,0.4933,0.5037,17792416.95,8857321.76,0.4969,direct,,XRP
2023-09-11,0.4978,0.4615,0.4969,56893574.65,27262757.27,0.4742,direct,,XRP
2023-09-12,0.4854,0.4699,0.4742,39945279.01,19041833.78,0.4801,direct,,XRP
2023-09-13,0.4889,0.4739,0.4801,33098891.53,15886460.49,0.4832,direct,,XRP
2023-09-14,0.4932,0.4799,0.4832,47271400.51,22968642.58,0.4889,direct,,XRP
2023-09-15,0.5073,0.4879,0.4889,34222388.79,16987210.36,0.5005,direct,,XRP
2023-09-16,0.5034,0.4975,0.5005,9309720.83,4660812.18,0.4997,direct,,XRP
2023-09-17,0.5003,0.4902,0.4997,11066342.15,5482148.57,0.4927,direct,,XRP
2023-09-18,0.5065,0.488,0.4927,38706609.09,19239042.37,0.503,direct,,XRP
2023-09-19,0.516,0.5008,0.503,34090234.09,17386095.78,0.514,direct,,XRP
2023-09-20,0.525,0.5074,0.514,106281111.46,54952888.09,0.5213,direct,,XRP
2023-09-21,0.5215,0.5004,0.5213,85756614.55,43675990.98,0.5071,direct,,XRP
2023-09-22,0.5167,0.504,0.5071,65676876.12,33562695.33,0.5122,direct,,XRP
2023-09-23,0.5135,0.5057,0.5122,27217975.78,13898125.13,0.5077,direct,,XRP
2023-09-24,0.5115,0.4993,0.5077,35917527.53,18208118.5,0.5021,direct,,XRP
2023-09-25,0.5067,0.4914,0.5021,100777740.53,50293725.74,0.5054,direct,,XRP
2023-09-26,0.507,0.4969,0.5054,75905521.46,38096583.3,0.5017,direct,,XRP
2023-09-27,0.5067,0.4965,0.5017,100529416.48,50377388.52,0.4988,direct,,XRP
2023-09-28,0.5098,0.4947,0.4988,114938953.17,57583085.51,0.5097,direct,,XRP
2023-09-29,0.5487,0.5061,0.5097,178405599.5,94234609.62,0.5215,direct,,XRP
2023-09-30,0.5216,0.5138,0.5215,41710551.72,21553774.68,0.515,direct,,XRP
2023-10-01,0.5258,0.5139,0.515,35919216.94,18659671.03,0.524,direct,,XRP
2023-10-02,0.5256,0.5084,0.524,87330707.12,45350366.06,0.5123,direct,,XRP
2023-10-03,0.5481,0.5061,0.5123,112131014.37,58716656.41,0.5391,direct,,XRP
2023-10-04,0.5422,0.52,0.5391,174162729.93,92667589.43,0.5328,direct,,XRP
2023-10-05,0.5328,0.5166,0.5328,92804877.82,48673241.76,0.523,direct,,XRP
2023-10-06,0.5294,0.5172,0.523,58406084.0,30538509.65,0.5258,direct,,XRP
2023-10-07,0.5259,0.5202,0.5258,20905159.41,10929149.55,0.522,direct,,XRP
2023-10-08,0.5237,0.5158,0.522,21748700.66,11304245.96,0.5178,direct,,XRP
2023-10-09,0.5202,0.4904,0.5178,77688189.59,39208115.3,0.5029,direct,,XRP
2023-10-10,0.5029,0.492,0.5029,63851250.51,31783327.86,0.4964,direct,,XRP
2023-10-11,0.4976,0.4792,0.4964,98678188.86,48098141.9,0.4888,direct,,XRP
2023-10-12,0.4888,0.4743,0.4888,97072663.78,46660276.72,0.4829,direct,,XRP
2023-10-13,0.4903,0.4785,0.4829,60010419.83,28986053.1,0.4851,direct,,XRP
2023-10-14,0.4883,0.4834,0.4851,19908791.82,9667063.17,0.4867,direct,,XRP
2023-10-15,0.49,0.4853,0.4867,24913732.8,12147629.81,0.4874,direct,,XRP
2023-10-16,0.5102,0.4855,0.4874,110986991.78,54804425.03,0.4978,direct,,XRP
2023-10-17,0.4981,0.4847,0.4978,60905282.82,29935625.87,0.4913,direct,,XRP
2023-10-18,0.4924,0.4866,0.4913,63102153.93,30883677.2,0.488,direct,,XRP
2023-10-19,0.5246,0.4775,0.488,125283637.62,62203284.25,0.5201,direct,,XRP
2023-10-20,0.5307,0.5088,0.5201,133192031.41,69096694.67,0.5151,direct,,XRP
2023-10-21,0.532,0.5113,0.5151,47438075.08,24704608.65,0.5211,direct,,XRP
2023-10-22,0.5241,0.5124,0.5211,39320608.97,20425415.1,0.5227,direct,,XRP
2023-10-23,0.5528,0.5203,0.5227,152653790.93,81473691.0,0.5477,direct,,XRP
2023-10-24,0.5863,0.536,0.5477,240317502.57,133946452.48,0.559,direct,,XRP
2023-10-25,0.5638,0.5406,0.559,121581127.54,67354560.53,0.5555,direct,,XRP
2023-10-26,0.5692,0.5432,0.5555,111362571.96,61694202.67,0.5535,direct,,XRP
2023-10-27,0.5584,0.535,0.5535,74961958.51,41111203.78,0.5432,direct,,XRP
2023-10-28,0.5504,0.5407,0.5432,27676055.2,15100767.91,0.5449,direct,,XRP
2023-10-29,0.5614,0.5408,0.5449,36130359.9,19995434.89,0.5561,direct,,XRP
2023-10-30,0.5837,0.5498,0.5561,116841629.43,66491192.88,0.5786,direct,,XRP
2023-10-31,0.6185,0.5634,0.5786,147703390.45,87582488.85,0.5999,direct,,XRP
2023-11-01,0.6166,0.5805,0.5999,137909684.63,82920623.74,0.6091,direct,,XRP
2023-11-02,0.6258,0.5878,0.6091,134018155.47,81640880.44,0.6054,direct,,XRP
2023-11-03,0.6153,0.5917,0.6054,90073704.77,54449876.07,0.6125,direct,,XRP
2023-11-04,0.6181,0.6092,0.6125,43834050.72,26879593.57,0.6155,direct,,XRP
2023-11-05,0.6632,0.6146,0.6155,127802848.89,82032495.29,0.6613,direct,,XRP
2023-11-06,0.7325,0.6592,0.6613,251924654.61,176521872.99,0.715,direct,,XRP
2023-11-07,0.7154,0.6514,0.715,236702966.79,161773200.7,0.6855,direct,,XRP
2023-11-08,0.6978,0.6729,0.6855,144277009.7,99089177.83,0.6874,direct,,XRP
2023-11-09,0.7061,0.6306,0.6874,272791059.78,185163182.01,0.6668,direct,,XRP
2023-11-10,0.6709,0.6371,0.6668,155656691.08,102336102.98,0.6597,direct,,XRP
2023-11-11,0.6871,0.6408,0.6597,129969464.56,86441233.34,0.6627,direct,,XRP
2023-11-12,0.6709,0.6464,0.6627,68811915.51,45594220.22,0.6616,direct,,XRP
2023-11-13,0.7473,0.6403,0.6616,279864865.39,190508981.63,0.6704,direct,,XRP
2023-11-14,0.6721,0.5976,0.6704,204181196.78,131158266.97,0.6294,direct,,XRP
2023-11-15,0.6506,0.6171,0.6294,151384692.16,96328822.7,0.6485,direct,,XRP
2023-11-16,0.6525,0.6037,0.6485,168980814.52,106496890.24,0.612,direct,,XRP
2023-11-17,0.6243,0.5862,0.612,122328518.61,74352120.43,0.6135,direct,,XRP
2023-11-18,0.6147,0.5902,0.6135,61887826.86,37478703.04,0.611,direct,,XRP
2023-11-19,0.6288,0.6018,0.611,69309295.23,42766151.03,0.6261,direct,,XRP
2023-11-20,0.6284,0.6074,0.6261,100220736.62,62147973.4,0.6125,direct,,XRP
2023-11-21,0.6179,0.5746,0.6125,153843347.26,92709349.53,0.579,direct,,XRP
2023-11-22,0.6164,0.5781,0.579,105151819.64,62830635.97,0.6112,direct,,XRP
2023-11-23,0.624,0.6062,0.6112,83732754.65,51504952.85,0.6206,direct,,XRP
2023-11-24,0.6255,0.6158,0.6206,77384493.35,48059346.81,0.6217,direct,,XRP
2023-11-25,0.6237,0.6163,0.6217,34630498.6,21488366.85,0.6231,direct,,XRP
2023-11-26,0.6376,0.6077,0.6231,66884512.43,41636926.5,0.6159,direct,,XRP
2023-11-27,0.6169,0.5945,0.6159,92244327.81,55784209.73,0.6039,direct,,XRP
2023-11-28,0.6139,0.5959,0.6039,76068375.77,46093208.73,0.6109,direct,,XRP
2023-11-29,0.617,0.6042,0.6109,86871903.11,53048318.28,0.6092,direct,,XRP
2023-11-30,0.6098,0.5988,0.6092,84964805.72,51328256.52,0.6063,direct,,XRP
2023-12-01,0.6143,0.6033,0.6063,62181290.95,37920515.39,0.6129,direct,,XRP
2023-12-02,0.6229,0.6113,0.6129,43955019.28,27082942.58,0.621,direct,,XRP
2023-12-03,0.634,0.6173,0.621,58171162.9,36257750.24,0.6233,direct,,XRP
2023-12-04,0.6432,0.5892,0.6233,129692985.34,80977494.17,0.6244,direct,,XRP
2023-12-05,0.6303,0.6081,0.6244,94421488.71,58338907.74,0.6211,direct,,XRP
2023-12-06,0.6435,0.6109,0.6211,136257768.98,85452976.06,0.6403,direct,,XRP
2023-12-07,0.6543,0.6223,0.6403,137701662.53,88040104.38,0.6434,direct,,XRP
2023-12-08,0.6755,0.6378,0.6434,129447891.18,85038382.84,0.6725,direct,,XRP
2023-12-09,0.7003,0.6533,0.6725,161102605.16,109454903.97,0.6586,direct,,XRP
2023-12-10,0.6714,0.6476,0.6586,71622830.8,47367128.8,0.6616,direct,,XRP
2023-12-11,0.6628,0.6017,0.6616,142223249.73,88641210.79,0.6187,direct,,XRP
2023-12-12,0.6259,0.6064,0.6187,85780371.44,53098704.09,0.6189,direct,,XRP
2023-12-13,0.6349,0.594,0.6189,121501342.82,74470725.57,0.6276,direct,,XRP
2023-12-14,0.6378,0.6071,0.6276,104286540.48,65377508.14,0.6318,direct,,XRP
2023-12-15,0.6441,0.6128,0.6318,94688298.94,59421169.02,0.6154,direct,,XRP
2023-12-16,0.6252,0.6103,0.6154,42706371.83,26488361.34,0.62,direct,,XRP
2023-12-17,0.6227,0.6081,0.62,46205576.66,28504408.02,0.6098,direct,,XRP
2023-12-18,0.6143,0.5805,0.6098,102224476.71,61310805.88,0.6124,direct,,XRP
2023-12-19,0.6163,0.597,0.6124,68659961.8,41723125.04,0.6045,direct,,XRP
2023-12-20,0.6265,0.6011,0.6045,103844079.2,63859287.1,0.617,direct,,XRP
2023-12-21,0.6248,0.6108,0.617,97390240.78,60052134.35,0.6241,direct,,XRP
2023-12-22,0.6307,0.6158,0.6241,82884352.04,51477615.89,0.6249,direct,,XRP
2023-12-23,0.6253,0.6113,0.6249,47784123.37,29517629.36,0.6199,direct,,XRP
2023-12-24,0.6297,0.6073,0.6199,74943942.06,46363697.27,0.6127,direct,,XRP
2023-12-25,0.6484,0.6063,0.6127,107187186.86,67844711.73,0.6463,direct,,XRP
2023-12-26,0.6468,0.601,0.6463,116383594.43,72609515.86,0.6221,direct,,XRP
2023-12-27,0.6424,0.613,0.6221,115966420.28,72980176.59,0.6347,direct,,XRP
2023-12-28,0.6574,0.6249,0.6347,167480487.57,106926068.68,0.635,direct,,XRP
2023-12-29,0.6366,0.6125,0.635,106831202.29,66901783.47,0.623,direct,,XRP
2023-12-30,0.6296,0.616,0.623,51206475.99,31906077.71,0.6208,direct,,XRP
2023-12-31,0.628,0.6082,0.6208,53857260.11,33401077.93,0.6153,direct,,XRP
2024-01-01,0.631,0.6084,0.6153,51530211.19,31921207.28,0.6298,direct,,XRP
2024-01-02,0.6401,0.622,0.6298,110546530.68,69654840.01,0.6246,direct,,XRP
2024-01-03,0.6392,0.4962,0.6246,293721732.66,170644081.94,0.5826,direct,,XRP
2024-01-04,0.5945,0.57,0.5826,137197824.0,79903590.51,0.5874,direct,,XRP
2024-01-05,0.5892,0.5547,0.5874,143719056.52,82120434.08,0.5763,direct,,XRP
2024-01-06,0.5764,0.5574,0.5763,49445214.73,28101990.35,0.5683,direct,,XRP
2024-01-07,0.5732,0.5465,0.5683,54757191.49,30841077.57,0.5518,direct,,XRP
2024-01-08,0.5821,0.5453,0.5518,171092528.93,96955976.7,0.5781,direct,,XRP
2024-01-09,0.579,0.555,0.5781,189515721.51,107754625.0,0.5669,direct,,XRP
2024-01-10,0.6137,0.5494,0.5669,221650304.94,127486286.45,0.6005,direct,,XRP
2024-01-11,0.6236,0.586,0.6005,181048124.83,109371417.13,0.6019,direct,,XRP
2024-01-12,0.6034,0.5552,0.6019,145310062.18,85289650.53,0.5698,direct,,XRP
2024-01-13,0.5774,0.5631,0.5698,40657092.78,23304468.69,0.5746,direct,,XRP
2024-01-14,0.5926,0.5716,0.5746,61606059.51,35728110.06,0.5759,direct,,XRP
2024-01-15,0.5889,0.5685,0.5759,81764596.37,47326687.4,0.5753,direct,,XRP
2024-01-16,0.5798,0.566,0.5753,74597137.1,42860436.47,0.5755,direct,,XRP
2024-01-17,0.5762,0.5608,0.5755,90698585.08,51694447.57,0.568,direct,,XRP
2024-01-18,0.5683,0.543,0.568,125180327.57,69806119.11,0.5515,direct,,XRP
2024-01-19,0.5533,0.5216,0.5515,180870274.98,97774344.94,0.5438,direct,,XRP
2024-01-20,0.5547,0.5388,0.5438,83032037.65,45424819.94,0.5532,direct,,XRP
2024-01-21,0.5549,0.5453,0.5532,34988464.11,19297306.88,0.5461,direct,,XRP
2024-01-22,0.5489,0.5171,0.5461,113225989.96,60345886.42,0.5269,direct,,XRP
2024-01-23,0.5312,0.4959,0.5269,109986750.46,56293437.0,0.5178,direct,,XRP
2024-01-24,0.5189,0.5107,0.5178,86334174.14,44447178.88,0.518,direct,,XRP
2024-01-25,0.5181,0.5037,0.518,88709663.4,45382378.96,0.5135,direct,,XRP
2024-01-26,0.5355,0.5082,0.5135,91689295.85,47708774.33,0.532,direct,,XRP
2024-01-27,0.5346,0.5262,0.532,28945667.62,15357729.06,0.5303,direct,,XRP
2024-01-28,0.5354,0.5211,0.5303,36936884.44,19548273.55,0.5241,direct,,XRP
2024-01-29,0.5397,0.5193,0.5241,82149735.32,43401088.61,0.5351,direct,,XRP
2024-01-30,0.539,0.5078,0.5351,108021708.09,56483482.57,0.5109,direct,,XRP
2024-01-31,0.515,0.4883,0.5109,142496361.26,72200835.84,0.5029,direct,,XRP
2024-02-01,0.5104,0.4897,0.5029,108957411.84,54360041.78,0.5058,direct,,XRP
2024-02-02,0.5136,0.4988,0.5058,90877343.45,45856996.24,0.5103,direct,,XRP
2024-02-03,0.5268,0.5059,0.5103,79779327.37,41368709.1,0.5187,direct,,XRP
2024-02-04,0.519,0.5013,0.5187,37526050.24,19158049.95,0.503,direct,,XRP
2024-02-05,0.5131,0.4969,0.503,95761243.66,48373757.76,0.5062,direct,,XRP
2024-02-06,0.5108,0.4982,0.5062,72618320.59,36619180.19,0.505,direct,,XRP
2024-02-07,0.5152,0.4991,0.505,89674364.02,45320254.26,0.5137,direct,,XRP
2024-02-08,0.5188,0.5102,0.5137,104263786.59,53605470.42,0.5147,direct,,XRP
2024-02-09,0.5285,0.5141,0.5147,84874848.91,44241536.39,0.5263,direct,,XRP
2024-02-10,0.5283,0.519,0.5263,38660224.42,20251390.9,0.5241,direct,,XRP
2024-02-11,0.536,0.5218,0.5241,56322871.42,29764712.18,0.5263,direct,,XRP
2024-02-12,0.538,0.5145,0.5263,79629919.92,41925511.45,0.5317,direct,,XRP
2024-02-13,0.5338,0.5148,0.5317,81240889.53,42694102.57,0.5247,direct,,XRP
2024-02-14,0.5423,0.5206,0.5247,90898655.57,48278427.14,0.5383,direct,,XRP
2024-02-15,0.5781,0.5375,0.5383,161849705.74,89613501.54,0.5627,direct,,XRP
2024-02-16,0.5793,0.5534,0.5627,123518062.71,69961717.55,0.5646,direct,,XRP
2024-02-17,0.5658,0.5398,0.5646,60687500.78,33488481.62,0.5499,direct,,XRP
2024-02-18,0.5627,0.5474,0.5499,42857827.43,23844489.82,0.5573,direct,,XRP
2024-02-19,0.5678,0.5541,0.5573,76270483.62,42760297.61,0.5628,direct,,XRP
2024-02-20,0.5749,0.5451,0.5628,133972985.17,75338588.91,0.5626,direct,,XRP
2024-02-21,0.5629,0.533,0.5626,91746334.09,50084165.86,0.5491,direct,,XRP
2024-02-22,0.5515,0.5365,0.5491,87269717.95,47543112.09,0.5408,direct,,XRP
2024-02-23,0.5433,0.526,0.5408,78064618.51,41858702.97,0.5341,direct,,XRP
2024-02-24,0.5478,0.5314,0.5341,39960944.01,21680730.49,0.5451,direct,,XRP
2024-02-25,0.5485,0.5419,0.5451,33761013.39,18390740.8,0.5425,direct,,XRP
2024-02-26,0.5529,0.5288,0.5425,87441036.63,47462285.38,0.5511,direct,,XRP
2024-02-27,0.5972,0.5481,0.5511,196007931.92,111770094.38,0.5865,direct,,XRP
2024-02-28,0.6064,0.5313,0.5865,238430126.02,137591638.82,0.5757,direct,,XRP
2024-02-29,0.6256,0.5681,0.5757,265841938.45,158440477.05,0.5868,direct,,XRP
2024-03-01,0.6035,0.5833,0.5868,126461324.03,74966882.09,0.6017,direct,,XRP
2024-03-02,0.6512,0.6001,0.6017,200873768.13,126605554.85,0.6449,direct,,XRP
2024-03-03,0.6449,0.5917,0.6449,117289311.41,73135741.52,0.6271,direct,,XRP
2024-03-04,0.6653,0.6173,0.6271,226938744.31,146539593.65,0.6486,direct,,XRP
2024-03-05,0.6696,0.5378,0.6486,362652908.12,224577922.22,0.5922,direct,,XRP
2024-03-06,0.624,0.5762,0.5922,233912270.82,140738100.28,0.6122,direct,,XRP
2024-03-07,0.6401,0.6069,0.6122,193506735.38,120600602.56,0.6282,direct,,XRP
2024-03-08,0.6345,0.6034,0.6282,159325013.58,99196180.08,0.6213,direct,,XRP
2024-03-09,0.6337,0.6177,0.6213,78532236.25,49067331.6,0.6211,direct,,XRP
2024-03-10,0.6287,0.5975,0.6211,86413094.78,53149494.83,0.6086,direct,,XRP
2024-03-11,0.7473,0.5847,0.6086,464854199.15,320734795.08,0.7228,direct,,XRP
2024-03-12,0.733,0.659,0.7228,287325484.17,199191508.48,0.6881,direct,,XRP
2024-03-13,0.7024,0.6693,0.6881,151842932.9,104550355.71,0.6895,direct,,XRP
2024-03-14,0.7073,0.6384,0.6895,216353627.11,145646699.77,0.669,direct,,XRP
2024-03-15,0.6752,0.5964,0.669,225504307.6,142361510.4,0.6342,direct,,XRP
2024-03-16,0.6473,0.5929,0.6342,108751981.91,67410907.62,0.6026,direct,,XRP
2024-03-17,0.6245,0.5868,0.6026,89132988.93,54520131.43,0.6188,direct,,XRP
2024-03-18,0.6688,0.595,0.6188,169357298.98,105520098.91,0.6454,direct,,XRP
2024-03-19,0.6484,0.5716,0.6454,236596001.26,142142536.22,0.5846,direct,,XRP
2024-03-20,0.6188,0.5688,0.5846,179321921.74,106288862.48,0.6111,direct,,XRP
2024-03-21,0.654,0.5977,0.6111,191213492.01,119818939.11,0.6404,direct,,XRP
2024-03-22,0.645,0.5992,0.6404,139687680.94,86677069.96,0.6117,direct,,XRP
2024-03-23,0.6328,0.6036,0.6117,58842411.92,36561383.32,0.6168,direct,,XRP
2024-03-24,0.6356,0.6138,0.6168,68671910.48,43159156.58,0.6325,direct,,XRP
2024-03-25,0.6622,0.6268,0.6325,158367785.63,101558214.45,0.6406,direct,,XRP
2024-03-26,0.6529,0.6257,0.6406,100648332.08,64341838.67,0.6318,direct,,XRP
2024-03-27,0.6346,0.6065,0.6318,126531088.22,78559476.9,0.6115,direct,,XRP
2024-03-28,0.6369,0.6034,0.6115,140507642.54,87344125.64,0.6246,direct,,XRP
2024-03-29,0.645,0.6089,0.6246,126787035.76,79382981.95,0.6305,direct,,XRP
2024-03-30,0.6372,0.6182,0.6305,66469250.26,41709066.02,0.6217,direct,,XRP
2024-03-31,0.63,0.6209,0.6217,41367815.36,25914446.87,0.6292,direct,,XRP
2024-04-01,0.6334,0.5949,0.6292,116015935.71,70947755.07,0.6112,direct,,XRP
2024-04-02,0.6184,0.5792,0.6112,185289744.02,109860705.2,0.5855,direct,,XRP
2024-04-03,0.5932,0.5668,0.5855,133854542.77,77706694.01,0.5744,direct,,XRP
2024-04-04,0.6159,0.5625,0.5744,179749120.3,105825389.78,0.5937,direct,,XRP
2024-04-05,0.5941,0.5693,0.5937,116663175.99,68020047.18,0.5872,direct,,XRP
2024-04-06,0.5988,0.5858,0.5872,51357280.7,30364509.54,0.5931,direct,,XRP
2024-04-07,0.6029,0.5898,0.5931,55211427.2,32911977.14,0.5945,direct,,XRP
2024-04-08,0.6263,0.5884,0.5945,140692900.69,85848261.63,0.6147,direct,,XRP
2024-04-09,0.6425,0.6016,0.6147,151505939.49,94171294.4,0.6138,direct,,XRP
2024-04-10,0.6203,0.593,0.6138,125202045.2,76286246.01,0.6173,direct,,XRP
2024-04-11,0.6214,0.6031,0.6173,105030063.16,64491481.73,0.6087,direct,,XRP
2024-04-12,0.6156,0.51,0.6087,279151533.43,156702259.42,0.5474,direct,,XRP
2024-04-13,0.5491,0.4309,0.5474,365112474.36,179581538.69,0.4797,direct,,XRP
2024-04-14,0.5075,0.4647,0.4797,257944096.0,125314237.77,0.5038,direct,,XRP
2024-04-15,0.5193,0.4817,0.5038,190617091.43,95654768.94,0.4979,direct,,XRP
2024-04-16,0.5022,0.4762,0.4979,144161097.66,70782774.44,0.4968,direct,,XRP
2024-04-17,0.5143,0.4725,0.4968,161848759.6,79753234.75,0.4952,direct,,XRP
2024-04-18,0.5062,0.4858,0.4952,113884053.43,56505719.31,0.503,direct,,XRP
2024-04-19,0.5109,0.4671,0.503,170813104.23,84241171.97,0.5033,direct,,XRP
2024-04-20,0.5303,0.4987,0.5033,102934698.43,53366081.05,0.5291,direct,,XRP
2024-04-21,0.5368,0.5183,0.5291,63368752.38,33411924.56,0.5246,direct,,XRP
2024-04-22,0.5711,0.5224,0.5246,161024173.61,87715877.03,0.5562,direct,,XRP
2024-04-23,0.5584,0.542,0.5562,112735180.52,61916730.53,0.5446,direct,,XRP
2024-04-24,0.5517,0.5216,0.5446,131278909.78,70633184.29,0.5272,direct,,XRP
2024-04-25,0.5325,0.5139,0.5272,102126073.53,53535355.98,0.5253,direct,,XRP
2024-04-26,0.5356,0.5148,0.5253,91594609.85,48059500.83,0.5258,direct,,XRP
2024-04-27,0.5263,0.5081,0.5258,55009786.55,28434314.97,0.5178,direct,,XRP
2024-04-28,0.5249,0.5086,0.5178,34680165.52,17992483.18,0.5103,direct,,XRP
2024-04-29,0.5173,0.499,0.5103,93433742.49,47562352.63,0.5149,direct,,XRP
2024-04-30,0.5193,0.488,0.5149,126762184.32,63585433.54,0.5001,direct,,XRP
2024-05-01,0.5206,0.4788,0.5001,132012562.53,66019545.26,0.5169,direct,,XRP
2024-05-02,0.5244,0.5064,0.5169,109576111.33,56544956.34,0.5181,direct,,XRP
2024-05-03,0.5367,0.5147,0.5181,104040058.04,54489446.05,0.5319,direct,,XRP
2024-05-04,0.5409,0.5276,0.5319,44634676.97,23797997.64,0.5303,direct,,XRP
2024-05-05,0.5333,0.5243,0.5303,31220909.69,16519255.09,0.5297,direct,,XRP
2024-05-06,0.5695,0.525,0.5297,169468596.34,92580029.01,0.5402,direct,,XRP
2024-05-07,0.5441,0.5219,0.5402,84367261.93,45294804.48,0.5246,direct,,XRP
2024-05-08,0.5291,0.5152,0.5246,86858815.77,45387986.99,0.5169,direct,,XRP
2024-05-09,0.5234,0.5088,0.5169,75990902.67,39283618.9,0.5208,direct,,XRP
2024-05-10,0.5209,0.4981,0.5208,86847890.01,44280402.16,0.5022,direct,,XRP
2024-05-11,0.5074,0.5005,0.5022,30872525.95,15575248.07,0.5059,direct,,XRP
2024-05-12,0.5086,0.4963,0.5059,26548594.34,13366703.36,0.4992,direct,,XRP
2024-05-13,0.5119,0.4871,0.4992,87492501.48,43874606.62,0.5051,direct,,XRP
2024-05-14,0.5127,0.4972,0.5051,71932484.96,36296626.79,0.4999,direct,,XRP
2024-05-15,0.5199,0.4968,0.4999,86979776.81,44094279.47,0.5192,direct,,XRP
2024-05-16,0.5223,0.5128,0.5192,95803474.81,49587818.86,0.5158,direct,,XRP
2024-05-17,0.5289,0.5137,0.5158,74277985.37,38668122.39,0.5236,direct,,XRP
2024-05-18,0.5257,0.519,0.5236,27122975.82,14170574.74,0.5213,direct,,XRP
2024-05-19,0.5236,0.5068,0.5213,37812814.46,19478545.46,0.5096,direct,,XRP
2024-05-20,0.5379,0.5067,0.5096,110076351.73,57533476.61,0.5377,direct,,XRP
2024-05-21,0.557,0.5319,0.5377,153690584.34,83185068.85,0.537,direct,,XRP
2024-05-22,0.5379,0.5223,0.537,85944425.64,45703389.72,0.5266,direct,,XRP
2024-05-23,0.5475,0.5041,0.5266,156889465.81,82343592.84,0.5286,direct,,XRP
2024-05-24,0.5371,0.5169,0.5286,75057521.49,39754667.46,0.5358,direct,,XRP
2024-05-25,0.5425,0.5331,0.5358,41031262.95,22062406.82,0.5416,direct,,XRP
2024-05-26,0.5418,0.5256,0.5416,32793846.93,17526708.69,0.528,direct,,XRP
2024-05-27,0.5404,0.5232,0.528,59131410.45,31475417.41,0.5336,direct,,XRP
2024-05-28,0.5348,0.521,0.5336,60816265.49,32091626.78,0.5283,direct,,XRP
2024-05-29,0.5325,0.5196,0.5283,55318750.08,29150146.21,0.5231,direct,,XRP
2024-05-30,0.5276,0.5127,0.5231,67320606.41,35073995.81,0.5186,direct,,XRP
2024-05-31,0.5254,0.5117,0.5186,64453958.48,33436610.71,0.5171,direct,,XRP
2024-06-01,0.5214,0.517,0.5171,21224120.66,11018505.48,0.5184,direct,,XRP
2024-06-02,0.5205,0.5079,0.5184,31814940.36,16381557.09,0.5134,direct,,XRP
2024-06-03,0.5228,0.5117,0.5134,59824456.9,31092849.36,0.5199,direct,,XRP
2024-06-04,0.5303,0.5183,0.5199,66786827.22,35024877.3,0.5258,direct,,XRP
2024-06-05,0.5326,0.5241,0.5258,65693174.35,34628851.9,0.5259,direct,,XRP
2024-06-06,0.5278,0.5164,0.5259,56289680.27,29502966.33,0.5214,direct,,XRP
2024-06-07,0.5276,0.4565,0.5214,155578311.81,77620863.45,0.4989,direct,,XRP
2024-06-08,0.5005,0.4899,0.4989,47622051.35,23573913.71,0.4927,direct,,XRP
2024-06-09,0.4993,0.491,0.4927,26932905.0,13336591.69,0.4987,direct,,XRP
2024-06-10,0.5057,0.4934,0.4987,62345129.01,31086613.89,0.4967,direct,,XRP
2024-06-11,0.4968,0.4714,0.4967,123249480.09,59580079.29,0.4803,direct,,XRP
2024-06-12,0.4976,0.4743,0.4803,95818491.95,46748803.78,0.4916,direct,,XRP
2024-06-13,0.4916,0.4755,0.4916,73304319.11,35507611.44,0.4767,direct,,XRP
2024-06-14,0.481,0.4607,0.4767,96687797.25,45741072.62,0.4744,direct,,XRP
2024-06-15,0.5048,0.4738,0.4744,61558910.07,29949482.97,0.4905,direct,,XRP
2024-06-16,0.4992,0.4876,0.4905,44884483.23,22048991.37,0.4889,direct,,XRP
2024-06-17,0.5206,0.4837,0.4889,177412101.63,89555948.39,0.5048,direct,,XRP
2024-06-18,0.5293,0.4713,0.5048,188755523.58,92746647.12,0.4908,direct,,XRP
2024-06-19,0.4994,0.4868,0.4908,94779687.8,46748036.37,0.4932,direct,,XRP
2024-06-20,0.502,0.4882,0.4932,90079137.41,44603733.36,0.4885,direct,,XRP
2024-06-21,0.4954,0.4794,0.4885,90963285.34,44391302.8,0.4888,direct,,XRP
2024-06-22,0.4894,0.4818,0.4888,32529793.3,15825485.79,0.4865,direct,,XRP
2024-06-23,0.489,0.4752,0.4865,33689367.84,16280735.98,0.4795,direct,,XRP
2024-06-24,0.482,0.4622,0.4795,114204437.34,54098679.89,0.4738,direct,,XRP
2024-06-25,0.4797,0.4729,0.4738,70464820.3,33551401.1,0.4758,direct,,XRP
2024-06-26,0.4781,0.4655,0.4758,68684822.14,32444053.56,0.4695,direct,,XRP
2024-06-27,0.4767,0.4654,0.4695,61617064.29,29033915.39,0.4747,direct,,XRP
2024-06-28,0.4804,0.469,0.4747,74630224.12,35498932.22,0.4708,direct,,XRP
2024-06-29,0.4761,0.4708,0.4708,22935918.41,10865377.59,0.4719,direct,,XRP
2024-06-30,0.4776,0.4695,0.4719,30046742.75,14211025.01,0.4753,direct,,XRP
2024-07-01,0.4843,0.4748,0.4753,64111273.09,30695337.55,0.4767,direct,,XRP
2024-07-02,0.488,0.4755,0.4767,66435379.39,32056141.22,0.4846,direct,,XRP
2024-07-03,0.4861,0.4609,0.4846,101103520.74,48021790.56,0.4668,direct,,XRP
2024-07-04,0.4693,0.4314,0.4668,146697596.77,65783019.67,0.4328,direct,,XRP
2024-07-05,0.4333,0.3838,0.4328,231660504.82,95330683.77,0.4252,direct,,XRP
2024-07-06,0.4497,0.4236,0.4252,66131758.23,28874554.98,0.449,direct,,XRP
2024-07-07,0.4491,0.4183,0.449,62640736.65,27101641.18,0.4195,direct,,XRP
2024-07-08,0.4433,0.4035,0.4195,152169279.86,64799179.26,0.4316,direct,,XRP
2024-07-09,0.4379,0.4271,0.4316,88017503.75,38179101.42,0.4357,direct,,XRP
2024-07-10,0.4425,0.4313,0.4357,86955079.99,37980400.42,0.4388,direct,,XRP
2024-07-11,0.4534,0.4365,0.4388,96733829.35,43166573.52,0.4491,direct,,XRP
2024-07-12,0.4778,0.4446,0.4491,166150910.87,77161456.85,0.4746,direct,,XRP
2024-07-13,0.566,0.474,0.4746,322689126.16,168240945.45,0.5259,direct,,XRP
2024-07-14,0.5402,0.514,0.5259,141876059.14,74721301.84,0.5205,direct,,XRP
2024-07-15,0.5403,0.5204,0.5205,166362814.24,88384859.35,0.5375,direct,,XRP
2024-07-16,0.5945,0.5327,0.5375,275334532.94,156061797.1,0.5795,direct,,XRP
2024-07-17,0.6375,0.5787,0.5795,315983534.83,193073212.33,0.6261,direct,,XRP
2024-07-18,0.6367,0.5577,0.6261,262767645.8,154140699.63,0.5696,direct,,XRP
2024-07-19,0.5868,0.5404,0.5696,212015472.78,119139380.55,0.5736,direct,,XRP
2024-07-20,0.6048,0.5708,0.5736,116282561.17,68591836.12,0.594,direct,,XRP
2024-07-21,0.608,0.5733,0.594,101737808.54,60138185.64,0.5986,direct,,XRP
2024-07-22,0.6231,0.5858,0.5986,155733748.5,94636475.44,0.6083,direct,,XRP
2024-07-23,0.6172,0.5808,0.6083,127108626.28,76142733.2,0.5978,direct,,XRP
2024-07-24,0.6328,0.5918,0.5978,150239006.84,92822113.06,0.6183,direct,,XRP
2024-07-25,0.6255,0.5842,0.6183,181470962.87,110136063.02,0.5995,direct,,XRP
2024-07-26,0.6091,0.5861,0.5995,116308303.26,69689603.95,0.6035,direct,,XRP
2024-07-27,0.6093,0.584,0.6035,69209258.08,41421431.59,0.5959,direct,,XRP
2024-07-28,0.6143,0.5914,0.5959,52702449.78,31761213.23,0.6016,direct,,XRP
2024-07-29,0.6121,0.592,0.6016,78141456.49,47226801.56,0.6019,direct,,XRP
2024-07-30,0.6371,0.5956,0.6019,168338009.55,104677779.7,0.6276,direct,,XRP
2024-07-31,0.6585,0.6218,0.6276,213750425.61,137588010.86,0.6229,direct,,XRP
2024-08-01,0.6302,0.5679,0.6229,179304435.62,107104100.15,0.596,direct,,XRP
2024-08-02,0.5963,0.5461,0.596,152664518.01,86734519.13,0.5601,direct,,XRP
2024-08-03,0.5771,0.5404,0.5601,97835703.37,54663151.77,0.5557,direct,,XRP
2024-08-04,0.5588,0.5138,0.5557,96833253.09,51746934.57,0.5228,direct,,XRP
2024-08-05,0.5254,0.4322,0.5228,396334280.79,187275852.19,0.4891,direct,,XRP
2024-08-06,0.5191,0.4881,0.4891,164885876.04,84004892.95,0.5063,direct,,XRP
2024-08-07,0.6444,0.4925,0.5063,453456989.18,261035770.62,0.6004,direct,,XRP
2024-08-08,0.6425,0.5787,0.6004,323462873.63,197725608.9,0.6169,direct,,XRP
2024-08-09,0.6247,0.5678,0.6169,192937109.38,113982177.03,0.5809,direct,,XRP
2024-08-10,0.602,0.5785,0.5809,78461526.68,46397797.22,0.5843,direct,,XRP
2024-08-11,0.5936,0.5456,0.5843,99018126.08,56452892.4,0.553,direct,,XRP
2024-08-12,0.5794,0.5502,0.553,132589610.78,75369333.98,0.5685,direct,,XRP
2024-08-13,0.5835,0.5629,0.5685,115969968.39,66582727.77,0.5771,direct,,XRP
2024-08-14,0.5825,0.5646,0.5771,112758828.25,64756733.16,0.5689,direct,,XRP
2024-08-15,0.5753,0.5511,0.5689,116680910.72,65830115.15,0.5609,direct,,XRP
2024-08-16,0.5709,0.5537,0.5609,88311483.04,49770000.64,0.5641,direct,,XRP
2024-08-17,0.571,0.5614,0.5641,41124211.12,23277067.52,0.5667,direct,,XRP
2024-08-18,0.5841,0.5629,0.5667,53013803.77,30279765.06,0.5631,direct,,XRP
2024-08-19,0.6089,0.5611,0.5631,151664003.59,89116328.29,0.5987,direct,,XRP
2024-08-20,0.6151,0.588,0.5987,136946445.21,82489422.71,0.5939,direct,,XRP
2024-08-21,0.6056,0.5857,0.5939,103502450.91,61823647.55,0.6003,direct,,XRP
2024-08-22,0.6043,0.5926,0.6003,69119018.62,41388151.74,0.5978,direct,,XRP
2024-08-23,0.616,0.5912,0.5978,112011451.59,67547258.98,0.6114,direct,,XRP
2024-08-24,0.631,0.605,0.6114,94143724.39,58105405.84,0.6131,direct,,XRP
2024-08-25,0.6141,0.5959,0.6131,61650312.0,37211824.12,0.6003,direct,,XRP
2024-08-26,0.6023,0.5794,0.6003,91875681.93,54312167.32,0.5875,direct,,XRP
2024-08-27,0.6003,0.5532,0.5875,120908074.69,70670199.01,0.567,direct,,XRP
2024-08-28,0.5844,0.5561,0.567,115528856.23,65953261.91,0.5695,direct,,XRP
2024-08-29,0.5769,0.5577,0.5695,80199226.87,45702010.66,0.5622,direct,,XRP
2024-08-30,0.5676,0.5464,0.5622,89686363.55,50186117.8,0.5667,direct,,XRP
2024-08-31,0.5722,0.5626,0.5667,33602784.98,19046711.47,0.5663,direct,,XRP
2024-09-01,0.5667,0.5437,0.5663,51368566.83,28544746.42,0.5474,direct,,XRP
2024-09-02,0.5686,0.5445,0.5474,55356567.08,30781209.47,0.5677,direct,,XRP
2024-09-03,0.573,0.5563,0.5677,58961507.89,33311109.27,0.5572,direct,,XRP
2024-09-04,0.5651,0.5332,0.5572,86687354.45,47930240.86,0.5581,direct,,XRP
2024-09-05,0.5597,0.54,0.5581,61351609.31,33692998.76,0.5443,direct,,XRP
2024-09-06,0.5471,0.503,0.5443,130722020.48,68912190.74,0.5211,direct,,XRP
2024-09-07,0.5328,0.5196,0.5211,46833157.46,24673135.01,0.5249,direct,,XRP
2024-09-08,0.5314,0.5208,0.5249,36544383.42,19256218.68,0.5295,direct,,XRP
2024-09-09,0.543,0.5269,0.5295,66617112.36,35533909.68,0.5396,direct,,XRP
2024-09-10,0.5428,0.5338,0.5396,53454403.28,28760322.1,0.5408,direct,,XRP
2024-09-11,0.5413,0.5232,0.5408,58658224.93,31287618.8,0.5349,direct,,XRP
2024-09-12,0.5881,0.5336,0.5349,148582217.21,83238651.72,0.5627,direct,,XRP
2024-09-13,0.5748,0.5558,0.5627,106478734.28,60413594.78,0.5731,direct,,XRP
2024-09-14,0.5994,0.5697,0.5731,121068615.33,71040434.5,0.5959,direct,,XRP
2024-09-15,0.5961,0.5689,0.5959,69142754.01,40387528.25,0.5707,direct,,XRP
2024-09-16,0.5913,0.5597,0.5707,100639488.38,57801902.01,0.5866,direct,,XRP
2024-09-17,0.5934,0.579,0.5866,83347003.32,48915838.06,0.584,direct,,XRP
2024-09-18,0.5859,0.5622,0.584,96641430.13,55566009.02,0.5853,direct,,XRP
2024-09-19,0.5947,0.5814,0.5853,112322195.53,66006711.21,0.5871,direct,,XRP
2024-09-20,0.5928,0.5764,0.5871,102242009.98,59752748.72,0.5852,direct,,XRP
2024-09-21,0.6126,0.5801,0.5852,78200518.97,46591628.04,0.5978,direct,,XRP
2024-09-22,0.6051,0.5785,0.5978,73263290.69,43390008.7,0.5873,direct,,XRP
2024-09-23,0.5959,0.579,0.5873,87541550.27,51453368.51,0.5849,direct,,XRP
2024-09-24,0.5929,0.5814,0.5849,93595920.58,54968867.37,0.5913,direct,,XRP
2024-09-25,0.5956,0.5821,0.5913,78765517.82,46348467.77,0.5828,direct,,XRP
2024-09-26,0.5964,0.574,0.5828,111315047.63,65443813.02,0.5907,direct,,XRP
2024-09-27,0.5972,0.5828,0.5907,109051953.5,64228133.85,0.5888,direct,,XRP
2024-09-28,0.626,0.5858,0.5888,187996815.52,115131373.05,0.6141,direct,,XRP
2024-09-29,0.6648,0.6079,0.6141,219815531.66,140734068.13,0.6414,direct,,XRP
2024-09-30,0.6545,0.6089,0.6414,182344194.07,115384714.53,0.6113,direct,,XRP
2024-10-01,0.6341,0.5781,0.6113,248263142.76,151305226.7,0.5968,direct,,XRP
2024-10-02,0.6066,0.5268,0.5968,319718764.01,180781679.1,0.5382,direct,,XRP
2024-10-03,0.5446,0.5071,0.5382,296296709.78,155616974.02,0.522,direct,,XRP
2024-10-04,0.5392,0.515,0.522,167694455.41,88228747.24,0.5341,direct,,XRP
2024-10-05,0.5353,0.5263,0.5341,61075412.37,32436660.68,0.5295,direct,,XRP
2024-10-06,0.5371,0.528,0.5295,49829588.61,26526429.4,0.5337,direct,,XRP
2024-10-07,0.5457,0.5285,0.5337,112225312.63,60463793.11,0.5286,direct,,XRP
2024-10-08,0.5354,0.521,0.5286,82057112.02,43442018.31,0.5309,direct,,XRP
2024-10-09,0.5344,0.5208,0.5309,76131043.5,40305011.29,0.524,direct,,XRP
2024-10-10,0.5442,0.5223,0.524,113240919.74,60156516.35,0.5301,direct,,XRP
2024-10-11,0.5418,0.5293,0.5301,86920214.89,46689086.5,0.5386,direct,,XRP
2024-10-12,0.5431,0.5353,0.5386,46644749.87,25147657.07,0.5393,direct,,XRP
2024-10-13,0.5395,0.5251,0.5393,57507495.39,30565840.41,0.5317,direct,,XRP
2024-10-14,0.5521,0.5281,0.5317,96721682.6,52400698.0,0.5482,direct,,XRP
2024-10-15,0.5554,0.5316,0.5482,113188872.45,61538057.89,0.5417,direct,,XRP
2024-10-16,0.5538,0.5374,0.5417,89868330.97,49087125.94,0.5482,direct,,XRP
2024-10-17,0.5665,0.5418,0.5482,124359140.85,68764076.92,0.544,direct,,XRP
2024-10-18,0.5528,0.5394,0.544,79040940.08,43157931.33,0.5467,direct,,XRP
2024-10-19,0.5498,0.5408,0.5467,41512005.21,22628183.85,0.5441,direct,,XRP
2024-10-20,0.5486,0.5368,0.5441,46925446.62,25468585.58,0.5481,direct,,XRP
2024-10-21,0.5603,0.5409,0.5481,99865477.22,54854969.16,0.5447,direct,,XRP
2024-10-22,0.5492,0.5288,0.5447,89196880.61,47869612.56,0.5336,direct,,XRP
2024-10-23,0.5337,0.5113,0.5336,93842039.51,49146449.15,0.5254,direct,,XRP
2024-10-24,0.5335,0.5237,0.5254,63369462.08,33533274.62,0.5319,direct,,XRP
2024-10-25,0.5319,0.4866,0.5319,120144453.16,61633077.65,0.5013,direct,,XRP
2024-10-26,0.5146,0.4981,0.5013,60335611.52,30726705.94,0.5129,direct,,XRP
2024-10-27,0.5174,0.5103,0.5129,44220564.98,22737702.03,0.5163,direct,,XRP
2024-10-28,0.5211,0.511,0.5163,74938082.58,38717814.54,0.5192,direct,,XRP
2024-10-29,0.5307,0.5182,0.5192,103905290.07,54559006.02,0.5284,direct,,XRP
2024-10-30,0.5284,0.5192,0.5284,70621954.46,36966633.67,0.5228,direct,,XRP
2024-10-31,0.5235,0.5029,0.5228,85319243.3,43810591.45,0.5089,direct,,XRP
2024-11-01,0.5238,0.5021,0.5089,107851122.04,55602894.8,0.5128,direct,,XRP
2024-11-02,0.5158,0.5062,0.5128,40642046.31,20766273.02,0.5103,direct,,XRP
2024-11-03,0.511,0.4918,0.5103,83308308.8,41654123.93,0.5028,direct,,XRP
2024-11-04,0.5142,0.4957,0.5028,93350793.53,47271052.5,0.5032,direct,,XRP
2024-11-05,0.5185,0.5017,0.5032,91764633.18,46820219.31,0.5141,direct,,XRP
2024-11-06,0.5473,0.5138,0.5141,206172308.88,110071771.42,0.5425,direct,,XRP
2024-11-07,0.5791,0.5383,0.5425,174637768.96,96931875.21,0.556,direct,,XRP
2024-11-08,0.5604,0.5419,0.556,126281539.89,69618643.73,0.5541,direct,,XRP
2024-11-09,0.5621,0.544,0.5541,116501081.96,64258216.18,0.5596,direct,,XRP
2024-11-10,0.6187,0.5558,0.5596,409963638.78,242864614.22,0.5889,direct,,XRP
2024-11-11,0.6341,0.5708,0.5889,390730469.64,234248327.98,0.6217,direct,,XRP
2024-11-12,0.7414,0.5979,0.6217,1046442445.27,699757555.46,0.7051,direct,,XRP
2024-11-13,0.7487,0.6417,0.7051,761589957.93,527927962.98,0.6909,direct,,XRP
2024-11-14,0.8547,0.6833,0.6909,924365552.49,697386131.53,0.7737,direct,,XRP
2024-11-15,0.9276,0.7708,0.7737,1017086374.29,868232886.09,0.8928,direct,,XRP
2024-11-16,1.27,0.8784,0.8928,1364539699.45,1471784561.41,1.121,direct,,XRP
2024-11-17,1.161,1.003,1.121,738885356.5,790195513.06,1.054,direct,,XRP
2024-11-18,1.186,1.054,1.054,717125447.5,810684686.21,1.115,direct,,XRP
2024-11-19,1.148,1.07,1.115,398435416.68,439930291.16,1.102,direct,,XRP
2024-11-20,1.151,1.058,1.102,426787818.25,471443631.5,1.105,direct,,XRP
2024-11-21,1.264,1.08,1.105,695263534.44,804204058.58,1.248,direct,,XRP
2024-11-22,1.502,1.247,1.248,1198279717.16,1679264063.32,1.474,direct,,XRP
2024-11-23,1.634,1.423,1.474,834163134.68,1278152718.24,1.47,direct,,XRP
2024-11-24,1.514,1.278,1.47,704431537.4,985347623.9,1.434,direct,,XRP
2024-11-25,1.54,1.357,1.434,692608073.75,1004023777.35,1.414,direct,,XRP
2024-11-26,1.459,1.284,1.414,584500721.11,805828223.16,1.398,direct,,XRP
2024-11-27,1.524,1.352,1.398,461266222.39,665554215.0,1.471,direct,,XRP
2024-11-28,1.547,1.431,1.471,335566540.9,495364955.6,1.543,direct,,XRP
2024-11-29,1.816,1.524,1.543,753932416.21,1260420577.77,1.802,direct,,XRP
2024-11-30,1.959,1.765,1.802,746767336.47,1399344545.01,1.953,direct,,XRP
2024-12-01,2.351,1.85,1.953,836584956.79,1710615065.74,2.296,direct,,XRP
2024-12-02,2.874,2.21,2.296,1818008628.86,4604056718.96,2.728,direct,,XRP
2024-12-03,2.902,2.241,2.728,1249379710.27,3237472483.49,2.512,direct,,XRP
2024-12-04,2.681,2.286,2.512,822516801.89,2037360297.43,2.362,direct,,XRP
2024-12-05,2.497,2.17,2.362,876755504.09,2040826052.42,2.247,direct,,XRP
2024-12-06,2.469,2.228,2.247,469200603.46,1100905837.64,2.43,direct,,XRP
2024-12-07,2.622,2.388,2.43,452367831.54,1126609907.56,2.612,direct,,XRP
2024-12-08,2.648,2.487,2.612,371079227.76,955052014.93,2.604,direct,,XRP
2024-12-09,2.609,2.0,2.604,745149760.0,1749419771.45,2.214,direct,,XRP
2024-12-10,2.424,1.9,2.214,1232210511.0,2657640774.0,2.373,direct,,XRP
2024-12-11,2.473,2.232,2.373,573142344.08,1355458915.06,2.396,direct,,XRP
2024-12-12,2.485,2.31,2.396,405600405.57,975868948.89,2.339,direct,,XRP
2024-12-13,2.478,2.285,2.339,325482704.55,777996206.67,2.423,direct,,XRP
2024-12-14,2.531,2.355,2.423,254313475.31,618462641.72,2.4,direct,,XRP
2024-12-15,2.472,2.368,2.4,226271944.9,546211604.58,2.446,direct,,XRP
2024-12-16,2.587,2.336,2.446,448881483.26,1101974406.57,2.485,direct,,XRP
2024-12-17,2.726,2.441,2.485,483789899.47,1257776030.09,2.567,direct,,XRP
2024-12-18,2.591,2.25,2.567,485464072.58,1189042488.38,2.309,direct,,XRP
2024-12-19,2.43,2.157,2.309,505777577.71,1153916989.29,2.237,direct,,XRP
2024-12-20,2.353,1.958,2.237,584322949.09,1271496581.24,2.279,direct,,XRP
2024-12-21,2.384,2.191,2.279,227226457.78,517002080.31,2.236,direct,,XRP
2024-12-22,2.292,2.158,2.236,190859157.06,424009618.1,2.201,direct,,XRP
2024-12-23,2.276,2.13,2.201,262596659.02,575882043.01,2.259,direct,,XRP
2024-12-24,2.349,2.211,2.259,171257148.04,391779339.09,2.322,direct,,XRP
2024-12-25,2.33,2.26,2.322,99043690.94,227122138.31,2.296,direct,,XRP
2024-12-26,2.314,2.127,2.296,175159649.87,383093858.79,2.154,direct,,XRP
2024-12-27,2.235,2.112,2.154,179310664.5,388263399.08,2.143,direct,,XRP
2024-12-28,2.203,2.132,2.143,93323268.6,202562433.74,2.181,direct,,XRP
2024-12-29,2.194,2.069,2.181,110738759.84,236397727.32,2.091,direct,,XRP
2024-12-30,2.148,1.993,2.091,269175481.13,555885271.49,2.055,direct,,XRP
2024-12-31,2.146,2.01,2.055,181434753.9,376858119.76,2.08,direct,,XRP
2025-01-01,2.349,2.077,2.08,297605843.03,662533038.47,2.328,direct,,XRP
2025-01-02,2.447,2.326,2.328,291041058.98,697245702.4,2.401,direct,,XRP
2025-01-03,2.478,2.395,2.401,212350354.26,517782300.15,2.453,direct,,XRP
2025-01-04,2.507,2.401,2.453,148693293.92,363501970.81,2.419,direct,,XRP
2025-01-05,2.428,2.328,2.419,124703660.85,296928010.71,2.399,direct,,XRP
2025-01-06,2.459,2.366,2.399,138062308.49,333508283.32,2.421,direct,,XRP
2025-01-07,2.468,2.258,2.421,269649102.68,632117157.63,2.271,direct,,XRP
2025-01-08,2.399,2.2,2.271,303216672.46,701245553.68,2.373,direct,,XRP
2025-01-09,2.394,2.234,2.373,226189183.48,521153174.92,2.273,direct,,XRP
2025-01-10,2.37,2.247,2.273,185185708.49,427192112.76,2.341,direct,,XRP
2025-01-11,2.601,2.325,2.341,311199264.11,770229752.63,2.576,direct,,XRP
2025-01-12,2.582,2.469,2.576,194080075.63,489665585.05,2.503,direct,,XRP
2025-01-13,2.562,2.33,2.503,350202135.32,861931813.04,2.523,direct,,XRP
2025-01-14,2.693,2.512,2.523,327473436.54,854307534.62,2.668,direct,,XRP
2025-01-15,3.2,2.648,2.668,777721303.54,2256843370.92,3.143,direct,,XRP
2025-01-16,3.4,2.92,3.143,939359006.31,3014673902.49,3.243,direct,,XRP
2025-01-17,3.352,3.177,3.243,436267448.99,1424636216.12,3.294,direct,,XRP
2025-01-18,3.305,3.059,3.294,363541457.29,1156875172.81,3.266,direct,,XRP
2025-01-19,3.289,2.839,3.266,463108746.11,1436945270.79,2.955,direct,,XRP
2025-01-20,3.365,2.909,2.955,534598090.34,1692277205.14,3.102,direct,,XRP
2025-01-21,3.24,3.011,3.102,275668104.67,862837682.51,3.175,direct,,XRP
2025-01-22,3.285,3.132,3.175,238992230.06,764090645.85,3.178,direct,,XRP
2025-01-23,3.184,3.036,3.178,260172838.24,809969064.31,3.12,direct,,XRP
2025-01-24,3.204,3.055,3.12,200473448.14,629925239.85,3.101,direct,,XRP
2025-01-25,3.144,3.078,3.101,103723417.22,323189334.75,3.107,direct,,XRP
2025-01-26,3.143,3.012,3.107,131936290.11,409598816.53,3.022,direct,,XRP
2025-01-27,3.059,2.656,3.022,561758000.04,1627656015.01,3.055,direct,,XRP
2025-01-28,3.214,3.006,3.055,294144579.75,916635754.44,3.056,direct,,XRP
2025-01-29,3.136,2.968,3.056,224173252.52,688470198.57,3.068,direct,,XRP
2025-01-30,3.155,3.047,3.068,146164701.71,455360745.33,3.128,direct,,XRP
2025-01-31,3.134,3.001,3.128,146456143.22,449217410.74,3.035,direct,,XRP
2025-02-01,3.072,2.829,3.035,182831285.96,540304448.76,2.878,direct,,XRP
2025-02-02,2.955,2.473,2.878,626538200.32,1676820868.14,2.58,direct,,XRP
2025-02-03,2.785,1.783,2.58,1436967910.77,3394486801.74,2.704,direct,,XRP
2025-02-04,2.797,2.421,2.704,575159167.33,1493850106.33,2.528,direct,,XRP
2025-02-05,2.57,2.345,2.528,323288920.2,797562497.76,2.381,direct,,XRP
2025-02-06,2.47,2.28,2.381,283840644.5,670801385.49,2.326,direct,,XRP
2025-02-07,2.542,2.268,2.326,364520414.51,879839647.98,2.398,direct,,XRP
2025-02-08,2.436,2.352,2.398,124643522.52,299370953.88,2.42,direct,,XRP
2025-02-09,2.509,2.311,2.42,191508863.12,462300495.73,2.394,direct,,XRP
2025-02-10,2.473,2.325,2.394,180014973.08,433768636.36,2.424,direct,,XRP
2025-02-11,2.529,2.371,2.424,209717585.11,514601793.97,2.413,direct,,XRP
2025-02-12,2.496,2.333,2.413,211507803.27,510502015.59,2.474,direct,,XRP
2025-02-13,2.608,2.416,2.474,206780687.81,513940818.2,2.56,direct,,XRP
2025-02-14,2.836,2.531,2.56,352652534.62,953408756.74,2.739,direct,,XRP
2025-02-15,2.834,2.714,2.739,168226516.24,467419209.43,2.762,direct,,XRP
2025-02-16,2.805,2.692,2.762,121937169.97,335441952.66,2.729,direct,,XRP
2025-02-17,2.764,2.607,2.729,189550816.59,506496866.53,2.66,direct,,XRP
2025-02-18,2.67,2.469,2.66,247463754.74,633066268.65,2.561,direct,,XRP
2025-02-19,2.746,2.512,2.561,226528431.52,592985791.47,2.738,direct,,XRP
2025-02-20,2.748,2.668,2.738,163941363.43,442966984.8,2.689,direct,,XRP
2025-02-21,2.716,2.507,2.689,243757563.15,637133329.3,2.571,direct,,XRP
2025-02-22,2.61,2.551,2.571,81732780.98,211092826.47,2.574,direct,,XRP
2025-02-23,2.602,2.521,2.574,91853666.53,235074705.39,2.576,direct,,XRP
2025-02-24,2.607,2.237,2.576,366702091.39,886481958.4,2.277,direct,,XRP
2025-02-25,2.364,2.064,2.277,680730523.89,1511344985.47,2.32,direct,,XRP
2025-02-26,2.328,2.15,2.32,309479164.44,693297179.55,2.196,direct,,XRP
2025-02-27,2.256,2.143,2.196,234809615.43,516070997.16,2.197,direct,,XRP
2025-02-28,2.2,1.95,2.197,459212458.2,950034489.48,2.145,direct,,XRP
2025-03-01,2.22,2.121,2.145,149416453.88,324400161.83,2.191,direct,,XRP
2025-03-02,3.0,2.174,2.191,765691436.73,2068779776.15,2.94,direct,,XRP
2025-03-03,2.967,2.298,2.94,689063606.74,1781929318.64,2.386,direct,,XRP
2025-03-04,2.537,2.212,2.386,583653564.41,1386591248.42,2.454,direct,,XRP
2025-03-05,2.54,2.408,2.454,269914722.87,668517799.49,2.5,direct,,XRP
2025-03-06,2.645,2.471,2.5,301950209.41,777095869.02,2.6,direct,,XRP
2025-03-07,2.62,2.343,2.6,509593081.63,1255891349.65,2.384,direct,,XRP
2025-03-08,2.41,2.302,2.384,149247809.54,350477453.06,2.325,direct,,XRP
2025-03-09,2.351,2.083,2.325,321349471.75,703030255.64,2.138,direct,,XRP
2025-03-10,2.261,1.992,2.138,469265829.24,990685541.75,2.02,direct,,XRP
2025-03-11,2.214,1.9,2.02,485320398.27,1009132264.49,2.17,direct,,XRP
2025-03-12,2.274,2.133,2.17,333633672.21,735667000.36,2.239,direct,,XRP
2025-03-13,2.346,2.214,2.239,270005768.85,612647084.83,2.252,direct,,XRP
2025-03-14,2.39,2.237,2.252,201817376.73,469287633.2,2.356,direct,,XRP
2025-03-15,2.476,2.353,2.356,148046204.52,357633437.23,2.391,direct,,XRP
2025-03-16,2.411,2.268,2.391,163866970.73,381182343.38,2.294,direct,,XRP
2025-03-17,2.379,2.292,2.294,165254706.14,386991395.08,2.338,direct,,XRP
2025-03-18,2.339,2.221,2.338,157167291.76,356488006.55,2.285,direct,,XRP
2025-03-19,2.592,2.265,2.285,439583165.8,1090715752.7,2.547,direct,,XRP
2025-03-20,2.563,2.388,2.547,230178259.97,567872772.91,2.435,direct,,XRP
2025-03-21,2.465,2.356,2.435,137994453.69,331056259.63,2.38,direct,,XRP
2025-03-22,2.416,2.359,2.38,62368607.37,148777441.75,2.371,direct,,XRP
2025-03-23,2.442,2.365,2.371,76384539.1,183599641.71,2.44,direct,,XRP
2025-03-24,2.504,2.414,2.44,131145789.17,322275068.72,2.45,direct,,XRP
2025-03-25,2.478,2.408,2.45,99754751.55,243742814.56,2.45,direct,,XRP
2025-03-26,2.479,2.328,2.45,144916401.35,349260349.22,2.349,direct,,XRP
2025-03-27,2.39,2.302,2.349,122001814.72,286545231.97,2.34,direct,,XRP
2025-03-28,2.343,2.152,2.34,235684211.19,523329512.07,2.206,direct,,XRP
2025-03-29,2.225,2.06,2.206,227399518.37,482474391.34,2.134,direct,,XRP
2025-03-30,2.214,2.108,2.134,145658611.85,314278048.39,2.137,direct,,XRP
2025-03-31,2.14,2.024,2.137,260277690.44,543840735.24,2.089,direct,,XRP
2025-04-01,2.199,2.065,2.089,217685215.64,465178961.66,2.139,direct,,XRP
2025-04-02,2.233,1.985,2.139,310364808.19,653577326.91,2.023,direct,,XRP
2025-04-03,2.082,1.96,2.023,243531510.27,493409804.22,2.064,direct,,XRP
2025-04-04,2.158,2.016,2.064,245882173.59,515137356.85,2.129,direct,,XRP
2025-04-05,2.176,2.113,2.129,80627857.29,172215822.56,2.143,direct,,XRP
2025-04-06,2.158,1.86,2.143,284773140.72,568225630.77,1.921,direct,,XRP
2025-04-07,2.008,1.614,1.921,827181635.74,1510344361.93,1.898,direct,,XRP
2025-04-08,1.974,1.776,1.898,384541696.0,722191582.66,1.795,direct,,XRP
2025-04-09,2.089,1.721,1.795,556276515.78,1056201997.48,2.052,direct,,XRP
2025-04-10,2.056,1.922,2.052,257077833.33,510160139.11,1.965,direct,,XRP
2025-04-11,2.064,1.946,1.965,182096526.56,366356646.98,2.022,direct,,XRP
2025-04-12,2.185,2.003,2.022,157292263.16,332401072.94,2.159,direct,,XRP
2025-04-13,2.246,2.08,2.159,202823908.45,437634320.29,2.119,direct,,XRP
2025-04-14,2.179,2.104,2.119,148231280.96,317480082.3,2.127,direct,,XRP
2025-04-15,2.185,2.083,2.127,148638881.3,317467318.89,2.084,direct,,XRP
2025-04-16,2.125,2.036,2.084,174456902.59,363661242.46,2.083,direct,,XRP
2025-04-17,2.114,2.052,2.083,126390624.45,263084589.96,2.067,direct,,XRP
2025-04-18,2.089,2.044,2.067,85105122.77,176030362.2,2.062,direct,,XRP
2025-04-19,2.097,2.059,2.062,59232369.51,123368597.1,2.087,direct,,XRP
2025-04-20,2.094,2.039,2.087,65598344.22,135480612.63,2.078,direct,,XRP
2025-04-21,2.141,2.06,2.078,121178174.36,255085141.22,2.085,direct,,XRP
2025-04-22,2.25,2.065,2.085,188016893.57,405065686.8,2.215,direct,,XRP
2025-04-23,2.301,2.191,2.215,224738094.4,504246251.17,2.219,direct,,XRP
2025-04-24,2.235,2.119,2.219,180689192.3,395242198.52,2.206,direct,,XRP
2025-04-25,2.22,2.165,2.206,136748427.58,300315877.58,2.183,direct,,XRP
2025-04-26,2.249,2.181,2.183,72348023.85,159480226.42,2.192,direct,,XRP
2025-04-27,2.295,2.161,2.192,147084934.22,328139089.21,2.253,direct,,XRP
2025-04-28,2.361,2.22,2.253,182494440.53,418040932.98,2.295,direct,,XRP
2025-04-29,2.315,2.222,2.295,133435872.32,304111877.73,2.239,direct,,XRP
2025-04-30,2.259,2.125,2.239,157554033.75,345692342.85,2.191,direct,,XRP
2025-05-01,2.258,2.187,2.191,101212897.02,225147428.14,2.213,direct,,XRP
2025-05-02,2.242,2.193,2.213,86508794.72,191777696.2,2.21,direct,,XRP
2025-05-03,2.22,2.177,2.21,50009671.35,109982968.75,2.188,direct,,XRP
2025-05-04,2.219,2.152,2.188,50988725.55,111401080.7,2.157,direct,,XRP
2025-05-05,2.2,2.107,2.157,109172732.6,234268941.69,2.131,direct,,XRP
2025-05-06,2.159,2.078,2.131,112940004.97,238817333.14,2.155,direct,,XRP
2025-05-07,2.172,2.105,2.155,82030521.75,175057733.31,2.127,direct,,XRP
2025-05-08,2.329,2.118,2.127,212892293.88,476306157.41,2.327,direct,,XRP
2025-05-09,2.428,2.287,2.327,221201887.42,521321599.95,2.344,direct,,XRP
2025-05-10,2.476,2.336,2.344,147920661.71,356301686.98,2.471,direct,,XRP
2025-05-11,2.482,2.329,2.471,134955637.0,321831236.64,2.368,direct,,XRP
2025-05-12,2.656,2.352,2.368,406716958.69,1024265585.79,2.544,direct,,XRP
2025-05-13,2.607,2.422,2.544,243369850.93,616319887.76,2.583,direct,,XRP
2025-05-14,2.65,2.52,2.583,198489877.28,512098766.47,2.551,direct,,XRP
2025-05-15,2.572,2.355,2.551,212444246.76,522527452.5,2.386,direct,,XRP
2025-05-16,2.441,2.348,2.386,158488192.94,381180631.11,2.381,direct,,XRP
2025-05-17,2.39,2.3,2.381,127220678.73,298566926.78,2.354,direct,,XRP
2025-05-18,2.45,2.334,2.354,117725652.69,281940628.99,2.429,direct,,XRP
2025-05-19,2.44,2.284,2.429,156803029.21,368208095.08,2.381,direct,,XRP
2025-05-20,2.409,2.316,2.381,116944131.98,275474494.38,2.357,direct,,XRP
2025-05-21,2.43,2.332,2.357,166070754.88,394578202.84,2.396,direct,,XRP
2025-05-22,2.456,2.389,2.396,134029457.16,324529218.97,2.431,direct,,XRP
2025-05-23,2.48,2.285,2.431,173668281.53,414259892.79,2.297,direct,,XRP
2025-05-24,2.36,2.287,2.297,50719017.79,118531272.58,2.331,direct,,XRP
2025-05-25,2.345,2.267,2.331,88871561.57,204862227.77,2.343,direct,,XRP
2025-05-26,2.36,2.297,2.343,74094429.52,172721556.25,2.311,direct,,XRP
2025-05-27,2.355,2.269,2.311,88326619.0,204786932.6,2.318,direct,,XRP
2025-05-28,2.324,2.227,2.318,105755046.23,240566858.51,2.275,direct,,XRP
2025-05-29,2.314,2.239,2.275,106704234.98,243555044.95,2.245,direct,,XRP
2025-05-30,2.252,2.131,2.245,181327943.16,396325052.78,2.141,direct,,XRP
2025-05-31,2.208,2.081,2.141,116447699.79,249868908.86,2.175,direct,,XRP
2025-06-01,2.189,2.125,2.175,72496130.5,156424865.09,2.181,direct,,XRP
2025-06-02,2.205,2.137,2.181,87312426.58,189257516.45,2.197,direct,,XRP
2025-06-03,2.283,2.186,2.197,110546825.17,246964941.23,2.246,direct,,XRP
2025-06-04,2.267,2.197,2.246,88607252.84,198166141.77,2.202,direct,,XRP
2025-06-05,2.227,2.061,2.202,153803085.81,330713624.48,2.095,direct,,XRP
2025-06-06,2.192,2.083,2.095,102343338.68,220140487.8,2.162,direct,,XRP
2025-06-07,2.192,2.149,2.162,39336608.77,85702120.3,2.178,direct,,XRP
2025-06-08,2.296,2.168,2.178,103631073.49,233180578.77,2.268,direct,,XRP
2025-06-09,2.33,2.224,2.268,122399970.41,278722789.4,2.321,direct,,XRP
2025-06-10,2.328,2.261,2.321,105303341.88,241703153.6,2.307,direct,,XRP
2025-06-11,2.338,2.253,2.307,120744655.77,278204032.16,2.271,direct,,XRP
2025-06-12,2.274,2.172,2.271,97528844.15,217396452.1,2.191,direct,,XRP
2025-06-13,2.193,2.086,2.191,163738402.72,348814571.8,2.149,direct,,XRP
2025-06-14,2.179,2.111,2.149,76924945.21,165282495.69,2.14,direct,,XRP
2025-06-15,2.177,2.139,2.14,44469638.51,96057892.49,2.166,direct,,XRP
2025-06-16,2.338,2.152,2.166,193863567.72,440368508.74,2.239,direct,,XRP
2025-06-17,2.258,2.143,2.239,154129785.65,338825641.48,2.16,direct,,XRP
2025-06-18,2.182,2.119,2.16,103960712.07,223619879.6,2.171,direct,,XRP
2025-06-19,2.186,2.145,2.171,65645781.68,141942504.56,2.165,direct,,XRP
2025-06-20,2.18,2.086,2.165,99036195.8,211743833.27,2.12,direct,,XRP
2025-06-21,2.145,1.999,2.12,101151985.76,210241730.28,2.064,direct,,XRP
2025-06-22,2.09,1.909,2.064,222660696.4,442627592.04,2.019,direct,,XRP
2025-06-23,2.172,1.96,2.019,205853875.07,421103424.63,2.16,direct,,XRP
2025-06-24,2.217,2.133,2.16,137493964.18,300177889.24,2.191,direct,,XRP
2025-06-25,2.232,2.171,2.191,108892476.16,238800908.88,2.187,direct,,XRP
2025-06-26,2.214,2.096,2.187,128714208.39,275944198.61,2.106,direct,,XRP
2025-06-27,2.156,2.069,2.106,129320477.69,271753652.72,2.143,direct,,XRP
2025-06-28,2.209,2.135,2.143,76098213.2,166251770.71,2.186,direct,,XRP
2025-06-29,2.22,2.177,2.186,52476133.26,115150121.55,2.207,direct,,XRP
2025-06-30,2.329,2.166,2.207,179125484.35,401933328.31,2.237,direct,,XRP
2025-07-01,2.254,2.148,2.237,115906514.58,254700228.08,2.172,direct,,XRP
2025-07-02,2.292,2.158,2.172,149891016.96,333774627.49,2.234,direct,,XRP
2025-07-03,2.312,2.226,2.234,128116423.79,291097609.33,2.257,direct,,XRP
2025-07-04,2.269,2.198,2.257,76201964.02,169711562.58,2.221,direct,,XRP
2025-07-05,2.234,2.203,2.221,37624661.58,83504610.25,2.218,direct,,XRP
2025-07-06,2.29,2.21,2.218,74967245.05,169679586.91,2.272,direct,,XRP
2025-07-07,2.354,2.256,2.272,163193989.6,375848677.61,2.271,direct,,XRP
2025-07-08,2.322,2.249,2.271,118156655.54,270523244.97,2.311,direct,,XRP
2025-07-09,2.334,2.298,2.311,19306262.57,44655212.47,2.33,direct,,XRP
